date_time_local,unixtime,pressure_station,pressure_sea,wind_dir,wind_dir_10s,wind_speed,wind_gust,relative_humidity,dew_point,temperature,windchill,humidex,visibility,health_index,cloud_cover_4,cloud_cover_8,cloud_cover_10,solar_radiation,max_air_temp_pst1hr,min_air_temp_pst1hr,precipitation
2025-12-31 23:00:00 PST,1767250800,101.33,101.38,WNW,29,8,,100,3.7,3.7,,,400,2,,,,,3.7,3.3,0
2025-12-31 22:00:00 PST,1767247200,101.34,101.39,NW,31,10,,100,3.6,3.6,,,0,3,,,,,3.6,2.3,0
2025-12-31 21:00:00 PST,1767243600,101.39,101.44,NW,31,7,,100,2.4,2.4,,,0,2,,,,,4.2,0.1,0
2025-12-31 20:00:00 PST,1767240000,101.42,101.47,NW,30,4,,100,1.1,1.1,,,32200,2,,1,,,4.3,0.1,0
2025-12-31 19:00:00 PST,1767236400,101.45,101.5,,,0,,100,4.1,4.1,,,32200,2,,0,,,4.2,2.3,0
2025-12-31 18:00:00 PST,1767232800,101.5,101.55,NW,31,10,,100,2.3,2.3,,,24100,2.1,,1,,,2.8,1.8,0
2025-12-31 17:00:00 PST,1767229200,101.57,101.62,WNW,28,8,,100,2.5,2.5,,,24100,2,,1,,,4.2,2,0
2025-12-31 16:00:00 PST,1767225600,101.64,101.69,WNW,29,10,,100,3.8,3.8,,,16100,2,,0,,,5.9,3.7,0
2025-12-31 15:00:00 PST,1767222000,101.69,101.74,WNW,29,14,,95,4.5,5.3,,,48300,1.9,,2,,,6.7,5.3,0
2025-12-31 14:00:00 PST,1767218400,101.73,101.78,W,28,5,,90,5,6.5,,,48300,1.9,,2,,,6.9,5.9,0
2025-12-31 13:00:00 PST,1767214800,101.82,101.87,WNW,29,5,,88,4.8,6.7,,,48300,1.8,,5,,,6.8,5,0
2025-12-31 12:00:00 PST,1767211200,101.93,101.98,WSW,25,4,,95,4.8,5.5,,,32200,1.8,,6,,,5.6,4.2,0
2025-12-31 11:00:00 PST,1767207600,102.01,102.06,NW,32,4,,100,4.1,4.1,,,24100,1.8,,7,,,4.1,3.1,0
2025-12-31 10:00:00 PST,1767204000,102.04,102.09,SE,13,6,,100,3,3,,,16100,2,,7,,,3.3,1.6,0
2025-12-31 09:00:00 PST,1767200400,102.05,102.1,ESE,10,8,,100,2.2,2.2,,,4800,2,,6,,,2.2,1.4,0
2025-12-31 08:00:00 PST,1767196800,102.07,102.12,,,0,,100,2,2,,,400,1.7,,,,,2.3,2,0
2025-12-31 07:00:00 PST,1767193200,102.06,102.11,E,8,5,,100,2.2,2.2,,,0,1.7,,,,,2.3,2,0
2025-12-31 06:00:00 PST,1767189600,102.14,102.19,,,0,,100,2,2,,,0,1.7,,,,,2.3,2,0
2025-12-31 05:00:00 PST,1767186000,102.15,102.2,ESE,11,4,,100,2.3,2.3,,,0,1.7,,,,,2.9,2.3,0
2025-12-31 04:00:00 PST,1767182400,102.19,102.24,,,0,,100,2.7,2.7,,,0,1.8,,,,,3.3,2.7,0
2025-12-31 03:00:00 PST,1767178800,102.23,102.28,ESE,12,4,,100,3,3,,,200,2,,,,,3.3,2.9,0
2025-12-31 02:00:00 PST,1767175200,102.21,102.26,,,0,,100,3.2,3.2,,,200,2,,,,,3.5,3.2,0
2025-12-31 01:00:00 PST,1767171600,102.24,102.29,NNE,1,4,,100,3.4,3.4,,,400,2,,4,,,3.8,3.4,0
2025-12-31 00:00:00 PST,1767168000,102.25,102.3,E,8,7,,100,3.8,3.8,,,400,2,,8,,,4,3.8,0
2025-12-30 23:00:00 PST,1767164400,102.25,102.3,SSE,16,4,,100,3.8,3.8,,,1600,2.1,,8,,,4.2,3.8,0
2025-12-30 22:00:00 PST,1767160800,102.24,102.29,ESE,12,7,,100,4,4,,,4800,2.3,,8,,,4.2,3.8,0
2025-12-30 21:00:00 PST,1767157200,102.3,102.35,,,0,,100,3.9,3.9,,,6400,2.4,,8,,,4,3.6,0
2025-12-30 20:00:00 PST,1767153600,102.25,102.3,NNE,1,8,,100,3.6,3.6,,,4800,2.5,,8,,,4,3.1,0
2025-12-30 19:00:00 PST,1767150000,102.3,102.35,WNW,29,5,,100,3.6,3.6,,,12900,2.5,,8,,,4,3.1,0
2025-12-30 18:00:00 PST,1767146400,102.33,102.38,,,0,,100,3.7,3.7,,,24100,2.4,,8,,,4.3,2.4,0
2025-12-30 17:00:00 PST,1767142800,102.38,102.43,W,27,6,,98,3.3,3.6,,,24100,2.4,,7,,,4.3,3.5,0
2025-12-30 16:00:00 PST,1767139200,102.38,102.43,,,0,,99,4,4.2,,,24100,2.4,,7,,,4.4,4,0
2025-12-30 15:00:00 PST,1767135600,102.4,102.45,SW,22,4,,100,4.1,4.1,,,16100,2.4,,6,,,4.2,3.5,0
2025-12-30 14:00:00 PST,1767132000,102.49,102.54,NW,30,5,,100,4,4,,,1200,2.3,,,,,4,3.2,0
2025-12-30 13:00:00 PST,1767128400,102.48,102.53,SE,12,4,,100,3.5,3.5,,,2000,2.1,,1,,,3.7,2.9,0
2025-12-30 12:00:00 PST,1767124800,102.55,102.6,SE,13,6,,100,3,3,,,600,2,,,,,3.4,3,0
2025-12-30 11:00:00 PST,1767121200,102.59,102.64,ESE,11,5,,100,3.3,3.3,,,400,2,,,,,3.5,3,0
2025-12-30 10:00:00 PST,1767117600,102.69,102.74,,8,0,,100,3.2,3.2,,,600,2,,,,,3.2,3,0
2025-12-30 09:00:00 PST,1767114000,102.65,102.7,E,7,4,,100,3.1,3.1,,,1200,2,,,,,3.2,2.6,0
2025-12-30 08:00:00 PST,1767110400,102.67,102.72,NW,30,3,,100,2.8,2.8,,,2800,2,,,,,3.1,0,0
2025-12-30 07:00:00 PST,1767106800,102.73,102.78,NW,32,4,,100,1.2,1.2,,,1200,1.9,,,,,1.5,-1.3,0
2025-12-30 06:00:00 PST,1767103200,102.74,102.79,,,0,,100,0.5,0.5,,,32200,1.9,,4,,,1.3,-0.4,0
2025-12-30 05:00:00 PST,1767099600,102.77,102.82,E,9,6,,100,0.6,0.6,,,32200,1.9,,2,,,1.4,-0.2,0
2025-12-30 04:00:00 PST,1767096000,102.87,102.92,E,9,6,,100,0.4,0.5,,,32200,1.8,,2,,,1.8,0.4,0
2025-12-30 03:00:00 PST,1767092400,102.91,102.96,,,0,,100,1.2,1.3,,,32200,1.9,,1,,,2.1,0.4,0
2025-12-30 02:00:00 PST,1767088800,102.94,102.99,S,16,5,,99,1.4,1.5,,,32200,1.9,,2,,,2.4,0.6,0
2025-12-30 01:00:00 PST,1767085200,102.92,102.97,NNE,2,5,,98,1.6,1.8,,,32200,1.9,,0,,,3.4,0.6,0
2025-12-30 00:00:00 PST,1767081600,103,103.05,W,26,4,,100,1.1,1.1,,,32200,1.9,,0,,,3.4,0,0
2025-12-29 23:00:00 PST,1767078000,103.04,103.09,ESE,11,4,,98,2.3,2.6,,,32200,1.9,,0,,,3.4,1.2,0
2025-12-29 22:00:00 PST,1767074400,103.08,103.13,ENE,6,4,,99,2.8,3,,,32200,2,,0,,,4.5,0.4,0
2025-12-29 21:00:00 PST,1767070800,103.13,103.18,,7,0,,98,2.2,2.5,,,32200,2,,1,,,4.5,1.7,0
2025-12-29 20:00:00 PST,1767067200,103.15,103.2,,,0,,98,3.7,4,,,32200,2,,3,,,4.8,3.6,0
2025-12-29 19:00:00 PST,1767063600,103.2,103.25,WNW,28,5,,98,4,4.4,,,32200,2.1,,8,,,4.5,4.2,0
2025-12-29 18:00:00 PST,1767060000,103.22,103.27,WNW,29,8,,97,3.9,4.4,,,40200,2.2,,7,,,4.7,4.2,0
2025-12-29 17:00:00 PST,1767056400,103.27,103.32,WNW,30,11,,96,4,4.6,,,40200,2.3,,7,,,4.9,4.4,0
2025-12-29 16:00:00 PST,1767052800,103.29,103.34,WNW,29,10,,94,4,4.9,,,48300,2.4,,8,,,5.5,4.8,0
2025-12-29 15:00:00 PST,1767049200,103.32,103.37,WNW,29,13,,87,3.5,5.5,,,48300,2.4,,7,,,6.6,5.5,0
2025-12-29 14:00:00 PST,1767045600,103.33,103.38,NNW,34,9,,79,3.2,6.5,,,48300,2.5,,8,,,6.6,6.2,0
2025-12-29 13:00:00 PST,1767042000,103.38,103.43,WNW,29,8,,83,3.6,6.3,,,48300,2.5,,8,,,6.5,5.6,0
2025-12-29 12:00:00 PST,1767038400,103.43,103.48,S,18,9,,83,3.2,5.8,,,48300,2.4,,7,,,6.2,5.1,0
2025-12-29 11:00:00 PST,1767034800,103.48,103.53,,,0,,81,2.2,5.2,,,48300,2.2,,7,,,5.2,4.3,0
2025-12-29 10:00:00 PST,1767031200,103.51,103.56,SSE,16,5,,81,1.3,4.3,,,48300,2.2,,7,,,4.5,3.2,0
2025-12-29 09:00:00 PST,1767027600,103.46,103.51,ENE,7,5,,89,1.4,3.1,,,48300,2.1,,7,,,3.1,2.3,0
2025-12-29 08:00:00 PST,1767024000,103.41,103.46,S,17,6,,89,0.9,2.6,,,48300,2,,7,,,2.9,2.1,0
2025-12-29 07:00:00 PST,1767020400,103.42,103.47,S,18,7,,91,0.9,2.2,,,32200,1.9,,7,,,2.7,1.7,0
2025-12-29 06:00:00 PST,1767016800,103.45,103.5,SSE,15,3,,91,0.5,1.9,,,32200,1.9,,8,,,2.2,1.4,0
2025-12-29 05:00:00 PST,1767013200,103.46,103.51,,,0,,92,0.3,1.5,,,32200,1.8,,8,,,2.1,0.5,0
2025-12-29 04:00:00 PST,1767009600,103.51,103.56,,,0,,90,0.2,1.6,,,32200,1.8,,8,,,2.5,1.5,0
2025-12-29 03:00:00 PST,1767006000,103.56,103.61,,,0,,88,0.2,2,,,32200,1.8,,7,,,2.7,1.9,0
2025-12-29 02:00:00 PST,1767002400,103.59,103.64,SSW,20,4,,87,0.7,2.7,,,32200,1.8,,8,,,3.1,2.7,0
2025-12-29 01:00:00 PST,1766998800,103.59,103.64,ENE,7,7,,82,0.2,3.1,,,32200,1.8,,8,,,3.2,2.9,0
2025-12-29 00:00:00 PST,1766995200,103.64,103.69,E,8,4,,81,0,3,,,32200,1.8,,8,,,3.2,3,0
2025-12-28 23:00:00 PST,1766991600,103.63,103.68,E,8,8,,80,0,3,,,32200,1.9,,8,,,3.2,2.6,0
2025-12-28 22:00:00 PST,1766988000,103.65,103.7,ESE,10,6,,83,0,2.6,,,24100,1.9,,8,,,3,2.6,0
2025-12-28 21:00:00 PST,1766984400,103.66,103.71,ESE,10,11,,82,0,2.8,,,32200,1.9,,8,,,3,2.5,0
2025-12-28 20:00:00 PST,1766980800,103.68,103.73,ESE,10,11,,79,-0.4,2.9,,,32200,1.9,,8,,,3.1,2.8,0
2025-12-28 19:00:00 PST,1766977200,103.72,103.77,E,9,8,,78,-0.6,2.9,,,32200,1.9,,8,,,3.1,2.8,0
2025-12-28 18:00:00 PST,1766973600,103.74,103.79,E,9,15,,74,-1,3.1,,,32200,1.9,,8,,,3.1,2.8,0
2025-12-28 17:00:00 PST,1766970000,103.73,103.78,E,9,16,,76,-0.9,2.9,,,32200,1.9,,7,,,3.5,2.9,0
2025-12-28 16:00:00 PST,1766966400,103.72,103.77,E,9,18,,75,-0.5,3.5,,,32200,1.9,,8,,,4,3.5,0
2025-12-28 15:00:00 PST,1766962800,103.74,103.79,E,7,12,,74,-0.3,3.8,,,32200,1.8,,8,,,3.8,3.6,0
2025-12-28 14:00:00 PST,1766959200,103.77,103.82,ENE,6,8,,74,-0.6,3.6,,,32200,1.8,,8,,,3.7,3.2,0
2025-12-28 13:00:00 PST,1766955600,103.75,103.8,E,9,10,,79,-0.2,3.2,,,32200,1.8,,8,,,3.2,2.5,0
2025-12-28 12:00:00 PST,1766952000,103.73,103.78,E,9,11,,80,-0.5,2.5,,,32200,1.7,,8,,,2.6,2.2,0
2025-12-28 11:00:00 PST,1766948400,103.77,103.82,E,10,11,,82,-0.5,2.2,,,32200,1.8,,8,,,2.2,1.8,0
2025-12-28 10:00:00 PST,1766944800,103.78,103.83,E,8,11,,82,-1,1.8,,,32200,1.8,,8,,,1.8,1.2,0
2025-12-28 09:00:00 PST,1766941200,103.75,103.8,E,7,14,,80,-1.8,1.3,,,24100,1.9,,8,,,1.4,0.7,0
2025-12-28 08:00:00 PST,1766937600,103.68,103.73,E,9,17,,85,-1.6,0.7,,,24100,1.9,,8,,,0.9,0.6,0
2025-12-28 07:00:00 PST,1766934000,103.66,103.71,E,9,11,,82,-1.8,0.9,,,32200,2,,7,,,1,0.5,0
2025-12-28 06:00:00 PST,1766930400,103.65,103.7,E,10,11,,84,-1.9,0.5,,,24100,2,,8,,,0.6,0.2,0
2025-12-28 05:00:00 PST,1766926800,103.63,103.68,E,7,7,,84,-2.2,0.2,,,24100,2,,8,,,0.8,0,0
2025-12-28 04:00:00 PST,1766923200,103.62,103.67,ENE,7,9,,78,-2.8,0.6,,,24100,2,,8,,,0.6,0.2,0
2025-12-28 03:00:00 PST,1766919600,103.6,103.65,E,7,8,,78,-3.2,0.2,,,24100,2,,8,,,0.2,-0.3,0
2025-12-28 02:00:00 PST,1766916000,103.5,103.55,E,8,15,,80,-3.2,-0.2,-5,,24100,2.1,,8,,,0.2,-0.3,0
2025-12-28 01:00:00 PST,1766912400,103.53,103.58,ESE,10,10,,75,-3.7,0.1,,,24100,2.1,,5,,,0.2,-1.3,0
2025-12-28 00:00:00 PST,1766908800,103.45,103.5,E,8,9,,75,-4.8,-1,-4,,24100,2.2,,3,,,0.3,-1,0
2025-12-27 23:00:00 PST,1766905200,103.43,103.48,ESE,10,13,,72,-4.6,-0.2,-4,,24100,2.2,,4,,,0.8,-0.2,0
2025-12-27 22:00:00 PST,1766901600,103.35,103.4,ESE,11,8,,69,-4.4,0.5,,,24100,2.2,,8,,,0.8,0.5,0
2025-12-27 21:00:00 PST,1766898000,103.27,103.32,ESE,10,11,,66,-4.9,0.8,,,24100,2.3,,8,,,0.8,0.5,0
2025-12-27 20:00:00 PST,1766894400,103.22,103.27,ESE,10,14,,67,-4.7,0.7,,,24100,2.3,,8,,,1,0.4,0
2025-12-27 19:00:00 PST,1766890800,103.15,103.2,ESE,10,15,,63,-5.2,1,,,24100,2.3,,8,,,1.8,1,0
2025-12-27 18:00:00 PST,1766887200,103.1,103.15,SE,13,10,,67,-3.8,1.7,,,32200,2.2,,6,,,2,1.4,0
2025-12-27 17:00:00 PST,1766883600,103.03,103.08,SSE,15,8,,67,-3.8,1.7,,,32200,2.2,,5,,,2.2,1.5,0
2025-12-27 16:00:00 PST,1766880000,102.93,102.98,SSE,16,7,,72,-2.5,2.1,,,32200,2.1,,7,,,2.5,2,0
2025-12-27 15:00:00 PST,1766876400,102.86,102.91,S,19,7,,67,-3.1,2.4,,,32200,2.1,,5,,,2.7,2.4,0
2025-12-27 14:00:00 PST,1766872800,102.77,102.82,SSW,19,4,,64,-3.5,2.6,,,32200,2.1,,7,,,2.9,2.5,0
2025-12-27 13:00:00 PST,1766869200,102.72,102.77,SSE,14,3,,63,-3.5,2.8,,,32200,2,,6,,,2.9,2.1,0
2025-12-27 12:00:00 PST,1766865600,102.68,102.73,ESE,11,9,,68,-3.1,2.1,,,32200,2.1,,6,,,2.3,2,0
2025-12-27 11:00:00 PST,1766862000,102.67,102.72,ESE,11,8,,73,-2.3,2,,,32200,2.1,,6,,,2.2,1.4,0
2025-12-27 10:00:00 PST,1766858400,102.55,102.6,ESE,10,16,,76,-2.3,1.5,,,32200,2.1,,2,,,1.6,-0.5,0
2025-12-27 09:00:00 PST,1766854800,102.45,102.5,E,9,10,,87,-2.4,-0.4,-4,,32200,2,,2,,,0.8,-0.5,0
2025-12-27 08:00:00 PST,1766851200,102.29,102.34,E,9,9,,75,-3.4,0.6,,,32200,2,,5,,,1.2,0.5,0
2025-12-27 07:00:00 PST,1766847600,102.14,102.19,E,7,9,,86,-1.5,0.6,,,32200,2,,6,,,1.2,0.3,0
2025-12-27 06:00:00 PST,1766844000,101.96,102.01,E,8,9,,92,-0.4,0.7,,,24100,2,,5,,,0.8,0,0
2025-12-27 05:00:00 PST,1766840400,101.81,101.86,ENE,7,8,,95,-0.3,0.5,,,24100,1.9,,7,,,1.6,0.3,0
2025-12-27 04:00:00 PST,1766836800,101.71,101.76,NW,31,3,,92,-0.4,0.8,,,24100,1.8,,6,,,1.1,-0.3,0
2025-12-27 03:00:00 PST,1766833200,101.53,101.58,NW,32,5,,89,-0.9,0.7,,,24100,1.9,,5,,,1.8,0.4,0
2025-12-27 02:00:00 PST,1766829600,101.33,101.38,NNW,32,11,,86,-1.7,0.4,,,32200,1.9,,1,,,2.6,0.4,0
2025-12-27 01:00:00 PST,1766826000,101.15,101.2,N,0,9,,89,0.5,2.1,,,32200,1.9,,1,,,3.2,1.3,0
2025-12-27 00:00:00 PST,1766822400,101,101.05,NW,31,27,34,89,1.1,2.8,,,32200,1.9,,1,,,3.7,2.7,0.2
2025-12-26 23:00:00 PST,1766818800,100.86,100.91,WNW,29,32,47,82,0.7,3.4,,,32200,2,,1,,,3.8,3.4,0.4
2025-12-26 22:00:00 PST,1766815200,100.71,100.76,WNW,29,34,50,81,0.7,3.6,,,32200,2,,1,,,3.9,3.5,0.4
2025-12-26 21:00:00 PST,1766811600,100.59,100.64,WNW,28,48,57,78,0.4,3.8,,,32200,2,,1,,,4,3.8,0.5
2025-12-26 20:00:00 PST,1766808000,100.48,100.53,WNW,29,50,59,79,0.7,4,,,32200,1.9,,1,,,4,3.8,0.1
2025-12-26 19:00:00 PST,1766804400,100.38,100.43,W,28,42,56,81,0.8,3.8,,,32200,1.9,,4,,,4.1,3.8,0.4
2025-12-26 18:00:00 PST,1766800800,100.32,100.37,W,27,33,44,80,0.9,4,,,32200,1.8,,4,,,4.7,4,0.1
2025-12-26 17:00:00 PST,1766797200,100.3,100.35,W,27,31,35,81,1.6,4.5,,,32200,1.8,,6,,,4.9,4.5,0
2025-12-26 16:00:00 PST,1766793600,100.24,100.29,W,27,25,,84,2.5,4.9,,,32200,1.7,,8,,,4.9,4.5,0
2025-12-26 15:00:00 PST,1766790000,100.17,100.22,WNW,28,18,,86,2.4,4.6,,,32200,1.7,,8,,,4.7,4.6,0
2025-12-26 14:00:00 PST,1766786400,100.14,100.19,WNW,29,24,,86,2.5,4.7,,,32200,1.7,,8,,,5.2,4.7,0
2025-12-26 13:00:00 PST,1766782800,100.12,100.17,W,27,27,37,88,3.4,5.2,,,32200,1.8,,7,,,5.6,4.4,0.1
2025-12-26 12:00:00 PST,1766779200,100.08,100.13,W,27,30,43,92,3.4,4.7,,,32200,1.8,,7,,,5.4,4.6,0.1
2025-12-26 11:00:00 PST,1766775600,100.06,100.11,W,26,28,,92,3.6,4.8,,,32200,1.7,,7,,,5,3.9,0.1
2025-12-26 10:00:00 PST,1766772000,100.05,100.1,W,28,26,36,93,3.3,4.2,,,24100,1.7,,8,,,4.2,3.8,0
2025-12-26 09:00:00 PST,1766768400,100.01,100.06,WNW,28,21,,97,3.4,3.8,,,24100,1.7,,8,,,3.8,3.5,0.6
2025-12-26 08:00:00 PST,1766764800,99.98,100.03,WNW,29,18,,98,3.3,3.5,,,12900,1.6,,8,,,3.6,3.4,1.2
2025-12-26 07:00:00 PST,1766761200,100,100.05,WNW,29,25,36,99,3.3,3.4,,,12900,1.6,,8,,,3.7,3.4,1
2025-12-26 06:00:00 PST,1766757600,99.99,100.04,WNW,29,29,,99,3.7,3.7,,,12900,1.6,,8,,,5,3.7,1.2
2025-12-26 05:00:00 PST,1766754000,99.99,100.04,W,26,14,,100,5,5,,,8100,1.6,,8,,,5,4.8,2
2025-12-26 04:00:00 PST,1766750400,100.04,100.09,ESE,10,15,,99,4.7,4.8,,,32200,1.7,,8,,,5.2,4.8,0
2025-12-26 03:00:00 PST,1766746800,100.1,100.15,E,10,16,,97,4.7,5.1,,,32200,1.7,,8,,,5.3,4.6,0
2025-12-26 02:00:00 PST,1766743200,100.13,100.18,E,8,14,,98,4.7,5,,,32200,1.7,,8,,,5,4.5,0
2025-12-26 01:00:00 PST,1766739600,100.17,100.22,E,9,11,,99,4.3,4.5,,,32200,1.8,,8,,,4.5,4.2,0
2025-12-26 00:00:00 PST,1766736000,100.25,100.3,E,8,9,,99,4,4.2,,,32200,1.9,,8,,,4.2,3.8,0
2025-12-25 23:00:00 PST,1766732400,100.31,100.36,E,9,8,,99,3.8,4,,,32200,2,,8,,,4,3.7,0
2025-12-25 22:00:00 PST,1766728800,100.33,100.38,E,8,8,,98,3.4,3.7,,,24100,2.1,,8,,,3.7,3.6,0
2025-12-25 21:00:00 PST,1766725200,100.37,100.42,E,9,7,,98,3.3,3.6,,,32200,2.2,,8,,,3.6,3.4,0
2025-12-25 20:00:00 PST,1766721600,100.38,100.43,E,8,8,,97,2.9,3.4,,,24100,2.2,,8,,,3.4,3.1,0
2025-12-25 19:00:00 PST,1766718000,100.41,100.46,E,8,4,,98,2.8,3.2,,,24100,2.2,,8,,,3.2,3,0.2
2025-12-25 18:00:00 PST,1766714400,100.39,100.44,,,0,,95,2.4,3.1,,,12900,2.2,,8,,,3.3,3.1,1.1
2025-12-25 17:00:00 PST,1766710800,100.36,100.41,ENE,7,10,,94,2.3,3.2,,,12900,2.3,,8,,,4.1,3.2,1.5
2025-12-25 16:00:00 PST,1766707200,100.32,100.37,ENE,6,11,,89,2.4,4.1,,,12900,2.4,,8,,,4.7,4.1,1.5
2025-12-25 15:00:00 PST,1766703600,100.27,100.32,WNW,29,17,,89,3,4.6,,,24100,2.4,,8,,,4.7,4.6,0
2025-12-25 14:00:00 PST,1766700000,100.21,100.26,WNW,29,19,,91,3.3,4.7,,,32200,2.3,,8,,,4.7,4.6,0
2025-12-25 13:00:00 PST,1766696400,100.15,100.2,WNW,29,28,,88,2.8,4.6,,,32200,2.1,,7,,,5.1,4.6,0
2025-12-25 12:00:00 PST,1766692800,100.16,100.21,NW,30,27,,84,2.6,5.1,,,32200,2.1,,7,,,5.1,4.5,0
2025-12-25 11:00:00 PST,1766689200,100.24,100.29,WNW,29,29,,88,2.8,4.5,,,32200,2,,6,,,4.6,4,0.1
2025-12-25 10:00:00 PST,1766685600,100.25,100.3,WNW,29,27,,90,2.6,4.2,,,32200,2,,3,,,4.4,2.8,0
2025-12-25 09:00:00 PST,1766682000,100.23,100.28,WNW,30,27,,87,2.2,4.1,,,32200,2,,3,,,4.1,3.2,0
2025-12-25 08:00:00 PST,1766678400,100.24,100.29,WNW,29,22,,94,2.4,3.2,,,32200,1.9,,1,,,3.5,1.1,0
2025-12-25 07:00:00 PST,1766674800,100.28,100.33,NW,31,15,,95,0.6,1.3,,,32200,1.8,,2,,,3.9,1,0
2025-12-25 06:00:00 PST,1766671200,100.4,100.45,NW,31,26,,91,2.2,3.6,,,32200,1.8,,7,,,3.7,2.7,0.1
2025-12-25 05:00:00 PST,1766667600,100.41,100.46,NW,30,33,35,99,2.7,2.8,,,32200,1.9,,7,,,2.8,0.4,0
2025-12-25 04:00:00 PST,1766664000,100.51,100.56,NW,31,16,,100,1.8,1.8,,,32200,2,,2,,,2.1,0,0
2025-12-25 03:00:00 PST,1766660400,100.54,100.59,NNE,1,5,,100,1,1,,,32200,2.1,,0,,,2,0.1,0
2025-12-25 02:00:00 PST,1766656800,100.55,100.6,N,0,9,,100,1.3,1.3,,,32200,2.2,,0,,,2.5,0.1,0
2025-12-25 01:00:00 PST,1766653200,100.57,100.62,NNW,33,10,,100,0.1,0.1,,,32200,2.4,,0,,,2.8,-0.5,0
2025-12-25 00:00:00 PST,1766649600,100.59,100.64,NNE,2,10,,99,2.5,2.6,,,32200,2.5,,0,,,3,1.6,0
2025-12-24 23:00:00 PST,1766646000,100.61,100.66,ENE,6,11,,100,2.7,2.7,,,32200,2.5,,0,,,3.2,1.7,0
2025-12-24 22:00:00 PST,1766642400,100.61,100.66,ESE,11,5,,97,2.4,2.8,,,32200,2.4,,0,,,3.5,1.7,0
2025-12-24 21:00:00 PST,1766638800,100.63,100.68,NE,4,12,,99,2.8,3,,,32200,2.3,,0,,,3.7,2.1,0
2025-12-24 20:00:00 PST,1766635200,100.63,100.68,NE,5,7,,99,2.7,2.9,,,32200,2.3,,2,,,3.9,2.7,0
2025-12-24 19:00:00 PST,1766631600,100.58,100.63,E,8,8,,97,3.5,3.9,,,32200,2.2,,8,,,4.2,3.9,0
2025-12-24 18:00:00 PST,1766628000,100.46,100.51,E,9,14,,98,3.7,4,,,24100,2.1,,8,,,4,3.6,0
2025-12-24 17:00:00 PST,1766624400,100.32,100.37,E,9,6,,97,3.3,3.7,,,24100,2.2,,8,,,3.7,3.6,0
2025-12-24 16:00:00 PST,1766620800,100.16,100.21,NNE,2,5,,97,3.2,3.6,,,24100,2.3,,8,,,4,3.5,0.2
2025-12-24 15:00:00 PST,1766617200,99.97,100.02,W,27,16,,96,3.1,3.6,,,24100,2.5,,8,,,4,3.5,0
2025-12-24 14:00:00 PST,1766613600,99.73,99.78,WNW,29,26,,97,3.2,3.5,,,9700,2.6,,8,,,3.8,3.5,0.8
2025-12-24 13:00:00 PST,1766610000,99.55,99.6,W,28,26,,98,3.5,3.8,,,9700,2.6,,8,,,4,3.7,0.4
2025-12-24 12:00:00 PST,1766606400,99.41,99.46,WNW,29,20,,98,3.6,3.9,,,12900,2.5,,8,,,4.4,3.8,0.3
2025-12-24 11:00:00 PST,1766602800,99.42,99.47,WNW,28,23,,96,3.5,4,,,6400,2.6,,8,,,4.5,4,0.3
2025-12-24 10:00:00 PST,1766599200,99.39,99.44,WNW,30,24,34,95,3.4,4.2,,,24100,2.5,,8,,,4.5,4.1,1.1
2025-12-24 09:00:00 PST,1766595600,99.42,99.47,NW,32,15,,90,3,4.6,,,24100,2.4,,8,,,4.7,4,0.8
2025-12-24 08:00:00 PST,1766592000,99.4,99.45,NW,31,7,,97,3.5,4,,,24100,2.3,,8,,,4.6,3.9,0.8
2025-12-24 07:00:00 PST,1766588400,99.54,99.59,WNW,30,13,,88,2.9,4.7,,,24100,2.3,,8,,,5,4.6,0
2025-12-24 06:00:00 PST,1766584800,99.67,99.72,WNW,28,17,,83,2.2,4.9,,,32200,2.2,,8,,,4.9,4.6,0
2025-12-24 05:00:00 PST,1766581200,99.82,99.87,WNW,29,14,,85,2.2,4.5,,,32200,2.2,,8,,,4.5,2.6,0
2025-12-24 04:00:00 PST,1766577600,99.98,100.03,,16,0,,90,1.7,3.1,,,32200,2.2,,8,,,3.5,2.3,0
2025-12-24 03:00:00 PST,1766574000,100.13,100.18,SE,14,8,,86,1.2,3.3,,,32200,2.3,,8,,,3.5,2.4,0
2025-12-24 02:00:00 PST,1766570400,100.22,100.27,,,0,,87,0.9,2.9,,,32200,2.3,,8,,,3.9,2.9,0
2025-12-24 01:00:00 PST,1766566800,100.41,100.46,SE,13,7,,90,1.4,3,,,32200,2.2,,8,,,4.3,2.9,0
2025-12-24 00:00:00 PST,1766563200,100.5,100.55,SSE,16,6,,83,1.7,4.4,,,32200,2.2,,8,,,4.4,2.4,0
2025-12-23 23:00:00 PST,1766559600,100.61,100.66,,,0,,90,2,3.4,,,32200,2.2,,8,,,4,3.1,0
2025-12-23 22:00:00 PST,1766556000,100.65,100.7,ESE,10,4,,79,0.8,4.1,,,32200,2.2,,8,,,4.6,3.5,0
2025-12-23 21:00:00 PST,1766552400,100.69,100.74,ESE,11,7,,84,1.3,3.7,,,32200,2.3,,8,,,4.1,3,0
2025-12-23 20:00:00 PST,1766548800,100.72,100.77,ESE,10,14,,89,1.6,3.2,,,32200,2.3,,8,,,4.2,3.2,0
2025-12-23 19:00:00 PST,1766545200,100.79,100.84,E,8,11,,90,2.3,3.8,,,32200,2.3,,8,,,4.6,3.3,0
2025-12-23 18:00:00 PST,1766541600,100.82,100.87,E,7,11,,86,2.5,4.7,,,40200,2.3,,7,,,4.9,3.9,0
2025-12-23 17:00:00 PST,1766538000,100.85,100.9,E,8,14,,85,2.5,4.9,,,40200,2.3,,7,,,5.7,4.8,0
2025-12-23 16:00:00 PST,1766534400,100.86,100.91,E,10,19,30,79,2.4,5.8,,,48300,2.3,,7,,,6.2,5.6,0
2025-12-23 15:00:00 PST,1766530800,100.86,100.91,E,9,18,,79,2.6,5.9,,,48300,2.2,,8,,,6.4,5.9,0
2025-12-23 14:00:00 PST,1766527200,100.86,100.91,E,9,21,,77,2.5,6.3,,,48300,2.3,,8,,,6.3,6.1,0
2025-12-23 13:00:00 PST,1766523600,100.91,100.96,E,9,21,,77,2.3,6.1,,,48300,2.3,,8,,,6.6,6,0
2025-12-23 12:00:00 PST,1766520000,100.96,101.01,E,10,21,,75,2.6,6.7,,,48300,2.4,,7,,,7,6,0
2025-12-23 11:00:00 PST,1766516400,100.99,101.04,E,8,26,,76,2.2,6,,,40200,2.5,,7,,,6.4,5.6,0
2025-12-23 10:00:00 PST,1766512800,101.01,101.06,E,9,21,,82,2.8,5.6,,,48300,2.5,,7,,,5.9,5,0
2025-12-23 09:00:00 PST,1766509200,101,101.05,E,8,22,,85,2.8,5.1,,,40200,2.6,,7,,,5.1,4.2,0
2025-12-23 08:00:00 PST,1766505600,100.97,101.02,E,8,16,,89,2.6,4.2,,,40200,2.4,,7,,,4.5,4.2,0
2025-12-23 07:00:00 PST,1766502000,101.02,101.07,ENE,7,19,,88,2.6,4.4,,,32200,2.3,,8,,,4.4,2.2,0
2025-12-23 06:00:00 PST,1766498400,101.05,101.1,E,9,16,,95,2.6,3.3,,,32200,2.3,,8,,,4.2,2.2,0
2025-12-23 05:00:00 PST,1766494800,101.02,101.07,ENE,7,16,,88,1.8,3.7,,,32200,2.3,,5,,,4.2,3.3,0
2025-12-23 04:00:00 PST,1766491200,100.98,101.03,E,8,12,,88,1.8,3.6,,,32200,2.4,,3,,,5.2,3.1,0
2025-12-23 03:00:00 PST,1766487600,100.99,101.04,SSE,16,21,,77,1.5,5.1,,,32200,2.6,,7,,,5.6,5.1,0
2025-12-23 02:00:00 PST,1766484000,100.93,100.98,S,17,23,,79,2,5.3,,,32200,2.6,,8,,,5.3,4.4,0
2025-12-23 01:00:00 PST,1766480400,100.88,100.93,SE,14,10,,83,1.8,4.3,,,32200,2.5,,7,,,4.6,3.4,0
2025-12-23 00:00:00 PST,1766476800,100.86,100.91,ESE,10,17,,84,1.9,4.4,,,32200,2.6,,2,,,5,3.8,0
2025-12-22 23:00:00 PST,1766473200,100.77,100.82,S,16,18,,78,1.6,5.1,,,32200,2.6,,2,,,5.2,4.8,0
2025-12-22 22:00:00 PST,1766469600,100.65,100.7,SE,14,18,,82,1.8,4.7,,,32200,2.5,,2,,,4.7,4.3,0
2025-12-22 21:00:00 PST,1766466000,100.62,100.67,S,18,17,27,83,2.2,4.8,,,32200,2.4,,4,,,5.9,4.8,0
2025-12-22 20:00:00 PST,1766462400,100.52,100.57,S,17,16,29,83,2.5,5.2,,,32200,2.3,,2,,,5.5,5.1,0
2025-12-22 19:00:00 PST,1766458800,100.41,100.46,S,18,25,40,83,2.9,5.5,,,24100,2.3,,3,,,6.2,5.4,0
2025-12-22 18:00:00 PST,1766455200,100.3,100.35,S,17,31,43,90,4.7,6.2,,,24100,2.3,,8,,,7.1,6.1,1.8
2025-12-22 17:00:00 PST,1766451600,100.23,100.28,SSW,19,37,49,92,5.8,7.1,,,12900,2.3,,8,,,7.7,7,1.4
2025-12-22 16:00:00 PST,1766448000,100.13,100.18,SSE,15,25,49,86,5.3,7.5,,,12900,2.3,,8,,,8.3,7.2,0.9
2025-12-22 15:00:00 PST,1766444400,100.15,100.2,SE,13,31,47,75,4.1,8.2,,,24100,2.3,,8,,,8.5,8.1,0.1
2025-12-22 14:00:00 PST,1766440800,100.27,100.32,SE,12,33,51,72,3.5,8.3,,,48300,2.3,,8,,,8.4,8,0
2025-12-22 13:00:00 PST,1766437200,100.41,100.46,ESE,11,34,49,75,3.8,8,,,40200,2.3,,8,,,8,6.6,0.1
2025-12-22 12:00:00 PST,1766433600,100.52,100.57,E,9,26,35,82,3.7,6.6,,,48300,2.4,,8,,,7.4,6.3,0
2025-12-22 11:00:00 PST,1766430000,100.67,100.72,E,9,21,,84,3.8,6.3,,,32200,2.4,,8,,,7.2,6.3,0
2025-12-22 10:00:00 PST,1766426400,100.74,100.79,SE,12,28,43,83,4.2,6.8,,,40200,2.4,,8,,,6.9,6.7,0
2025-12-22 09:00:00 PST,1766422800,100.76,100.81,ESE,12,25,35,86,4.5,6.7,,,40200,2.3,,8,,,6.7,4.8,0
2025-12-22 08:00:00 PST,1766419200,100.74,100.79,ESE,10,17,,95,4.5,5.2,,,32200,2.3,,8,,,5.2,4.8,0
2025-12-22 07:00:00 PST,1766415600,100.75,100.8,E,9,19,,93,3.8,4.9,,,32200,2.3,,8,,,5.2,4.5,0
2025-12-22 06:00:00 PST,1766412000,100.75,100.8,E,7,16,,96,4,4.5,,,32200,2.3,,8,,,4.6,4.4,0.2
2025-12-22 05:00:00 PST,1766408400,100.77,100.82,E,8,14,,96,3.9,4.4,,,19300,2.3,,8,,,4.4,4,0.4
2025-12-22 04:00:00 PST,1766404800,100.77,100.82,ENE,7,17,,96,3.3,3.9,,,24100,2.3,,8,,,4.3,3.5,0
2025-12-22 03:00:00 PST,1766401200,100.76,100.81,ENE,7,13,,91,2.8,4.2,,,32200,2.4,,8,,,4.2,3,0
2025-12-22 02:00:00 PST,1766397600,100.65,100.7,ENE,7,14,,90,2,3.5,,,32200,2.4,,5,,,5.8,3.3,0
2025-12-22 01:00:00 PST,1766394000,100.58,100.63,E,8,5,,88,2,3.8,,,32200,2.3,,2,,,4.8,3.3,0
2025-12-22 00:00:00 PST,1766390400,100.52,100.57,SSE,15,8,,83,2.2,4.8,,,32200,2.4,,4,,,5.7,4.2,0
2025-12-21 23:00:00 PST,1766386800,100.43,100.48,SSE,15,11,,86,2.9,5,,,32200,2.4,,1,,,5.6,4.5,0
2025-12-21 22:00:00 PST,1766383200,100.32,100.37,S,18,17,31,83,2.7,5.4,,,32200,2.4,,2,,,6.1,5.4,0
2025-12-21 21:00:00 PST,1766379600,100.26,100.31,SSW,20,23,,83,3.4,6,,,32200,2.4,,2,,,6.6,6,0
2025-12-21 20:00:00 PST,1766376000,100.16,100.21,SSW,20,26,,84,4,6.5,,,32200,2.4,,7,,,6.6,6.1,0
2025-12-21 19:00:00 PST,1766372400,100.09,100.14,S,19,18,,89,4.7,6.5,,,32200,2.3,,8,,,6.5,6.3,0
2025-12-21 18:00:00 PST,1766368800,100.05,100.1,S,17,18,,86,4.2,6.3,,,24100,2.2,,8,,,6.8,6.3,0
2025-12-21 17:00:00 PST,1766365200,100.03,100.08,S,18,21,,86,4.5,6.7,,,24100,2.1,,8,,,7.3,6.6,1.3
2025-12-21 16:00:00 PST,1766361600,100.03,100.08,SSW,19,26,,93,6.1,7.1,,,9700,2,,8,,,7.8,7.1,1.6
2025-12-21 15:00:00 PST,1766358000,100,100.05,S,18,16,,94,6.5,7.4,,,4800,2,,8,,,7.9,7.4,0.8
2025-12-21 14:00:00 PST,1766354400,99.99,100.04,SE,13,17,32,89,6,7.7,,,32200,2,,8,,,7.9,7.7,0
2025-12-21 13:00:00 PST,1766350800,100.03,100.08,SE,13,23,32,91,6.3,7.6,,,32200,2,,8,,,7.8,7.5,0
2025-12-21 12:00:00 PST,1766347200,100.07,100.12,SE,14,28,,87,5.7,7.7,,,32200,2,,8,,,7.8,7.6,0
2025-12-21 11:00:00 PST,1766343600,100.11,100.16,SE,14,27,40,88,6,7.8,,,32200,2,,8,,,7.9,7.4,0
2025-12-21 10:00:00 PST,1766340000,100.11,100.16,SE,14,31,32,87,5.5,7.4,,,32200,2,,8,,,7.4,7.1,0
2025-12-21 09:00:00 PST,1766336400,100.13,100.18,SE,13,23,35,91,5.8,7.1,,,32200,1.9,,8,,,7.2,6.7,0.1
2025-12-21 08:00:00 PST,1766332800,100.13,100.18,SE,12,18,,94,5.8,6.7,,,16100,1.9,,8,,,6.9,6.7,0.3
2025-12-21 07:00:00 PST,1766329200,100.18,100.23,SE,12,18,,92,5.6,6.8,,,16100,1.9,,8,,,6.9,6.7,0.1
2025-12-21 06:00:00 PST,1766325600,100.24,100.29,SE,13,23,,94,5.8,6.7,,,24100,1.9,,8,,,6.7,6.4,0
2025-12-21 05:00:00 PST,1766322000,100.29,100.34,SE,12,22,,97,6.2,6.7,,,12900,1.9,,8,,,6.8,6.3,0.7
2025-12-21 04:00:00 PST,1766318400,100.38,100.43,ESE,11,17,,97,6.1,6.6,,,12900,2,,8,,,6.6,6.3,0.2
2025-12-21 03:00:00 PST,1766314800,100.5,100.55,ESE,11,12,,97,5.8,6.3,,,19300,2.2,,8,,,6.3,6,0
2025-12-21 02:00:00 PST,1766311200,100.56,100.61,E,8,16,,98,5.8,6.1,,,20900,2.2,,8,,,6.7,6.1,0
2025-12-21 01:00:00 PST,1766307600,100.66,100.71,ESE,11,12,,93,5.3,6.3,,,16100,2.1,,8,,,6.7,6.3,0.1
2025-12-21 00:00:00 PST,1766304000,100.74,100.79,SSE,16,21,,88,4.8,6.7,,,24100,2.1,,8,,,6.7,6.1,0
2025-12-20 23:00:00 PST,1766300400,100.75,100.8,ESE,12,13,,95,5.8,6.4,,,24100,2.2,,7,,,6.5,6.1,0
2025-12-20 22:00:00 PST,1766296800,100.79,100.84,ESE,12,11,,96,5.6,6.2,,,19300,2.3,,8,,,6.5,6.1,0.1
2025-12-20 21:00:00 PST,1766293200,100.83,100.88,ESE,11,12,,93,5.2,6.3,,,24100,2.3,,8,,,6.5,6.1,0
2025-12-20 20:00:00 PST,1766289600,100.86,100.91,SE,12,8,,94,5.3,6.1,,,24100,2.3,,8,,,6.3,5.9,0.2
2025-12-20 19:00:00 PST,1766286000,100.88,100.93,SE,14,12,,94,5.3,6.2,,,19300,2.3,,8,,,6.3,6.1,0
2025-12-20 18:00:00 PST,1766282400,100.86,100.91,SSE,16,18,,92,5,6.2,,,16100,2.2,,8,,,6.7,6.2,0
2025-12-20 17:00:00 PST,1766278800,100.86,100.91,SSE,16,20,29,90,5,6.6,,,24100,2.2,,7,,,6.8,6.6,0
2025-12-20 16:00:00 PST,1766275200,100.87,100.92,SSE,16,17,27,87,4.7,6.6,,,24100,2.2,,7,,,6.8,6.5,0
2025-12-20 15:00:00 PST,1766271600,100.87,100.92,S,17,23,35,87,4.7,6.7,,,24100,2.1,,7,,,7.3,6.2,0.2
2025-12-20 14:00:00 PST,1766268000,100.88,100.93,SSE,15,21,36,92,5.2,6.4,,,4800,2.1,,6,,,6.6,6.2,0.7
2025-12-20 13:00:00 PST,1766264400,100.87,100.92,S,17,23,40,88,4.7,6.5,,,16100,2.1,,8,,,6.6,6.3,0.5
2025-12-20 12:00:00 PST,1766260800,100.94,100.99,SSE,15,30,43,87,4.6,6.5,,,12900,2.2,,8,,,7.1,6.3,0
2025-12-20 11:00:00 PST,1766257200,100.97,101.02,SSE,15,25,35,92,5.1,6.3,,,16100,2.2,,8,,,6.3,5.8,0.3
2025-12-20 10:00:00 PST,1766253600,101.01,101.06,SSE,15,23,37,87,3.9,5.9,,,16100,2.2,,8,,,6.6,5.9,0
2025-12-20 09:00:00 PST,1766250000,100.99,101.04,S,16,25,,82,3.8,6.6,,,24100,2.2,,8,,,6.6,6.1,0
2025-12-20 08:00:00 PST,1766246400,100.98,101.03,SSE,16,20,,80,2.9,6,,,17700,2.1,,8,,,6.1,5.9,0
2025-12-20 07:00:00 PST,1766242800,100.99,101.04,S,17,27,28,79,2.6,6,,,24100,2.2,,8,,,6,5.3,0
2025-12-20 06:00:00 PST,1766239200,100.97,101.02,SE,14,12,,82,2.7,5.5,,,24100,2.1,,8,,,5.8,5.3,0
2025-12-20 05:00:00 PST,1766235600,100.95,101,S,18,24,,84,3.2,5.7,,,24100,2.1,,8,,,5.9,5.5,0
2025-12-20 04:00:00 PST,1766232000,100.95,101,S,17,20,29,87,3.6,5.6,,,20900,2.1,,8,,,5.7,5.5,0
2025-12-20 03:00:00 PST,1766228400,100.94,100.99,S,17,27,,86,3.5,5.7,,,16100,2.1,,8,,,5.9,5.6,0
2025-12-20 02:00:00 PST,1766224800,100.89,100.94,S,17,26,42,83,3.3,5.9,,,24100,2.2,,8,,,6,5.5,0
2025-12-20 01:00:00 PST,1766221200,100.89,100.94,S,17,23,34,85,3.3,5.6,,,24100,2.2,,8,,,5.8,5.3,0
2025-12-20 00:00:00 PST,1766217600,100.9,100.95,S,17,20,,85,3.1,5.4,,,24100,2.3,,8,,,5.7,5.2,0
2025-12-19 23:00:00 PST,1766214000,100.88,100.93,S,17,20,32,85,3.1,5.4,,,24100,2.5,,8,,,5.6,5.3,0
2025-12-19 22:00:00 PST,1766210400,100.84,100.89,SE,14,12,,81,2.2,5.2,,,24100,2.5,,8,,,5.4,4.8,0
2025-12-19 21:00:00 PST,1766206800,100.78,100.83,S,18,18,,87,3.3,5.3,,,24100,2.5,,8,,,5.3,4.5,0
2025-12-19 20:00:00 PST,1766203200,100.75,100.8,SSE,15,14,,87,2.5,4.5,,,24100,2.4,,5,,,4.9,4,0
2025-12-19 19:00:00 PST,1766199600,100.69,100.74,S,18,21,,84,2.4,4.8,,,24100,2.4,,3,,,5.2,4.8,0
2025-12-19 18:00:00 PST,1766196000,100.63,100.68,S,18,26,,86,2.9,5.1,,,32200,2.4,,5,,,5.3,4.8,0
2025-12-19 17:00:00 PST,1766192400,100.59,100.64,S,18,22,35,82,2.5,5.3,,,32200,2.4,,3,,,5.3,5,0
2025-12-19 16:00:00 PST,1766188800,100.52,100.57,S,17,26,36,85,3,5.2,,,32200,2.4,,6,,,5.6,5.2,0
2025-12-19 15:00:00 PST,1766185200,100.52,100.57,S,17,24,35,83,3,5.6,,,32200,2.4,,6,,,6.5,5.2,0.1
2025-12-19 14:00:00 PST,1766181600,100.5,100.55,S,17,19,29,80,2.7,5.8,,,24100,2.4,,8,,,6.7,5.8,0
2025-12-19 13:00:00 PST,1766178000,100.51,100.56,S,19,19,,81,3.1,6,,,32200,2.4,,8,,,6.5,5.4,0
2025-12-19 12:00:00 PST,1766174400,100.49,100.54,SSW,21,17,,81,3,5.9,,,24100,2.6,,8,,,6.1,5.2,0
2025-12-19 11:00:00 PST,1766170800,100.45,100.5,E,8,8,,85,3,5.2,,,40200,2.7,,8,,,5.2,3.9,0
2025-12-19 10:00:00 PST,1766167200,100.4,100.45,ESE,10,12,,86,2,4,,,40200,2.7,,6,,,5.5,3.8,0
2025-12-19 09:00:00 PST,1766163600,100.33,100.38,SSE,16,8,,74,1.2,5.5,,,32200,2.6,,7,,,5.6,2.9,0
2025-12-19 08:00:00 PST,1766160000,100.27,100.32,E,8,11,,84,0.8,3.3,,,32200,2.4,,7,,,5.5,2.4,0
2025-12-19 07:00:00 PST,1766156400,100.22,100.27,SSW,20,7,,80,1.1,4.2,,,32200,2.3,,5,,,4.3,1.2,0
2025-12-19 06:00:00 PST,1766152800,100.15,100.2,E,10,8,,86,0.4,2.5,,,32200,2.3,,7,,,3.1,1.2,0
2025-12-19 05:00:00 PST,1766149200,100.13,100.18,ENE,7,9,,90,0.8,2.2,,,24100,2.2,,2,,,4,2.1,0
2025-12-19 04:00:00 PST,1766145600,100.09,100.14,SE,12,7,,84,1.3,3.8,,,32200,2.2,,3,,,5.2,2.4,0
2025-12-19 03:00:00 PST,1766142000,100.04,100.09,WNW,28,12,,83,0.3,2.9,,,32200,2.3,,2,,,3.4,2.6,0
2025-12-19 02:00:00 PST,1766138400,99.93,99.98,WNW,29,14,,84,0.5,2.9,,,32200,2.3,,2,,,4.4,2.6,0
2025-12-19 01:00:00 PST,1766134800,99.81,99.86,WNW,28,17,,83,1.4,4,,,32200,2.3,,1,,,5,3.8,0
2025-12-19 00:00:00 PST,1766131200,99.68,99.73,WNW,28,24,,79,1.7,5.1,,,32200,2.3,,1,,,5.2,4.8,0
2025-12-18 23:00:00 PST,1766127600,99.55,99.6,WNW,28,25,,80,2,5.1,,,32200,2.3,,1,,,5.8,5.1,0
2025-12-18 22:00:00 PST,1766124000,99.36,99.41,WNW,28,32,,80,2.6,5.7,,,32200,2.4,,1,,,7.1,5.5,0
2025-12-18 21:00:00 PST,1766120400,99.2,99.25,W,26,32,46,77,3.4,7.1,,,32200,2.4,,6,,,7.7,7,0.1
2025-12-18 20:00:00 PST,1766116800,99.07,99.12,WSW,24,39,52,71,2.6,7.5,,,32200,2.4,,1,,,8.5,7.3,0.2
2025-12-18 19:00:00 PST,1766113200,98.94,98.99,SW,22,43,44,71,3.5,8.4,,,32200,2.4,,1,,,9.1,8.4,0.1
2025-12-18 18:00:00 PST,1766109600,98.77,98.81,SW,22,27,33,91,7.3,8.7,,,24100,2.3,,8,,,8.7,6.2,0
2025-12-18 17:00:00 PST,1766106000,98.7,98.75,E,7,15,,98,5.9,6.3,,,32200,2.3,,4,,,6.5,5.8,0
2025-12-18 16:00:00 PST,1766102400,98.73,98.78,ENE,7,23,,99,5.6,5.8,,,24100,2.3,,8,,,5.8,4.9,0
2025-12-18 15:00:00 PST,1766098800,98.8,98.85,ENE,7,28,,99,5.1,5.2,,,2400,2.3,,8,,,5.2,4.3,1.5
2025-12-18 14:00:00 PST,1766095200,98.94,98.99,ENE,6,26,32,98,4.3,4.6,,,1000,2.2,,8,,,5,4.3,1.2
2025-12-18 13:00:00 PST,1766091600,99.16,99.21,ENE,6,27,32,98,4.2,4.6,,,1600,2.2,,8,,,5.6,4.6,2.6
2025-12-18 12:00:00 PST,1766088000,99.44,99.49,ENE,6,23,38,96,4.6,5.1,,,2400,2.2,,8,,,6.4,5.1,2.8
2025-12-18 11:00:00 PST,1766084400,99.72,99.77,ESE,10,32,45,92,4.6,5.8,,,3200,2.2,,8,,,7,5.8,0.8
2025-12-18 10:00:00 PST,1766080800,99.98,100.03,SE,12,42,55,82,3.9,6.8,,,32200,2.3,,8,,,7.1,6.8,0.1
2025-12-18 09:00:00 PST,1766077200,100.14,100.19,ESE,12,39,53,84,4.5,7,,,24100,2.1,,8,,,7.5,7,0
2025-12-18 08:00:00 PST,1766073600,100.28,100.33,SE,13,27,39,86,5.2,7.4,,,16100,2.1,,8,,,7.4,7.1,0.2
2025-12-18 07:00:00 PST,1766070000,100.44,100.49,SE,14,28,42,91,5.7,7.1,,,16100,2,,8,,,7.2,7,0.7
2025-12-18 06:00:00 PST,1766066400,100.62,100.67,SE,14,26,39,95,6.3,7,,,19300,2,,8,,,7.3,7,0.6
2025-12-18 05:00:00 PST,1766062800,100.76,100.81,SE,14,28,40,94,6.4,7.2,,,24100,1.9,,8,,,7.5,7.2,0
2025-12-18 04:00:00 PST,1766059200,100.9,100.95,SE,14,25,40,91,6.1,7.4,,,32200,2,,8,,,7.6,7.4,0
2025-12-18 03:00:00 PST,1766055600,101.04,101.09,SE,14,30,30,90,6,7.5,,,32200,2,,8,,,7.5,7.3,0.1
2025-12-18 02:00:00 PST,1766052000,101.15,101.2,SE,13,23,,91,6.1,7.5,,,24100,2.1,,8,,,7.8,7.4,0.1
2025-12-18 01:00:00 PST,1766048400,101.25,101.3,ESE,12,19,28,88,5.9,7.7,,,32200,2.1,,8,,,7.9,7.5,0
2025-12-18 00:00:00 PST,1766044800,101.38,101.43,SE,12,20,,87,5.6,7.6,,,32200,2.1,,8,,,7.7,7.3,0
2025-12-17 23:00:00 PST,1766041200,101.51,101.56,SE,13,19,,86,5.3,7.4,,,32200,2.2,,8,,,7.6,7.3,0
2025-12-17 22:00:00 PST,1766037600,101.55,101.6,SSE,15,23,33,83,4.8,7.4,,,32200,2.2,,8,,,7.6,7.3,0
2025-12-17 21:00:00 PST,1766034000,101.58,101.63,SE,14,22,,86,5.2,7.3,,,32200,2.3,,8,,,7.5,7.2,0.3
2025-12-17 20:00:00 PST,1766030400,101.57,101.62,SE,14,24,,89,5.7,7.3,,,19300,2.4,,8,,,7.5,7,0.1
2025-12-17 19:00:00 PST,1766026800,101.62,101.67,SSE,15,17,,83,4.3,7,,,32200,2.5,,8,,,7.7,7,0
2025-12-17 18:00:00 PST,1766023200,101.64,101.69,SSE,16,16,,81,4.4,7.4,,,32200,2.5,,7,,,7.5,7.3,0
2025-12-17 17:00:00 PST,1766019600,101.6,101.65,S,17,30,,80,4.2,7.3,,,32200,2.4,,7,,,7.5,7.2,0
2025-12-17 16:00:00 PST,1766016000,101.56,101.61,S,18,23,27,77,3.5,7.3,,,48300,2.3,,8,,,7.9,7.1,0
2025-12-17 15:00:00 PST,1766012400,101.52,101.57,S,18,21,,70,3,8,,,48300,2.3,,6,,,8.4,8,0
2025-12-17 14:00:00 PST,1766008800,101.46,101.51,SSW,20,21,32,72,3.8,8.5,,,48300,2.4,,8,,,8.9,8,0
2025-12-17 13:00:00 PST,1766005200,101.35,101.4,SW,22,21,32,71,3.8,8.8,,,48300,2.4,,4,,,8.9,8,0
2025-12-17 12:00:00 PST,1766001600,101.3,101.35,SW,22,14,,73,3.8,8.3,,,48300,2.5,,7,,,9,8.3,0
2025-12-17 11:00:00 PST,1765998000,101.16,101.21,WSW,25,17,,68,2.8,8.3,,,48300,2.5,,7,,,8.3,7.4,0
2025-12-17 10:00:00 PST,1765994400,100.98,101.03,WSW,25,19,,69,2.5,7.9,,,48300,2.6,,2,,,7.9,6.6,0
2025-12-17 09:00:00 PST,1765990800,100.8,100.85,WNW,30,13,,81,3.7,6.7,,,48300,2.6,,3,,,6.7,6.1,0
2025-12-17 08:00:00 PST,1765987200,100.58,100.63,W,27,16,,78,2.8,6.3,,,48300,2.5,,1,,,6.6,5.9,0
2025-12-17 07:00:00 PST,1765983600,100.37,100.42,WNW,28,27,,76,2.5,6.5,,,32200,2.4,,2,,,6.8,6.2,0
2025-12-17 06:00:00 PST,1765980000,100.14,100.19,WNW,28,27,43,77,3.2,6.8,,,32200,2.3,,2,,,7.1,6.5,0.1
2025-12-17 05:00:00 PST,1765976400,99.88,99.93,NW,30,42,52,84,4.2,6.7,,,32200,2.3,,8,,,8.1,5.9,0.1
2025-12-17 04:00:00 PST,1765972800,99.58,99.63,NW,30,51,73,85,3.8,6.2,,,24100,2.4,,8,,,8.2,5.9,0.5
2025-12-17 03:00:00 PST,1765969200,99.23,99.28,W,26,31,,85,5.7,8,,,32200,2.5,,8,,,8.2,7.7,0
2025-12-17 02:00:00 PST,1765965600,99.02,99.07,WNW,28,30,32,88,5.8,7.7,,,32200,2.6,,8,,,7.7,7.1,0.5
2025-12-17 01:00:00 PST,1765962000,99.01,99.06,W,27,50,73,94,6.2,7.2,,,12900,2.3,,8,,,9.2,7.2,2.2
2025-12-17 00:00:00 PST,1765958400,98.85,98.89,ESE,11,10,,97,8.6,9,,,16100,2.3,,8,,,9.3,8.9,0
2025-12-16 23:00:00 PST,1765954800,98.94,98.98,ESE,11,11,,92,8.1,9.2,,,32200,2.3,,7,,,9.3,8.9,0
2025-12-16 22:00:00 PST,1765951200,99.21,99.26,SSE,15,19,30,97,8.9,9.3,,,24100,2.3,,8,,,9.8,9.2,0.9
2025-12-16 21:00:00 PST,1765947600,99.33,99.38,ESE,10,14,,100,9.7,9.7,,,12900,2.3,,8,,,9.8,9.5,1.4
2025-12-16 20:00:00 PST,1765944000,99.55,99.6,SE,13,11,,100,9.7,9.7,,,19300,2.2,,8,,,10.2,9.5,1.8
2025-12-16 19:00:00 PST,1765940400,99.7,99.75,WNW,28,9,,100,9.8,9.8,,,11300,2.2,,8,,,10.2,9.6,4.6
2025-12-16 18:00:00 PST,1765936800,99.79,99.84,S,17,12,,100,10.1,10.1,,,2400,2.1,,8,,,10.1,9.2,3.6
2025-12-16 17:00:00 PST,1765933200,99.99,100.04,NE,5,9,,100,9.3,9.3,,,2000,2.1,,8,,,9.3,8.9,6.6
2025-12-16 16:00:00 PST,1765929600,100.16,100.21,ENE,7,16,,100,9.1,9.1,,,2400,2.1,,8,,,9.3,8.7,1.3
2025-12-16 15:00:00 PST,1765926000,100.32,100.37,E,9,19,,100,8.8,8.9,,,2400,2.2,,8,,,9.5,8.7,0.9
2025-12-16 14:00:00 PST,1765922400,100.53,100.58,E,9,23,,96,8.7,9.3,,,16100,2.2,,8,,,9.5,9.3,0
2025-12-16 13:00:00 PST,1765918800,100.7,100.75,ENE,7,16,,98,9,9.3,,,16100,2.3,,8,,,9.5,9,0
2025-12-16 12:00:00 PST,1765915200,100.84,100.89,E,7,18,,98,8.7,9,,,14500,2.3,,8,,,9.1,8.5,0
2025-12-16 11:00:00 PST,1765911600,100.9,100.95,ESE,10,19,,99,8.7,8.8,,,16100,2.4,,8,,,8.8,8.5,0.7
2025-12-16 10:00:00 PST,1765908000,101.03,101.08,SE,12,18,,98,8.3,8.6,,,11300,2.3,,8,,,8.6,8.5,0.5
2025-12-16 09:00:00 PST,1765904400,101.1,101.15,SE,13,19,,95,7.8,8.6,,,12900,2.3,,8,,,8.6,8.5,0.5
2025-12-16 08:00:00 PST,1765900800,101.14,101.19,SE,13,22,,92,7.2,8.5,,,16100,2.2,,8,,,8.7,8.5,0
2025-12-16 07:00:00 PST,1765897200,101.24,101.29,SE,13,22,,88,6.8,8.7,,,32200,2.1,,8,,,8.7,8.3,0
2025-12-16 06:00:00 PST,1765893600,101.31,101.36,SE,12,14,,89,6.7,8.4,,,32200,2.1,,8,,,8.4,8.2,0
2025-12-16 05:00:00 PST,1765890000,101.39,101.44,SE,13,26,35,85,5.9,8.3,,,32200,2.1,,8,,,8.3,8,0
2025-12-16 04:00:00 PST,1765886400,101.45,101.5,SE,13,26,,91,6.7,8,,,32200,2.2,,8,,,8.8,8,0
2025-12-16 03:00:00 PST,1765882800,101.48,101.53,SE,13,25,,79,5.3,8.8,,,32200,2.2,,8,,,8.8,7.6,0
2025-12-16 02:00:00 PST,1765879200,101.51,101.56,SE,13,15,,82,4.7,7.6,,,32200,2.2,,6,,,8.8,7.6,0
2025-12-16 01:00:00 PST,1765875600,101.47,101.52,S,17,23,,71,3.8,8.8,,,32200,2.2,,7,,,8.9,8.5,0
2025-12-16 00:00:00 PST,1765872000,101.49,101.54,SSE,16,17,,75,4.4,8.5,,,32200,2.3,,8,,,8.7,8.2,0
2025-12-15 23:00:00 PST,1765868400,101.48,101.53,SSW,19,17,,82,5.4,8.2,,,32200,2.3,,7,,,8.6,8.2,0
2025-12-15 22:00:00 PST,1765864800,101.4,101.45,SSW,20,18,,81,5.3,8.4,,,32200,2.4,,7,,,9.1,8.4,0
2025-12-15 21:00:00 PST,1765861200,101.38,101.43,SW,23,17,,78,5.4,8.9,,,32200,2.5,,8,,,9.7,8.6,0
2025-12-15 20:00:00 PST,1765857600,101.29,101.34,WSW,25,19,,73,5.2,9.7,,,32200,2.5,,8,,,10,8.8,0
2025-12-15 19:00:00 PST,1765854000,101.09,101.14,W,26,26,37,74,4.7,9.1,,,32200,2.4,,3,,,9.9,9.1,0
2025-12-15 18:00:00 PST,1765850400,101,101.05,W,27,25,36,76,5.9,9.9,,,40200,2.3,,3,,,10.7,9.8,0.1
2025-12-15 17:00:00 PST,1765846800,100.75,100.8,SW,21,22,,82,7.3,10.2,,,48300,2.3,,6,,,11.4,10.2,0
2025-12-15 16:00:00 PST,1765843200,100.6,100.65,SW,22,31,41,78,7.6,11.2,,,48300,2.1,,6,,,12.7,11.2,0
2025-12-15 15:00:00 PST,1765839600,100.35,100.4,SSW,20,35,47,77,8.8,12.7,,,48300,1.9,,4,,,14.6,12.7,0.1
2025-12-15 14:00:00 PST,1765836000,100.2,100.25,S,18,31,42,77,10.7,14.6,,,48300,1.7,,5,,,15.7,13.2,0
2025-12-15 13:00:00 PST,1765832400,100.14,100.19,SE,13,27,37,93,12.1,13.1,,,48300,1.6,,5,,,13.5,12.7,0.1
2025-12-15 12:00:00 PST,1765828800,100.12,100.17,SE,13,40,31,90,11.4,12.9,,,40200,1.6,,6,,,13.3,12.2,0.1
2025-12-15 11:00:00 PST,1765825200,100.27,100.32,SE,13,41,53,91,10.9,12.3,,,40200,1.7,,6,,,12.5,11.9,0.1
2025-12-15 10:00:00 PST,1765821600,100.29,100.34,SE,12,27,31,93,10.8,11.9,,,40200,1.7,,7,,,12.1,11.8,0
2025-12-15 09:00:00 PST,1765818000,100.26,100.31,SE,12,34,33,95,11.1,11.8,,,40200,1.7,,6,,,11.8,11.1,0
2025-12-15 08:00:00 PST,1765814400,100.26,100.31,ESE,11,27,,97,10.8,11.3,,,32200,1.6,,8,,,11.4,10.8,0.1
2025-12-15 07:00:00 PST,1765810800,100.3,100.35,ESE,12,30,,99,10.6,10.8,,,24100,1.7,,8,,,11.3,10.8,0.9
2025-12-15 06:00:00 PST,1765807200,100.31,100.36,ESE,11,30,41,95,10.6,11.3,,,32200,1.7,,8,,,11.3,10.9,0
2025-12-15 05:00:00 PST,1765803600,100.38,100.43,ESE,11,25,38,96,10.3,10.9,,,16100,1.7,,8,,,11.1,10.9,0.4
2025-12-15 04:00:00 PST,1765800000,100.46,100.51,SE,12,36,48,95,10.2,11,,,12900,1.6,,8,,,11.4,11,0.8
2025-12-15 03:00:00 PST,1765796400,100.6,100.65,SE,13,39,50,91,10,11.4,,,19300,1.8,,8,,,11.8,11.4,0.1
2025-12-15 02:00:00 PST,1765792800,100.71,100.76,ESE,11,33,44,89,9.8,11.5,,,16100,1.8,,8,,,12.3,11.5,0.4
2025-12-15 01:00:00 PST,1765789200,100.82,100.87,E,9,30,,95,10.8,11.6,,,24100,1.6,,8,,,11.7,11,0.8
2025-12-15 00:00:00 PST,1765785600,100.93,100.98,ESE,10,25,,99,10.9,11.1,,,16100,1.7,,8,,,11.4,11,4.1
2025-12-14 23:00:00 PST,1765782000,101,101.05,ESE,11,25,,92,10,11.3,,,12900,1.7,,8,,,11.4,11,0
2025-12-14 22:00:00 PST,1765778400,101.05,101.1,E,9,25,,99,10.8,11,,,24100,1.7,,8,,,11.1,10.9,0.4
2025-12-14 21:00:00 PST,1765774800,101.16,101.21,ENE,7,15,,99,10.8,10.9,,,24100,1.7,,8,,,11,10.8,1.1
2025-12-14 20:00:00 PST,1765771200,101.21,101.26,E,9,18,,100,10.8,10.8,,,12900,1.7,,8,,,11,10.8,2.4
2025-12-14 19:00:00 PST,1765767600,101.18,101.23,E,9,26,,99,10.7,10.8,,,12900,1.7,,8,,,10.9,10.5,0.5
2025-12-14 18:00:00 PST,1765764000,101.25,101.3,E,9,22,,99,10.4,10.6,,,12900,1.7,,8,,,10.6,10.6,0.5
2025-12-14 17:00:00 PST,1765760400,101.33,101.38,E,9,18,,98,10.2,10.6,,,12900,1.7,,8,,,10.7,10.5,0.5
2025-12-14 16:00:00 PST,1765756800,101.3,101.35,ESE,10,22,,97,10.2,10.6,,,12900,1.7,,8,,,11,10.6,0.6
2025-12-14 15:00:00 PST,1765753200,101.27,101.32,ESE,11,25,,94,9.9,10.8,,,12900,1.7,,8,,,11,10.8,0.1
2025-12-14 14:00:00 PST,1765749600,101.32,101.37,ESE,11,26,36,91,9.7,11,,,16100,,,8,,,11,10.6,0.2
2025-12-14 13:00:00 PST,1765746000,101.36,101.41,SE,12,26,,95,9.8,10.6,,,9700,,,8,,,10.9,10.6,0.2
2025-12-14 12:00:00 PST,1765742400,101.37,101.42,SE,12,28,40,91,9.5,10.9,,,12900,,,8,,,10.9,10.6,0
2025-12-14 11:00:00 PST,1765738800,101.36,101.41,SE,12,24,33,93,9.5,10.6,,,12900,1.5,,8,,,11,10.5,0.6
2025-12-14 10:00:00 PST,1765735200,101.32,101.37,SE,13,25,36,90,9.3,10.8,,,9700,1.4,,8,,,11,10.7,0.1
2025-12-14 09:00:00 PST,1765731600,101.19,101.24,SSE,15,22,,88,9,10.8,,,9700,1.3,,8,,,11,10.7,0.2
2025-12-14 08:00:00 PST,1765728000,101.09,101.14,SE,13,30,29,86,8.6,10.9,,,16100,1.3,,8,,,11.1,10.3,0
2025-12-14 07:00:00 PST,1765724400,101.05,101.1,SE,13,27,37,85,8.3,10.8,,,16100,1.3,,8,,,10.8,9.9,0
2025-12-14 06:00:00 PST,1765720800,101.06,101.11,E,9,21,,94,9.2,10.1,,,24100,1.3,,8,,,10.1,9.9,0
2025-12-14 05:00:00 PST,1765717200,101.06,101.11,E,9,23,34,93,9,10.1,,,19300,1.3,,8,,,10.2,9.9,0.2
2025-12-14 04:00:00 PST,1765713600,101.1,101.15,E,9,21,,99,9.7,9.9,,,19300,1.3,,8,,,10.9,9.9,0.2
2025-12-14 03:00:00 PST,1765710000,101.03,101.08,ESE,11,13,,93,9.5,10.6,,,24100,1.4,,8,,,11,10.2,0.7
2025-12-14 02:00:00 PST,1765706400,100.87,100.92,E,10,30,45,92,9.2,10.4,,,19300,1.5,,8,,,11,9.9,0.6
2025-12-14 01:00:00 PST,1765702800,100.89,100.94,E,8,19,,87,8.3,10.3,,,24100,1.4,,8,,,11,10.2,0
2025-12-14 00:00:00 PST,1765699200,101,101.05,E,9,14,,87,8.3,10.3,,,24100,,,8,,,11.1,9.7,0
2025-12-13 23:00:00 PST,1765695600,101.09,101.14,ESE,11,17,,96,9,9.6,,,24100,1.4,,8,,,9.8,8.6,0
2025-12-13 22:00:00 PST,1765692000,101.05,101.1,SW,23,4,,97,8.5,9,,,24100,1.4,,8,,,10,9,0
2025-12-13 21:00:00 PST,1765688400,100.89,100.94,E,9,15,,93,8.5,9.6,,,24100,1.5,,8,,,9.8,8.9,0
2025-12-13 20:00:00 PST,1765684800,100.94,100.99,E,9,17,,96,9.2,9.8,,,24100,1.6,,8,,,10,9.4,0
2025-12-13 19:00:00 PST,1765681200,101.07,101.12,ESE,11,14,,94,8.9,9.9,,,24100,1.6,,8,,,10.7,9.9,0
2025-12-13 18:00:00 PST,1765677600,101.12,101.17,ESE,11,16,,95,9.9,10.7,,,24100,1.6,,8,,,11,10.3,0
2025-12-13 17:00:00 PST,1765674000,101.15,101.2,E,8,13,,90,9.4,10.9,,,24100,1.7,,7,,,11.1,9.8,0
2025-12-13 16:00:00 PST,1765670400,101.3,101.35,,,0,,96,9.3,9.9,,,40200,1.6,,8,,,10.9,9.7,0
2025-12-13 15:00:00 PST,1765666800,101.33,101.38,SSE,16,4,,93,9.6,10.8,,,40200,1.6,,7,,,12.4,10.5,0
2025-12-13 14:00:00 PST,1765663200,101.47,101.52,SSW,20,4,,79,8.8,12.3,,,32200,1.6,,8,,,12.3,12.1,0
2025-12-13 13:00:00 PST,1765659600,101.43,101.48,ESE,10,11,,84,9.6,12.2,,,32200,1.6,,8,,,12.6,12.2,0
2025-12-13 12:00:00 PST,1765656000,101.48,101.53,E,8,15,,87,10.2,12.4,,,40200,1.6,,8,,,12.5,11.8,0
2025-12-13 11:00:00 PST,1765652400,101.55,101.6,E,9,13,,89,10,11.7,,,32200,1.6,,8,,,11.7,10.8,0
2025-12-13 10:00:00 PST,1765648800,101.57,101.62,ENE,7,14,,93,9.8,10.8,,,32200,1.6,,6,,,10.8,10,0
2025-12-13 09:00:00 PST,1765645200,101.57,101.62,E,8,16,,97,9.5,10,,,24100,1.5,,7,,,10.1,9.4,0
2025-12-13 08:00:00 PST,1765641600,101.56,101.61,ESE,10,18,,100,9.5,9.5,,,11300,1.5,,8,,,9.9,9,0
2025-12-13 07:00:00 PST,1765638000,101.58,101.63,E,9,15,,100,9.6,9.6,,,12900,1.5,,8,,,9.8,9.6,0
2025-12-13 06:00:00 PST,1765634400,101.59,101.64,E,9,13,,100,9.7,9.7,,,4800,1.5,,8,,,9.8,9.4,0
2025-12-13 05:00:00 PST,1765630800,101.6,101.65,E,8,9,,100,9.5,9.5,,,6400,1.6,,8,,,9.5,9,0
2025-12-13 04:00:00 PST,1765627200,101.63,101.68,E,8,7,,100,9.2,9.2,,,8100,1.6,,8,,,9.5,9.2,0
2025-12-13 03:00:00 PST,1765623600,101.68,101.73,ESE,10,13,,100,9.3,9.3,,,11300,1.6,,8,,,9.7,9.2,0
2025-12-13 02:00:00 PST,1765620000,101.69,101.74,ENE,6,10,,99,9.5,9.6,,,8100,1.6,,8,,,9.7,9.4,0
2025-12-13 01:00:00 PST,1765616400,101.69,101.74,ESE,10,8,,99,9.4,9.6,,,12900,1.7,,8,,,9.8,9.4,0
2025-12-13 00:00:00 PST,1765612800,101.72,101.77,ENE,7,10,,99,9.4,9.6,,,8100,1.7,,8,,,9.8,9.6,0
2025-12-12 23:00:00 PST,1765609200,101.74,101.79,ENE,5,14,,99,9.4,9.6,,,4800,1.8,,8,,,9.6,9.2,0
2025-12-12 22:00:00 PST,1765605600,101.72,101.77,E,9,11,,99,9.1,9.2,,,6400,1.9,,8,,,9.3,9.2,0
2025-12-12 21:00:00 PST,1765602000,101.7,101.75,ENE,6,14,,99,9,9.2,,,6400,2,,8,,,9.2,9,0
2025-12-12 20:00:00 PST,1765598400,101.73,101.78,ENE,7,15,,99,8.9,9.1,,,6400,2.1,,8,,,9.1,8.7,0
2025-12-12 19:00:00 PST,1765594800,101.71,101.76,ENE,5,14,,100,8.8,8.8,,,4000,2.2,,8,,,8.8,8.6,0
2025-12-12 18:00:00 PST,1765591200,101.73,101.78,E,9,11,,99,8.4,8.6,,,4800,2.3,,8,,,8.7,8.6,0
2025-12-12 17:00:00 PST,1765587600,101.77,101.82,ENE,6,12,,98,8.3,8.7,,,4800,2.3,,8,,,8.7,8.3,0
2025-12-12 16:00:00 PST,1765584000,101.77,101.82,ENE,7,12,,99,8.2,8.3,,,3200,2.3,,8,,,8.3,7.9,0
2025-12-12 15:00:00 PST,1765580400,101.83,101.88,ENE,6,14,,100,8,8,,,3200,2.3,,8,,,8,7.8,0
2025-12-12 14:00:00 PST,1765576800,101.9,101.95,ENE,6,14,,100,7.8,7.8,,,1600,2.3,,8,,,8,7.8,0
2025-12-12 13:00:00 PST,1765573200,101.96,102.01,E,8,17,,97,7.5,7.9,,,8100,2.3,,8,,,8,7.7,0
2025-12-12 12:00:00 PST,1765569600,102.03,102.08,E,9,14,,97,7.5,7.8,,,8100,2.3,,8,,,7.9,7.5,0
2025-12-12 11:00:00 PST,1765566000,102.08,102.13,E,8,12,,99,7.4,7.6,,,3600,2.2,,8,,,7.6,7.3,0
2025-12-12 10:00:00 PST,1765562400,102.17,102.22,E,9,12,,99,7.2,7.4,,,4800,2.1,,8,,,7.5,6.9,0
2025-12-12 09:00:00 PST,1765558800,102.16,102.21,E,7,12,,100,6.9,6.9,,,4800,2,,8,,,7,6.7,0
2025-12-12 08:00:00 PST,1765555200,102.14,102.19,E,9,11,,100,6.7,6.7,,,3600,1.9,,8,,,6.8,6.6,0
2025-12-12 07:00:00 PST,1765551600,102.16,102.21,E,8,10,,100,6.7,6.7,,,3200,1.8,,8,,,7,6.6,0.1
2025-12-12 06:00:00 PST,1765548000,102.17,102.22,E,10,10,,100,6.7,6.7,,,4800,1.8,,8,,,7,6.7,0
2025-12-12 05:00:00 PST,1765544400,102.18,102.23,ESE,10,10,,100,7,7,,,12900,1.7,,8,,,7.3,6.9,0.3
2025-12-12 04:00:00 PST,1765540800,102.27,102.32,ENE,5,7,,99,7.2,7.2,,,12900,1.8,,8,,,7.2,7.1,0.1
2025-12-12 03:00:00 PST,1765537200,102.3,102.35,ENE,6,8,,99,7.1,7.2,,,16100,1.8,,8,,,7.5,7.1,0
2025-12-12 02:00:00 PST,1765533600,102.29,102.34,ENE,6,9,,100,7.4,7.4,,,12900,1.9,,8,,,7.5,7.2,0.1
2025-12-12 01:00:00 PST,1765530000,102.33,102.38,ENE,7,8,,100,7.2,7.2,,,16100,2,,8,,,8.4,7.2,1.1
2025-12-12 00:00:00 PST,1765526400,102.35,102.4,SW,22,10,,99,7.9,8,,,19300,2.2,,8,,,8.4,7.9,0
2025-12-11 23:00:00 PST,1765522800,102.34,102.39,ENE,6,5,,98,8.1,8.4,,,24100,2.3,,8,,,8.5,8.1,0
2025-12-11 22:00:00 PST,1765519200,102.33,102.38,E,9,7,,99,8.1,8.2,,,32200,2.4,,8,,,8.6,8,0
2025-12-11 21:00:00 PST,1765515600,102.32,102.37,E,9,9,,100,8.1,8.1,,,24100,2.3,,8,,,8.6,8.1,0
2025-12-11 20:00:00 PST,1765512000,102.34,102.39,ESE,11,7,,99,8.3,8.4,,,24100,2.3,,8,,,8.7,8.1,0
2025-12-11 19:00:00 PST,1765508400,102.35,102.4,E,9,7,,98,8.1,8.4,,,32200,2.3,,8,,,8.5,8.2,0
2025-12-11 18:00:00 PST,1765504800,102.35,102.4,E,9,10,,97,7.8,8.3,,,24100,2.4,,8,,,8.8,8.1,0
2025-12-11 17:00:00 PST,1765501200,102.33,102.38,ESE,10,10,,94,7.8,8.6,,,24100,2.5,,8,,,9,8.5,0
2025-12-11 16:00:00 PST,1765497600,102.28,102.33,E,8,8,,93,7.8,8.9,,,24100,2.6,,8,,,9.1,8.7,0
2025-12-11 15:00:00 PST,1765494000,102.29,102.34,ESE,10,6,,93,8,9,,,24100,2.6,,8,,,9.3,9,0
2025-12-11 14:00:00 PST,1765490400,102.28,102.33,E,8,8,,91,7.8,9.2,,,24100,2.6,,8,,,9.5,9.1,0
2025-12-11 13:00:00 PST,1765486800,102.29,102.34,E,8,5,,87,7.2,9.3,,,24100,2.5,,8,,,9.6,8.9,0
2025-12-11 12:00:00 PST,1765483200,102.3,102.35,N,35,4,,89,7.3,8.9,,,32200,2.6,,8,,,9,8.6,0
2025-12-11 11:00:00 PST,1765479600,102.27,102.32,ENE,6,8,,94,7.8,8.8,,,32200,2.4,,8,,,8.8,8.5,0
2025-12-11 10:00:00 PST,1765476000,102.21,102.26,,8,0,,91,7.1,8.5,,,32200,2.4,,8,,,8.6,8,0
2025-12-11 09:00:00 PST,1765472400,102.07,102.12,SW,22,10,,92,7.2,8.4,,,32200,2.3,,8,,,8.5,8.2,0
2025-12-11 08:00:00 PST,1765468800,102.02,102.07,W,26,19,,92,7.2,8.4,,,32200,2.2,,8,,,8.5,8.2,0
2025-12-11 07:00:00 PST,1765465200,101.9,101.95,W,26,15,,94,7.5,8.4,,,24100,2.2,,8,,,8.4,7.7,0
2025-12-11 06:00:00 PST,1765461600,101.86,101.91,W,27,19,,96,7.6,8.2,,,32200,2.1,,7,,,8.3,8.2,0
2025-12-11 05:00:00 PST,1765458000,101.76,101.81,W,26,24,,94,7.3,8.3,,,32200,2.1,,7,,,8.4,8.2,0
2025-12-11 04:00:00 PST,1765454400,101.67,101.72,W,27,21,32,94,7.5,8.4,,,32200,2.1,,7,,,8.6,8.3,0
2025-12-11 03:00:00 PST,1765450800,101.61,101.66,W,26,26,,89,6.9,8.5,,,32200,2.2,,2,,,9.2,8.3,0
2025-12-11 02:00:00 PST,1765447200,101.53,101.58,W,27,13,,90,7.7,9.2,,,32200,2.2,,8,,,10.1,9.1,0
2025-12-11 01:00:00 PST,1765443600,101.38,101.43,SW,22,12,,90,7.8,9.3,,,32200,2.3,,8,,,9.9,9.2,0
2025-12-11 00:00:00 PST,1765440000,101.29,101.34,SSW,21,22,,88,7.8,9.7,,,32200,2.4,,8,,,10.1,9.7,0
2025-12-10 23:00:00 PST,1765436400,101.16,101.21,SSW,20,26,36,86,7.7,9.9,,,32200,2.4,,8,,,10.5,9.7,0
2025-12-10 22:00:00 PST,1765432800,101.07,101.12,SW,21,11,,94,8.9,9.8,,,32200,2.3,,8,,,10.5,9.7,0
2025-12-10 21:00:00 PST,1765429200,100.95,101,SSE,16,9,,100,9.7,9.7,,,32200,2.4,,8,,,10.6,9.7,0.5
2025-12-10 20:00:00 PST,1765425600,100.87,100.92,ENE,6,10,,100,10,10,,,24100,2.4,,8,,,10.5,10,0.3
2025-12-10 19:00:00 PST,1765422000,100.78,100.83,ENE,6,7,,100,10.5,10.5,,,12900,2.5,,8,,,10.6,10.1,0.4
2025-12-10 18:00:00 PST,1765418400,100.74,100.79,ENE,6,10,,100,10.3,10.3,,,4800,2.5,,8,,,10.3,9.8,0.3
2025-12-10 17:00:00 PST,1765414800,100.74,100.79,ENE,6,15,,100,10.1,10.1,,,4000,2.4,,8,,,10.2,9.8,0.4
2025-12-10 16:00:00 PST,1765411200,100.77,100.82,E,9,17,,100,10.2,10.2,,,4000,2.3,,8,,,10.2,9.9,1.8
2025-12-10 15:00:00 PST,1765407600,100.82,100.87,ESE,11,11,,100,10,10,,,3200,2.3,,8,,,10.1,9.8,2.3
2025-12-10 14:00:00 PST,1765404000,100.86,100.91,ESE,12,13,,100,10,10,,,4000,2.3,,8,,,10.1,9.8,2.1
2025-12-10 13:00:00 PST,1765400400,100.94,100.99,ESE,11,9,,100,9.9,9.9,,,2800,2.3,,8,,,9.9,9.2,2.7
2025-12-10 12:00:00 PST,1765396800,100.99,101.04,E,10,9,,100,9.2,9.2,,,2000,2.3,,8,,,9.2,8.8,2.8
2025-12-10 11:00:00 PST,1765393200,101.04,101.09,E,9,10,,100,8.8,8.8,,,2000,2.3,,8,,,8.8,8.1,2.5
2025-12-10 10:00:00 PST,1765389600,101,101.05,E,9,14,,100,8.2,8.2,,,3600,2.3,,8,,,8.3,7.9,1.9
2025-12-10 09:00:00 PST,1765386000,101.02,101.07,E,9,11,,100,8,8,,,3600,2.1,,8,,,8.1,7.6,2.7
2025-12-10 08:00:00 PST,1765382400,100.99,101.04,E,8,11,,100,7.6,7.6,,,9700,2,,8,,,8.1,7.6,2.3
2025-12-10 07:00:00 PST,1765378800,100.98,101.03,E,9,10,,100,7.6,7.6,,,9700,1.8,,8,,,7.8,7.5,2
2025-12-10 06:00:00 PST,1765375200,100.92,100.97,E,9,11,,100,7.6,7.6,,,19300,1.8,,8,,,7.7,7.6,1.6
2025-12-10 05:00:00 PST,1765371600,100.94,100.99,E,7,9,,100,7.7,7.7,,,24100,1.8,,8,,,7.8,7.7,1.2
2025-12-10 04:00:00 PST,1765368000,100.95,101,ENE,7,11,,98,7.5,7.8,,,24100,1.8,,8,,,8.2,7.8,0.5
2025-12-10 03:00:00 PST,1765364400,100.94,100.99,NE,5,17,,96,7.6,8.1,,,32200,1.8,,8,,,8.1,7.3,0.1
2025-12-10 02:00:00 PST,1765360800,100.93,100.98,NE,4,18,,97,7,7.5,,,32200,1.9,,8,,,7.5,6.9,0
2025-12-10 01:00:00 PST,1765357200,100.93,100.98,ENE,5,17,,96,6.6,7.3,,,32200,2,,8,,,7.3,6.8,0
2025-12-10 00:00:00 PST,1765353600,100.97,101.02,ENE,7,15,,97,6.5,6.8,,,24100,2,,8,,,7,6.8,0.6
2025-12-09 23:00:00 PST,1765350000,101.04,101.09,ENE,7,15,,96,6.4,7,,,16100,2,,8,,,7.5,7,1.2
2025-12-09 22:00:00 PST,1765346400,101.07,101.12,ENE,6,17,,95,6.8,7.5,,,16100,2,,8,,,8.4,7.5,1.4
2025-12-09 21:00:00 PST,1765342800,101.17,101.22,ENE,6,27,30,96,7.3,7.9,,,12900,2.1,,8,,,8.7,7.9,2.7
2025-12-09 20:00:00 PST,1765339200,101.3,101.35,ENE,7,20,,97,8.2,8.6,,,12900,2.2,,8,,,8.7,8.5,1.5
2025-12-09 19:00:00 PST,1765335600,101.43,101.48,ENE,7,19,,96,8.1,8.7,,,12900,2.2,,8,,,9,8.6,0.7
2025-12-09 18:00:00 PST,1765332000,101.54,101.59,E,8,15,,90,7.4,8.9,,,24100,2.2,,8,,,9.2,8.9,0
2025-12-09 17:00:00 PST,1765328400,101.64,101.69,ESE,10,18,,88,7.3,9.1,,,24100,2.3,,8,,,9.4,8.9,0
2025-12-09 16:00:00 PST,1765324800,101.72,101.77,ESE,11,16,,89,7.8,9.5,,,40200,2.4,,8,,,10,9.5,0
2025-12-09 15:00:00 PST,1765321200,101.76,101.81,ESE,12,18,,89,8.2,10,,,24100,2.4,,8,,,10.1,10,0
2025-12-09 14:00:00 PST,1765317600,101.84,101.89,SE,12,17,,88,8.1,10.1,,,32200,2.4,,8,,,10.4,10.1,0
2025-12-09 13:00:00 PST,1765314000,101.86,101.91,ESE,11,15,,87,8.3,10.3,,,32200,2.5,,7,,,11,10.3,0
2025-12-09 12:00:00 PST,1765310400,101.9,101.95,SE,13,12,,85,8.2,10.5,,,24100,2.7,,8,,,10.5,9.6,0
2025-12-09 11:00:00 PST,1765306800,101.95,102,E,9,20,,89,8.1,9.7,,,24100,2.8,,6,,,9.8,8.9,0
2025-12-09 10:00:00 PST,1765303200,102.01,102.06,ENE,7,14,,90,7.3,8.8,,,24100,2.8,,7,,,8.8,7.5,0
2025-12-09 09:00:00 PST,1765299600,101.91,101.96,E,8,12,,93,6.4,7.5,,,24100,2.7,,7,,,7.5,6,0
2025-12-09 08:00:00 PST,1765296000,101.82,101.87,ENE,7,12,,91,5.6,7,,,40200,2.6,,7,,,7.4,6.5,0
2025-12-09 07:00:00 PST,1765292400,101.8,101.85,ENE,7,13,,92,5.8,7,,,24100,2.4,,7,,,7.3,6.3,0
2025-12-09 06:00:00 PST,1765288800,101.74,101.79,E,9,7,,90,4.9,6.4,,,32200,2.3,,8,,,8.1,4.9,0
2025-12-09 05:00:00 PST,1765285200,101.63,101.68,E,9,8,,96,4.3,4.9,,,32200,2.4,,6,,,7.6,4.9,0
2025-12-09 04:00:00 PST,1765281600,101.53,101.58,S,18,12,,84,4.3,6.8,,,32200,2.5,,7,,,8.7,6.4,0
2025-12-09 03:00:00 PST,1765278000,101.46,101.51,S,17,10,,96,6,6.6,,,32200,2.6,,7,,,7.8,6,0
2025-12-09 02:00:00 PST,1765274400,101.36,101.41,W,26,8,,85,5.1,7.4,,,32200,2.4,,8,,,8.5,6.6,0
2025-12-09 01:00:00 PST,1765270800,101.29,101.34,SSW,20,8,,86,5.9,8,,,32200,2.3,,8,,,8.6,7.9,0
2025-12-09 00:00:00 PST,1765267200,101.19,101.24,SSW,19,13,,86,6.4,8.6,,,32200,2.3,,7,,,9.2,8.6,0
2025-12-08 23:00:00 PST,1765263600,101.09,101.14,SSW,20,9,,85,6.5,8.9,,,32200,2.3,,8,,,9.5,8.9,0
2025-12-08 22:00:00 PST,1765260000,100.99,101.04,SW,22,14,28,90,7.6,9.2,,,32200,2.3,,8,,,9.6,9,0
2025-12-08 21:00:00 PST,1765256400,100.86,100.91,SSW,21,15,35,94,8.5,9.4,,,32200,2.3,,8,,,10.2,9.1,0
2025-12-08 20:00:00 PST,1765252800,100.74,100.79,S,18,11,,100,10,10,,,32200,2.3,,8,,,10.6,9.6,0
2025-12-08 19:00:00 PST,1765249200,100.65,100.7,WSW,24,14,31,98,10.1,10.4,,,16100,2.3,,8,,,10.7,9.5,0.6
2025-12-08 18:00:00 PST,1765245600,100.62,100.67,WSW,24,14,29,99,10.2,10.2,,,16100,2.3,,8,,,11.9,10.2,0.7
2025-12-08 17:00:00 PST,1765242000,100.46,100.51,S,18,28,55,92,10.7,11.9,,,16100,2.4,,8,,,12.6,11.8,0
2025-12-08 16:00:00 PST,1765238400,100.41,100.46,S,18,27,41,88,10.5,12.4,,,32200,2.4,,8,,,12.6,11.6,0
2025-12-08 15:00:00 PST,1765234800,100.43,100.48,ESE,10,8,,93,10.6,11.7,,,24100,2.4,,8,,,11.8,11.1,0
2025-12-08 14:00:00 PST,1765231200,100.51,100.56,ESE,10,14,,95,10.3,11.1,,,24100,2.3,,8,,,11.1,9.8,0
2025-12-08 13:00:00 PST,1765227600,100.64,100.69,ESE,11,21,,98,9.7,10,,,12900,2.3,,8,,,10,9.6,0
2025-12-08 12:00:00 PST,1765224000,100.8,100.85,ESE,12,28,42,96,9.1,9.6,,,9700,2.3,,8,,,9.7,9.6,0.4
2025-12-08 11:00:00 PST,1765220400,100.93,100.98,ESE,11,26,,100,9.6,9.6,,,9700,2.4,,8,,,9.8,9.6,0.6
2025-12-08 10:00:00 PST,1765216800,101.1,101.15,ESE,11,24,,99,9.6,9.7,,,9700,2.3,,8,,,9.7,9.5,0
2025-12-08 09:00:00 PST,1765213200,101.25,101.3,ESE,12,20,,100,9.4,9.4,,,16100,2.3,,8,,,9.5,9.1,0
2025-12-08 08:00:00 PST,1765209600,101.36,101.41,E,9,20,,100,9.1,9.1,,,12900,2.1,,8,,,9.2,8.7,0.8
2025-12-08 07:00:00 PST,1765206000,101.44,101.49,E,8,16,,100,8.9,8.9,,,24100,2,,8,,,9,8.8,0.1
2025-12-08 06:00:00 PST,1765202400,101.56,101.61,E,9,17,,100,8.9,8.9,,,24100,2,,8,,,9.1,8.1,2
2025-12-08 05:00:00 PST,1765198800,101.7,101.75,E,9,9,,99,8,8.2,,,19300,2,,8,,,8.7,8.2,0.5
2025-12-08 04:00:00 PST,1765195200,101.66,101.71,ENE,7,15,,97,7.9,8.4,,,32200,2.2,,8,,,8.8,8.1,0
2025-12-08 03:00:00 PST,1765191600,101.84,101.89,E,8,10,,91,7.3,8.6,,,32200,2.4,,8,,,8.8,8.1,0
2025-12-08 02:00:00 PST,1765188000,101.76,101.81,ENE,7,15,,93,7.4,8.5,,,32200,2.4,,8,,,8.5,8.1,0
2025-12-08 01:00:00 PST,1765184400,101.85,101.9,ENE,7,10,,94,7.3,8.3,,,32200,2.3,,8,,,8.4,8,0
2025-12-08 00:00:00 PST,1765180800,101.9,101.95,E,8,11,,91,6.8,8.2,,,32200,2.3,,8,,,9.7,7.8,0.3
2025-12-07 23:00:00 PST,1765177200,101.91,101.96,E,8,11,,76,5.5,9.6,,,32200,2.3,,8,,,9.6,8.7,0
2025-12-07 22:00:00 PST,1765173600,101.81,101.86,S,16,14,,81,5.7,8.8,,,32200,2.3,,8,,,9.2,8.1,0
2025-12-07 21:00:00 PST,1765170000,101.76,101.81,SSW,19,17,29,84,6.1,8.6,,,32200,2.3,,8,,,9.2,8.1,0
2025-12-07 20:00:00 PST,1765166400,101.66,101.71,SSW,20,15,,86,6.4,8.7,,,32200,2.2,,8,,,9.4,8.3,0
2025-12-07 19:00:00 PST,1765162800,101.61,101.66,SSW,21,19,28,86,7.3,9.5,,,32200,2.1,,7,,,9.6,8.9,0
2025-12-07 18:00:00 PST,1765159200,101.5,101.55,SSW,20,17,,85,7,9.3,,,32200,1.9,,2,,,9.8,8.9,0
2025-12-07 17:00:00 PST,1765155600,101.39,101.44,WSW,24,5,,91,7.1,8.5,,,32200,1.9,,5,,,10.7,8.3,0
2025-12-07 16:00:00 PST,1765152000,101.27,101.32,E,9,6,,92,9.3,10.7,,,32200,1.9,,6,,,10.7,10.3,0
2025-12-07 15:00:00 PST,1765148400,101.18,101.23,ESE,12,12,,91,9,10.4,,,32200,1.9,,7,,,11.1,10.3,0
2025-12-07 14:00:00 PST,1765144800,101.14,101.19,SSE,16,14,,89,9.4,11.1,,,24100,1.9,,6,,,11.1,10.4,0
2025-12-07 13:00:00 PST,1765141200,101.09,101.14,SSE,15,16,,94,9.7,10.6,,,24100,1.9,,8,,,10.6,9.9,0
2025-12-07 12:00:00 PST,1765137600,101.04,101.09,SE,13,22,,99,9.8,9.9,,,12900,1.9,,8,,,10.4,9.4,0.2
2025-12-07 11:00:00 PST,1765134000,101.07,101.12,SE,13,12,,100,9.5,9.5,,,3200,1.9,,8,,,9.5,8.9,0.4
2025-12-07 10:00:00 PST,1765130400,101.03,101.08,E,9,18,,100,8.9,8.9,,,3600,1.9,,8,,,8.9,8.4,0.1
2025-12-07 09:00:00 PST,1765126800,101.03,101.08,E,8,18,28,100,8.4,8.4,,,12900,1.8,,8,,,8.4,8.2,0.6
2025-12-07 08:00:00 PST,1765123200,101.08,101.13,E,8,19,,99,8.1,8.2,,,16100,1.9,,8,,,8.4,8.2,1.4
2025-12-07 07:00:00 PST,1765119600,101.1,101.15,E,8,16,,97,7.9,8.4,,,16100,1.8,,8,,,8.6,8.3,0.5
2025-12-07 06:00:00 PST,1765116000,101.14,101.19,E,8,13,,98,8,8.3,,,32200,1.9,,8,,,8.4,8.2,0.5
2025-12-07 05:00:00 PST,1765112400,101.22,101.27,E,8,18,,99,8.2,8.2,,,24100,1.9,,8,,,8.4,8.2,0.9
2025-12-07 04:00:00 PST,1765108800,101.37,101.42,E,8,14,,98,7.9,8.2,,,32200,2,,8,,,8.3,7.7,0
2025-12-07 03:00:00 PST,1765105200,101.45,101.5,ENE,7,12,,98,7.6,7.8,,,32200,2,,7,,,8.3,7.7,0
2025-12-07 02:00:00 PST,1765101600,101.53,101.58,E,8,14,,98,7.9,8.2,,,32200,2,,8,,,8.2,7.7,0
2025-12-07 01:00:00 PST,1765098000,101.57,101.62,ENE,7,15,,95,7.5,8.2,,,32200,2.1,,8,,,8.5,7.5,0
2025-12-07 00:00:00 PST,1765094400,101.63,101.68,E,8,13,,99,7.7,7.8,,,32200,2.1,,8,,,7.9,7.3,0
2025-12-06 23:00:00 PST,1765090800,101.67,101.72,E,8,12,,95,7,7.8,,,32200,2.2,,8,,,8.1,7,0
2025-12-06 22:00:00 PST,1765087200,101.67,101.72,E,8,9,,94,6.2,7,,,32200,2.2,,8,,,7.6,6.9,0
2025-12-06 21:00:00 PST,1765083600,101.64,101.69,E,7,10,,94,6.5,7.4,,,32200,2.3,,8,,,7.6,6.8,0
2025-12-06 20:00:00 PST,1765080000,101.62,101.67,E,9,10,,94,6.7,7.5,,,32200,2.3,,8,,,9.1,7.3,0
2025-12-06 19:00:00 PST,1765076400,101.57,101.62,SSW,20,6,,80,5.8,9,,,32200,2.3,,7,,,9.5,8.4,0
2025-12-06 18:00:00 PST,1765072800,101.52,101.57,W,27,5,,78,5.9,9.6,,,32200,2.2,,5,,,9.6,8.1,0
2025-12-06 17:00:00 PST,1765069200,101.46,101.51,ESE,10,8,,84,5.6,8.1,,,32200,2.2,,2,,,10.2,8.1,0
2025-12-06 16:00:00 PST,1765065600,101.41,101.46,N,35,3,,81,6.6,9.6,,,32200,2.1,,6,,,10.4,9.1,0
2025-12-06 15:00:00 PST,1765062000,101.34,101.39,S,17,14,,81,7.2,10.3,,,32200,2.2,,4,,,10.4,9.8,0
2025-12-06 14:00:00 PST,1765058400,101.29,101.34,S,19,18,29,81,6.7,9.8,,,32200,2.2,,6,,,10.2,9.6,0
2025-12-06 13:00:00 PST,1765054800,101.29,101.34,S,18,16,35,83,7.1,9.8,,,24100,2.2,,7,,,10,9.6,0
2025-12-06 12:00:00 PST,1765051200,101.29,101.34,SSW,20,18,,82,6.9,9.7,,,32200,2.3,,6,,,11.1,9.7,0
2025-12-06 11:00:00 PST,1765047600,101.22,101.27,SSW,19,15,,79,7.2,10.8,,,32200,2.3,,4,,,10.8,9.9,0
2025-12-06 10:00:00 PST,1765044000,101.13,101.18,SW,21,21,,79,6.5,9.9,,,32200,2.3,,3,,,10.4,9.3,0
2025-12-06 09:00:00 PST,1765040400,101.05,101.1,SSW,20,19,29,85,6.8,9.2,,,32200,2.2,,4,,,9.9,8,0
2025-12-06 08:00:00 PST,1765036800,100.99,101.04,S,18,9,,91,6.9,8.4,,,32200,2.1,,5,,,8.4,6.5,0
2025-12-06 07:00:00 PST,1765033200,100.92,100.97,ESE,10,5,,98,7,7.3,,,24100,2.1,,3,,,7.8,5.3,0
2025-12-06 06:00:00 PST,1765029600,100.84,100.89,E,9,10,,100,6,6,,,24100,2.1,,4,,,7.8,6,0
2025-12-06 05:00:00 PST,1765026000,100.73,100.78,E,8,4,,100,7.2,7.2,,,24100,2.1,,8,,,7.7,7,0
2025-12-06 04:00:00 PST,1765022400,100.66,100.71,ESE,11,4,,100,7.5,7.5,,,20900,2.1,,8,,,8.2,7.1,0
2025-12-06 03:00:00 PST,1765018800,100.59,100.64,E,9,5,,100,7.7,7.7,,,22500,2.2,,8,,,8.3,7.5,0.4
2025-12-06 02:00:00 PST,1765015200,100.53,100.58,SE,14,5,,100,8.1,8.1,,,12900,2.2,,8,,,8.6,8,0
2025-12-06 01:00:00 PST,1765011600,100.43,100.48,E,9,9,,100,8.4,8.4,,,19300,2.3,,8,,,8.6,8.2,0.1
2025-12-06 00:00:00 PST,1765008000,100.36,100.41,ENE,6,7,,100,8.5,8.5,,,16100,2.3,,8,,,8.7,8.4,1.1
2025-12-05 23:00:00 PST,1765004400,100.3,100.35,,10,0,,100,8.5,8.5,,,8100,2.3,,8,,,8.7,8.4,0.6
2025-12-05 22:00:00 PST,1765000800,100.2,100.25,ENE,7,9,,99,8.5,8.6,,,12900,2.2,,8,,,9,8.6,1
2025-12-05 21:00:00 PST,1764997200,100.18,100.23,ENE,6,13,,99,8.5,8.6,,,16100,2.1,,8,,,8.6,8.2,0.1
2025-12-05 20:00:00 PST,1764993600,100.14,100.19,E,8,8,,99,8.2,8.3,,,20900,2,,8,,,8.6,8.2,0
2025-12-05 19:00:00 PST,1764990000,100.15,100.2,E,8,11,,100,8.3,8.4,,,12900,1.8,,8,,,8.5,7.9,0.1
2025-12-05 18:00:00 PST,1764986400,100.18,100.23,E,9,4,,100,8.2,8.2,,,16100,1.7,,7,,,8.4,7.9,0
2025-12-05 17:00:00 PST,1764982800,100.21,100.26,ENE,7,12,,99,8.1,8.3,,,16100,1.6,,8,,,8.3,8.2,0
2025-12-05 16:00:00 PST,1764979200,100.28,100.33,ENE,7,16,,98,8,8.3,,,16100,1.5,,8,,,8.4,8,0
2025-12-05 15:00:00 PST,1764975600,100.35,100.4,ENE,7,19,,98,7.6,8,,,16100,1.5,,8,,,8,7.6,0
2025-12-05 14:00:00 PST,1764972000,100.42,100.47,ENE,6,16,,100,7.6,7.6,,,12900,1.5,,8,,,7.7,7.3,0
2025-12-05 13:00:00 PST,1764968400,100.51,100.56,ENE,6,13,,100,7.3,7.3,,,9700,1.5,,8,,,7.3,6.9,0
2025-12-05 12:00:00 PST,1764964800,100.64,100.69,ENE,7,15,,100,7,7,,,8100,1.4,,8,,,7.2,6.9,0
2025-12-05 11:00:00 PST,1764961200,100.78,100.83,ENE,6,13,,100,7,7,,,9700,1.3,,8,,,7.1,6.7,0.2
2025-12-05 10:00:00 PST,1764957600,100.96,101.01,ENE,5,11,,100,6.7,6.7,,,3200,1.3,,8,,,6.7,6.1,1.6
2025-12-05 09:00:00 PST,1764954000,101.04,101.09,ESE,10,4,,100,6.1,6.1,,,4000,1.1,,8,,,6.2,5.9,2.3
2025-12-05 08:00:00 PST,1764950400,101.11,101.16,E,8,16,,100,6,6,,,2800,1.1,,8,,,6,5.8,2
2025-12-05 07:00:00 PST,1764946800,101.27,101.32,E,8,16,,100,6,6,,,3200,1.1,,8,,,6,5.8,1.1
2025-12-05 06:00:00 PST,1764943200,101.48,101.53,E,8,16,,100,6,6,,,4000,1.1,,8,,,6.1,6,0.7
2025-12-05 05:00:00 PST,1764939600,101.63,101.68,ENE,7,15,,99,5.9,6,,,16100,1.2,,8,,,6.1,5.9,0.1
2025-12-05 04:00:00 PST,1764936000,101.8,101.85,E,9,15,,99,5.8,5.9,,,32200,1.2,,8,,,6.3,5.9,0.5
2025-12-05 03:00:00 PST,1764932400,101.96,102.01,E,9,9,,99,6.1,6.2,,,32200,1.3,,8,,,6.3,6,0
2025-12-05 02:00:00 PST,1764928800,102,102.05,E,8,11,,99,5.8,6,,,32200,1.3,,8,,,6.3,5.8,0
2025-12-05 01:00:00 PST,1764925200,102.09,102.14,E,9,10,,100,6.1,6.2,,,32200,1.3,,8,,,6.3,6.2,0
2025-12-05 00:00:00 PST,1764921600,102.12,102.17,E,8,10,,100,6.3,6.3,,,32200,1.4,,8,,,6.4,6.3,0
2025-12-04 23:00:00 PST,1764918000,102.16,102.21,E,9,12,,100,6.3,6.3,,,9700,1.5,,8,,,6.5,6.3,0
2025-12-04 22:00:00 PST,1764914400,102.16,102.21,E,8,8,,100,6.4,6.4,,,1600,1.6,,8,,,6.8,6.4,0
2025-12-04 21:00:00 PST,1764910800,102.18,102.23,E,9,7,,100,6.7,6.7,,,4800,1.7,,8,,,7.2,6.7,0
2025-12-04 20:00:00 PST,1764907200,102.19,102.24,ENE,6,10,,97,6.5,7,,,6400,1.7,,8,,,7.4,7,0
2025-12-04 19:00:00 PST,1764903600,102.21,102.26,E,9,5,,93,6.1,7.2,,,24100,1.7,,8,,,7.3,7,0
2025-12-04 18:00:00 PST,1764900000,102.18,102.23,E,8,6,,94,6.2,7.1,,,16100,1.7,,8,,,7.2,6.9,0
2025-12-04 17:00:00 PST,1764896400,102.22,102.27,ENE,7,8,,95,6.3,7,,,16100,1.6,,8,,,7.1,6.9,0
2025-12-04 16:00:00 PST,1764892800,102.22,102.27,ENE,7,7,,97,6.5,7,,,16100,1.5,,8,,,7,6.9,0.1
2025-12-04 15:00:00 PST,1764889200,102.24,102.29,E,8,11,,99,6.7,6.9,,,9700,1.4,,8,,,7,6.8,0.4
2025-12-04 14:00:00 PST,1764885600,102.26,102.31,E,9,13,,100,7,7,,,9700,1.4,,8,,,7,6.8,0.6
2025-12-04 13:00:00 PST,1764882000,102.31,102.36,E,8,12,,98,6.7,7,,,12900,1.4,,8,,,7,6.7,0.4
2025-12-04 12:00:00 PST,1764878400,102.35,102.4,E,8,14,,99,6.6,6.7,,,6400,1.4,,8,,,6.8,6.6,0.8
2025-12-04 11:00:00 PST,1764874800,102.43,102.48,ENE,7,14,,100,6.5,6.6,,,9700,1.4,,8,,,6.6,6.3,1.1
2025-12-04 10:00:00 PST,1764871200,102.44,102.49,E,8,12,,100,6.3,6.3,,,9700,1.4,,8,,,6.3,6.2,1.2
2025-12-04 09:00:00 PST,1764867600,102.41,102.46,E,7,15,,100,6.1,6.2,,,9700,1.3,,8,,,6.2,6.1,0.9
2025-12-04 08:00:00 PST,1764864000,102.4,102.45,E,8,14,,100,6,6.1,,,9700,1.2,,8,,,6.2,6,1
2025-12-04 07:00:00 PST,1764860400,102.4,102.45,ENE,6,13,,99,5.9,6.1,,,9700,1.1,,8,,,6.1,5.9,0.9
2025-12-04 06:00:00 PST,1764856800,102.42,102.47,ENE,7,14,,100,5.9,5.9,,,9700,1.1,,8,,,5.9,5.7,1
2025-12-04 05:00:00 PST,1764853200,102.45,102.5,E,7,13,,100,5.8,5.8,,,4800,1.1,,8,,,5.8,5.7,0.6
2025-12-04 04:00:00 PST,1764849600,102.5,102.55,ENE,7,13,,100,5.8,5.8,,,4800,1.2,,8,,,5.8,5.8,0.9
2025-12-04 03:00:00 PST,1764846000,102.54,102.59,ENE,7,11,,100,5.8,5.8,,,4800,1.2,,8,,,5.8,5.8,0.8
2025-12-04 02:00:00 PST,1764842400,102.58,102.63,ENE,7,14,,100,5.8,5.8,,,4800,1.3,,8,,,5.8,5.8,0.7
2025-12-04 01:00:00 PST,1764838800,102.59,102.64,ENE,6,13,,100,5.8,5.8,,,6400,1.3,,8,,,5.9,5.7,1
2025-12-04 00:00:00 PST,1764835200,102.6,102.65,ENE,7,14,,100,5.8,5.8,,,4000,1.4,,8,,,5.9,5.7,1.2
2025-12-03 23:00:00 PST,1764831600,102.63,102.68,ENE,6,13,,100,5.8,5.8,,,2800,1.5,,8,,,5.9,5.7,0.4
2025-12-03 22:00:00 PST,1764828000,102.63,102.68,E,8,16,,100,5.7,5.7,,,6400,1.7,,8,,,6.2,5.7,0
2025-12-03 21:00:00 PST,1764824400,102.65,102.7,ENE,7,15,,98,5.6,5.9,,,24100,1.7,,8,,,6.2,5.8,0
2025-12-03 20:00:00 PST,1764820800,102.64,102.69,E,9,15,,93,5,6.1,,,24100,1.7,,8,,,6.3,6.1,0
2025-12-03 19:00:00 PST,1764817200,102.67,102.72,ENE,7,12,,94,5.3,6.2,,,24100,1.8,,8,,,6.2,6,0
2025-12-03 18:00:00 PST,1764813600,102.7,102.75,E,9,10,,96,5.5,6,,,24100,1.7,,8,,,6.2,6,0
2025-12-03 17:00:00 PST,1764810000,102.69,102.74,E,10,11,,94,5.3,6.2,,,24100,1.7,,8,,,6.5,6.2,0
2025-12-03 16:00:00 PST,1764806400,102.72,102.77,ESE,12,8,,88,4.5,6.3,,,24100,1.6,,8,,,6.6,6.2,0
2025-12-03 15:00:00 PST,1764802800,102.75,102.8,SSE,16,6,,89,5,6.6,,,24100,1.6,,8,,,6.9,6.5,0
2025-12-03 14:00:00 PST,1764799200,102.72,102.77,SSE,15,6,,87,4.8,6.8,,,24100,1.7,,8,,,7,6.7,0
2025-12-03 13:00:00 PST,1764795600,102.73,102.78,SE,13,6,,88,4.9,6.8,,,24100,1.7,,8,,,6.9,6.3,0
2025-12-03 12:00:00 PST,1764792000,102.73,102.78,ESE,10,8,,94,5.8,6.7,,,24100,2,,8,,,6.7,6.3,0
2025-12-03 11:00:00 PST,1764788400,102.79,102.84,E,9,7,,94,5.7,6.5,,,24100,2,,8,,,6.5,6,0
2025-12-03 10:00:00 PST,1764784800,102.77,102.82,E,9,8,,99,5.9,6.1,,,12900,2,,8,,,6.1,5.7,0
2025-12-03 09:00:00 PST,1764781200,102.71,102.76,E,9,8,,100,5.7,5.7,,,12900,2,,8,,,5.7,5.2,0.1
2025-12-03 08:00:00 PST,1764777600,102.71,102.76,E,8,7,,100,5.2,5.2,,,12900,2,,8,,,5.6,5.2,0.7
2025-12-03 07:00:00 PST,1764774000,102.72,102.77,SE,12,5,,98,5.4,5.6,,,12900,1.3,,8,,,5.7,5.1,0.5
2025-12-03 06:00:00 PST,1764770400,102.72,102.77,SE,13,4,,100,5.3,5.4,,,24100,1.4,,8,,,5.4,4.8,0
2025-12-03 05:00:00 PST,1764766800,102.72,102.77,NNE,2,3,,100,4.9,4.9,,,32200,1.5,,8,,,5.4,4.8,0
2025-12-03 04:00:00 PST,1764763200,102.77,102.82,WNW,30,4,,98,4.9,5.2,,,32200,1.6,,8,,,5.5,5,0
2025-12-03 03:00:00 PST,1764759600,102.79,102.84,SW,23,5,,99,5,5.1,,,32200,1.7,,8,,,5.3,4.8,0
2025-12-03 02:00:00 PST,1764756000,102.76,102.81,E,10,5,,98,4.5,4.8,,,32200,1.7,,8,,,5.3,4.8,0
2025-12-03 01:00:00 PST,1764752400,102.72,102.77,E,8,7,,97,4.7,5,,,32200,1.7,,8,,,5.1,4.7,0
2025-12-03 00:00:00 PST,1764748800,102.77,102.82,E,8,5,,98,4.4,4.7,,,32200,1.7,,8,,,4.8,4.3,0
2025-12-02 23:00:00 PST,1764745200,102.76,102.81,E,9,8,,99,4.2,4.3,,,32200,1.8,,8,,,4.3,3.3,0
2025-12-02 22:00:00 PST,1764741600,102.77,102.82,E,9,4,,100,3.1,3.1,,,32200,1.9,,8,,,4,2,0
2025-12-02 21:00:00 PST,1764738000,102.73,102.78,,9,0,,100,3.6,3.6,,,32200,1.9,,2,,,4.6,1.9,0
2025-12-02 20:00:00 PST,1764734400,102.7,102.75,NNW,32,9,,100,1.8,1.8,,,32200,1.9,,3,,,4.9,1,0
2025-12-02 19:00:00 PST,1764730800,102.67,102.72,NW,32,4,,99,2.7,2.9,,,32200,1.9,,0,,,5,2.2,0
2025-12-02 18:00:00 PST,1764727200,102.64,102.69,,,0,,98,4.3,4.6,,,32200,2,,0,,,5,3.6,0
2025-12-02 17:00:00 PST,1764723600,102.63,102.68,NW,32,5,,96,3.7,4.2,,,32200,1.9,,2,,,5.1,3.4,0
2025-12-02 16:00:00 PST,1764720000,102.61,102.66,WNW,28,9,,93,3.2,4.3,,,48300,1.8,,3,,,7,4.3,0
2025-12-02 15:00:00 PST,1764716400,102.54,102.59,WNW,29,6,,84,4.6,7,,,48300,1.7,,2,,,7.3,6.9,0
2025-12-02 14:00:00 PST,1764712800,102.52,102.57,WSW,25,10,,82,4.3,7.1,,,48300,1.7,,4,,,7.6,6.6,0
2025-12-02 13:00:00 PST,1764709200,102.5,102.55,SW,22,8,,81,4.3,7.3,,,40200,1.7,,7,,,7.8,7.1,0
2025-12-02 12:00:00 PST,1764705600,102.48,102.53,SE,13,7,,82,4.5,7.3,,,32200,1.8,,6,,,7.6,6.2,0
2025-12-02 11:00:00 PST,1764702000,102.49,102.54,ESE,10,8,,91,4.9,6.3,,,32200,1.8,,6,,,6.8,5.9,0
2025-12-02 10:00:00 PST,1764698400,102.46,102.51,ENE,6,7,,95,5.2,5.9,,,32200,1.8,,7,,,6,5.4,0
2025-12-02 09:00:00 PST,1764694800,102.39,102.44,E,9,8,,99,5.3,5.4,,,24100,1.7,,8,,,5.4,5,0
2025-12-02 08:00:00 PST,1764691200,102.33,102.38,ESE,10,8,,100,5,5,,,12900,1.6,,8,,,5.1,4.9,0
2025-12-02 07:00:00 PST,1764687600,102.29,102.34,ENE,7,8,,100,5,5,,,12900,1.5,,8,,,5,4.8,0
2025-12-02 06:00:00 PST,1764684000,102.22,102.27,ENE,5,8,,100,4.8,4.8,,,12900,1.5,,8,,,4.8,4.7,0
2025-12-02 05:00:00 PST,1764680400,102.18,102.23,ENE,7,4,,100,4.7,4.7,,,2400,1.5,,8,,,4.7,4.7,0
2025-12-02 04:00:00 PST,1764676800,102.17,102.22,NNW,32,7,,100,4.7,4.7,,,2800,1.5,,8,,,4.7,4.6,0
2025-12-02 03:00:00 PST,1764673200,102.15,102.2,ENE,6,9,,100,4.7,4.7,,,4800,1.6,,8,,,4.8,4.6,0
2025-12-02 02:00:00 PST,1764669600,102.13,102.18,N,0,7,,100,4.7,4.7,,,6400,1.7,,8,,,4.9,4.7,0.1
2025-12-02 01:00:00 PST,1764666000,102.11,102.16,NE,3,7,,98,4.5,4.8,,,6400,1.7,,8,,,4.9,4.7,0.7
2025-12-02 00:00:00 PST,1764662400,102.1,102.15,ENE,6,11,,96,4.3,4.8,,,12900,1.8,,8,,,4.9,4.4,0
2025-12-01 23:00:00 PST,1764658800,102.1,102.15,E,8,12,,99,4.3,4.5,,,24100,1.8,,8,,,4.5,4.4,0.1
2025-12-01 22:00:00 PST,1764655200,102.14,102.19,E,8,11,,99,4.3,4.4,,,16100,1.9,,8,,,4.4,4.2,2.8
2025-12-01 21:00:00 PST,1764651600,102.16,102.21,ENE,6,12,,100,4.3,4.3,,,6400,2,,8,,,4.3,4.2,0.2
2025-12-01 20:00:00 PST,1764648000,102.18,102.23,ENE,7,13,,100,4.3,4.3,,,3600,2,,8,,,4.3,3.9,0.1
2025-12-01 19:00:00 PST,1764644400,102.18,102.23,ENE,7,10,,99,4,4.1,,,12900,2,,8,,,4.1,3.9,0
2025-12-01 18:00:00 PST,1764640800,102.16,102.21,ESE,10,16,,99,3.7,3.9,,,24100,2,,8,,,4,3.9,0
2025-12-01 17:00:00 PST,1764637200,102.21,102.26,E,9,17,,98,3.6,4,,,12900,2,,8,,,4.1,3.9,0
2025-12-01 16:00:00 PST,1764633600,102.32,102.37,E,9,15,,95,3.5,4.1,,,12900,1.9,,8,,,4.6,4.1,0
2025-12-01 15:00:00 PST,1764630000,102.34,102.39,E,8,10,,92,3.4,4.6,,,12900,1.8,,8,,,4.8,4.4,0.5
2025-12-01 14:00:00 PST,1764626400,102.33,102.38,E,9,10,,89,2.9,4.5,,,4800,1.7,,8,,,5.5,4.4,2.1
2025-12-01 13:00:00 PST,1764622800,102.41,102.46,ESE,10,8,,84,2.5,5,,,24100,1.5,,8,,,5.7,5,0.1
2025-12-01 12:00:00 PST,1764619200,102.47,102.52,E,9,10,,84,2.9,5.4,,,40200,1.5,,8,,,5.7,5.2,0
2025-12-01 11:00:00 PST,1764615600,102.5,102.55,ESE,11,14,,89,3.6,5.2,,,40200,1.6,,8,,,5.4,5,0
2025-12-01 10:00:00 PST,1764612000,102.55,102.6,ESE,11,9,,92,3.8,5,,,40200,1.5,,7,,,5.1,4.3,0
2025-12-01 09:00:00 PST,1764608400,102.54,102.59,E,9,9,,96,3.7,4.3,,,40200,1.5,,8,,,4.3,3.9,0
2025-12-01 08:00:00 PST,1764604800,102.59,102.64,E,9,5,,98,3.6,3.9,,,32200,1.5,,8,,,4.1,3.9,0
2025-12-01 07:00:00 PST,1764601200,102.61,102.66,ESE,11,7,,96,3.4,4,,,24100,1.5,,8,,,4.1,3.9,0
2025-12-01 06:00:00 PST,1764597600,102.57,102.62,ESE,11,7,,98,3.6,3.9,,,32200,1.5,,8,,,3.9,3.8,0
2025-12-01 05:00:00 PST,1764594000,102.59,102.64,ESE,11,4,,99,3.6,3.8,,,32200,1.5,,8,,,3.9,3.7,0
2025-12-01 04:00:00 PST,1764590400,102.61,102.66,ESE,10,4,,97,3.5,3.9,,,32200,2,,8,,,4,3.9,0
2025-12-01 03:00:00 PST,1764586800,102.65,102.7,E,8,5,,95,3.2,3.9,,,32200,2,,8,,,3.9,2.9,0
2025-12-01 02:00:00 PST,1764583200,102.67,102.72,,,0,,97,2.7,3.1,,,32200,2,,8,,,3.9,2.9,0
2025-12-01 01:00:00 PST,1764579600,102.68,102.73,E,8,5,,93,2.8,3.9,,,32200,2,,8,,,3.9,3,0
2025-12-01 00:00:00 PST,1764576000,102.71,102.76,E,8,8,,93,2.3,3.4,,,32200,2.1,,7,,,4,2.9,0
2025-11-30 23:00:00 PST,1764572400,102.73,102.78,E,8,7,,92,2.1,3.2,,,32200,2.2,,8,,,3.8,3,0
2025-11-30 22:00:00 PST,1764568800,102.71,102.76,ENE,7,8,,92,2.2,3.3,,,32200,2.2,,7,,,4.5,3.2,0
2025-11-30 21:00:00 PST,1764565200,102.69,102.74,,7,0,,89,2.9,4.5,,,32200,2.3,,7,,,4.5,1.5,0
2025-11-30 20:00:00 PST,1764561600,102.69,102.74,NNW,34,4,,98,2.2,2.5,,,32200,2.5,,6,,,4.1,1.5,0
2025-11-30 19:00:00 PST,1764558000,102.63,102.68,N,0,4,,94,2.3,3.1,,,32200,3,,5,,,4.1,1.7,0
2025-11-30 18:00:00 PST,1764554400,102.65,102.7,NNW,33,5,,91,1.7,3,,,32200,3,,2,,,4,2.9,0
2025-11-30 17:00:00 PST,1764550800,102.64,102.69,,,0,,93,2.8,3.9,,,32200,1.9,,2,,,4.2,3.4,0
2025-11-30 16:00:00 PST,1764547200,102.66,102.71,NW,30,3,,91,2.6,4,,,32200,1.8,,6,,,4.7,3.5,0
2025-11-30 15:00:00 PST,1764543600,102.66,102.71,W,27,7,,82,2,4.8,,,32200,1.7,,5,,,6.4,4.8,0
2025-11-30 14:00:00 PST,1764540000,102.69,102.74,SSW,21,9,,72,1.6,6.3,,,32200,1.6,,5,,,6.8,6.1,0
2025-11-30 13:00:00 PST,1764536400,102.7,102.75,WSW,25,8,,74,1.8,6.1,,,32200,1.5,,3,,,6.7,5.8,0
2025-11-30 12:00:00 PST,1764532800,102.7,102.75,,,0,,77,2,5.8,,,32200,1.5,,2,,,6.1,5.2,0
2025-11-30 11:00:00 PST,1764529200,102.69,102.74,E,9,9,,81,2,5,,,32200,1.5,,3,,,5.2,3.6,0
2025-11-30 10:00:00 PST,1764525600,102.68,102.73,ENE,6,9,,91,2.2,3.6,,,32200,1.6,,2,,,3.7,1.8,0
2025-11-30 09:00:00 PST,1764522000,102.64,102.69,ESE,10,12,,98,1.6,1.8,,,32200,1.7,,4,,,1.8,-0.4,0
2025-11-30 08:00:00 PST,1764518400,102.59,102.64,E,9,12,,98,-0.5,-0.3,-4,,32200,1.7,,2,,,0.7,-0.8,0
2025-11-30 07:00:00 PST,1764514800,102.55,102.6,E,9,9,,99,0.3,0.4,,,32200,1.7,,2,,,1.6,-0.8,0
2025-11-30 06:00:00 PST,1764511200,102.53,102.58,NW,32,4,,99,-0.6,-0.5,-2,,32200,1.6,,1,,,0.2,-1.6,0
2025-11-30 05:00:00 PST,1764507600,102.47,102.52,NNE,2,5,,98,-1.6,-1.3,-3,,32200,1.6,,1,,,1.4,-1.3,0
2025-11-30 04:00:00 PST,1764504000,102.47,102.52,NNE,2,6,,100,0.7,0.7,,,32200,1.7,,1,,,1.1,-1.6,0
2025-11-30 03:00:00 PST,1764500400,102.42,102.47,,8,0,,99,-0.2,-0.1,,,32200,1.8,,2,,,1.9,-0.1,0
2025-11-30 02:00:00 PST,1764496800,102.43,102.48,E,7,5,,100,0.6,0.6,,,32200,1.9,,2,,,1.1,-0.1,0
2025-11-30 01:00:00 PST,1764493200,102.38,102.43,E,9,13,,99,0.5,0.6,,,32200,2,,1,,,1.3,0.2,0
2025-11-30 00:00:00 PST,1764489600,102.37,102.42,ESE,10,12,,99,0.1,0.2,,,32200,2,,1,,,2.4,-0.2,0
2025-11-29 23:00:00 PST,1764486000,102.33,102.38,ENE,6,6,,100,2.3,2.4,,,32200,2,,0,,,4,0.8,0
2025-11-29 22:00:00 PST,1764482400,102.28,102.33,,,0,,91,1.5,2.9,,,32200,3,,1,,,4.3,1.2,0
2025-11-29 21:00:00 PST,1764478800,102.23,102.28,E,8,8,,90,1.5,2.9,,,32200,2,,1,,,4.4,2.1,0
2025-11-29 20:00:00 PST,1764475200,102.22,102.27,N,0,5,,94,3.2,4,,,32200,2,,3,,,5.6,3.3,0
2025-11-29 19:00:00 PST,1764471600,102.15,102.2,E,9,5,,88,2.9,4.8,,,32200,2,,6,,,5.9,4.8,0
2025-11-29 18:00:00 PST,1764468000,102.07,102.12,SE,13,7,,83,3,5.7,,,32200,2,,8,,,6.7,5.6,0
2025-11-29 17:00:00 PST,1764464400,102.09,102.14,N,35,6,,82,3.4,6.2,,,32200,2,,8,,,6.5,5.6,0
2025-11-29 16:00:00 PST,1764460800,102.05,102.1,N,35,11,,82,3.5,6.4,,,32200,1.7,,7,,,7.1,6.3,0
2025-11-29 15:00:00 PST,1764457200,102.05,102.1,NW,32,10,,79,3.7,7,,,32200,1.7,,7,,,7.2,6.4,0
2025-11-29 14:00:00 PST,1764453600,102.08,102.13,NW,31,18,27,84,4,6.5,,,32200,1.8,,8,,,6.6,6.2,0
2025-11-29 13:00:00 PST,1764450000,102.09,102.14,WNW,29,25,,89,4.8,6.5,,,32200,1.8,,8,,,6.6,6.2,0
2025-11-29 12:00:00 PST,1764446400,102.12,102.17,WNW,28,9,,81,3.3,6.2,,,32200,1.8,,7,,,6.2,5.1,0
2025-11-29 11:00:00 PST,1764442800,102.16,102.21,NW,32,9,,89,3.5,5.2,,,32200,1.8,,7,,,5.2,4.6,0
2025-11-29 10:00:00 PST,1764439200,102.13,102.18,ENE,5,5,,86,2.4,4.6,,,32200,1.9,,8,,,4.6,3.5,0
2025-11-29 09:00:00 PST,1764435600,102.12,102.17,E,9,12,,90,2,3.5,,,32200,1.9,,8,,,4.2,2.6,0
2025-11-29 08:00:00 PST,1764432000,102.14,102.19,ESE,11,7,,93,1.5,2.6,,,32200,1.8,,8,,,4.1,1.6,0
2025-11-29 07:00:00 PST,1764428400,102.32,102.37,S,18,5,,96,2.5,3.1,,,32200,1.7,,5,,,4.1,1.6,0
2025-11-29 06:00:00 PST,1764424800,102.34,102.39,,,0,,92,1.6,2.8,,,32200,1.7,,2,,,3.8,1.2,0
2025-11-29 05:00:00 PST,1764421200,102.36,102.41,NNE,2,4,,98,1.8,2.1,,,32200,1.8,,1,,,3.4,1.6,0
2025-11-29 04:00:00 PST,1764417600,102.34,102.39,E,9,13,,97,2.1,2.5,,,32200,1.8,,3,,,3.5,2.5,0
2025-11-29 03:00:00 PST,1764414000,102.36,102.41,ESE,10,7,,95,2.6,3.4,,,32200,1.9,,4,,,4.7,2.9,0
2025-11-29 02:00:00 PST,1764410400,102.4,102.45,,8,0,,94,2.9,3.8,,,32200,1.9,,5,,,5.4,3.6,0
2025-11-29 01:00:00 PST,1764406800,102.43,102.48,SSW,20,3,,88,3,4.9,,,24100,2,,8,,,5.2,3.7,0
2025-11-29 00:00:00 PST,1764403200,102.46,102.51,NW,30,6,,98,3.7,4,,,24100,2.1,,7,,,4.3,3.6,0
2025-11-28 23:00:00 PST,1764399600,102.47,102.52,NW,32,4,,96,3.5,4.1,,,24100,2.2,,7,,,5.8,4,0
2025-11-28 22:00:00 PST,1764396000,102.48,102.53,E,8,9,,95,4.8,5.5,,,24100,2.2,,7,,,5.5,4.7,0
2025-11-28 21:00:00 PST,1764392400,102.51,102.56,ESE,10,13,,92,4.1,5.3,,,32200,2.2,,6,,,6.5,5.3,0
2025-11-28 20:00:00 PST,1764388800,102.56,102.61,NNE,2,8,,89,3.7,5.3,,,32200,2.2,,6,,,6.3,4.4,0
2025-11-28 19:00:00 PST,1764385200,102.61,102.66,NNE,1,5,,85,3.5,5.7,,,32200,2.2,,3,,,6.4,4.6,0
2025-11-28 18:00:00 PST,1764381600,102.61,102.66,NW,32,8,,86,3.4,5.5,,,32200,2.3,,0,,,5.7,3.9,0
2025-11-28 17:00:00 PST,1764378000,102.57,102.62,NW,32,10,,85,2.4,4.7,,,32200,2.2,,3,,,6.4,4.6,0
2025-11-28 16:00:00 PST,1764374400,102.56,102.61,NNW,33,6,,81,3.5,6.5,,,32200,2.1,,7,,,8.1,6.5,0
2025-11-28 15:00:00 PST,1764370800,102.56,102.61,NW,31,6,,81,4.9,8.1,,,32200,2,,6,,,8.8,8.1,0
2025-11-28 14:00:00 PST,1764367200,102.54,102.59,NW,30,15,,87,6.3,8.2,,,32200,1.9,,5,,,9.3,8.2,0
2025-11-28 13:00:00 PST,1764363600,102.5,102.55,W,27,7,,80,5.5,8.8,,,32200,2,,4,,,9.9,8.8,0
2025-11-28 12:00:00 PST,1764360000,102.47,102.52,W,27,10,,78,5.6,9.2,,,32200,2.1,,2,,,10.1,9.2,0
2025-11-28 11:00:00 PST,1764356400,102.42,102.47,,,0,,70,4.4,9.7,,,32200,2,,1,,,9.7,7.7,0
2025-11-28 10:00:00 PST,1764352800,102.41,102.46,E,8,8,,84,5.1,7.6,,,32200,1.9,,1,,,7.7,4.9,0
2025-11-28 09:00:00 PST,1764349200,102.35,102.4,ENE,7,3,,95,4.2,4.8,,,32200,1.7,,0,,,4.8,1.8,0
2025-11-28 08:00:00 PST,1764345600,102.3,102.35,E,8,6,,99,2.5,2.6,,,32200,1.7,,0,,,5.2,2.6,0
2025-11-28 07:00:00 PST,1764342000,102.23,102.28,NNW,34,13,,100,4.5,4.5,,,32200,1.5,,0,,,4.7,1.6,0
2025-11-28 06:00:00 PST,1764338400,102.14,102.19,N,0,7,,100,3.3,3.3,,,32200,1.5,,0,,,4.6,2.7,0
2025-11-28 05:00:00 PST,1764334800,102.08,102.13,E,8,7,,99,3.1,3.2,,,32200,1.6,,1,,,6.6,3.2,0
2025-11-28 04:00:00 PST,1764331200,102.05,102.1,WNW,29,20,,100,6.5,6.5,,,32200,1.7,,2,,,7,6.3,0
2025-11-28 03:00:00 PST,1764327600,101.99,102.04,WNW,30,20,32,99,6.8,7,,,32200,1.7,,3,,,7.4,7,0
2025-11-28 02:00:00 PST,1764324000,101.9,101.95,NW,30,22,,98,7.1,7.4,,,32200,1.9,,5,,,7.8,7.4,0
2025-11-28 01:00:00 PST,1764320400,101.86,101.91,WNW,29,19,,97,7.3,7.7,,,32200,2,,8,,,7.7,7.6,0
2025-11-28 00:00:00 PST,1764316800,101.82,101.87,WNW,29,26,35,98,7.3,7.7,,,32200,2.2,,8,,,7.7,7.3,0
2025-11-27 23:00:00 PST,1764313200,101.73,101.78,WNW,29,18,,99,7.1,7.3,,,32200,2.2,,5,,,7.8,7.3,0
2025-11-27 22:00:00 PST,1764309600,101.7,101.75,WNW,30,28,,98,7.5,7.8,,,32200,2.3,,8,,,7.9,7.7,0
2025-11-27 21:00:00 PST,1764306000,101.63,101.68,WNW,29,21,,99,7.5,7.7,,,32200,2.3,,8,,,7.7,7.4,0
2025-11-27 20:00:00 PST,1764302400,101.57,101.62,WNW,29,17,,99,7.3,7.4,,,32200,2.4,,8,,,7.8,7.4,0
2025-11-27 19:00:00 PST,1764298800,101.56,101.61,WNW,30,21,,96,7.2,7.7,,,32200,2.3,,8,,,7.7,7.4,0
2025-11-27 18:00:00 PST,1764295200,101.57,101.62,WNW,28,15,,98,7.3,7.5,,,24100,2.2,,8,,,7.7,7.5,0
2025-11-27 17:00:00 PST,1764291600,101.56,101.61,WNW,28,21,,98,7.3,7.7,,,24100,2.1,,8,,,7.8,7.6,0
2025-11-27 16:00:00 PST,1764288000,101.53,101.58,NW,31,8,,96,7.1,7.8,,,24100,2.1,,8,,,8.1,7.7,0
2025-11-27 15:00:00 PST,1764284400,101.54,101.59,WSW,24,13,,94,7,7.9,,,24100,2,,8,,,8.8,7.9,0
2025-11-27 14:00:00 PST,1764280800,101.57,101.62,SSW,20,9,,96,7.4,8.1,,,16100,2,,8,,,8.1,7.5,0
2025-11-27 13:00:00 PST,1764277200,101.59,101.64,WNW,29,5,,100,7.7,7.7,,,12900,2,,8,,,7.8,7.5,0.4
2025-11-27 12:00:00 PST,1764273600,101.62,101.67,W,28,4,,100,7.5,7.5,,,6400,2,,8,,,7.5,7.2,0.7
2025-11-27 11:00:00 PST,1764270000,101.65,101.7,WNW,28,9,,99,7.4,7.5,,,12900,2,,8,,,7.6,7.2,1
2025-11-27 10:00:00 PST,1764266400,101.69,101.74,E,9,10,,99,7,7.2,,,12900,1.9,,8,,,7.3,7,0.9
2025-11-27 09:00:00 PST,1764262800,101.7,101.75,NNE,1,9,,100,7,7,,,12900,1.8,,8,,,7,6.8,1.1
2025-11-27 08:00:00 PST,1764259200,101.75,101.8,NW,31,8,,100,6.8,6.8,,,12900,1.8,,8,,,7,6.8,0.6
2025-11-27 07:00:00 PST,1764255600,101.77,101.82,E,8,4,,100,6.8,6.8,,,16100,1.7,,8,,,6.9,6.7,0.6
2025-11-27 06:00:00 PST,1764252000,101.83,101.88,SSW,19,4,,100,6.9,6.9,,,16100,1.6,,8,,,7,6.8,1
2025-11-27 05:00:00 PST,1764248400,101.89,101.94,S,18,4,,100,6.9,6.9,,,19300,1.6,,8,,,6.9,6.8,0.4
2025-11-27 04:00:00 PST,1764244800,101.9,101.95,SSW,20,5,,100,6.8,6.8,,,32200,1.6,,8,,,6.9,6.7,0.3
2025-11-27 03:00:00 PST,1764241200,101.97,102.02,WSW,25,4,,100,6.8,6.8,,,9700,1.6,,8,,,7.1,6.7,1.1
2025-11-27 02:00:00 PST,1764237600,102.04,102.09,N,0,7,,100,6.9,6.9,,,24100,1.6,,8,,,7,6.6,1.5
2025-11-27 01:00:00 PST,1764234000,102.11,102.16,N,0,5,,100,6.9,6.9,,,24100,1.6,,8,,,7.5,6.9,0.6
2025-11-27 00:00:00 PST,1764230400,102.16,102.21,SSE,15,4,,98,6.7,7,,,32200,1.6,,8,,,7.8,7,0
2025-11-26 23:00:00 PST,1764226800,102.19,102.24,,,0,,89,5.9,7.5,,,32200,1.6,,8,,,7.8,7.3,0
2025-11-26 22:00:00 PST,1764223200,102.26,102.31,WSW,25,10,,89,5.8,7.6,,,32200,1.7,,8,,,7.7,7.1,0
2025-11-26 21:00:00 PST,1764219600,102.29,102.34,W,26,7,,93,6.4,7.5,,,32200,1.9,,8,,,7.8,7.1,0
2025-11-26 20:00:00 PST,1764216000,102.31,102.36,WSW,23,3,,91,6.2,7.5,,,32200,2.1,,8,,,7.8,6.8,0
2025-11-26 19:00:00 PST,1764212400,102.34,102.39,N,35,3,,97,6.6,7,,,32200,2.1,,8,,,7.2,6.9,0
2025-11-26 18:00:00 PST,1764208800,102.4,102.45,NNW,32,10,,99,7,7.1,,,24100,2.1,,8,,,7.2,6.8,0
2025-11-26 17:00:00 PST,1764205200,102.44,102.49,NW,31,7,,99,6.8,6.9,,,24100,2.1,,8,,,7.7,6.8,0
2025-11-26 16:00:00 PST,1764201600,102.45,102.5,NW,31,5,,94,6.8,7.7,,,24100,2.1,,7,,,8.2,7.7,0
2025-11-26 15:00:00 PST,1764198000,102.48,102.53,SSW,20,5,,90,6.5,8.1,,,24100,2.1,,8,,,8.4,8.1,0
2025-11-26 14:00:00 PST,1764194400,102.47,102.52,WNW,29,4,,90,6.7,8.2,,,24100,2,,8,,,8.2,7.4,0
2025-11-26 13:00:00 PST,1764190800,102.51,102.56,WNW,29,7,,100,7.6,7.6,,,16100,2,,7,,,7.7,7.3,0
2025-11-26 12:00:00 PST,1764187200,102.54,102.59,NW,30,4,,98,7.3,7.5,,,12900,2,,8,,,7.6,7.1,0
2025-11-26 11:00:00 PST,1764183600,102.54,102.59,ESE,11,7,,98,6.9,7.2,,,12900,2,,8,,,7.3,6.9,0
2025-11-26 10:00:00 PST,1764180000,102.52,102.57,ESE,10,10,,98,6.8,7.1,,,4000,2,,8,,,7.3,6.6,0
2025-11-26 09:00:00 PST,1764176400,102.45,102.5,ENE,7,7,,98,6.6,6.9,,,24100,2,,8,,,6.9,6.4,0
2025-11-26 08:00:00 PST,1764172800,102.39,102.44,E,9,10,,99,6.2,6.4,,,24100,1.9,,8,,,6.4,6.1,0
2025-11-26 07:00:00 PST,1764169200,102.32,102.37,E,9,13,,100,6.1,6.2,,,24100,1.8,,8,,,6.3,6.1,0
2025-11-26 06:00:00 PST,1764165600,102.3,102.35,E,9,16,,100,6.2,6.2,,,24100,1.8,,8,,,6.2,6,0.1
2025-11-26 05:00:00 PST,1764162000,102.3,102.35,E,9,11,,100,6,6,,,16100,1.7,,8,,,6,5.9,0.4
2025-11-26 04:00:00 PST,1764158400,102.23,102.28,ESE,12,10,,100,5.9,5.9,,,12900,1.7,,8,,,5.9,5.8,0.4
2025-11-26 03:00:00 PST,1764154800,102.18,102.23,E,9,9,,100,5.9,5.9,,,12900,1.8,,8,,,5.9,5.8,0.3
2025-11-26 02:00:00 PST,1764151200,102.14,102.19,E,9,10,,100,5.9,5.9,,,12900,1.8,,8,,,6.1,5.9,0.4
2025-11-26 01:00:00 PST,1764147600,102.08,102.13,E,8,12,,98,5.8,6.1,,,12900,1.8,,8,,,6.2,6.1,0
2025-11-26 00:00:00 PST,1764144000,102.04,102.09,ENE,6,10,,96,5.6,6.2,,,24100,1.9,,8,,,6.2,6,0
2025-11-25 23:00:00 PST,1764140400,102.02,102.07,NE,4,13,,96,5.4,6.1,,,24100,1.9,,8,,,6.2,5.9,0
2025-11-25 22:00:00 PST,1764136800,102.02,102.07,ENE,6,14,,96,5.4,5.9,,,24100,2,,8,,,6,5.7,0
2025-11-25 21:00:00 PST,1764133200,101.97,102.02,ENE,6,13,,99,5.6,5.7,,,24100,2,,8,,,5.7,5.5,0.2
2025-11-25 20:00:00 PST,1764129600,101.98,102.03,ENE,6,16,,99,5.4,5.5,,,4000,2.1,,8,,,5.6,5.5,0.4
2025-11-25 19:00:00 PST,1764126000,102.01,102.06,NE,3,13,,98,5.3,5.6,,,4000,2.1,,8,,,5.6,5.4,0.9
2025-11-25 18:00:00 PST,1764122400,102.02,102.07,ENE,6,12,,99,5.3,5.4,,,4000,2.1,,8,,,5.5,5.3,0.3
2025-11-25 17:00:00 PST,1764118800,102.06,102.11,E,8,19,,98,5.1,5.3,,,4800,2.1,,8,,,5.6,5.3,0.3
2025-11-25 16:00:00 PST,1764115200,102.11,102.16,E,8,18,,98,5.2,5.5,,,4800,2,,8,,,5.8,5.5,0.3
2025-11-25 15:00:00 PST,1764111600,102.13,102.18,E,7,17,,94,4.9,5.8,,,16100,2,,8,,,5.9,5.7,0.4
2025-11-25 14:00:00 PST,1764108000,102.17,102.22,ENE,7,20,,92,4.6,5.7,,,24100,2,,8,,,5.7,5.4,0.8
2025-11-25 13:00:00 PST,1764104400,102.22,102.27,ENE,7,21,,91,4.2,5.5,,,12900,2,,8,,,5.7,5.3,0.8
2025-11-25 12:00:00 PST,1764100800,102.32,102.37,E,8,19,,95,5,5.7,,,12900,2,,8,,,5.9,5.7,0.6
2025-11-25 11:00:00 PST,1764097200,102.39,102.44,E,8,17,,92,4.6,5.8,,,24100,1.9,,8,,,5.9,5.5,0.3
2025-11-25 10:00:00 PST,1764093600,102.45,102.5,E,8,15,,96,5,5.6,,,12900,1.9,,8,,,5.6,5.3,0.5
2025-11-25 09:00:00 PST,1764090000,102.48,102.53,E,9,11,,96,4.8,5.3,,,24100,1.9,,8,,,5.4,5.1,0.3
2025-11-25 08:00:00 PST,1764086400,102.48,102.53,E,9,11,,98,4.8,5.1,,,40200,1.8,,8,,,5.5,4.8,0
2025-11-25 07:00:00 PST,1764082800,102.55,102.6,E,10,15,,98,4.7,5,,,32200,1.7,,6,,,5.5,4.9,0
2025-11-25 06:00:00 PST,1764079200,102.56,102.61,ENE,7,12,,93,4.4,5.5,,,32200,1.6,,8,,,5.5,5.3,0
2025-11-25 05:00:00 PST,1764075600,102.64,102.69,ENE,7,12,,94,4.5,5.4,,,32200,1.6,,8,,,5.5,5.4,0
2025-11-25 04:00:00 PST,1764072000,102.71,102.76,ENE,6,12,,93,4.5,5.5,,,32200,1.7,,8,,,5.7,5.2,0.1
2025-11-25 03:00:00 PST,1764068400,102.75,102.8,ENE,7,12,,98,5,5.3,,,19300,1.7,,8,,,5.4,5.2,0.3
2025-11-25 02:00:00 PST,1764064800,102.78,102.83,E,8,13,,97,4.8,5.2,,,32200,1.7,,8,,,5.5,5.1,0
2025-11-25 01:00:00 PST,1764061200,102.78,102.83,E,8,15,,93,4,5.2,,,32200,1.7,,7,,,5.3,5.1,0
2025-11-25 00:00:00 PST,1764057600,102.8,102.85,E,8,17,,94,4.3,5.2,,,32200,1.8,,8,,,5.7,5.2,0
2025-11-24 23:00:00 PST,1764054000,102.81,102.86,E,8,14,,91,4.5,5.8,,,32200,1.9,,8,,,5.9,5.6,0
2025-11-24 22:00:00 PST,1764050400,102.86,102.91,ENE,7,16,,95,4.9,5.7,,,32200,1.9,,8,,,5.7,5.6,0
2025-11-24 21:00:00 PST,1764046800,102.84,102.89,ENE,6,14,,93,4.6,5.6,,,32200,2,,8,,,5.7,5.2,0
2025-11-24 20:00:00 PST,1764043200,102.78,102.83,NE,5,11,,94,4.3,5.2,,,32200,2.1,,8,,,5.2,4.8,0
2025-11-24 19:00:00 PST,1764039600,102.75,102.8,NE,3,13,,93,4.1,5.1,,,32200,2.2,,7,,,5.4,4.8,0
2025-11-24 18:00:00 PST,1764036000,102.72,102.77,ENE,6,9,,92,4.2,5.4,,,24100,2.2,,6,,,5.5,5.1,0
2025-11-24 17:00:00 PST,1764032400,102.71,102.76,NE,5,11,,92,4.1,5.4,,,32200,2.2,,7,,,5.8,5.4,0
2025-11-24 16:00:00 PST,1764028800,102.68,102.73,ENE,5,14,,93,4.7,5.8,,,40200,2.1,,7,,,6,5.7,0
2025-11-24 15:00:00 PST,1764025200,102.64,102.69,ENE,5,14,,94,4.9,5.7,,,12900,2.1,,7,,,6.2,5.7,0.3
2025-11-24 14:00:00 PST,1764021600,102.63,102.68,ENE,5,16,,93,5,5.9,,,16100,2,,8,,,6.2,5.3,0.1
2025-11-24 13:00:00 PST,1764018000,102.65,102.7,NE,5,19,,93,4.5,5.5,,,8100,2,,8,,,5.6,5.3,0.7
2025-11-24 12:00:00 PST,1764014400,102.68,102.73,ENE,7,15,,95,4.7,5.4,,,4800,1.9,,8,,,6.1,5.4,2.6
2025-11-24 11:00:00 PST,1764010800,102.62,102.67,E,7,13,,96,5.5,6,,,8100,1.9,,8,,,6.2,5.9,1
2025-11-24 10:00:00 PST,1764007200,102.58,102.63,E,8,16,,93,5,6,,,40200,1.9,,8,,,6.1,5.6,0
2025-11-24 09:00:00 PST,1764003600,102.53,102.58,ENE,7,16,,95,4.8,5.6,,,48300,1.8,,8,,,5.6,4.1,0
2025-11-24 08:00:00 PST,1764000000,102.46,102.51,E,9,11,,99,4,4.1,,,48300,1.8,,8,,,4.5,3.5,0
2025-11-24 07:00:00 PST,1763996400,102.37,102.42,ENE,7,14,,100,4.3,4.4,,,32200,1.6,,4,,,4.7,3.3,0
2025-11-24 06:00:00 PST,1763992800,102.32,102.37,ENE,7,8,,98,4.3,4.5,,,32200,1.6,,7,,,4.5,4,0
2025-11-24 05:00:00 PST,1763989200,102.23,102.28,ESE,12,3,,94,3.2,4.2,,,32200,1.5,,7,,,5.6,3.3,0
2025-11-24 04:00:00 PST,1763985600,102.18,102.23,,4,0,,90,4.1,5.6,,,32200,1.6,,5,,,5.8,4.1,0
2025-11-24 03:00:00 PST,1763982000,102.13,102.18,NW,31,5,,93,3.6,4.7,,,32200,1.7,,1,,,4.7,3.7,0
2025-11-24 02:00:00 PST,1763978400,102.1,102.15,WNW,28,10,,92,3.1,4.2,,,32200,1.8,,1,,,6.6,4.1,0
2025-11-24 01:00:00 PST,1763974800,102.03,102.08,WNW,28,17,,85,4.2,6.6,,,32200,1.9,,8,,,6.9,6.1,0
2025-11-24 00:00:00 PST,1763971200,101.98,102.03,NNW,32,7,,89,4.6,6.2,,,32200,1.9,,7,,,6.5,4.9,0
2025-11-23 23:00:00 PST,1763967600,101.9,101.95,WNW,28,8,,93,4.3,5.5,,,32200,1.9,,6,,,7.2,5.2,0
2025-11-23 22:00:00 PST,1763964000,101.88,101.93,W,26,14,,82,4.3,7.1,,,32200,2,,8,,,7.5,6.7,0
2025-11-23 21:00:00 PST,1763960400,101.86,101.91,W,27,12,,86,4.6,6.8,,,32200,2,,8,,,7,6.5,0
2025-11-23 20:00:00 PST,1763956800,101.85,101.9,WNW,29,19,,83,3.9,6.7,,,32200,2,,8,,,6.8,6.4,0
2025-11-23 19:00:00 PST,1763953200,101.85,101.9,WNW,28,14,,85,4.1,6.5,,,32200,2,,8,,,6.6,6.2,0
2025-11-23 18:00:00 PST,1763949600,101.84,101.89,WNW,28,15,,86,4.3,6.5,,,32200,2,,6,,,6.7,6.1,0
2025-11-23 17:00:00 PST,1763946000,101.82,101.87,WNW,29,17,,82,3.8,6.8,,,32200,2,,5,,,6.9,6.5,0
2025-11-23 16:00:00 PST,1763942400,101.84,101.89,WNW,29,17,,81,3.9,6.9,,,32200,1.9,,8,,,7.6,6.8,0
2025-11-23 15:00:00 PST,1763938800,101.78,101.83,WNW,28,23,,80,4.3,7.5,,,32200,1.9,,8,,,7.9,7.5,0
2025-11-23 14:00:00 PST,1763935200,101.79,101.84,WNW,29,29,29,80,4.5,7.8,,,32200,1.9,,8,,,8.7,7.8,0
2025-11-23 13:00:00 PST,1763931600,101.76,101.81,WNW,29,24,,80,5.5,8.7,,,32200,2,,8,,,9.3,8.2,0
2025-11-23 12:00:00 PST,1763928000,101.77,101.82,WNW,29,12,,83,5.7,8.4,,,32200,2,,6,,,8.8,7.9,0
2025-11-23 11:00:00 PST,1763924400,101.76,101.81,WNW,29,25,,80,5.5,8.8,,,32200,2,,6,,,9,7.5,0
2025-11-23 10:00:00 PST,1763920800,101.76,101.81,WNW,29,27,28,83,5,7.7,,,32200,2,,4,,,7.9,7.4,0
2025-11-23 09:00:00 PST,1763917200,101.68,101.73,WNW,29,23,33,87,5.5,7.4,,,32200,2,,3,,,7.7,7.1,0
2025-11-23 08:00:00 PST,1763913600,101.6,101.65,WNW,29,30,,91,6,7.3,,,32200,1.9,,3,,,7.7,7.3,0
2025-11-23 07:00:00 PST,1763910000,101.49,101.54,WNW,28,36,37,92,6.5,7.7,,,32200,1.9,,7,,,7.8,7.5,0
2025-11-23 06:00:00 PST,1763906400,101.47,101.52,WNW,28,40,39,93,6.7,7.8,,,32200,1.9,,7,,,8.2,7.7,0
2025-11-23 05:00:00 PST,1763902800,101.39,101.44,WNW,28,33,38,95,7.5,8.2,,,24100,1.9,,8,,,8.4,8.2,0
2025-11-23 04:00:00 PST,1763899200,101.37,101.42,WNW,29,23,,96,7.9,8.4,,,24100,1.9,,8,,,8.6,8.4,0
2025-11-23 03:00:00 PST,1763895600,101.41,101.46,WNW,28,21,,100,8.5,8.5,,,24100,1.8,,8,,,8.8,8.4,0
2025-11-23 02:00:00 PST,1763892000,101.42,101.47,WNW,29,24,,100,8.5,8.5,,,6400,1.8,,8,,,8.9,8.5,1.2
2025-11-23 01:00:00 PST,1763888400,101.42,101.47,NW,30,18,,100,8.7,8.7,,,4800,1.8,,8,,,9.1,8.7,1.4
2025-11-23 00:00:00 PST,1763884800,101.45,101.5,WNW,29,14,,100,9,9,,,6400,1.8,,8,,,10.6,9,1.2
2025-11-22 23:00:00 PST,1763881200,101.44,101.49,WNW,29,17,,100,9.3,9.3,,,6400,1.8,,8,,,10.6,9.3,1.5
2025-11-22 22:00:00 PST,1763877600,101.38,101.43,SE,14,19,30,99,10.3,10.5,,,19300,1.8,,8,,,11,10.5,0.8
2025-11-22 21:00:00 PST,1763874000,101.4,101.45,SSE,15,21,31,94,10,10.9,,,32200,1.8,,8,,,11,10.8,0
2025-11-22 20:00:00 PST,1763870400,101.37,101.42,SE,14,26,,95,10.1,10.9,,,32200,1.8,,8,,,10.9,10.7,0.3
2025-11-22 19:00:00 PST,1763866800,101.38,101.43,SSE,14,30,39,94,9.9,10.8,,,24100,1.8,,8,,,11,10.8,0
2025-11-22 18:00:00 PST,1763863200,101.38,101.43,SSE,15,31,41,91,9.7,11,,,24100,1.8,,8,,,11.1,10.9,0
2025-11-22 17:00:00 PST,1763859600,101.39,101.44,SE,14,27,29,93,9.8,10.9,,,24100,1.9,,8,,,10.9,10.4,0
2025-11-22 16:00:00 PST,1763856000,101.42,101.47,ESE,11,20,29,95,9.8,10.6,,,16100,1.9,,8,,,10.7,10.4,0
2025-11-22 15:00:00 PST,1763852400,101.44,101.49,SE,12,21,,95,10,10.7,,,16100,1.9,,8,,,10.9,10.6,0.1
2025-11-22 14:00:00 PST,1763848800,101.48,101.53,ESE,11,17,28,92,9.7,10.9,,,16100,1.9,,8,,,11,10.7,0
2025-11-22 13:00:00 PST,1763845200,101.51,101.56,SE,13,19,,94,9.8,10.7,,,19300,1.8,,8,,,10.7,10.3,0
2025-11-22 12:00:00 PST,1763841600,101.55,101.6,ESE,12,17,27,97,9.9,10.4,,,16100,1.8,,8,,,10.4,10.1,0
2025-11-22 11:00:00 PST,1763838000,101.62,101.67,ESE,11,21,,97,9.8,10.1,,,16100,1.7,,8,,,10.3,10.1,0.7
2025-11-22 10:00:00 PST,1763834400,101.65,101.7,ESE,11,22,,96,9.7,10.3,,,12900,1.7,,8,,,10.6,10.2,0.3
2025-11-22 09:00:00 PST,1763830800,101.67,101.72,ESE,12,23,,90,8.9,10.5,,,16100,1.7,,8,,,10.7,10.2,0
2025-11-22 08:00:00 PST,1763827200,101.66,101.71,ESE,10,19,,94,9.2,10.2,,,16100,1.7,,8,,,10.4,9.9,0
2025-11-22 07:00:00 PST,1763823600,101.69,101.74,ESE,11,21,,93,9.1,10.2,,,16100,1.6,,8,,,10.4,9.7,0
2025-11-22 06:00:00 PST,1763820000,101.73,101.78,ESE,10,21,,90,8.7,10.3,,,22500,1.6,,8,,,10.3,9.5,0
2025-11-22 05:00:00 PST,1763816400,101.78,101.83,E,8,23,,93,8.7,9.7,,,22500,1.6,,8,,,9.8,9.5,0
2025-11-22 04:00:00 PST,1763812800,101.83,101.88,E,8,20,,93,8.6,9.7,,,22500,1.6,,8,,,9.7,9.3,0
2025-11-22 03:00:00 PST,1763809200,101.93,101.98,E,8,16,,95,8.6,9.3,,,22500,1.7,,8,,,9.3,8.9,0
2025-11-22 02:00:00 PST,1763805600,101.93,101.98,ENE,7,17,,100,8.9,8.9,,,19300,1.8,,8,,,9,8.8,0.1
2025-11-22 01:00:00 PST,1763802000,102,102.05,ENE,7,18,,99,8.8,8.9,,,16100,1.7,,8,,,9,8.9,0
2025-11-22 00:00:00 PST,1763798400,102.06,102.11,E,9,16,,99,8.7,8.9,,,19300,1.7,,8,,,9.1,8.9,0
2025-11-21 23:00:00 PST,1763794800,102.09,102.14,E,9,19,,98,8.7,9,,,12900,1.8,,8,,,9.1,8.9,0
2025-11-21 22:00:00 PST,1763791200,102.11,102.16,E,8,21,,98,8.7,8.9,,,19300,1.8,,8,,,8.9,8.9,0
2025-11-21 21:00:00 PST,1763787600,102.15,102.2,ENE,7,18,,99,8.7,8.9,,,16100,1.9,,8,,,8.9,8.7,0
2025-11-21 20:00:00 PST,1763784000,102.17,102.22,E,8,20,,100,8.7,8.8,,,6400,2,,8,,,8.9,8.7,0
2025-11-21 19:00:00 PST,1763780400,102.18,102.23,E,8,17,,99,8.6,8.8,,,12900,2,,8,,,9,8.7,0
2025-11-21 18:00:00 PST,1763776800,102.16,102.21,ENE,6,14,,95,8.3,8.9,,,24100,2,,8,,,9,8.7,0
2025-11-21 17:00:00 PST,1763773200,102.15,102.2,ENE,6,15,,97,8.3,8.7,,,16100,1.9,,8,,,8.7,8.4,0
2025-11-21 16:00:00 PST,1763769600,102.16,102.21,ENE,7,18,,98,8.2,8.5,,,16100,1.8,,8,,,8.6,8.4,0
2025-11-21 15:00:00 PST,1763766000,102.13,102.18,ENE,6,17,,98,8.2,8.4,,,16100,1.8,,8,,,8.5,8.4,0
2025-11-21 14:00:00 PST,1763762400,102.12,102.17,ENE,7,17,,100,8.4,8.4,,,12900,1.8,,8,,,8.4,8.3,0
2025-11-21 13:00:00 PST,1763758800,102.15,102.2,E,8,13,,100,8.4,8.4,,,6400,1.8,,8,,,8.5,8.3,0.1
2025-11-21 12:00:00 PST,1763755200,102.18,102.23,E,8,19,,99,8.3,8.4,,,9700,1.8,,8,,,8.6,8.4,0.1
2025-11-21 11:00:00 PST,1763751600,102.2,102.25,E,9,21,,99,8.4,8.5,,,9700,1.8,,8,,,9.2,8.5,0
2025-11-21 10:00:00 PST,1763748000,102.21,102.26,ESE,10,12,,88,7.1,9,,,32200,1.7,,8,,,9.1,8.7,0
2025-11-21 09:00:00 PST,1763744400,102.17,102.22,E,10,13,,92,7.4,8.7,,,24100,1.7,,8,,,8.8,8.5,0
2025-11-21 08:00:00 PST,1763740800,102.14,102.19,E,8,15,,94,7.5,8.5,,,24100,1.6,,8,,,8.6,8.1,0
2025-11-21 07:00:00 PST,1763737200,102.16,102.21,E,9,16,,95,7.5,8.3,,,32200,1.6,,8,,,8.3,8,0
2025-11-21 06:00:00 PST,1763733600,102.17,102.22,E,10,17,,95,7.1,8,,,32200,1.5,,8,,,8.1,7.8,0
2025-11-21 05:00:00 PST,1763730000,102.15,102.2,E,9,16,,92,7,8.1,,,32200,1.6,,8,,,8.1,7.6,0
2025-11-21 04:00:00 PST,1763726400,102.19,102.24,E,9,13,,95,6.9,7.6,,,32200,1.5,,8,,,7.8,7.5,0
2025-11-21 03:00:00 PST,1763722800,102.2,102.25,E,9,11,,94,6.8,7.8,,,32200,1.5,,8,,,8.3,7.8,0
2025-11-21 02:00:00 PST,1763719200,102.22,102.27,E,8,13,,94,7.3,8.2,,,32200,1.6,,8,,,8.2,7.8,0
2025-11-21 01:00:00 PST,1763715600,102.28,102.33,E,9,11,,97,7.4,7.9,,,32200,1.7,,8,,,8.3,7.8,0
2025-11-21 00:00:00 PST,1763712000,102.17,102.22,E,8,8,,96,7.2,7.8,,,32200,1.8,,8,,,8.3,7.6,0
2025-11-20 23:00:00 PST,1763708400,102.15,102.2,ESE,10,14,,94,7.4,8.2,,,32200,2,,8,,,8.3,7.6,0
2025-11-20 22:00:00 PST,1763704800,102.13,102.18,ESE,11,14,,98,7.2,7.5,,,32200,2,,8,,,8.3,6.9,0
2025-11-20 21:00:00 PST,1763701200,102.19,102.24,,8,0,,93,7.2,8.2,,,32200,2,,8,,,8.8,7.7,0
2025-11-20 20:00:00 PST,1763697600,102.13,102.18,SSE,16,6,,88,7,8.9,,,32200,2,,8,,,9,8.1,0
2025-11-20 19:00:00 PST,1763694000,102.07,102.12,ENE,7,10,,89,7.1,8.8,,,32200,1.9,,8,,,9.2,8.5,0
2025-11-20 18:00:00 PST,1763690400,102.06,102.11,NNE,2,9,,90,7,8.5,,,24100,1.9,,3,,,8.6,7,0
2025-11-20 17:00:00 PST,1763686800,101.94,101.99,E,9,14,,93,6.2,7.3,,,32200,1.9,,1,,,9.3,7.3,0
2025-11-20 16:00:00 PST,1763683200,101.96,102.01,ESE,12,15,,86,7.2,9.4,,,32200,1.9,,3,,,10.1,9.2,0
2025-11-20 15:00:00 PST,1763679600,101.91,101.96,E,9,15,,81,7,10.2,,,32200,1.9,,7,,,10.4,10.2,0
2025-11-20 14:00:00 PST,1763676000,101.9,101.95,ENE,6,13,,81,7.2,10.3,,,32200,1.8,,8,,,10.4,10,0
2025-11-20 13:00:00 PST,1763672400,101.85,101.9,ENE,6,8,,80,6.9,10.2,,,32200,1.8,,8,,,10.4,10,0
2025-11-20 12:00:00 PST,1763668800,101.76,101.81,E,8,13,,80,7,10.3,,,32200,1.9,,7,,,10.9,9.9,0
2025-11-20 11:00:00 PST,1763665200,101.68,101.73,E,8,20,,78,7.2,10.8,,,32200,1.9,,7,,,10.8,9.3,0
2025-11-20 10:00:00 PST,1763661600,101.7,101.75,E,8,11,,86,7.1,9.3,,,32200,1.8,,8,,,9.3,8.4,0
2025-11-20 09:00:00 PST,1763658000,101.62,101.67,E,8,14,,90,6.9,8.4,,,32200,1.7,,8,,,8.4,8.2,0
2025-11-20 08:00:00 PST,1763654400,101.53,101.58,ENE,6,18,,90,6.7,8.3,,,32200,1.5,,8,,,8.4,8.2,0
2025-11-20 07:00:00 PST,1763650800,101.45,101.5,NE,4,15,,87,6.5,8.4,,,32200,1.4,,8,,,9.2,8.3,0
2025-11-20 06:00:00 PST,1763647200,101.32,101.37,NE,5,17,,73,4.3,9,,,32200,1.4,,8,,,9,7.7,0
2025-11-20 05:00:00 PST,1763643600,101.24,101.29,ESE,11,12,,80,5.2,8.3,,,32200,1.3,,8,,,9,7.6,0
2025-11-20 04:00:00 PST,1763640000,101.14,101.19,NNE,3,14,,85,5.2,7.6,,,32200,1.3,,8,,,7.8,7.3,0
2025-11-20 03:00:00 PST,1763636400,101.11,101.16,NE,4,14,,82,4.8,7.6,,,32200,1.3,,8,,,7.6,6.7,0
2025-11-20 02:00:00 PST,1763632800,101.05,101.1,ENE,7,9,,93,5.5,6.7,,,32200,1.4,,8,,,7,6.5,0
2025-11-20 01:00:00 PST,1763629200,101.03,101.08,NNE,2,10,,87,4.6,6.5,,,32200,1.4,,8,,,6.9,6.2,0
2025-11-20 00:00:00 PST,1763625600,101.02,101.07,,,0,,88,4.5,6.3,,,32200,1.4,,8,,,7.7,5.3,0
2025-11-19 23:00:00 PST,1763622000,100.95,101,WNW,28,5,,94,4.7,5.5,,,32200,1.5,,8,,,6.8,5.3,0
2025-11-19 22:00:00 PST,1763618400,100.91,100.96,E,10,10,,92,5.2,6.4,,,32200,1.7,,8,,,6.8,5.6,0
2025-11-19 21:00:00 PST,1763614800,100.91,100.96,ENE,7,9,,91,4.4,5.7,,,32200,1.8,,8,,,6.8,5.7,0
2025-11-19 20:00:00 PST,1763611200,100.97,101.02,N,35,9,,98,5.6,6,,,32200,1.9,,8,,,6,4.1,0
2025-11-19 19:00:00 PST,1763607600,100.96,101.01,NNE,1,5,,93,4.4,5.5,,,32200,1.9,,7,,,6.9,4.4,0
2025-11-19 18:00:00 PST,1763604000,100.91,100.96,N,0,8,,84,4.1,6.6,,,32200,1.9,,6,,,7.2,5.8,0
2025-11-19 17:00:00 PST,1763600400,100.95,101,NNE,1,5,,82,4.3,7.2,,,40200,1.8,,3,,,7.2,5.6,0
2025-11-19 16:00:00 PST,1763596800,100.99,101.04,NW,32,12,,90,5,6.5,,,48300,1.7,,6,,,8.6,6.5,0
2025-11-19 15:00:00 PST,1763593200,101.05,101.1,ENE,7,6,,71,3.7,8.7,,,48300,1.6,,5,,,9.3,8.2,0
2025-11-19 14:00:00 PST,1763589600,101.16,101.21,E,9,15,,71,4.2,9.1,,,48300,1.5,,5,,,10.3,9.1,0
2025-11-19 13:00:00 PST,1763586000,101.32,101.37,ENE,6,17,,63,3.1,9.7,,,48300,1.5,,3,,,10,8.6,0
2025-11-19 12:00:00 PST,1763582400,101.48,101.53,ESE,10,14,,78,4.9,8.6,,,48300,1.5,,8,,,8.7,8.1,0
2025-11-19 11:00:00 PST,1763578800,101.58,101.63,ENE,7,12,,76,4.1,8.1,,,48300,1.5,,5,,,8.2,6.6,0
2025-11-19 10:00:00 PST,1763575200,101.65,101.7,ENE,6,13,,85,4.2,6.5,,,48300,1.4,,7,,,6.6,5.5,0
2025-11-19 09:00:00 PST,1763571600,101.73,101.78,ENE,6,10,,94,4.6,5.5,,,48300,1.3,,4,,,5.5,2.5,0
2025-11-19 08:00:00 PST,1763568000,101.78,101.83,E,8,9,,100,2.8,2.8,,,32200,1.2,,5,,,3,1.8,0
2025-11-19 07:00:00 PST,1763564400,101.8,101.85,E,7,12,,100,2.2,2.2,,,1600,1.2,,2,,,2.2,1.2,0
2025-11-19 06:00:00 PST,1763560800,101.81,101.86,E,9,9,,100,1.5,1.5,,,32200,1.1,,6,,,2.1,1.1,0
2025-11-19 05:00:00 PST,1763557200,101.88,101.93,SE,13,11,,100,1.6,1.6,,,32200,1.2,,5,,,3.3,1.3,0
2025-11-19 04:00:00 PST,1763553600,101.96,102.01,E,9,4,,100,2.6,2.6,,,32200,1.2,,0,,,3.3,1.9,0
2025-11-19 03:00:00 PST,1763550000,102.06,102.11,N,35,7,,100,2,2,,,32200,1.3,,0,,,3,0.6,0
2025-11-19 02:00:00 PST,1763546400,102.12,102.17,NNW,32,3,,100,1.9,1.9,,,24100,1.5,,0,,,3.5,1.1,0
2025-11-19 01:00:00 PST,1763542800,102.16,102.21,ENE,7,7,,100,2,2,,,32200,1.6,,0,,,4.4,1.7,0
2025-11-19 00:00:00 PST,1763539200,102.2,102.25,E,8,5,,99,4,4.1,,,32200,1.6,,0,,,4.4,2.8,0
2025-11-18 23:00:00 PST,1763535600,102.22,102.27,ESE,10,7,,100,4.2,4.3,,,32200,1.7,,0,,,4.7,3.5,0
2025-11-18 22:00:00 PST,1763532000,102.2,102.25,ENE,7,10,,99,4.4,4.5,,,32200,1.7,,0,,,5.4,3.8,0
2025-11-18 21:00:00 PST,1763528400,102.2,102.25,NE,4,5,,96,4.8,5.5,,,32200,1.7,,2,,,5.9,4,0
2025-11-18 20:00:00 PST,1763524800,102.19,102.24,,,0,,97,5.2,5.7,,,32200,1.8,,0,,,6.6,5,0
2025-11-18 19:00:00 PST,1763521200,102.15,102.2,ESE,10,5,,92,4.8,6.1,,,32200,1.8,,0,,,6.7,4.8,0
2025-11-18 18:00:00 PST,1763517600,102.15,102.2,N,35,4,,93,5.3,6.3,,,40200,1.8,,4,,,7.5,6,0
2025-11-18 17:00:00 PST,1763514000,102.16,102.21,NW,31,9,,90,5.7,7.2,,,32200,1.8,,5,,,7.6,7.1,0
2025-11-18 16:00:00 PST,1763510400,102.11,102.16,NW,30,8,,90,6,7.6,,,48300,1.9,,7,,,8.4,7.6,0
2025-11-18 15:00:00 PST,1763506800,102.01,102.06,WNW,30,10,,83,5.6,8.4,,,48300,2,,8,,,8.9,8.3,0
2025-11-18 14:00:00 PST,1763503200,102.03,102.08,W,28,16,,82,6,8.9,,,48300,2,,8,,,9.7,8.7,0
2025-11-18 13:00:00 PST,1763499600,102.02,102.07,WNW,28,14,,82,6.9,9.8,,,48300,2.1,,8,,,10.1,8.9,0
2025-11-18 12:00:00 PST,1763496000,102.03,102.08,W,28,12,,86,6.7,8.9,,,48300,1.9,,8,,,9,8.3,0
2025-11-18 11:00:00 PST,1763492400,102.02,102.07,NW,30,3,,88,6.4,8.3,,,40200,1.9,,8,,,8.4,7.8,0
2025-11-18 10:00:00 PST,1763488800,101.98,102.03,,,0,,88,6.1,8,,,40200,1.9,,8,,,8,7.4,0
2025-11-18 09:00:00 PST,1763485200,101.93,101.98,SE,14,4,,94,6.6,7.4,,,32200,1.8,,8,,,7.5,6.5,0
2025-11-18 08:00:00 PST,1763481600,101.88,101.93,SE,13,7,,99,6.4,6.5,,,32200,1.7,,8,,,6.6,6,0
2025-11-18 07:00:00 PST,1763478000,101.84,101.89,E,10,5,,99,6,6,,,32200,2,,7,,,6.1,5.1,0
2025-11-18 06:00:00 PST,1763474400,101.81,101.86,SSE,14,8,,100,4.9,4.9,,,32200,1.7,,8,,,5.6,4.3,0
2025-11-18 05:00:00 PST,1763470800,101.76,101.81,ENE,7,5,,100,4.6,4.6,,,32200,1.8,,7,,,5.8,3.4,0
2025-11-18 04:00:00 PST,1763467200,101.73,101.78,,,0,,100,4.6,4.7,,,32200,1.8,,3,,,6.2,4.3,0
2025-11-18 03:00:00 PST,1763463600,101.72,101.77,N,0,4,,100,6,6.1,,,32200,1.8,,8,,,6.5,5.6,0
2025-11-18 02:00:00 PST,1763460000,101.69,101.74,NW,32,3,,98,5.3,5.6,,,32200,1.9,,8,,,7,5.6,0
2025-11-18 01:00:00 PST,1763456400,101.63,101.68,ENE,7,3,,93,6,7,,,32200,1.9,,8,,,7.1,6.9,0
2025-11-18 00:00:00 PST,1763452800,101.6,101.65,E,9,5,,96,6.5,7,,,32200,1.9,,8,,,7.4,6.7,0
2025-11-17 23:00:00 PST,1763449200,101.56,101.61,NE,4,8,,97,6.7,7.2,,,32200,2.1,,4,,,7.5,6.8,0
2025-11-17 22:00:00 PST,1763445600,101.55,101.6,NNE,3,5,,97,6.9,7.4,,,24100,2.2,,8,,,7.8,7.2,0.7
2025-11-17 21:00:00 PST,1763442000,101.51,101.56,,,0,,98,6.9,7.2,,,32200,2.3,,8,,,7.5,6.2,0
2025-11-17 20:00:00 PST,1763438400,101.46,101.51,,,0,,87,5.6,7.6,,,32200,2.3,,8,,,8,6.7,0
2025-11-17 19:00:00 PST,1763434800,101.41,101.46,SSW,20,5,,87,5.8,7.8,,,32200,2.3,,8,,,8.3,7.5,0
2025-11-17 18:00:00 PST,1763431200,101.35,101.4,,,0,,87,5.7,7.7,,,32200,2.2,,6,,,8.3,7.6,0
2025-11-17 17:00:00 PST,1763427600,101.31,101.36,SW,23,7,,86,5.7,8,,,32200,2.2,,7,,,8.6,7.3,0
2025-11-17 16:00:00 PST,1763424000,101.24,101.29,WNW,30,3,,81,5.5,8.6,,,48300,2.2,,6,,,9.2,8.5,0
2025-11-17 15:00:00 PST,1763420400,101.2,101.25,WSW,25,5,,82,5.6,8.6,,,48300,2.2,,8,,,9,8.6,0
2025-11-17 14:00:00 PST,1763416800,101.15,101.2,NW,30,6,,87,6.9,8.9,,,40200,2.2,,8,,,9,8.2,0
2025-11-17 13:00:00 PST,1763413200,101.12,101.17,WNW,29,13,,86,6.2,8.4,,,40200,2.1,,8,,,8.6,8.4,0
2025-11-17 12:00:00 PST,1763409600,101.07,101.12,WNW,29,15,,86,6.2,8.5,,,40200,2.1,,8,,,8.6,8.5,0
2025-11-17 11:00:00 PST,1763406000,101.07,101.12,WNW,28,12,,88,6.8,8.7,,,40200,2.1,,8,,,8.7,8.5,0
2025-11-17 10:00:00 PST,1763402400,100.99,101.04,W,27,18,,81,5.5,8.4,,,40200,2.1,,8,,,8.6,8.2,0
2025-11-17 09:00:00 PST,1763398800,100.91,100.96,WNW,29,21,,86,6,8.2,,,40200,2.1,,8,,,8.4,8.1,0
2025-11-17 08:00:00 PST,1763395200,100.83,100.88,W,27,21,,82,5.6,8.4,,,40200,2,,8,,,8.4,8.1,0
2025-11-17 07:00:00 PST,1763391600,100.7,100.75,WNW,28,18,,88,6.2,8.1,,,32200,2,,8,,,8.5,8.1,0
2025-11-17 06:00:00 PST,1763388000,100.63,100.68,WNW,28,28,,85,6.1,8.4,,,32200,1.9,,8,,,8.5,8.2,0
2025-11-17 05:00:00 PST,1763384400,100.53,100.58,WNW,28,30,,90,6.7,8.3,,,32200,1.9,,8,,,8.4,8.3,0
2025-11-17 04:00:00 PST,1763380800,100.42,100.47,WNW,28,28,28,92,7.2,8.4,,,32200,1.9,,8,,,8.4,8.3,0
2025-11-17 03:00:00 PST,1763377200,100.33,100.38,WNW,28,35,37,93,7.4,8.4,,,24100,1.6,,8,,,8.6,8.2,0.3
2025-11-17 02:00:00 PST,1763373600,100.28,100.33,WNW,28,29,30,100,8.3,8.3,,,24100,1.3,,8,,,11.5,8.3,0.4
2025-11-17 01:00:00 PST,1763370000,100.16,100.21,SW,23,5,,100,11,11,,,16100,1.3,,8,,,11.6,10.9,0.9
2025-11-17 00:00:00 PST,1763366400,100.13,100.18,SSW,20,12,,100,11.3,11.3,,,24100,1.4,,8,,,11.9,11.3,0
2025-11-16 23:00:00 PST,1763362800,100.06,100.11,E,9,10,,100,11.6,11.6,,,6400,1.4,,8,,,12,11.6,0
2025-11-16 22:00:00 PST,1763359200,100.04,100.09,ESE,12,15,,100,11.8,11.9,,,24100,1.4,,8,,,12,11.8,0
2025-11-16 21:00:00 PST,1763355600,99.96,100.01,E,9,23,,100,11.8,11.8,,,24100,1.4,,8,,,11.8,11.7,0.2
2025-11-16 20:00:00 PST,1763352000,99.94,99.99,ESE,11,13,,100,11.8,11.8,,,16100,1.3,,8,,,11.9,11.6,0.3
2025-11-16 19:00:00 PST,1763348400,99.94,99.99,ENE,7,8,,99,11.6,11.8,,,16100,1.2,,8,,,11.9,11.6,0
2025-11-16 18:00:00 PST,1763344800,99.91,99.96,E,8,14,,100,11.6,11.6,,,16100,1.2,,8,,,11.6,11.4,0
2025-11-16 17:00:00 PST,1763341200,99.91,99.96,ESE,10,16,,98,11.2,11.5,,,16100,1.3,,8,,,11.6,11.5,0
2025-11-16 16:00:00 PST,1763337600,99.89,99.94,E,9,21,,99,11.5,11.6,,,16100,1.4,,8,,,11.7,11.6,0
2025-11-16 15:00:00 PST,1763334000,99.88,99.93,ESE,10,18,,100,11.5,11.6,,,16100,1.4,,8,,,11.7,11.5,0
2025-11-16 14:00:00 PST,1763330400,99.89,99.94,E,8,14,,100,11.5,11.5,,,16100,1.4,,8,,,11.6,11.3,0
2025-11-16 13:00:00 PST,1763326800,99.94,99.99,E,10,16,,98,11,11.3,,,24100,,,8,,,11.8,11.3,0
2025-11-16 12:00:00 PST,1763323200,99.98,100.03,ESE,10,10,,96,10.8,11.5,,,32200,1.4,,8,,,11.6,11.1,0
2025-11-16 11:00:00 PST,1763319600,100.01,100.06,ENE,7,8,,96,10.8,11.5,,,24100,1.4,,8,,,11.5,10,0
2025-11-16 10:00:00 PST,1763316000,100.05,100.1,SSW,19,8,,99,9.8,10,,,24100,1.5,,8,,,10.5,9.9,0
2025-11-16 09:00:00 PST,1763312400,100.02,100.07,ENE,6,9,,99,9.9,10.1,,,24100,1.5,,8,,,10.1,9.1,0
2025-11-16 08:00:00 PST,1763308800,100.05,100.1,E,9,9,,100,9.1,9.1,,,32200,1.5,,8,,,9.1,8.6,0
2025-11-16 07:00:00 PST,1763305200,100.11,100.16,S,18,3,,100,8.8,8.8,,,32200,1.5,,8,,,8.9,8.8,0
2025-11-16 06:00:00 PST,1763301600,100.13,100.18,,,0,,100,8.9,8.9,,,24100,1.5,,8,,,8.9,8.8,0
2025-11-16 05:00:00 PST,1763298000,100.15,100.2,,,0,,100,8.8,8.8,,,24100,1.5,,8,,,8.9,8.8,0
2025-11-16 04:00:00 PST,1763294400,100.22,100.27,NNW,33,4,,100,8.9,8.9,,,24100,1.5,,8,,,9,8.6,0
2025-11-16 03:00:00 PST,1763290800,100.32,100.37,ESE,12,9,,100,8.8,8.8,,,24100,1.5,,8,,,8.9,8.6,0
2025-11-16 02:00:00 PST,1763287200,100.43,100.48,SSE,16,4,,100,8.8,8.8,,,24100,1.5,,8,,,9,8.8,0
2025-11-16 01:00:00 PST,1763283600,100.53,100.58,WNW,29,6,,100,9,9,,,12900,1.5,,7,,,9,8.2,0
2025-11-16 00:00:00 PST,1763280000,100.62,100.67,NNW,33,8,,100,8.3,8.3,,,22500,1.6,,7,,,9.2,8.3,0
2025-11-15 23:00:00 PST,1763276400,100.76,100.81,W,26,4,,100,9.1,9.1,,,16100,1.7,,8,,,9.2,8.9,0
2025-11-15 22:00:00 PST,1763272800,100.86,100.91,,,0,,100,8.9,8.9,,,16100,1.9,,8,,,9.5,8.6,0
2025-11-15 21:00:00 PST,1763269200,100.93,100.98,SSE,15,6,,100,9.3,9.3,,,20900,2,,7,,,9.5,8.8,0
2025-11-15 20:00:00 PST,1763265600,101.04,101.09,,,0,,100,8.8,8.8,,,19300,2,,8,,,8.9,8.5,0
2025-11-15 19:00:00 PST,1763262000,101.09,101.14,NW,31,6,,100,8.8,8.8,,,14500,2.1,,8,,,8.9,8.5,0
2025-11-15 18:00:00 PST,1763258400,101.16,101.21,NW,31,6,,100,9,9,,,16100,2,,8,,,9.1,9,0
2025-11-15 17:00:00 PST,1763254800,101.19,101.24,NW,31,9,,99,9,9.1,,,16100,2,,8,,,9.4,9.1,0
2025-11-15 16:00:00 PST,1763251200,101.25,101.3,SSW,19,8,,96,8.8,9.4,,,12900,2,,8,,,9.8,9.3,0
2025-11-15 15:00:00 PST,1763247600,101.27,101.32,SE,14,7,,93,8.4,9.4,,,12900,1.9,,8,,,9.9,8.9,0
2025-11-15 14:00:00 PST,1763244000,101.36,101.41,WNW,29,8,,100,9.7,9.7,,,12900,1.8,,8,,,9.8,8.8,0
2025-11-15 13:00:00 PST,1763240400,101.45,101.5,NW,31,11,,100,9.1,9.1,,,3200,1.8,,8,,,9.2,8.6,0
2025-11-15 12:00:00 PST,1763236800,101.53,101.58,NW,30,9,,100,8.6,8.6,,,3200,1.8,,8,,,8.9,8.5,0
2025-11-15 11:00:00 PST,1763233200,101.55,101.6,SW,22,4,,100,8.7,8.7,,,2400,1.8,,8,,,8.9,8.2,0
2025-11-15 10:00:00 PST,1763229600,101.56,101.61,E,8,4,,100,8.4,8.4,,,3200,1.8,,8,,,8.5,8.2,0
2025-11-15 09:00:00 PST,1763226000,101.54,101.59,ESE,12,7,,100,8.4,8.4,,,9700,1.8,,8,,,8.4,7.8,0.1
2025-11-15 08:00:00 PST,1763222400,101.51,101.56,WNW,29,3,,100,8,8,,,3200,1.7,,8,,,8,7.5,0.3
2025-11-15 07:00:00 PST,1763218800,101.46,101.51,,,0,,100,7.4,7.4,,,4800,1.7,,8,,,7.4,7.2,0
2025-11-15 06:00:00 PST,1763215200,101.43,101.48,E,9,7,,100,7.3,7.3,,,4000,1.6,,8,,,7.4,7.1,0
2025-11-15 05:00:00 PST,1763211600,101.37,101.42,E,9,10,,100,7.1,7.1,,,4000,1.7,,8,,,7.2,7.1,0
2025-11-15 04:00:00 PST,1763208000,101.37,101.42,ESE,10,8,,100,7.2,7.2,,,3600,1.7,,8,,,7.3,7.1,0.1
2025-11-15 03:00:00 PST,1763204400,101.36,101.41,E,9,8,,100,7.1,7.1,,,8100,1.8,,8,,,7.2,7,0.1
2025-11-15 02:00:00 PST,1763200800,101.28,101.33,E,8,8,,100,7,7,,,11300,1.8,,8,,,7,6.9,0.1
2025-11-15 01:00:00 PST,1763197200,101.23,101.28,ENE,7,11,,100,6.9,6.9,,,11300,1.9,,8,,,6.9,6.6,0.8
2025-11-15 00:00:00 PST,1763193600,101.21,101.26,ENE,6,12,,99,6.5,6.6,,,6400,2,,8,,,6.9,6.6,0.6
2025-11-14 23:00:00 PST,1763190000,101.17,101.22,ENE,6,16,,97,6.3,6.8,,,11300,2.1,,8,,,7,6.8,0.4
2025-11-14 22:00:00 PST,1763186400,101.14,101.19,ENE,7,16,,98,6.7,7,,,8100,2.2,,8,,,7.3,7,1.4
2025-11-14 21:00:00 PST,1763182800,101.15,101.2,ENE,7,14,,98,7,7.3,,,9700,2.3,,8,,,7.7,7.3,1.2
2025-11-14 20:00:00 PST,1763179200,101.14,101.19,E,8,12,,98,7.3,7.7,,,11300,2.3,,8,,,7.9,7.7,0.9
2025-11-14 19:00:00 PST,1763175600,101.08,101.13,ENE,7,11,,96,7.3,7.9,,,12900,2.3,,8,,,8.1,7.8,1
2025-11-14 18:00:00 PST,1763172000,101.07,101.12,ENE,7,13,,94,7.1,8.1,,,16100,2.2,,8,,,8.1,7.9,0.4
2025-11-14 17:00:00 PST,1763168400,101.05,101.1,E,9,12,,96,7.4,8,,,19300,2.1,,8,,,8.7,7.9,0
2025-11-14 16:00:00 PST,1763164800,101.05,101.1,E,8,4,,76,4.6,8.6,,,19300,2.1,,8,,,8.8,8.4,0
2025-11-14 15:00:00 PST,1763161200,101.03,101.08,S,17,8,,74,4.5,8.7,,,16100,2.1,,8,,,8.8,8.4,0
2025-11-14 14:00:00 PST,1763157600,101,101.05,E,9,14,,91,7.5,8.8,,,24100,2.1,,8,,,9.1,8.6,0
2025-11-14 13:00:00 PST,1763154000,100.98,101.03,E,9,9,,88,7.3,9.1,,,32200,2,,8,,,9.1,8.5,0
2025-11-14 12:00:00 PST,1763150400,100.97,101.02,E,9,7,,88,6.7,8.5,,,32200,2,,8,,,8.8,8.4,0
2025-11-14 11:00:00 PST,1763146800,100.92,100.97,E,9,9,,92,7.2,8.5,,,32200,2,,8,,,8.5,7.7,0
2025-11-14 10:00:00 PST,1763143200,100.9,100.95,ENE,7,8,,94,6.8,7.7,,,32200,2,,8,,,7.7,7.2,0
2025-11-14 09:00:00 PST,1763139600,100.84,100.89,E,8,8,,95,6.5,7.2,,,32200,1.9,,8,,,7.2,6.3,0
2025-11-14 08:00:00 PST,1763136000,100.8,100.85,E,8,11,,99,6.1,6.3,,,32200,1.9,,8,,,6.6,6.2,0
2025-11-14 07:00:00 PST,1763132400,100.77,100.82,ESE,10,9,,98,6.1,6.4,,,32200,1.8,,8,,,6.4,5.8,0
2025-11-14 06:00:00 PST,1763128800,100.74,100.79,E,10,8,,99,5.8,5.9,,,32200,1.9,,8,,,6.1,5.7,0
2025-11-14 05:00:00 PST,1763125200,100.74,100.79,ESE,11,9,,100,5.7,5.8,,,32200,1.9,,8,,,6.1,5.6,0
2025-11-14 04:00:00 PST,1763121600,100.74,100.79,E,9,8,,100,5.7,5.7,,,32200,1.9,,8,,,5.7,5.3,0
2025-11-14 03:00:00 PST,1763118000,100.72,100.77,E,8,12,,100,5.2,5.2,,,32200,2,,8,,,5.5,4.9,0
2025-11-14 02:00:00 PST,1763114400,100.68,100.73,ESE,10,12,,99,5.3,5.5,,,32200,2.1,,7,,,6,5.4,0
2025-11-14 01:00:00 PST,1763110800,100.63,100.68,ENE,7,9,,96,5.5,6.1,,,32200,2.1,,6,,,6.4,5.6,0
2025-11-14 00:00:00 PST,1763107200,100.63,100.68,ENE,7,5,,96,5.9,6.4,,,32200,2.2,,8,,,7.5,6,0
2025-11-13 23:00:00 PST,1763103600,100.6,100.65,,30,0,,91,5.5,6.9,,,32200,2.2,,8,,,7.2,6.6,0
2025-11-13 22:00:00 PST,1763100000,100.57,100.62,WNW,28,13,,90,5.3,6.8,,,32200,2.2,,7,,,7,5.8,0
2025-11-13 21:00:00 PST,1763096400,100.53,100.58,WNW,29,8,,92,5.1,6.2,,,32200,2.3,,4,,,7.7,6.2,0
2025-11-13 20:00:00 PST,1763092800,100.49,100.54,WNW,29,21,,84,5.2,7.6,,,32200,2.3,,6,,,7.7,7.3,0
2025-11-13 19:00:00 PST,1763089200,100.42,100.47,WNW,30,21,,84,5.2,7.6,,,32200,2.2,,2,,,7.8,7.2,0
2025-11-13 18:00:00 PST,1763085600,100.33,100.38,W,27,20,,87,5.5,7.5,,,24100,2,,1,,,8.2,7.4,0
2025-11-13 17:00:00 PST,1763082000,100.32,100.37,W,27,19,,89,6.3,7.9,,,32200,2,,4,,,8.6,7.9,0
2025-11-13 16:00:00 PST,1763078400,100.22,100.27,WNW,28,28,37,90,6.9,8.5,,,32200,1.9,,6,,,8.6,8.3,0
2025-11-13 15:00:00 PST,1763074800,100.19,100.24,WNW,28,32,32,89,6.7,8.3,,,32200,1.9,,7,,,8.6,8.2,0
2025-11-13 14:00:00 PST,1763071200,100.12,100.17,WNW,28,35,48,91,7.2,8.6,,,32200,1.8,,7,,,8.6,7.9,0
2025-11-13 13:00:00 PST,1763067600,100.05,100.1,WNW,29,36,47,98,7.7,8,,,12900,1.7,,8,,,8.4,7.9,1.1
2025-11-13 12:00:00 PST,1763064000,100.04,100.09,WNW,28,40,50,98,7.9,8.2,,,9700,1.7,,8,,,8.5,8.2,1.4
2025-11-13 11:00:00 PST,1763060400,100.06,100.11,WNW,28,42,,99,8.2,8.3,,,12900,1.9,,8,,,9.1,8.3,0.6
2025-11-13 10:00:00 PST,1763056800,100.07,100.12,WNW,28,32,34,100,9.1,9.1,,,9700,2,,8,,,12.2,9,2
2025-11-13 09:00:00 PST,1763053200,99.97,100.02,WSW,24,22,,100,11.6,11.7,,,9700,1.9,,8,,,12.2,11.7,2.4
2025-11-13 08:00:00 PST,1763049600,99.98,100.03,SE,13,19,,100,11.8,11.8,,,4800,1.8,,8,,,11.9,11.5,2.5
2025-11-13 07:00:00 PST,1763046000,100,100.05,E,9,16,,100,11.6,11.6,,,9700,1.7,,8,,,11.7,11.5,2.9
2025-11-13 06:00:00 PST,1763042400,100.06,100.11,E,9,14,,100,11.7,11.7,,,9700,1.7,,8,,,11.9,11.5,0.6
2025-11-13 05:00:00 PST,1763038800,100.14,100.19,ENE,7,18,,99,11.7,11.8,,,24100,1.7,,8,,,12,11.7,0.2
2025-11-13 04:00:00 PST,1763035200,100.25,100.3,ESE,10,12,,97,11.6,12,,,24100,1.7,,8,,,12.2,11.9,0
2025-11-13 03:00:00 PST,1763031600,100.33,100.38,E,8,13,,99,11.8,11.9,,,24100,1.9,,8,,,12,11.7,0.3
2025-11-13 02:00:00 PST,1763028000,100.41,100.46,ENE,7,13,,99,11.6,11.8,,,24100,1.8,,8,,,11.8,11.3,0
2025-11-13 01:00:00 PST,1763024400,100.49,100.54,E,10,10,,99,11.3,11.5,,,19300,1.7,,8,,,11.7,11.3,0.3
2025-11-13 00:00:00 PST,1763020800,100.55,100.6,E,8,18,,99,11.3,11.3,,,12900,1.8,,8,,,11.4,10.5,0.6
2025-11-12 23:00:00 PST,1763017200,100.59,100.64,E,8,16,,100,10.5,10.5,,,12900,1.8,,8,,,10.5,9.8,0.5
2025-11-12 22:00:00 PST,1763013600,100.63,100.68,E,8,10,,100,9.9,9.9,,,12900,1.9,,8,,,10,9.5,1.3
2025-11-12 21:00:00 PST,1763010000,100.7,100.75,ESE,10,8,,100,9.5,9.5,,,32200,2,,8,,,9.7,9.5,0.7
2025-11-12 20:00:00 PST,1763006400,100.72,100.77,ESE,11,12,,99,9.4,9.6,,,12900,2.1,,8,,,9.6,9.2,0.3
2025-11-12 19:00:00 PST,1763002800,100.74,100.79,E,8,9,,98,8.9,9.2,,,12900,2,,8,,,9.2,8.8,0.2
2025-11-12 18:00:00 PST,1762999200,100.76,100.81,ESE,10,7,,99,8.7,8.8,,,12900,2,,8,,,8.9,8.4,0.4
2025-11-12 17:00:00 PST,1762995600,100.77,100.82,E,8,6,,97,7.9,8.4,,,12900,2,,8,,,8.5,8.2,0.1
2025-11-12 16:00:00 PST,1762992000,100.87,100.92,WNW,29,9,,97,7.9,8.3,,,12900,2,,8,,,8.6,8.3,0.4
2025-11-12 15:00:00 PST,1762988400,100.82,100.87,WSW,25,9,,97,8,8.5,,,12900,2,,8,,,9.2,8.4,0.3
2025-11-12 14:00:00 PST,1762984800,100.87,100.92,S,17,7,,86,7.1,9.3,,,24100,1.9,,8,,,9.5,8.3,0
2025-11-12 13:00:00 PST,1762981200,100.93,100.98,NW,30,7,,89,7.6,9.3,,,32200,1.9,,8,,,9.5,8.6,0
2025-11-12 12:00:00 PST,1762977600,101.01,101.06,WSW,24,9,,87,6.8,8.9,,,32200,1.9,,8,,,9.5,8.8,0
2025-11-12 11:00:00 PST,1762974000,101.08,101.13,,22,0,,86,6.7,8.8,,,32200,1.9,,8,,,9.1,8.3,0
2025-11-12 10:00:00 PST,1762970400,101.07,101.12,ENE,6,8,,89,6.5,8.2,,,32200,1.7,,8,,,8.2,7.4,0
2025-11-12 09:00:00 PST,1762966800,101.1,101.15,ESE,10,9,,96,6.8,7.4,,,32200,1.6,,8,,,7.4,5.3,0
2025-11-12 08:00:00 PST,1762963200,101.12,101.17,SE,12,7,,100,5.3,5.3,,,32200,1.5,,6,,,5.8,4.4,0
2025-11-12 07:00:00 PST,1762959600,101.12,101.17,SE,13,5,,100,4.6,4.6,,,32200,1.5,,2,,,5.8,3.6,0
2025-11-12 06:00:00 PST,1762956000,101.15,101.2,E,9,3,,99,3.6,3.8,,,32200,1.5,,1,,,5.7,3.2,0
2025-11-12 05:00:00 PST,1762952400,101.17,101.22,,,0,,100,5.1,5.1,,,32200,1.6,,2,,,6.4,4.3,0
2025-11-12 04:00:00 PST,1762948800,101.21,101.26,E,10,5,,99,5.1,5.3,,,32200,1.6,,1,,,6.6,5.2,0
2025-11-12 03:00:00 PST,1762945200,101.25,101.3,NNW,33,3,,100,6.3,6.3,,,32200,1.7,,2,,,6.4,5.4,0
2025-11-12 02:00:00 PST,1762941600,101.27,101.32,,,0,,96,5.5,6,,,32200,1.8,,8,,,7.5,6,0
2025-11-12 01:00:00 PST,1762938000,101.34,101.39,ENE,7,4,,95,6.5,7.2,,,32200,1.9,,7,,,8,6.5,0
2025-11-12 00:00:00 PST,1762934400,101.35,101.4,E,8,9,,89,6.3,8,,,32200,2.2,,7,,,8.5,7.8,0
2025-11-11 23:00:00 PST,1762930800,101.38,101.43,E,9,5,,87,5.7,7.7,,,32200,2.1,,8,,,8.8,7.7,0
2025-11-11 22:00:00 PST,1762927200,101.45,101.5,NNW,34,8,,91,7.2,8.6,,,32200,2.2,,8,,,8.8,8.5,0
2025-11-11 21:00:00 PST,1762923600,101.51,101.56,WNW,29,14,,91,7.1,8.5,,,32200,2.4,,8,,,8.6,8.2,0
2025-11-11 20:00:00 PST,1762920000,101.55,101.6,WNW,29,16,,96,7.6,8.2,,,32200,2.4,,8,,,8.2,6.6,0
2025-11-11 19:00:00 PST,1762916400,101.59,101.64,WNW,28,9,,94,6.1,7,,,32200,2.5,,8,,,7.4,5.7,0
2025-11-11 18:00:00 PST,1762912800,101.63,101.68,NW,30,10,,97,5.7,6.2,,,32200,2.4,,1,,,7.2,5.8,0
2025-11-11 17:00:00 PST,1762909200,101.7,101.75,WNW,29,12,,96,5.9,6.4,,,32200,2.3,,2,,,8,6.4,0
2025-11-11 16:00:00 PST,1762905600,101.79,101.84,WNW,30,12,,92,6.7,7.9,,,32200,2.3,,6,,,9.1,7.9,0
2025-11-11 15:00:00 PST,1762902000,101.91,101.96,WNW,28,13,,84,6.6,9.1,,,32200,2.2,,5,,,11.1,9.1,0
2025-11-11 14:00:00 PST,1762898400,101.95,102,SW,22,12,,69,5.8,11.2,,,32200,2.1,,2,,,12.5,10.9,0
2025-11-11 13:00:00 PST,1762894800,102.06,102.11,E,9,12,,60,4.5,12.1,,,32200,2.1,,8,,,12.2,11.2,0
2025-11-11 12:00:00 PST,1762891200,102.25,102.3,E,8,13,,67,5.3,11.2,,,32200,2,,8,,,11.2,10.2,0
2025-11-11 11:00:00 PST,1762887600,102.36,102.41,E,9,16,,74,5.8,10.3,,,32200,1.9,,7,,,10.4,8.8,0
2025-11-11 10:00:00 PST,1762884000,102.38,102.43,E,9,18,,84,6.2,8.8,,,32200,1.8,,5,,,9.1,8.1,0
2025-11-11 09:00:00 PST,1762880400,102.43,102.48,E,9,19,,90,6.6,8.1,,,32200,1.8,,2,,,8.1,6.6,0
2025-11-11 08:00:00 PST,1762876800,102.44,102.49,E,8,14,,96,5.8,6.5,,,32200,1.8,,3,,,6.5,5.2,0
2025-11-11 07:00:00 PST,1762873200,102.41,102.46,E,7,13,,94,5.1,6,,,32200,1.8,,1,,,6,4,0
2025-11-11 06:00:00 PST,1762869600,102.43,102.48,E,8,8,,97,4.1,4.5,,,32200,1.8,,0,,,6.2,4.4,0
2025-11-11 05:00:00 PST,1762866000,102.41,102.46,E,9,9,,98,4.5,4.9,,,32200,1.8,,0,,,5.8,4.9,0
2025-11-11 04:00:00 PST,1762862400,102.45,102.5,E,8,5,,96,5,5.7,,,32200,1.8,,3,,,7.5,5.5,0
2025-11-11 03:00:00 PST,1762858800,102.44,102.49,E,8,9,,94,5.7,6.6,,,32200,1.9,,1,,,7.5,6.1,0
2025-11-11 02:00:00 PST,1762855200,102.43,102.48,E,9,5,,93,5.3,6.4,,,32200,2,,7,,,8.7,6.4,0
2025-11-11 01:00:00 PST,1762851600,102.42,102.47,SE,13,9,,83,6,8.7,,,32200,2.1,,5,,,9.2,8.2,0
2025-11-11 00:00:00 PST,1762848000,102.44,102.49,SSE,15,4,,78,5.6,9.2,,,32200,2.1,,7,,,9.8,8.5,0
2025-11-10 23:00:00 PST,1762844400,102.4,102.45,SE,12,7,,78,5.4,9,,,32200,2.1,,8,,,10,9,0
2025-11-10 22:00:00 PST,1762840800,102.38,102.43,S,17,4,,77,6,9.8,,,32200,2.2,,8,,,10,9.1,0
2025-11-10 21:00:00 PST,1762837200,102.34,102.39,SSW,19,9,,85,7.1,9.5,,,32200,2.2,,8,,,10.3,9.5,0
2025-11-10 20:00:00 PST,1762833600,102.33,102.38,W,26,23,,79,6.8,10.3,,,32200,2.2,,8,,,10.3,9.9,0
2025-11-10 19:00:00 PST,1762830000,102.3,102.35,W,27,18,,81,7,10.2,,,32200,2.2,,8,,,10.5,9.8,0
2025-11-10 18:00:00 PST,1762826400,102.23,102.28,WNW,28,16,,86,7.5,9.7,,,32200,2.1,,7,,,10.4,9.4,0
2025-11-10 17:00:00 PST,1762822800,102.16,102.21,WNW,30,21,,79,6.9,10.4,,,32200,1.9,,7,,,10.5,10,0
2025-11-10 16:00:00 PST,1762819200,102.13,102.18,WNW,29,23,29,80,7.2,10.5,,,48300,1.9,,8,,,11.5,10.5,0
2025-11-10 15:00:00 PST,1762815600,102.11,102.16,W,27,18,,85,9.1,11.4,,,48300,1.8,,8,,,12.5,10.9,0
2025-11-10 14:00:00 PST,1762812000,102.07,102.12,SSW,20,16,,84,10,12.6,,,40200,1.7,,7,,,14.1,12.6,0
2025-11-10 13:00:00 PST,1762808400,102.06,102.11,S,18,16,,81,11,14.1,,,40200,1.6,,7,,,14.5,14,0
2025-11-10 12:00:00 PST,1762804800,102.05,102.1,SSE,16,25,,84,11.7,14.4,,,40200,1.6,,8,,,14.9,14.3,0
2025-11-10 11:00:00 PST,1762801200,102.07,102.12,S,17,32,42,85,11.9,14.4,,,40200,1.7,,5,,,14.7,13.4,0
2025-11-10 10:00:00 PST,1762797600,102.04,102.09,SSE,15,21,,91,12.2,13.7,,,40200,1.9,,7,,,14.1,12.8,0
2025-11-10 09:00:00 PST,1762794000,102.01,102.06,SE,12,12,,96,12.2,12.8,,,40200,1.9,,7,,,12.8,12.2,0
2025-11-10 08:00:00 PST,1762790400,101.98,102.03,SE,13,19,30,97,11.7,12.1,,,40200,2,,7,,,12.3,12,0
2025-11-10 07:00:00 PST,1762786800,101.97,102.02,SE,12,14,,97,11.6,12.1,,,32200,1.8,,7,,,12.1,11.3,0
2025-11-10 06:00:00 PST,1762783200,101.98,102.03,E,9,16,,99,11.2,11.4,,,32200,2,,8,,,11.6,11.3,0
2025-11-10 05:00:00 PST,1762779600,102,102.05,ESE,10,18,,97,11.2,11.7,,,24100,1.6,,8,,,11.8,11.4,0
2025-11-10 04:00:00 PST,1762776000,102.03,102.08,ESE,10,18,,100,11.4,11.4,,,32200,1.6,,8,,,11.7,11.4,0
2025-11-10 03:00:00 PST,1762772400,102.03,102.08,E,8,17,,100,11.6,11.6,,,32200,1.6,,8,,,12,11.4,0
2025-11-10 02:00:00 PST,1762768800,102.07,102.12,E,9,22,,100,11.8,11.8,,,32200,1.6,,8,,,12,11.3,0
2025-11-10 01:00:00 PST,1762765200,102.05,102.1,E,9,27,,100,11.3,11.3,,,32200,1.7,,8,,,11.7,11.3,0.4
2025-11-10 00:00:00 PST,1762761600,102.05,102.1,E,8,21,,100,11.5,11.5,,,16100,1.7,,8,,,11.7,11.4,1.5
2025-11-09 23:00:00 PST,1762758000,102.09,102.14,E,8,10,,100,11.6,11.6,,,32200,1.9,,8,,,11.8,11.5,1.1
2025-11-09 22:00:00 PST,1762754400,101.98,102.03,E,8,8,,100,11.6,11.7,,,16100,2,,8,,,12.1,11.7,0.8
2025-11-09 21:00:00 PST,1762750800,101.95,102,NE,5,13,,99,11.8,12,,,19300,3,,8,,,12.5,11.9,0.5
2025-11-09 20:00:00 PST,1762747200,101.88,101.93,NE,5,22,41,89,10.9,12.6,,,19300,2.1,,8,,,15.9,12.6,0.6
2025-11-09 19:00:00 PST,1762743600,101.77,101.82,ENE,6,10,,55,6.9,15.7,,,32200,2.1,,8,,,15.7,14.6,0
2025-11-09 18:00:00 PST,1762740000,101.75,101.8,E,9,23,,59,7.1,14.9,,,32200,2,,8,,,14.9,13.2,0
2025-11-09 17:00:00 PST,1762736400,101.8,101.85,E,8,14,,70,8,13.3,,,32200,2,,7,,,13.8,12.8,0
2025-11-09 16:00:00 PST,1762732800,101.87,101.92,E,9,13,,71,7.9,13,,,32200,1.9,,7,,,14.4,13,0
2025-11-09 15:00:00 PST,1762729200,101.91,101.96,ENE,7,11,,62,7.2,14.3,,,32200,1.9,,7,,,14.5,13.8,0
2025-11-09 14:00:00 PST,1762725600,101.94,101.99,E,8,17,,67,7.7,13.7,,,32200,1.9,,7,,,14.2,12.4,0
2025-11-09 13:00:00 PST,1762722000,102.01,102.06,N,35,4,,71,7.2,12.4,,,32200,1.8,,7,,,13.3,11.6,0
2025-11-09 12:00:00 PST,1762718400,102.08,102.13,,21,0,,58,5,13.1,,,32200,1.7,,7,,,13.3,11.6,0
2025-11-09 11:00:00 PST,1762714800,102.08,102.13,SE,12,5,,64,5.2,11.7,,,32200,1.7,,7,,,11.7,10,0
2025-11-09 10:00:00 PST,1762711200,102.09,102.14,NW,31,3,,79,7.2,10.7,,,32200,1.7,,5,,,10.8,8.4,0
2025-11-09 09:00:00 PST,1762707600,102.02,102.07,ENE,6,5,,83,5.5,8.2,,,32200,1.6,,4,,,8.2,5.4,0
2025-11-09 08:00:00 PST,1762704000,102,102.05,ENE,6,5,,91,4.7,6,,,32200,1.6,,2,,,6,3.8,0
2025-11-09 07:00:00 PST,1762700400,101.97,102.02,,,0,,94,3.1,4,,,32200,1.6,,1,,,5.1,3.1,0
2025-11-09 06:00:00 PST,1762696800,101.99,102.04,N,0,7,,98,4.3,4.6,,,32200,1.5,,1,,,4.6,3.5,0
2025-11-09 05:00:00 PST,1762693200,102,102.05,NNW,34,4,,100,4,4.1,,,32200,1.5,,2,,,4.8,3.4,0
2025-11-09 04:00:00 PST,1762689600,101.98,102.03,,,0,,98,4.4,4.7,,,32200,1.5,,2,,,5.7,4,0
2025-11-09 03:00:00 PST,1762686000,102.01,102.06,,,0,,91,4.4,5.8,,,32200,1.7,,0,,,5.9,3.9,0
2025-11-09 02:00:00 PST,1762682400,102.03,102.08,,,0,,92,4,5.2,,,32200,1.8,,2,,,7.6,5,0
2025-11-09 01:00:00 PST,1762678800,102,102.05,,,0,,80,4.7,8,,,32200,1.7,,3,,,8.4,5.8,0
2025-11-09 00:00:00 PST,1762675200,102.03,102.08,E,8,3,,83,5,7.8,,,32200,1.8,,7,,,8.8,7,0
2025-11-08 23:00:00 PST,1762671600,102.01,102.06,NE,3,5,,89,6,7.8,,,32200,1.8,,5,,,9.7,6.9,0
2025-11-08 22:00:00 PST,1762668000,102.03,102.08,,,0,,85,5.9,8.3,,,32200,1.9,,8,,,9.2,7.4,0
2025-11-08 21:00:00 PST,1762664400,102.06,102.11,,,0,,92,6.1,7.4,,,32200,1.9,,8,,,9,7.3,0
2025-11-08 20:00:00 PST,1762660800,102,102.05,NNE,1,5,,81,6.2,9.2,,,32200,1.9,,8,,,9.5,8.2,0
2025-11-08 19:00:00 PST,1762657200,102.04,102.09,N,0,5,,91,7.3,8.7,,,32200,2,,8,,,9.4,8.6,0
2025-11-08 18:00:00 PST,1762653600,102.06,102.11,S,17,3,,83,6.7,9.4,,,32200,2,,6,,,9.6,8.7,0
2025-11-08 17:00:00 PST,1762650000,102.05,102.1,WNW,29,3,,88,7.2,9.2,,,32200,2,,7,,,11,9.2,0
2025-11-08 16:00:00 PST,1762646400,102.11,102.16,SE,13,5,,72,6.1,10.9,,,32200,2,,8,,,10.9,10.4,0
2025-11-08 15:00:00 PST,1762642800,102.16,102.21,N,35,7,,72,6.1,11,,,24100,1.9,,7,,,11.1,10.3,0
2025-11-08 14:00:00 PST,1762639200,102.22,102.27,NW,30,12,,82,7.4,10.3,,,32200,1.9,,8,,,10.4,9.8,0
2025-11-08 13:00:00 PST,1762635600,102.26,102.31,WNW,29,12,,83,7.3,10.1,,,32200,1.8,,8,,,11.8,10.1,0
2025-11-08 12:00:00 PST,1762632000,102.31,102.36,ESE,11,10,,63,4.5,11.2,,,32200,1.7,,7,,,11.4,10.3,0
2025-11-08 11:00:00 PST,1762628400,102.37,102.42,,14,0,,72,5.5,10.3,,,32200,1.7,,8,,,10.4,8.9,0
2025-11-08 10:00:00 PST,1762624800,102.38,102.43,ESE,10,8,,81,5.7,8.9,,,32200,1.7,,7,,,9,8.1,0
2025-11-08 09:00:00 PST,1762621200,102.36,102.41,ESE,11,12,,85,5.7,8,,,32200,1.6,,7,,,8.2,6.8,0
2025-11-08 08:00:00 PST,1762617600,102.36,102.41,SE,14,7,,91,5.4,6.8,,,32200,1.6,,6,,,6.8,4.7,0
2025-11-08 07:00:00 PST,1762614000,102.38,102.43,ENE,6,6,,97,4.6,5.1,,,32200,1.5,,3,,,5.8,4.7,0
2025-11-08 06:00:00 PST,1762610400,102.4,102.45,ESE,10,8,,97,4.3,4.7,,,24100,1.6,,4,,,5.7,4.3,0
2025-11-08 05:00:00 PST,1762606800,102.4,102.45,ENE,7,8,,96,4.8,5.4,,,24100,1.6,,4,,,5.8,4.2,0
2025-11-08 04:00:00 PST,1762603200,102.41,102.46,ENE,7,10,,98,4.8,5,,,24100,1.7,,3,,,5.7,4.2,0
2025-11-08 03:00:00 PST,1762599600,102.47,102.52,NNE,3,5,,94,4.7,5.5,,,24100,1.8,,5,,,6.5,5.1,0
2025-11-08 02:00:00 PST,1762596000,102.48,102.53,ENE,7,11,,97,6.1,6.5,,,24100,1.9,,5,,,6.8,5.2,0
2025-11-08 01:00:00 PST,1762592400,102.48,102.53,ENE,7,10,,94,5.9,6.8,,,24100,2.1,,6,,,7.1,6.2,0
2025-11-08 00:00:00 PST,1762588800,102.48,102.53,ESE,10,16,,98,5.9,6.2,,,24100,2.2,,6,,,6.6,5.8,0
2025-11-07 23:00:00 PST,1762585200,102.49,102.54,E,7,10,,96,5.4,6,,,24100,2.4,,7,,,6.8,5.8,0
2025-11-07 22:00:00 PST,1762581600,102.45,102.5,E,9,10,,93,5.2,6.2,,,24100,2.4,,6,,,6.6,5.7,0
2025-11-07 21:00:00 PST,1762578000,102.41,102.46,E,9,12,,94,5.4,6.2,,,24100,2.5,,7,,,8.3,6.2,0
2025-11-07 20:00:00 PST,1762574400,102.36,102.41,E,8,10,,90,6,7.6,,,24100,2.5,,3,,,8.9,7.5,0
2025-11-07 19:00:00 PST,1762570800,102.31,102.36,ESE,10,10,,85,6.5,9,,,24100,2.4,,7,,,9.4,8.8,0
2025-11-07 18:00:00 PST,1762567200,102.25,102.3,ESE,11,8,,85,6.4,8.8,,,24100,2.4,,6,,,9.5,8.8,0
2025-11-07 17:00:00 PST,1762563600,102.22,102.27,SSE,15,14,,80,6.3,9.5,,,32200,2.4,,6,,,10.3,9.5,0
2025-11-07 16:00:00 PST,1762560000,102.21,102.26,S,17,16,,75,6,10.2,,,32200,2.4,,4,,,11.9,10.2,0
2025-11-07 15:00:00 PST,1762556400,102.15,102.2,S,17,17,,67,6,11.8,,,32200,2.4,,2,,,12.1,11,0
2025-11-07 14:00:00 PST,1762552800,102.14,102.19,S,18,21,,66,5.8,11.9,,,32200,2.3,,3,,,12.5,11.9,0
2025-11-07 13:00:00 PST,1762549200,102.11,102.16,S,17,22,,68,6.5,12.1,,,32200,2.4,,3,,,12.5,11.8,0
2025-11-07 12:00:00 PST,1762545600,102.09,102.14,S,17,23,29,71,6.8,11.9,,,32200,2.4,,4,,,12,10.9,0
2025-11-07 11:00:00 PST,1762542000,102.06,102.11,S,18,23,29,77,7.4,11.3,,,32200,2.4,,7,,,11.3,10,0
2025-11-07 10:00:00 PST,1762538400,101.98,102.03,S,17,22,35,81,6.9,10,,,24100,2.4,,7,,,10.2,9.9,0
2025-11-07 09:00:00 PST,1762534800,101.88,101.93,S,17,19,30,80,6.7,9.9,,,24100,2.4,,7,,,10,9.4,0
2025-11-07 08:00:00 PST,1762531200,101.78,101.83,SSE,16,24,,82,6.7,9.7,,,32200,2.4,,7,,,9.7,9.4,0
2025-11-07 07:00:00 PST,1762527600,101.68,101.73,S,18,24,39,78,6,9.7,,,32200,2.3,,7,,,9.8,9.5,0
2025-11-07 06:00:00 PST,1762524000,101.57,101.62,S,18,26,36,79,6,9.5,,,32200,2.2,,8,,,9.6,9.2,0
2025-11-07 05:00:00 PST,1762520400,101.46,101.51,S,17,28,39,78,5.9,9.5,,,32200,2.2,,7,,,9.7,9,0
2025-11-07 04:00:00 PST,1762516800,101.34,101.39,SSE,16,22,32,77,5.4,9.1,,,32200,2.1,,4,,,9.3,9.1,0
2025-11-07 03:00:00 PST,1762513200,101.26,101.31,S,17,23,32,81,6.2,9.3,,,32200,2.2,,8,,,9.8,9.1,0
2025-11-07 02:00:00 PST,1762509600,101.13,101.18,SSW,19,22,28,78,6.1,9.7,,,32200,2.2,,7,,,9.9,9.3,0
2025-11-07 01:00:00 PST,1762506000,100.98,101.03,S,18,21,30,80,6.5,9.8,,,32200,2.2,,7,,,10,9.5,0
2025-11-07 00:00:00 PST,1762502400,100.9,100.95,S,17,22,34,77,6.2,10.1,,,32200,2.3,,8,,,10.8,10,0
2025-11-06 23:00:00 PST,1762498800,100.78,100.83,SSE,16,19,,73,6,10.5,,,32200,2.3,,8,,,10.5,9.8,0
2025-11-06 22:00:00 PST,1762495200,100.64,100.69,S,17,16,,80,6.5,9.8,,,32200,2.4,,7,,,10.2,9.8,0
2025-11-06 21:00:00 PST,1762491600,100.52,100.57,S,18,16,,81,6.8,9.9,,,32200,2.4,,7,,,10.6,9.9,0
2025-11-06 20:00:00 PST,1762488000,100.39,100.44,S,18,24,29,77,6.7,10.5,,,32200,2.4,,4,,,11,10.5,0
2025-11-06 19:00:00 PST,1762484400,100.27,100.32,S,18,16,28,79,7.2,10.7,,,32200,2.3,,8,,,11.7,10.7,0
2025-11-06 18:00:00 PST,1762480800,100.22,100.27,S,18,22,,89,9.1,10.8,,,12900,2.2,,8,,,11.9,10.8,0.4
2025-11-06 17:00:00 PST,1762477200,100.15,100.2,S,17,33,49,93,10.8,11.9,,,9700,2.1,,8,,,12,10.9,3
2025-11-06 16:00:00 PST,1762473600,100.16,100.21,ESE,11,28,38,96,10.9,11.6,,,3200,2.1,,8,,,11.6,10.9,2.1
2025-11-06 15:00:00 PST,1762470000,100.23,100.28,E,9,36,45,96,10.5,11,,,4800,2.2,,8,,,11.1,10.9,1.5
2025-11-06 14:00:00 PST,1762466400,100.44,100.49,E,8,32,42,98,10.7,11,,,6400,2.2,,8,,,11.2,10.9,2.4
2025-11-06 13:00:00 PST,1762462800,100.69,100.74,E,10,23,,97,10.6,11.1,,,4000,2.2,,8,,,11.6,11.1,1.8
2025-11-06 12:00:00 PST,1762459200,100.86,100.91,ESE,11,27,,88,9.7,11.5,,,12900,2.2,,8,,,11.5,11.2,0.2
2025-11-06 11:00:00 PST,1762455600,100.98,101.03,ESE,10,27,42,91,10.1,11.4,,,12900,2.2,,8,,,12.5,11.4,0.2
2025-11-06 10:00:00 PST,1762452000,101.04,101.09,E,8,18,,94,11.4,12.3,,,16100,2.3,,8,,,12.5,10.8,0
2025-11-06 09:00:00 PST,1762448400,101.11,101.16,ESE,11,14,,97,10.6,11.1,,,16100,2.3,,7,,,11.1,10.6,0
2025-11-06 08:00:00 PST,1762444800,101.1,101.15,E,9,15,,98,10.3,10.6,,,16100,2.3,,8,,,10.7,10.5,0
2025-11-06 07:00:00 PST,1762441200,101.08,101.13,SE,13,12,,96,10,10.6,,,32200,2.3,,8,,,11.5,10.5,0.3
2025-11-06 06:00:00 PST,1762437600,101.03,101.08,SSE,15,18,28,85,8.9,11.3,,,32200,2.2,,8,,,11.5,11.1,0
2025-11-06 05:00:00 PST,1762434000,100.96,101.01,SSE,15,19,29,85,8.7,11.1,,,32200,2.1,,8,,,11.2,10.2,0
2025-11-06 04:00:00 PST,1762430400,100.9,100.95,SE,14,15,,93,9.2,10.2,,,32200,2.1,,7,,,10.7,10.2,0
2025-11-06 03:00:00 PST,1762426800,100.81,100.86,SE,14,27,37,97,10.1,10.6,,,32200,2.1,,8,,,10.6,10.2,0
2025-11-06 02:00:00 PST,1762423200,100.74,100.79,SE,13,25,35,98,10,10.2,,,32200,2.2,,8,,,10.9,10.2,1.6
2025-11-06 01:00:00 PST,1762419600,100.64,100.69,SE,13,27,37,97,10.1,10.6,,,19300,2.1,,8,,,10.9,10.6,0
2025-11-06 00:00:00 PST,1762416000,100.57,100.62,SE,13,28,,96,10,10.7,,,32200,2.2,,8,,,10.8,10.1,0
2025-11-05 23:00:00 PST,1762412400,100.51,100.56,ESE,11,18,,99,9.9,10.1,,,32200,2.3,,8,,,10.5,9.9,0
2025-11-05 22:00:00 PST,1762408800,100.35,100.4,ESE,11,21,,99,10.2,10.3,,,32200,2.3,,7,,,11.1,10.2,0.3
2025-11-05 21:00:00 PST,1762405200,100.26,100.31,SSE,15,19,28,99,10.8,11,,,19300,2.3,,8,,,11.2,10.9,1.8
2025-11-05 20:00:00 PST,1762401600,100.18,100.23,SE,13,21,35,96,10.6,11.2,,,24100,2.3,,8,,,12,11.2,0.3
2025-11-05 19:00:00 PST,1762398000,100.11,100.16,ESE,12,28,43,89,10.2,11.9,,,32200,2.2,,8,,,12.1,11.9,0
2025-11-05 18:00:00 PST,1762394400,100.06,100.11,SE,12,27,,92,10.7,12,,,32200,2.2,,8,,,12.1,11.9,0
2025-11-05 17:00:00 PST,1762390800,99.95,100,SE,12,18,30,92,10.8,12.1,,,40200,2.1,,8,,,12.2,11.8,0
2025-11-05 16:00:00 PST,1762387200,99.88,99.93,SE,13,23,42,90,10.7,12.3,,,40200,2,,7,,,14.1,12.3,0.4
2025-11-05 15:00:00 PST,1762383600,99.8,99.85,ESE,12,24,33,84,10.8,13.4,,,40200,1.9,,8,,,14.1,13.3,0
2025-11-05 14:00:00 PST,1762380000,99.84,99.89,SE,13,28,28,86,11,13.3,,,32200,1.8,,7,,,13.3,12.5,0
2025-11-05 13:00:00 PST,1762376400,99.82,99.87,ESE,10,24,,90,10.8,12.4,,,40200,1.8,,8,,,12.4,11.7,0.1
2025-11-05 12:00:00 PST,1762372800,99.76,99.81,ESE,10,28,39,88,10.2,12.1,,,40200,1.9,,8,,,12.1,11.7,0.1
2025-11-05 11:00:00 PST,1762369200,99.67,99.72,E,8,31,43,87,9.8,11.9,,,32200,1.9,,8,,,12.3,11.8,0.6
2025-11-05 10:00:00 PST,1762365600,99.67,99.72,ESE,10,24,37,87,9.9,12,,,32200,1.9,,8,,,13,12,0
2025-11-05 09:00:00 PST,1762362000,99.65,99.7,E,8,25,36,81,9.3,12.4,,,48300,1.8,,8,,,12.7,11.5,0
2025-11-05 08:00:00 PST,1762358400,99.64,99.69,E,8,29,36,87,9.5,11.5,,,48300,1.8,,8,,,11.6,11.1,0
2025-11-05 07:00:00 PST,1762354800,99.64,99.69,E,8,32,33,91,9.7,11.1,,,32200,1.8,,8,,,11.2,10.3,0
2025-11-05 06:00:00 PST,1762351200,99.68,99.73,E,8,30,40,95,9.5,10.3,,,32200,1.8,,8,,,10.4,9.9,1.2
2025-11-05 05:00:00 PST,1762347600,99.78,99.83,E,8,27,28,95,9.1,9.9,,,24100,1.8,,8,,,10,9.7,1.2
2025-11-05 04:00:00 PST,1762344000,99.9,99.95,E,8,29,,92,8.5,9.8,,,24100,1.9,,8,,,9.9,9.3,0.6
2025-11-05 03:00:00 PST,1762340400,99.99,100.04,E,9,17,,88,7.9,9.8,,,24100,2,,8,,,10.7,9.5,1.1
2025-11-05 02:00:00 PST,1762336800,99.99,100.04,E,8,25,30,76,6.3,10.3,,,32200,2,,8,,,10.3,9.5,0.4
2025-11-05 01:00:00 PST,1762333200,100.16,100.21,E,9,26,,78,6.1,9.7,,,19300,1.8,,8,,,10.5,9.7,0.3
2025-11-05 00:00:00 PST,1762329600,100.26,100.31,E,9,22,,72,5.1,9.9,,,32200,1.9,,8,,,10.3,9.8,0
2025-11-04 23:00:00 PST,1762326000,100.43,100.48,E,8,20,,68,4.4,10.1,,,32200,1.9,,8,,,10.2,9.7,0
2025-11-04 22:00:00 PST,1762322400,100.61,100.66,ENE,6,16,,70,4.7,9.8,,,32200,2,,8,,,10.2,9.5,0
2025-11-04 21:00:00 PST,1762318800,100.76,100.81,ENE,7,13,,67,4.2,10.1,,,32200,2.1,,8,,,10.2,9.2,0
2025-11-04 20:00:00 PST,1762315200,100.87,100.92,E,8,8,,72,4.7,9.4,,,32200,2.1,,8,,,10.1,9.2,0
2025-11-04 19:00:00 PST,1762311600,100.94,100.99,ENE,6,5,,78,5.7,9.3,,,32200,2.1,,8,,,9.7,8.7,0
2025-11-04 18:00:00 PST,1762308000,100.95,101,ESE,10,14,,71,4.5,9.4,,,32200,2.1,,8,,,10.2,8.6,0
2025-11-04 17:00:00 PST,1762304400,100.98,101.03,E,8,7,,71,4.8,9.7,,,48300,2,,8,,,10.2,8.6,0
2025-11-04 16:00:00 PST,1762300800,101.13,101.18,N,0,9,,87,7,8.9,,,48300,2,,8,,,9.7,8.8,0
2025-11-04 15:00:00 PST,1762297200,101.25,101.3,NW,31,8,,85,6.9,9.3,,,48300,1.9,,7,,,10.8,9.3,0
2025-11-04 14:00:00 PST,1762293600,101.34,101.39,W,26,10,,70,6,11.1,,,48300,1.8,,8,,,11.5,10.3,0
2025-11-04 13:00:00 PST,1762290000,101.46,101.51,NW,30,11,,74,6.2,10.6,,,48300,1.7,,6,,,12.2,10.6,0
2025-11-04 12:00:00 PST,1762286400,101.57,101.62,ESE,10,9,,64,4.9,11.5,,,48300,1.6,,2,,,11.5,10.3,0
2025-11-04 11:00:00 PST,1762282800,101.6,101.65,E,9,11,,71,5.4,10.4,,,48300,1.6,,1,,,10.4,8.5,0
2025-11-04 10:00:00 PST,1762279200,101.67,101.72,NE,3,5,,78,5,8.6,,,48300,1.5,,4,,,8.6,5,0
2025-11-04 09:00:00 PST,1762275600,101.68,101.73,E,8,5,,99,4.9,5,,,48300,1.3,,6,,,5,2.3,0
2025-11-04 08:00:00 PST,1762272000,101.67,101.72,E,8,5,,100,3.1,3.1,,,48300,1.3,,2,,,3.4,2,0
2025-11-04 07:00:00 PST,1762268400,101.56,101.61,E,10,7,,99,1.9,2.1,,,48300,1.3,,1,,,3.4,0.8,0
2025-11-04 06:00:00 PST,1762264800,101.52,101.57,NE,5,8,,100,2.9,2.9,,,32200,1.2,,0,,,2.9,0.8,0
2025-11-04 05:00:00 PST,1762261200,101.48,101.53,ESE,10,4,,100,1.7,1.7,,,32200,1.3,,0,,,3.2,0.7,0
2025-11-04 04:00:00 PST,1762257600,101.47,101.52,E,9,8,,100,2.2,2.2,,,32200,1.3,,0,,,2.6,1.2,0
2025-11-04 03:00:00 PST,1762254000,101.43,101.48,E,8,6,,100,2.4,2.4,,,32200,1.4,,0,,,3.6,1.1,0
2025-11-04 02:00:00 PST,1762250400,101.38,101.43,SE,12,5,,99,3.2,3.4,,,32200,1.5,,0,,,3.9,1.8,0
2025-11-04 01:00:00 PST,1762246800,101.31,101.36,,,0,,100,4.1,4.1,,,32200,1.5,,1,,,4.7,0.5,0
2025-11-04 00:00:00 PST,1762243200,101.27,101.32,E,9,3,,100,4.7,4.7,,,32200,1.7,,1,,,5.1,3.1,0
2025-11-03 23:00:00 PST,1762239600,101.26,101.31,E,9,8,,96,3.7,4.4,,,32200,1.8,,0,,,5.2,3.5,0
2025-11-03 22:00:00 PST,1762236000,101.26,101.31,E,9,9,,92,3,4.2,,,32200,2,,1,,,5.7,3.8,0
2025-11-03 21:00:00 PST,1762232400,101.24,101.29,NNW,34,6,,99,4,4.2,,,32200,2,,0,,,6,2.8,0
2025-11-03 20:00:00 PST,1762228800,101.24,101.29,,,0,,90,3.9,5.4,,,32200,2.1,,0,,,5.9,4,0
2025-11-03 19:00:00 PST,1762225200,101.24,101.29,NNW,34,7,,94,4.8,5.7,,,32200,2.2,,0,,,7,4.4,0
2025-11-03 18:00:00 PST,1762221600,101.24,101.29,NW,31,4,,98,4.4,4.7,,,32200,2.4,,0,,,7.4,4.1,0
2025-11-03 17:00:00 PST,1762218000,101.25,101.3,WNW,30,5,,96,6.1,6.7,,,48300,2.3,,2,,,9.1,5.6,0
2025-11-03 16:00:00 PST,1762214400,101.26,101.31,W,27,5,,81,6,9.2,,,48300,2.2,,4,,,10.2,9.2,0
2025-11-03 15:00:00 PST,1762210800,101.27,101.32,WSW,25,6,,73,5.6,10.1,,,48300,2.1,,4,,,10.4,9.5,0
2025-11-03 14:00:00 PST,1762207200,101.3,101.35,WNW,28,9,,79,6.4,9.9,,,48300,2.1,,7,,,11.1,9.6,0
2025-11-03 13:00:00 PST,1762203600,101.34,101.39,NW,30,4,,70,5.2,10.3,,,48300,2,,8,,,10.3,9.8,0
2025-11-03 12:00:00 PST,1762200000,101.43,101.48,WNW,29,4,,72,5.3,10,,,48300,2,,8,,,10,8.9,0
2025-11-03 11:00:00 PST,1762196400,101.49,101.54,SW,23,7,,80,5.9,9,,,48300,1.9,,8,,,9.1,8.3,0
2025-11-03 10:00:00 PST,1762192800,101.5,101.55,NNE,2,5,,82,5.4,8.3,,,40200,1.8,,7,,,8.4,7.5,0
2025-11-03 09:00:00 PST,1762189200,101.55,101.6,E,8,10,,87,5.6,7.5,,,40200,1.6,,8,,,7.6,6.5,0
2025-11-03 08:00:00 PST,1762185600,101.59,101.64,E,9,6,,95,5.7,6.5,,,40200,1.6,,8,,,7.4,5.9,0
2025-11-03 07:00:00 PST,1762182000,101.62,101.67,SSE,15,6,,95,5.4,6.2,,,40200,1.5,,8,,,6.7,5.7,0
2025-11-03 06:00:00 PST,1762178400,101.64,101.69,SSE,16,5,,96,5.1,5.6,,,32200,1.5,,8,,,6.3,5.6,0
2025-11-03 05:00:00 PST,1762174800,101.67,101.72,E,8,5,,94,4.9,5.8,,,32200,1.4,,8,,,6.5,5.5,0
2025-11-03 04:00:00 PST,1762171200,101.82,101.87,NNW,33,5,,97,5,5.5,,,32200,1.4,,8,,,5.8,4.9,0
2025-11-03 03:00:00 PST,1762167600,101.95,102,NW,32,8,,94,4.6,5.4,,,32200,1.4,,8,,,5.9,4.9,0
2025-11-03 02:00:00 PST,1762164000,102.08,102.13,NNW,33,5,,96,4.9,5.5,,,32200,1.5,,8,,,7.4,5.4,0
2025-11-03 01:00:00 PST,1762160400,102.22,102.27,ENE,6,11,,87,5.3,7.4,,,32200,1.6,,8,,,7.4,5.8,0
2025-11-03 00:00:00 PST,1762156800,102.31,102.36,E,9,10,,94,5.6,6.5,,,32200,1.6,,8,,,7.8,6.5,0
2025-11-02 23:00:00 PST,1762153200,102.41,102.46,ENE,6,11,,86,5.6,7.8,,,32200,1.7,,8,,,8.2,7.5,0
2025-11-02 22:00:00 PST,1762149600,102.52,102.57,ENE,6,15,,85,5.8,8.1,,,32200,1.8,,8,,,8.5,8,0
2025-11-02 21:00:00 PST,1762146000,102.6,102.65,NE,4,10,,87,6.1,8.1,,,32200,1.9,,8,,,9,8.1,0
2025-11-02 20:00:00 PST,1762142400,102.65,102.7,NE,5,13,,87,6.9,8.9,,,32200,1.9,,8,,,9.1,8.3,0
2025-11-02 19:00:00 PST,1762138800,102.71,102.76,NE,4,8,,88,6.5,8.3,,,32200,1.9,,8,,,8.8,7.9,0
2025-11-02 18:00:00 PST,1762135200,102.71,102.76,E,8,8,,88,6.5,8.3,,,32200,1.9,,3,,,8.9,7.8,0
2025-11-02 17:00:00 PST,1762131600,102.74,102.79,SE,13,6,,84,6.4,8.9,,,32200,1.9,,7,,,10.1,8.9,0
2025-11-02 16:00:00 PST,1762128000,102.79,102.84,SSE,15,15,,79,6.5,10,,,32200,2,,8,,,10.7,10,0
2025-11-02 15:00:00 PST,1762124400,102.85,102.9,S,18,14,,80,7.3,10.7,,,32200,2,,7,,,11.5,10.7,0
2025-11-02 14:00:00 PST,1762120800,102.86,102.91,S,17,12,,74,7.1,11.5,,,32200,2,,7,,,11.5,10.9,0
2025-11-02 13:00:00 PST,1762117200,102.87,102.92,S,19,14,,75,7.2,11.4,,,32200,2,,8,,,11.6,10.9,0
2025-11-02 12:00:00 PST,1762113600,102.87,102.92,SSE,16,12,,77,7,11,,,32200,2,,8,,,11.2,10.3,0
2025-11-02 11:00:00 PST,1762110000,102.84,102.89,ESE,12,7,,82,7.8,10.8,,,32200,2,,8,,,10.8,9.6,0
2025-11-02 10:00:00 PST,1762106400,102.82,102.87,E,8,10,,86,7.5,9.8,,,32200,1.9,,7,,,10,8.2,0
2025-11-02 09:00:00 PST,1762102800,102.74,102.79,ESE,10,6,,90,6.9,8.4,,,32200,1.8,,5,,,8.4,5.3,0
2025-11-02 08:00:00 PST,1762099200,102.64,102.69,E,8,8,,100,5.4,5.4,,,32200,1.8,,2,,,5.4,3.9,0
2025-11-02 07:00:00 PST,1762095600,102.55,102.6,ENE,7,9,,100,3.9,3.9,,,32200,1.9,,2,,,5.4,3.8,0
2025-11-02 06:00:00 PST,1762092000,102.45,102.5,E,9,9,,100,4.8,4.9,,,32200,1.9,,1,,,5.8,4,0
2025-11-02 05:00:00 PST,1762088400,102.38,102.43,E,9,9,,99,4.8,4.9,,,24100,1.9,,3,,,6.8,4.5,0
2025-11-02 04:00:00 PST,1762084800,102.35,102.4,ESE,10,10,,98,6,6.3,,,19300,1.9,,8,,,6.9,6.1,0
2025-11-02 03:00:00 PST,1762081200,102.25,102.3,E,8,6,,98,5.8,6.1,,,24100,1.8,,8,,,6.1,4.1,0
2025-11-02 02:00:00 PST,1762077600,102.15,102.2,ESE,10,9,,99,5,5.1,,,32200,1.9,,2,,,6.9,4.5,0
2025-11-02 01:00:00 PST,1762074000,102.07,102.12,ENE,7,3,,93,5.7,6.8,,,32200,2,,1,,,7.3,5.5,0
2025-11-02 01:00:00 PDT,1762070400,101.97,102.02,E,9,9,,89,4.4,6.1,,,32200,2,,1,,,8.2,6.1,0
2025-11-02 00:00:00 PDT,1762066800,101.93,101.98,,18,0,,92,6.2,7.4,,,32200,2,,4,,,9.2,7.1,0
2025-11-01 23:00:00 PDT,1762063200,101.86,101.91,WNW,28,14,,93,7.2,8.3,,,24100,2,,7,,,10,8.3,0
2025-11-01 22:00:00 PDT,1762059600,101.75,101.8,SW,22,22,,83,7.1,9.9,,,24100,2,,8,,,9.9,9.5,0
2025-11-01 21:00:00 PDT,1762056000,101.64,101.69,SSW,20,16,,86,7.3,9.6,,,24100,2,,7,,,9.6,8,0
2025-11-01 20:00:00 PDT,1762052400,101.56,101.61,SE,12,9,,93,6.8,7.9,,,32200,2.1,,3,,,8.7,6.5,0
2025-11-01 19:00:00 PDT,1762048800,101.5,101.55,SSE,16,8,,92,7,8.3,,,32200,2.1,,2,,,9.8,7.8,0
2025-11-01 18:00:00 PDT,1762045200,101.42,101.47,SSW,20,12,27,93,8.6,9.8,,,32200,2.1,,3,,,10.7,9.4,0
2025-11-01 17:00:00 PDT,1762041600,101.35,101.4,SW,22,15,30,86,8.4,10.6,,,32200,2.2,,6,,,11.4,10.3,0
2025-11-01 16:00:00 PDT,1762038000,101.2,101.25,WNW,28,19,,81,8.2,11.3,,,32200,2.2,,1,,,11.5,10.4,0
2025-11-01 15:00:00 PDT,1762034400,101.06,101.11,W,27,27,37,92,9,10.3,,,32200,2.2,,3,,,11.4,10.1,0
2025-11-01 14:00:00 PDT,1762030800,100.9,100.95,W,27,39,,87,8.1,10.1,,,32200,2.2,,4,,,11.4,10.1,0
2025-11-01 13:00:00 PDT,1762027200,100.72,100.77,WNW,28,32,,90,9.8,11.3,,,32200,2.1,,3,,,11.5,9.3,0
2025-11-01 12:00:00 PDT,1762023600,100.58,100.63,WNW,28,23,33,98,9.7,10,,,32200,2.2,,8,,,10.1,8.8,0.6
2025-11-01 11:00:00 PDT,1762020000,100.45,100.5,NW,30,20,,99,8.7,8.9,,,9700,2.2,,8,,,9.2,8.8,0.5
2025-11-01 10:00:00 PDT,1762016400,100.33,100.38,NW,31,31,,98,8.5,8.8,,,12900,2,,8,,,9.3,8.8,0.4
2025-11-01 09:00:00 PDT,1762012800,100.26,100.31,NW,31,22,,98,8.6,8.9,,,12900,1.9,,8,,,9.7,8.9,1.8
2025-11-01 08:00:00 PDT,1762009200,100.3,100.35,NW,31,13,,100,9.4,9.4,,,4800,1.7,,8,,,10.2,9.4,2.7
2025-11-01 07:00:00 PDT,1762005600,100.33,100.38,NNE,2,16,,98,9.7,9.9,,,6400,1.6,,8,,,10.4,9.9,1.6
2025-11-01 06:00:00 PDT,1762002000,100.53,100.58,NNE,2,9,,100,10.4,10.4,,,6400,1.6,,8,,,10.7,10.4,0.8
2025-11-01 05:00:00 PDT,1761998400,100.63,100.68,ENE,6,10,,100,10.6,10.6,,,8100,1.7,,8,,,10.8,10.4,0.8
2025-11-01 04:00:00 PDT,1761994800,100.83,100.88,ESE,10,8,,100,10.7,10.7,,,8100,1.7,,8,,,11.2,10.7,2.7
2025-11-01 03:00:00 PDT,1761991200,101.06,101.11,ENE,6,8,,100,11.2,11.2,,,4000,2,,8,,,11.3,11.1,0.7
2025-11-01 02:00:00 PDT,1761987600,101.14,101.19,ESE,10,15,,98,11.1,11.4,,,8100,1.7,,8,,,11.5,10.8,0
2025-11-01 01:00:00 PDT,1761984000,101.22,101.27,E,9,15,,100,10.9,10.9,,,12900,1.8,,8,,,11.1,10.8,0
2025-11-01 00:00:00 PDT,1761980400,101.26,101.31,E,10,17,,99,10.8,10.9,,,12900,1.8,,8,,,11.2,10.8,0
2025-10-31 23:00:00 PDT,1761976800,101.27,101.32,ENE,7,13,,99,10.8,10.9,,,8100,1.9,,8,,,11,10.6,0
2025-10-31 22:00:00 PDT,1761973200,101.24,101.29,ENE,6,12,,99,10.5,10.7,,,12900,1.9,,8,,,11.2,10.5,0
2025-10-31 21:00:00 PDT,1761969600,101.17,101.22,E,8,12,,96,10.4,11,,,20900,2,,7,,,11.2,10.9,0
2025-10-31 20:00:00 PDT,1761966000,101.13,101.18,ESE,11,16,,96,10.3,11,,,20900,2,,7,,,11,10.2,0
2025-10-31 19:00:00 PDT,1761962400,101.07,101.12,ESE,12,19,30,99,10.2,10.4,,,12900,2,,8,,,10.4,10.1,0
2025-10-31 18:00:00 PDT,1761958800,101.06,101.11,ESE,11,28,,100,10,10,,,9700,2,,8,,,10,9.5,1.7
2025-10-31 17:00:00 PDT,1761955200,101.09,101.14,E,9,24,,99,9.4,9.6,,,3200,2,,8,,,9.9,9.4,3.3
2025-10-31 16:00:00 PDT,1761951600,101.1,101.15,E,9,26,,98,9.1,9.4,,,3200,2,,8,,,9.9,9.4,3.9
2025-10-31 15:00:00 PDT,1761948000,101.06,101.11,E,9,24,38,95,8.8,9.7,,,4800,1.9,,8,,,10,9.6,3.7
2025-10-31 14:00:00 PDT,1761944400,101.15,101.2,E,8,28,,90,8.4,10,,,6400,1.9,,8,,,10.1,9.9,2.7
2025-10-31 13:00:00 PDT,1761940800,101.23,101.28,ENE,7,18,,93,8.8,9.9,,,6400,1.9,,8,,,10,9.2,2.1
2025-10-31 12:00:00 PDT,1761937200,101.24,101.29,ENE,7,20,,94,8.5,9.4,,,16100,1.8,,8,,,9.7,9.2,0.7
2025-10-31 11:00:00 PDT,1761933600,101.33,101.38,E,8,20,31,86,7.5,9.7,,,16100,1.7,,8,,,10.6,9.7,0.3
2025-10-31 10:00:00 PDT,1761930000,101.37,101.42,ENE,6,21,30,73,5.9,10.4,,,24100,1.6,,8,,,10.5,10,0.2
2025-10-31 09:00:00 PDT,1761926400,101.39,101.44,ENE,6,18,28,76,5.9,9.9,,,24100,1.4,,8,,,9.9,8.3,0
2025-10-31 08:00:00 PDT,1761922800,101.43,101.48,E,9,14,,84,6.2,8.7,,,24100,1.3,,8,,,8.8,8.1,0
2025-10-31 07:00:00 PDT,1761919200,101.5,101.55,E,8,13,,88,6.2,8.1,,,24100,1.2,,8,,,8.6,7.8,0
2025-10-31 06:00:00 PDT,1761915600,101.55,101.6,E,8,20,,92,6.4,7.6,,,32200,1.2,,8,,,7.6,6.6,0
2025-10-31 05:00:00 PDT,1761912000,101.59,101.64,E,9,19,,98,6.4,6.7,,,32200,1.2,,8,,,7.1,5.6,0
2025-10-31 04:00:00 PDT,1761908400,101.66,101.71,E,8,13,,95,6.3,7,,,32200,1.2,,6,,,7,5.6,0
2025-10-31 03:00:00 PDT,1761904800,101.74,101.79,ENE,7,8,,98,5.3,5.5,,,32200,1.2,,8,,,6.5,4.6,0
2025-10-31 02:00:00 PDT,1761901200,101.78,101.83,NNW,34,5,,99,5,5.2,,,32200,1.3,,8,,,7.3,4.7,0
2025-10-31 01:00:00 PDT,1761897600,101.75,101.8,ENE,6,8,,93,6.2,7.3,,,32200,1.5,,8,,,7.7,6.8,0
2025-10-31 00:00:00 PDT,1761894000,101.74,101.79,E,9,12,,93,6.1,7.1,,,32200,1.6,,8,,,7.6,5.7,0
2025-10-30 23:00:00 PDT,1761890400,101.82,101.87,E,8,7,,94,6.4,7.2,,,32200,1.6,,8,,,7.6,6.2,0
2025-10-30 22:00:00 PDT,1761886800,101.85,101.9,E,9,7,,99,5.8,6,,,32200,1.7,,8,,,7.6,6,0
2025-10-30 21:00:00 PDT,1761883200,101.85,101.9,ESE,12,7,,97,6.7,7.1,,,32200,1.8,,6,,,8,5.5,0
2025-10-30 20:00:00 PDT,1761879600,101.88,101.93,NNW,34,7,,100,6.8,6.8,,,32200,1.9,,5,,,7.8,5.1,0
2025-10-30 19:00:00 PDT,1761876000,101.9,101.95,NW,30,7,,98,6.1,6.3,,,32200,2,,4,,,7.5,5.7,0
2025-10-30 18:00:00 PDT,1761872400,101.98,102.03,WNW,29,15,,97,7.1,7.5,,,32200,1.9,,2,,,9.5,7.2,0
2025-10-30 17:00:00 PDT,1761868800,102.01,102.06,NW,31,16,,89,7.9,9.6,,,32200,1.8,,0,,,11.5,9.6,0
2025-10-30 16:00:00 PDT,1761865200,102.07,102.12,WNW,29,12,,79,8,11.5,,,32200,1.9,,3,,,12.2,10.2,0
2025-10-30 15:00:00 PDT,1761861600,102.14,102.19,NW,31,9,,88,8.4,10.3,,,32200,1.9,,7,,,10.3,9.6,0
2025-10-30 14:00:00 PDT,1761858000,102.22,102.27,NW,30,21,,89,8,9.8,,,32200,1.8,,7,,,11.1,9.8,0
2025-10-30 13:00:00 PDT,1761854400,102.35,102.4,W,27,8,,81,7.7,10.8,,,32200,1.6,,7,,,11.4,10.4,0
2025-10-30 12:00:00 PDT,1761850800,102.41,102.46,ESE,10,8,,78,6.9,10.6,,,32200,1.7,,6,,,10.7,9.7,0
2025-10-30 11:00:00 PDT,1761847200,102.5,102.55,W,27,7,,87,7.7,9.8,,,32200,1.6,,5,,,9.8,8.7,0
2025-10-30 10:00:00 PDT,1761843600,102.53,102.58,,36,0,,84,6.2,8.7,,,24100,1.4,,7,,,8.7,5.2,0
2025-10-30 09:00:00 PDT,1761840000,102.56,102.61,N,0,7,,100,5.4,5.4,,,32200,1.4,,6,,,5.9,3,0
2025-10-30 08:00:00 PDT,1761836400,102.62,102.67,ESE,11,7,,100,4.7,4.7,,,32200,1.3,,2,,,6.4,3.5,0
2025-10-30 07:00:00 PDT,1761832800,102.69,102.74,,,0,,100,6.5,6.5,,,32200,1.3,,0,,,6.5,3.7,0
2025-10-30 06:00:00 PDT,1761829200,102.74,102.79,N,36,4,,100,6,6,,,32200,1.3,,0,,,6,4.7,0
2025-10-30 05:00:00 PDT,1761825600,102.81,102.86,ENE,7,4,,100,5.1,5.2,,,32200,1.3,,0,,,6.2,4.6,0
2025-10-30 04:00:00 PDT,1761822000,102.88,102.93,NNE,2,5,,100,5.2,5.2,,,32200,1.4,,1,,,6.3,3.8,0
2025-10-30 03:00:00 PDT,1761818400,102.94,102.99,NNW,33,4,,100,5.4,5.4,,,32200,1.6,,0,,,7.4,4,0
2025-10-30 02:00:00 PDT,1761814800,102.99,103.04,NNE,2,10,,97,7.1,7.6,,,32200,1.8,,2,,,7.6,6,0
2025-10-30 01:00:00 PDT,1761811200,103.06,103.11,NNE,3,9,,100,7.7,7.7,,,32200,2,,3,,,8.1,7.2,0
2025-10-30 00:00:00 PDT,1761807600,103.13,103.18,ENE,6,10,,99,7.8,7.9,,,32200,2,,4,,,8.5,7.2,0
2025-10-29 23:00:00 PDT,1761804000,103.16,103.21,ENE,6,12,,97,7.6,8.1,,,32200,2.1,,5,,,8.7,7.2,0
2025-10-29 22:00:00 PDT,1761800400,103.2,103.25,,,0,,99,8.1,8.2,,,32200,2.1,,5,,,9,6.5,0
2025-10-29 21:00:00 PDT,1761796800,103.17,103.22,W,27,8,,98,7.7,8.1,,,32200,2.2,,3,,,9.3,6.7,0
2025-10-29 20:00:00 PDT,1761793200,103.15,103.2,NNW,33,6,,94,7.8,8.8,,,24100,2.2,,7,,,9.6,8,0
2025-10-29 19:00:00 PDT,1761789600,103.14,103.19,W,26,9,,87,6.9,9,,,32200,2.2,,7,,,11.9,9,0
2025-10-29 18:00:00 PDT,1761786000,103.08,103.13,W,25,11,,82,7.5,10.5,,,48300,2.1,,6,,,12.8,10.5,0
2025-10-29 17:00:00 PDT,1761782400,103.04,103.09,SSW,20,10,,74,7.7,12.2,,,48300,2.1,,8,,,13.9,12.2,0
2025-10-29 16:00:00 PDT,1761778800,102.96,103.01,WSW,25,11,,62,6.8,13.9,,,48300,2.1,,5,,,15.4,13.9,0
2025-10-29 15:00:00 PDT,1761775200,102.9,102.95,NNW,34,5,,58,6.6,14.8,,,48300,2.1,,5,,,15.2,13.6,0
2025-10-29 14:00:00 PDT,1761771600,102.93,102.98,SW,22,9,,69,8.1,13.6,,,48300,2.2,,8,,,14.2,13.2,0
2025-10-29 13:00:00 PDT,1761768000,102.88,102.93,SSW,20,15,,72,8.7,13.7,,,48300,2.2,,3,,,14.1,13.5,0
2025-10-29 12:00:00 PDT,1761764400,102.83,102.88,S,18,19,29,72,8.7,13.6,,,48300,2.3,,3,,,13.8,12.5,0
2025-10-29 11:00:00 PDT,1761760800,102.78,102.83,ENE,7,4,,75,8.4,12.7,,,48300,2.5,,8,,,12.7,11.2,0
2025-10-29 10:00:00 PDT,1761757200,102.65,102.7,S,17,20,,83,8.4,11.2,,,40200,2.5,,8,,,11.3,10.5,0
2025-10-29 09:00:00 PDT,1761753600,102.55,102.6,SSE,16,20,,84,8,10.6,,,40200,2.4,,6,,,10.6,10,0
2025-10-29 08:00:00 PDT,1761750000,102.44,102.49,S,18,21,27,86,7.9,10.1,,,32200,2.2,,7,,,10.2,9.9,0
2025-10-29 07:00:00 PDT,1761746400,102.36,102.41,S,17,22,34,86,7.7,9.9,,,32200,2.1,,4,,,10.3,9.8,0
2025-10-29 06:00:00 PDT,1761742800,102.25,102.3,S,17,23,,82,7.3,10.3,,,32200,2.1,,7,,,10.3,9.8,0
2025-10-29 05:00:00 PDT,1761739200,102.15,102.2,SSE,16,17,,80,6.8,10.1,,,32200,2,,5,,,10.5,10.1,0
2025-10-29 04:00:00 PDT,1761735600,102.06,102.11,SSE,15,17,,84,7.8,10.5,,,32200,2,,8,,,10.6,8.2,0
2025-10-29 03:00:00 PDT,1761732000,101.96,102.01,SE,13,10,,96,8,8.6,,,32200,2,,5,,,10,8.6,0
2025-10-29 02:00:00 PDT,1761728400,101.84,101.89,SSE,15,12,,90,7.9,9.5,,,32200,2.1,,6,,,10.8,9.5,0
2025-10-29 01:00:00 PDT,1761724800,101.71,101.76,S,17,21,,93,9.2,10.3,,,32200,2.1,,2,,,10.8,10,0
2025-10-29 00:00:00 PDT,1761721200,101.62,101.67,S,18,18,,89,9.1,10.8,,,32200,2.1,,7,,,11.3,10.8,0
2025-10-28 23:00:00 PDT,1761717600,101.46,101.51,S,17,27,28,89,9.5,11.2,,,32200,2,,8,,,11.2,10.3,0
2025-10-28 22:00:00 PDT,1761714000,101.34,101.39,ESE,11,17,,100,10.2,10.2,,,24100,2,,8,,,10.2,9.2,0.7
2025-10-28 21:00:00 PDT,1761710400,101.33,101.38,ESE,10,15,,99,9.1,9.2,,,12900,1.9,,8,,,9.3,8.5,1.4
2025-10-28 20:00:00 PDT,1761706800,101.32,101.37,NE,4,10,,95,8.3,9.1,,,24100,1.9,,8,,,9.1,8.1,2.9
2025-10-28 19:00:00 PDT,1761703200,101.36,101.41,ESE,11,9,,97,7.7,8.1,,,16100,1.9,,8,,,9.2,8.1,4.7
2025-10-28 18:00:00 PDT,1761699600,101.23,101.28,E,8,28,41,84,6.5,8.9,,,32200,2,,8,,,9.3,8.8,0
2025-10-28 17:00:00 PDT,1761696000,101.4,101.45,E,9,34,35,80,6.2,9.3,,,40200,2,,8,,,10.2,9.3,0
2025-10-28 16:00:00 PDT,1761692400,101.54,101.59,E,9,26,30,78,6.2,9.9,,,40200,2.1,,8,,,10.5,9.8,0
2025-10-28 15:00:00 PDT,1761688800,101.71,101.76,E,8,27,41,74,5.8,10.2,,,40200,2,,8,,,10.2,9.4,0
2025-10-28 14:00:00 PDT,1761685200,101.93,101.98,E,9,19,30,79,6.2,9.7,,,40200,2,,8,,,10.2,8.4,0
2025-10-28 13:00:00 PDT,1761681600,102,102.05,E,7,27,40,81,6.1,9.1,,,40200,2,,8,,,9.1,8,0.1
2025-10-28 12:00:00 PDT,1761678000,102.02,102.07,NE,5,28,40,85,5.8,8.2,,,32200,1.9,,8,,,8.2,7.8,0.2
2025-10-28 11:00:00 PDT,1761674400,102.22,102.27,ENE,6,23,31,82,4.9,7.8,,,24100,1.7,,8,,,7.8,6.9,1
2025-10-28 10:00:00 PDT,1761670800,102.24,102.29,ESE,11,26,30,83,4.3,7,,,32200,1.7,,8,,,7.3,6.6,0
2025-10-28 09:00:00 PDT,1761667200,102.18,102.23,E,8,15,,82,4.1,6.8,,,48300,1.6,,8,,,7,6.6,0
2025-10-28 08:00:00 PDT,1761663600,102.25,102.3,ENE,7,13,,85,4.2,6.6,,,48300,1.6,,8,,,6.6,6,0
2025-10-28 07:00:00 PDT,1761660000,102.33,102.38,E,10,12,,90,4.5,6.1,,,32200,1.4,,8,,,6.2,6,0
2025-10-28 06:00:00 PDT,1761656400,102.36,102.41,E,10,14,,89,4.4,6.1,,,32200,1.3,,8,,,6.3,5.5,0
2025-10-28 05:00:00 PDT,1761652800,102.42,102.47,E,9,11,,93,4.5,5.5,,,32200,1.3,,6,,,6.5,5.3,0
2025-10-28 04:00:00 PDT,1761649200,102.5,102.55,E,7,14,,86,4.1,6.3,,,32200,1.3,,3,,,6.4,6.1,0
2025-10-28 03:00:00 PDT,1761645600,102.61,102.66,ENE,6,16,,89,4.5,6.2,,,32200,1.4,,1,,,6.3,5.7,0
2025-10-28 02:00:00 PDT,1761642000,102.72,102.77,ENE,6,13,,91,4.8,6.2,,,32200,1.4,,2,,,6.5,5.9,0
2025-10-28 01:00:00 PDT,1761638400,102.79,102.84,ENE,7,14,,94,5.2,6,,,32200,1.5,,3,,,6.1,4.6,0
2025-10-28 00:00:00 PDT,1761634800,102.79,102.84,E,8,11,,96,4.9,5.5,,,32200,1.6,,1,,,6.6,5.1,0
2025-10-27 23:00:00 PDT,1761631200,102.79,102.84,ENE,7,14,,93,5.5,6.6,,,32200,1.7,,1,,,7.1,6.5,0
2025-10-27 22:00:00 PDT,1761627600,102.82,102.87,ENE,6,11,,90,5.3,6.8,,,32200,1.8,,1,,,7.8,6.7,0
2025-10-27 21:00:00 PDT,1761624000,102.81,102.86,ENE,5,16,,86,5.6,7.8,,,32200,1.9,,5,,,8.3,7.3,0
2025-10-27 20:00:00 PDT,1761620400,102.79,102.84,ENE,5,13,,89,6.2,8,,,32200,1.9,,2,,,8.7,7.9,0
2025-10-27 19:00:00 PDT,1761616800,102.76,102.81,ENE,7,12,,85,5.9,8.2,,,32200,1.8,,3,,,8.9,7.5,0
2025-10-27 18:00:00 PDT,1761613200,102.76,102.81,ESE,11,10,,82,5.9,8.8,,,48300,1.8,,5,,,10,8.3,0
2025-10-27 17:00:00 PDT,1761609600,102.68,102.73,SE,14,14,,76,6.1,10.2,,,48300,1.9,,5,,,11,10.2,0
2025-10-27 16:00:00 PDT,1761606000,102.67,102.72,SSE,14,15,,74,6.5,11,,,48300,1.9,,5,,,11.8,10.8,0
2025-10-27 15:00:00 PDT,1761602400,102.63,102.68,SE,13,12,,70,6.1,11.3,,,48300,1.9,,5,,,11.6,10.6,0
2025-10-27 14:00:00 PDT,1761598800,102.62,102.67,SSE,15,16,,72,6.2,11,,,48300,1.9,,7,,,11.8,10.4,0
2025-10-27 13:00:00 PDT,1761595200,102.58,102.63,S,16,11,,67,5.1,10.9,,,48300,1.9,,6,,,11.4,9.8,0
2025-10-27 12:00:00 PDT,1761591600,102.54,102.59,E,9,11,,88,7.4,9.3,,,48300,2,,6,,,9.9,9.1,0
2025-10-27 11:00:00 PDT,1761588000,102.47,102.52,E,8,15,,86,7.5,9.6,,,48300,2.1,,5,,,9.6,8.2,0
2025-10-27 10:00:00 PDT,1761584400,102.39,102.44,E,7,14,,88,6.4,8.3,,,48300,2,,5,,,8.4,5.7,0
2025-10-27 09:00:00 PDT,1761580800,102.32,102.37,E,8,8,,97,5.2,5.7,,,48300,1.8,,4,,,6.4,5.6,0
2025-10-27 08:00:00 PDT,1761577200,102.24,102.29,ENE,5,15,,97,5.9,6.3,,,40200,1.7,,5,,,6.3,5.3,0
2025-10-27 07:00:00 PDT,1761573600,102.16,102.21,ENE,7,10,,100,5.4,5.4,,,32200,1.6,,2,,,5.5,4.2,0
2025-10-27 06:00:00 PDT,1761570000,102.1,102.15,E,8,9,,100,4.9,4.9,,,32200,1.6,,2,,,5.8,4.5,0
2025-10-27 05:00:00 PDT,1761566400,102.05,102.1,E,8,10,,100,5.8,5.9,,,32200,1.5,,8,,,6.1,4.2,0
2025-10-27 04:00:00 PDT,1761562800,101.98,102.03,E,9,9,,100,4.3,4.3,,,32200,1.5,,6,,,4.6,3.5,0
2025-10-27 03:00:00 PDT,1761559200,101.89,101.94,E,8,9,,100,4,4,,,32200,1.6,,1,,,5.9,3.8,0
2025-10-27 02:00:00 PDT,1761555600,101.81,101.86,E,8,10,,95,5.2,5.9,,,32200,1.7,,3,,,6.9,5.9,0
2025-10-27 01:00:00 PDT,1761552000,101.74,101.79,N,0,7,,95,6.1,6.9,,,32200,1.7,,6,,,7.2,6.9,0
2025-10-27 00:00:00 PDT,1761548400,101.66,101.71,E,8,10,,93,6.1,7.1,,,32200,1.7,,8,,,7.1,6.8,0
2025-10-26 23:00:00 PDT,1761544800,101.58,101.63,ENE,6,9,,94,5.8,6.8,,,32200,1.7,,8,,,6.8,6.4,0
2025-10-26 22:00:00 PDT,1761541200,101.46,101.51,ENE,7,12,,96,6,6.6,,,32200,1.7,,7,,,6.8,6.2,0
2025-10-26 21:00:00 PDT,1761537600,101.37,101.42,ENE,5,11,,97,5.8,6.2,,,32200,1.7,,8,,,6.7,5.8,0
2025-10-26 20:00:00 PDT,1761534000,101.29,101.34,ENE,5,11,,93,5.7,6.7,,,32200,1.7,,4,,,7.2,6.3,0
2025-10-26 19:00:00 PDT,1761530400,101.2,101.25,ENE,7,10,,91,6,7.2,,,32200,1.8,,5,,,8.2,7.2,0
2025-10-26 18:00:00 PDT,1761526800,101.13,101.18,SE,12,9,,90,6.7,8.2,,,24100,1.8,,7,,,8.5,8.2,0
2025-10-26 17:00:00 PDT,1761523200,101.06,101.11,ESE,12,15,,89,6.8,8.5,,,24100,1.9,,8,,,9,8.4,0
2025-10-26 16:00:00 PDT,1761519600,101.04,101.09,SE,12,16,,89,6.8,8.5,,,24100,1.9,,8,,,9.6,8.4,0
2025-10-26 15:00:00 PDT,1761516000,100.99,101.04,SE,14,18,,82,6.3,9.2,,,24100,2,,8,,,9.8,9.2,0
2025-10-26 14:00:00 PDT,1761512400,100.94,100.99,S,17,18,,78,6.1,9.8,,,24100,1.9,,7,,,10.9,9.8,0
2025-10-26 13:00:00 PDT,1761508800,100.91,100.96,S,18,17,,73,5.8,10.4,,,32200,1.9,,7,,,11.2,9.9,0
2025-10-26 12:00:00 PDT,1761505200,100.88,100.93,S,16,26,28,74,5.8,10.2,,,32200,2,,7,,,10.4,9.8,0
2025-10-26 11:00:00 PDT,1761501600,100.87,100.92,SSE,15,27,36,80,6.5,9.7,,,24100,2,,8,,,9.7,9,0
2025-10-26 10:00:00 PDT,1761498000,100.84,100.89,SSE,16,19,,86,6.8,9,,,32200,2,,8,,,9,8.5,0
2025-10-26 09:00:00 PDT,1761494400,100.8,100.85,SSE,14,17,29,88,6.6,8.5,,,24100,2,,7,,,8.7,8.4,0
2025-10-26 08:00:00 PDT,1761490800,100.73,100.78,S,16,19,29,81,5.5,8.7,,,32200,2.1,,8,,,9,8.4,0
2025-10-26 07:00:00 PDT,1761487200,100.7,100.75,S,18,21,30,77,5,8.8,,,24100,2.2,,7,,,9.2,8.8,0
2025-10-26 06:00:00 PDT,1761483600,100.67,100.72,S,17,17,34,78,5.6,9.1,,,24100,2.2,,7,,,9.2,8.8,0
2025-10-26 05:00:00 PDT,1761480000,100.58,100.63,S,17,25,30,81,5.7,8.7,,,24100,2.2,,6,,,9.5,8.6,0
2025-10-26 04:00:00 PDT,1761476400,100.45,100.5,S,18,30,44,77,5.6,9.5,,,24100,2.1,,8,,,10,9.3,0
2025-10-26 03:00:00 PDT,1761472800,100.27,100.32,S,18,27,33,72,5.1,9.9,,,24100,2.1,,8,,,10.1,9.8,0
2025-10-26 02:00:00 PDT,1761469200,100.06,100.11,S,19,31,35,77,6.1,10,,,24100,2.1,,8,,,10,9.4,0
2025-10-26 01:00:00 PDT,1761465600,99.84,99.89,SSE,16,27,29,88,7.6,9.5,,,22500,2.1,,8,,,9.5,8.9,0.2
2025-10-26 00:00:00 PDT,1761462000,99.72,99.77,SSE,16,28,40,95,8.1,8.9,,,8100,2.1,,8,,,9.6,8.9,1.7
2025-10-25 23:00:00 PDT,1761458400,99.62,99.67,SSE,15,31,27,91,8.2,9.5,,,16100,2,,8,,,9.6,9.4,0
2025-10-25 22:00:00 PDT,1761454800,99.56,99.61,SE,12,26,,96,8.8,9.4,,,19300,2,,8,,,9.4,9.1,0.5
2025-10-25 21:00:00 PDT,1761451200,99.47,99.52,ESE,12,23,34,89,7.8,9.4,,,19300,2,,8,,,9.4,8.8,0
2025-10-25 20:00:00 PDT,1761447600,99.41,99.46,ESE,11,41,32,86,7.1,9.3,,,16100,1.9,,8,,,9.4,8.7,0
2025-10-25 19:00:00 PDT,1761444000,99.32,99.37,E,9,22,,89,7.3,9,,,16100,1.9,,8,,,9.1,8.7,0.2
2025-10-25 18:00:00 PDT,1761440400,99.31,99.36,E,9,28,28,92,7.5,8.8,,,16100,1.9,,8,,,9.6,8.8,0.8
2025-10-25 17:00:00 PDT,1761436800,99.31,99.36,E,8,19,31,87,7.3,9.4,,,32200,2,,8,,,9.4,9,0.3
2025-10-25 16:00:00 PDT,1761433200,99.4,99.45,E,9,31,30,86,7.3,9.4,,,24100,2,,8,,,10.3,9.4,0.1
2025-10-25 15:00:00 PDT,1761429600,99.38,99.43,E,8,24,,79,6.8,10.2,,,24100,2,,8,,,10.3,9.6,0
2025-10-25 14:00:00 PDT,1761426000,99.45,99.5,ENE,6,16,,83,6.9,9.7,,,32200,2,,8,,,9.7,8.6,0.2
2025-10-25 13:00:00 PDT,1761422400,99.53,99.58,NE,5,27,34,83,6,8.8,,,12900,2,,8,,,9.3,8.6,0.9
2025-10-25 12:00:00 PDT,1761418800,99.65,99.7,ENE,5,23,44,79,5.7,9.2,,,16100,1.9,,8,,,9.2,8.8,0.2
2025-10-25 11:00:00 PDT,1761415200,99.73,99.78,ENE,6,32,47,80,5.6,8.8,,,16100,1.9,,8,,,9.5,8.4,0.4
2025-10-25 10:00:00 PDT,1761411600,99.77,99.82,ESE,10,28,38,86,6.2,8.4,,,32200,1.9,,8,,,8.5,8,0
2025-10-25 09:00:00 PDT,1761408000,99.82,99.87,ENE,7,23,,88,6.4,8.3,,,32200,1.8,,8,,,8.3,7.9,0
2025-10-25 08:00:00 PDT,1761404400,99.99,100.04,E,8,21,,90,6.4,8,,,32200,1.8,,6,,,8.6,7.7,0
2025-10-25 07:00:00 PDT,1761400800,100.22,100.27,ENE,7,19,,87,6.5,8.5,,,32200,1.8,,5,,,8.8,7.7,0
2025-10-25 06:00:00 PDT,1761397200,100.44,100.49,E,9,11,,91,6.5,7.8,,,24100,1.8,,7,,,8.3,7.8,0
2025-10-25 05:00:00 PDT,1761393600,100.53,100.58,ENE,6,19,30,92,7,8.3,,,24100,1.9,,6,,,8.3,8.2,0
2025-10-25 04:00:00 PDT,1761390000,100.71,100.76,ENE,7,19,,97,7.7,8.2,,,22500,2,,8,,,8.8,8.2,0
2025-10-25 03:00:00 PDT,1761386400,100.88,100.93,E,8,19,,98,8.5,8.8,,,19300,2,,8,,,8.9,8.1,0
2025-10-25 02:00:00 PDT,1761382800,100.82,100.87,E,8,19,,97,8.1,8.6,,,24100,2,,8,,,8.6,7.8,0
2025-10-25 01:00:00 PDT,1761379200,100.77,100.82,E,8,12,,97,7.1,7.6,,,24100,2,,4,,,8.3,7.3,0
2025-10-25 00:00:00 PDT,1761375600,100.71,100.76,E,9,11,,95,6.5,7.3,,,24100,2,,2,,,8.2,7,0
2025-10-24 23:00:00 PDT,1761372000,100.61,100.66,E,8,13,,93,6.2,7.1,,,24100,2.1,,4,,,9.6,7.1,0
2025-10-24 22:00:00 PDT,1761368400,100.57,100.62,S,17,10,,89,7.9,9.7,,,24100,2.1,,6,,,10.4,9.7,0
2025-10-24 21:00:00 PDT,1761364800,100.41,100.46,SSE,15,13,,91,8.5,10,,,19300,2.2,,8,,,10.8,10,1.5
2025-10-24 20:00:00 PDT,1761361200,100.37,100.42,SSE,16,13,,97,9.9,10.4,,,8100,2.2,,8,,,10.8,10.4,1.1
2025-10-24 19:00:00 PDT,1761357600,100.27,100.32,ESE,11,19,,94,9.6,10.6,,,24100,2.4,,8,,,10.8,10.6,0
2025-10-24 18:00:00 PDT,1761354000,100.17,100.22,ESE,12,23,33,91,9.3,10.7,,,24100,2.4,,8,,,11.2,10.7,0
2025-10-24 17:00:00 PDT,1761350400,100.15,100.2,E,8,15,,93,9.9,11.1,,,32200,2.3,,8,,,11.9,11.1,0
2025-10-24 16:00:00 PDT,1761346800,100.16,100.21,SSE,15,7,,83,9,11.9,,,32200,2.2,,8,,,12.3,11.5,0
2025-10-24 15:00:00 PDT,1761343200,100.14,100.19,SSW,20,5,27,84,9.2,11.9,,,32200,2,,8,,,12.1,11.4,0
2025-10-24 14:00:00 PDT,1761339600,100.2,100.25,SSW,20,13,,92,10.3,11.5,,,32200,1.9,,7,,,12,11.3,0.2
2025-10-24 13:00:00 PDT,1761336000,100.13,100.18,SSW,19,13,34,96,11.2,11.9,,,12900,1.9,,8,,,12.8,11.8,1.6
2025-10-24 12:00:00 PDT,1761332400,100.11,100.16,SSE,15,36,46,96,12.1,12.6,,,4800,2,,8,,,12.8,12.3,0.8
2025-10-24 11:00:00 PDT,1761328800,100.04,100.09,SE,12,32,46,93,11.4,12.6,,,16100,2.1,,8,,,12.6,12.1,0.4
2025-10-24 10:00:00 PDT,1761325200,100.17,100.22,SE,12,35,52,95,11.4,12.2,,,12900,2.1,,8,,,12.5,12.2,0.8
2025-10-24 09:00:00 PDT,1761321600,100.19,100.24,ESE,12,17,,94,11.5,12.4,,,12900,2,,8,,,13.3,12.3,1.3
2025-10-24 08:00:00 PDT,1761318000,100.34,100.39,ESE,11,18,,86,10.5,12.8,,,24100,2,,8,,,14,12.7,0.6
2025-10-24 07:00:00 PDT,1761314400,100.45,100.5,SE,13,19,37,77,9.9,13.8,,,24100,2,,7,,,14,13.4,0
2025-10-24 06:00:00 PDT,1761310800,100.5,100.55,ESE,11,18,27,76,9.7,13.9,,,,1.9,,,,,14.2,13.6,0
2025-10-24 05:00:00 PDT,1761307200,100.64,100.69,ESE,10,36,,78,10.2,13.9,,,32200,1.9,,8,,,14,13.5,0
2025-10-24 04:00:00 PDT,1761303600,100.76,100.81,E,9,31,27,77,9.7,13.6,,,32200,2,,8,,,13.6,13.1,0
2025-10-24 03:00:00 PDT,1761300000,100.81,100.86,E,8,27,39,77,9.6,13.4,,,32200,2.1,,8,,,13.8,13.1,0
2025-10-24 02:00:00 PDT,1761296400,100.95,101,ESE,10,28,39,76,9.4,13.5,,,32200,2,,8,,,14,13.5,0
2025-10-24 01:00:00 PDT,1761292800,101,101.05,ESE,11,32,46,75,9.5,13.8,,,32200,2,,8,,,13.9,13.5,0
2025-10-24 00:00:00 PDT,1761289200,101.03,101.08,SE,12,16,,74,9.3,13.9,,,,2,,,,,14.1,13.8,0
2025-10-23 23:00:00 PDT,1761285600,101.14,101.19,ESE,11,33,29,76,9.8,13.9,,,32200,2,,8,,,14.5,13.7,0
2025-10-23 22:00:00 PDT,1761282000,101.21,101.26,SE,12,25,,73,9.7,14.3,,,32200,2,,8,,,14.5,13.6,0
2025-10-23 21:00:00 PDT,1761278400,101.2,101.25,E,9,23,,78,10,13.7,,,32200,2,,8,,,13.9,13.3,0
2025-10-23 20:00:00 PDT,1761274800,101.3,101.35,E,9,23,,81,10.3,13.4,,,32200,2.1,,8,,,13.9,13.2,0
2025-10-23 19:00:00 PDT,1761271200,101.37,101.42,SE,13,19,,79,10.2,13.7,,,32200,2.1,,8,,,14,13.3,0
2025-10-23 18:00:00 PDT,1761267600,101.44,101.49,ESE,11,14,,81,10.5,13.7,,,32200,2.1,,8,,,14.2,13.5,0
2025-10-23 17:00:00 PDT,1761264000,101.42,101.47,E,9,20,,80,10.7,14.1,,,32200,2.1,,7,,,15.2,13.9,0
2025-10-23 16:00:00 PDT,1761260400,101.51,101.56,SE,13,9,,77,11.2,15.2,,,32200,2,,8,,,15.7,15.1,0
2025-10-23 15:00:00 PDT,1761256800,101.63,101.68,SSE,15,8,,72,10.7,15.7,,,32200,2.1,,7,,,16.1,15.2,0
2025-10-23 14:00:00 PDT,1761253200,101.64,101.69,ESE,10,15,,77,11.5,15.5,,,32200,2.1,,6,,,15.6,14.6,0
2025-10-23 13:00:00 PDT,1761249600,101.69,101.74,ESE,10,26,,82,11.7,14.8,,,24100,2.1,,7,,,15.3,13.1,0
2025-10-23 12:00:00 PDT,1761246000,101.81,101.86,E,9,10,,90,11.5,13.1,,,24100,2.2,,8,,,13.1,12.8,0
2025-10-23 11:00:00 PDT,1761242400,101.81,101.86,E,9,20,,90,11.2,12.8,,,24100,2.2,,8,,,12.8,12.1,0
2025-10-23 10:00:00 PDT,1761238800,101.77,101.82,E,7,17,,88,10.6,12.5,,,24100,2.2,,8,,,12.6,12.1,0.1
2025-10-23 09:00:00 PDT,1761235200,101.8,101.85,E,8,14,,90,10.6,12.2,,,24100,2.1,,8,,,12.2,11.7,0
2025-10-23 08:00:00 PDT,1761231600,101.79,101.84,E,7,14,,91,10.4,11.9,,,32200,2,,8,,,12,11.5,0
2025-10-23 07:00:00 PDT,1761228000,101.82,101.87,E,9,14,,91,10.2,11.6,,,24100,1.9,,8,,,11.8,11.3,0
2025-10-23 06:00:00 PDT,1761224400,101.81,101.86,E,8,13,,95,10.7,11.5,,,32200,1.8,,8,,,11.5,11,0
2025-10-23 05:00:00 PDT,1761220800,101.78,101.83,ESE,10,16,,94,10.2,11.2,,,32200,1.8,,8,,,11.2,10.8,0
2025-10-23 04:00:00 PDT,1761217200,101.75,101.8,ESE,10,21,,95,10.2,11,,,32200,1.9,,8,,,11.1,10.6,0
2025-10-23 03:00:00 PDT,1761213600,101.79,101.84,E,9,18,,92,9.8,11.1,,,32200,1.9,,8,,,11.1,10.3,0
2025-10-23 02:00:00 PDT,1761210000,101.8,101.85,E,9,15,,94,9.4,10.4,,,32200,1.9,,8,,,10.7,9.4,0
2025-10-23 01:00:00 PDT,1761206400,101.8,101.85,ESE,11,7,,95,8.7,9.5,,,32200,2,,7,,,10.7,9.5,0
2025-10-23 00:00:00 PDT,1761202800,101.77,101.82,ENE,7,16,,92,9.4,10.6,,,32200,2.1,,7,,,10.6,9.3,0
2025-10-22 23:00:00 PDT,1761199200,101.74,101.79,E,9,16,,97,9.4,9.8,,,32200,2.1,,8,,,10.3,9.3,0
2025-10-22 22:00:00 PDT,1761195600,101.74,101.79,E,8,14,,97,9.4,9.9,,,32200,2.1,,7,,,10.3,9.5,0
2025-10-22 21:00:00 PDT,1761192000,101.75,101.8,E,9,18,,98,9.6,9.8,,,32200,2,,6,,,10.8,9.8,0
2025-10-22 20:00:00 PDT,1761188400,101.7,101.75,E,9,16,,97,10.1,10.5,,,32200,2,,8,,,10.9,10.4,0
2025-10-22 19:00:00 PDT,1761184800,101.63,101.68,ENE,7,20,,96,10.3,10.9,,,32200,1.9,,7,,,11.2,10.7,0
2025-10-22 18:00:00 PDT,1761181200,101.58,101.63,E,9,20,,90,9.7,11.2,,,32200,1.8,,3,,,12.4,11.2,0
2025-10-22 17:00:00 PDT,1761177600,101.56,101.61,E,9,20,,89,10.3,12.1,,,24100,1.8,,6,,,12.3,11.8,0
2025-10-22 16:00:00 PDT,1761174000,101.48,101.53,E,8,17,,93,10.8,11.8,,,24100,1.8,,6,,,12.4,11.6,0
2025-10-22 15:00:00 PDT,1761170400,101.34,101.39,ENE,5,10,,93,10.7,11.8,,,32200,1.9,,2,,,12,10,1.2
2025-10-22 14:00:00 PDT,1761166800,101.34,101.39,SSE,15,13,,98,9.8,10.1,,,6400,1.9,,8,,,11.4,10,1.5
2025-10-22 13:00:00 PDT,1761163200,101.22,101.27,SE,13,13,,76,7.2,11.3,,,32200,1.9,,8,,,11.4,10.7,0
2025-10-22 12:00:00 PDT,1761159600,101.15,101.2,ESE,10,17,,81,7.6,10.7,,,32200,1.8,,8,,,10.7,10.2,0
2025-10-22 11:00:00 PDT,1761156000,101.11,101.16,E,9,16,,83,7.5,10.3,,,32200,1.7,,7,,,10.6,8.8,0
2025-10-22 10:00:00 PDT,1761152400,101.09,101.14,NE,4,9,,93,7.7,8.8,,,32200,1.6,,7,,,9.1,8,0
2025-10-22 09:00:00 PDT,1761148800,101.08,101.13,SSW,20,5,,98,7.7,8,,,32200,1.5,,8,,,8,4.9,0
2025-10-22 08:00:00 PDT,1761145200,101.04,101.09,,,0,,100,5.2,5.2,,,32200,1.4,,5,,,6.4,4,0
2025-10-22 07:00:00 PDT,1761141600,101.06,101.11,,,0,,100,5.6,5.6,,,32200,1.3,,5,,,6.8,4.4,0
2025-10-22 06:00:00 PDT,1761138000,101.13,101.18,ESE,11,7,,100,4.8,4.8,,,32200,1.2,,4,,,6.5,3.7,0
2025-10-22 05:00:00 PDT,1761134400,101.23,101.28,E,9,5,,100,5.8,5.8,,,32200,1.2,,1,,,7,5.2,0
2025-10-22 04:00:00 PDT,1761130800,101.33,101.38,,,0,,100,5.8,5.8,,,32200,1.3,,3,,,6.9,4.5,0
2025-10-22 03:00:00 PDT,1761127200,101.41,101.46,ENE,7,5,,100,6.4,6.4,,,32200,1.4,,6,,,8.1,5.8,0
2025-10-22 02:00:00 PDT,1761123600,101.5,101.55,NNE,2,4,,100,7.1,7.1,,,32200,1.5,,2,,,8.1,4.4,0
2025-10-22 01:00:00 PDT,1761120000,101.52,101.57,E,9,8,,100,6.8,6.8,,,32200,1.6,,0,,,7,5.7,0
2025-10-22 00:00:00 PDT,1761116400,101.59,101.64,E,9,10,,99,6.4,6.6,,,32200,1.6,,0,,,8.4,6.3,0
2025-10-21 23:00:00 PDT,1761112800,101.65,101.7,NNE,1,9,,100,7.2,7.2,,,32200,1.7,,0,,,8.2,6.3,0
2025-10-21 22:00:00 PDT,1761109200,101.7,101.75,W,25,5,,100,7.6,7.6,,,32200,1.9,,0,,,10.2,7.5,0
2025-10-21 21:00:00 PDT,1761105600,101.68,101.73,,,0,,89,8.2,10,,,32200,2.1,,0,,,11,9.2,0
2025-10-21 20:00:00 PDT,1761102000,101.72,101.77,NNE,3,10,,88,8.4,10.3,,,32200,2.2,,0,,,10.6,7.9,0
2025-10-21 19:00:00 PDT,1761098400,101.74,101.79,NNW,34,5,,100,8.8,8.8,,,32200,2.2,,1,,,9.6,8.3,0
2025-10-21 18:00:00 PDT,1761094800,101.81,101.86,NW,30,13,,96,9,9.6,,,48300,2.1,,2,,,11.7,9.6,0
2025-10-21 17:00:00 PDT,1761091200,101.9,101.95,WNW,29,13,,93,10.7,11.7,,,48300,2,,0,,,12.7,11.7,0
2025-10-21 16:00:00 PDT,1761087600,101.97,102.02,WNW,29,13,,87,10.4,12.5,,,48300,1.9,,2,,,14,12.5,0
2025-10-21 15:00:00 PDT,1761084000,102.05,102.1,WSW,24,6,,80,9.6,13,,,48300,1.8,,3,,,13.8,12.4,0
2025-10-21 14:00:00 PDT,1761080400,102.17,102.22,ENE,6,10,,83,9.5,12.4,,,40200,1.7,,8,,,12.6,11.8,0
2025-10-21 13:00:00 PDT,1761076800,102.3,102.35,E,9,7,,86,9.6,11.9,,,40200,1.7,,7,,,12.1,11.5,0
2025-10-21 12:00:00 PDT,1761073200,102.32,102.37,E,8,14,,88,9.8,11.6,,,32200,1.7,,7,,,11.7,10.6,0
2025-10-21 11:00:00 PDT,1761069600,102.37,102.42,ESE,10,16,,95,9.9,10.7,,,24100,1.7,,8,,,10.8,10.5,0
2025-10-21 10:00:00 PDT,1761066000,102.37,102.42,ESE,10,21,,93,9.6,10.6,,,32200,1.6,,8,,,10.9,10.6,0
2025-10-21 09:00:00 PDT,1761062400,102.33,102.38,E,8,16,,92,9.7,10.9,,,32200,1.7,,8,,,10.9,10.5,0
2025-10-21 08:00:00 PDT,1761058800,102.29,102.34,E,9,13,,91,9.2,10.6,,,32200,1.6,,8,,,10.8,10.4,0
2025-10-21 07:00:00 PDT,1761055200,102.28,102.33,ENE,7,14,,92,9.4,10.7,,,32200,1.6,,8,,,10.8,10.4,0
2025-10-21 06:00:00 PDT,1761051600,102.28,102.33,E,8,13,,94,9.5,10.5,,,32200,1.6,,8,,,10.6,10.2,0
2025-10-21 05:00:00 PDT,1761048000,102.29,102.34,ENE,7,10,,93,9.3,10.4,,,32200,1.7,,8,,,10.4,9.7,0
2025-10-21 04:00:00 PDT,1761044400,102.28,102.33,E,8,11,,95,9.1,9.9,,,32200,1.8,,7,,,10.6,9.7,0
2025-10-21 03:00:00 PDT,1761040800,102.34,102.39,E,7,12,,95,9.8,10.6,,,32200,1.8,,8,,,10.8,10.4,0
2025-10-21 02:00:00 PDT,1761037200,102.37,102.42,ENE,7,14,,94,9.9,10.8,,,32200,1.9,,8,,,10.9,10.5,0
2025-10-21 01:00:00 PDT,1761033600,102.41,102.46,ENE,6,11,,96,10.1,10.8,,,32200,2,,8,,,11.1,10.7,0
2025-10-21 00:00:00 PDT,1761030000,102.42,102.47,E,8,11,,93,9.9,11,,,32200,2,,8,,,11,10.7,0
2025-10-20 23:00:00 PDT,1761026400,102.42,102.47,E,8,7,,93,9.7,10.7,,,32200,1.9,,8,,,11.3,10.6,0
2025-10-20 22:00:00 PDT,1761022800,102.47,102.52,ENE,7,13,,88,9.4,11.3,,,32200,1.9,,8,,,11.3,10.8,0
2025-10-20 21:00:00 PDT,1761019200,102.47,102.52,ENE,7,11,,90,9.5,11,,,32200,1.9,,8,,,11.3,10.8,0
2025-10-20 20:00:00 PDT,1761015600,102.49,102.54,ENE,6,18,,89,9.5,11.2,,,32200,1.9,,8,,,11.2,10.9,0
2025-10-20 19:00:00 PDT,1761012000,102.52,102.57,E,9,20,,90,9.6,11.2,,,32200,1.9,,8,,,11.2,11,0
2025-10-20 18:00:00 PDT,1761008400,102.53,102.58,E,9,17,,93,10.1,11.2,,,32200,1.9,,8,,,11.4,11.1,0
2025-10-20 17:00:00 PDT,1761004800,102.57,102.62,E,10,18,,94,10.3,11.3,,,40200,1.9,,8,,,11.9,11.2,0
2025-10-20 16:00:00 PDT,1761001200,102.62,102.67,SE,13,18,,90,9.7,11.2,,,24100,1.9,,8,,,12,11.2,0.5
2025-10-20 15:00:00 PDT,1760997600,102.68,102.73,SE,13,13,,82,9,11.8,,,40200,1.9,,8,,,12.5,11.7,0
2025-10-20 14:00:00 PDT,1760994000,102.68,102.73,SSE,15,16,,75,8.2,12.4,,,32200,2,,8,,,12.5,11.9,0
2025-10-20 13:00:00 PDT,1760990400,102.68,102.73,SE,13,16,,84,9.4,12,,,40200,1.9,,8,,,12.6,11.9,0
2025-10-20 12:00:00 PDT,1760986800,102.7,102.75,SE,14,10,,82,9.4,12.3,,,40200,1.9,,8,,,12.4,11.5,0
2025-10-20 11:00:00 PDT,1760983200,102.7,102.75,SE,12,11,,90,10.2,11.7,,,32200,1.9,,7,,,11.8,10.7,0
2025-10-20 10:00:00 PDT,1760979600,102.65,102.7,E,10,17,,95,10,10.7,,,40200,1.9,,7,,,10.8,10.2,0
2025-10-20 09:00:00 PDT,1760976000,102.65,102.7,E,8,15,,95,9.5,10.2,,,32200,1.8,,7,,,10.2,9.3,0
2025-10-20 08:00:00 PDT,1760972400,102.59,102.64,ENE,6,13,,96,8.6,9.3,,,48300,1.7,,7,,,9.8,9.3,0
2025-10-20 07:00:00 PDT,1760968800,102.54,102.59,ENE,6,13,,95,8.8,9.6,,,32200,1.6,,8,,,9.6,9.1,0
2025-10-20 06:00:00 PDT,1760965200,102.51,102.56,ENE,7,11,,100,9,9.1,,,32200,1.6,,8,,,9.1,8.1,0
2025-10-20 05:00:00 PDT,1760961600,102.42,102.47,E,9,8,,99,8.3,8.4,,,32200,1.5,,8,,,8.6,7.5,0
2025-10-20 04:00:00 PDT,1760958000,102.36,102.41,E,8,12,,100,7.5,7.5,,,32200,1.5,,7,,,7.7,6.7,0
2025-10-20 03:00:00 PDT,1760954400,102.34,102.39,E,9,7,,100,7,7,,,32200,1.4,,7,,,7.9,5.8,0
2025-10-20 02:00:00 PDT,1760950800,102.22,102.27,ENE,6,4,,100,6,6,,,32200,1.5,,1,,,9.2,6,0
2025-10-20 01:00:00 PDT,1760947200,102.14,102.19,E,8,4,,99,8.9,9.1,,,32200,1.6,,1,,,9.8,6.6,0
2025-10-20 00:00:00 PDT,1760943600,102.07,102.12,,,0,,91,8.4,9.7,,,32200,1.7,,2,,,10.2,9.1,0
2025-10-19 23:00:00 PDT,1760940000,101.95,102,WNW,29,17,,96,9,9.7,,,32200,1.8,,4,,,10.3,9.7,0
2025-10-19 22:00:00 PDT,1760936400,101.82,101.87,W,27,22,,91,8.9,10.4,,,32200,1.9,,1,,,10.9,10.3,0
2025-10-19 21:00:00 PDT,1760932800,101.7,101.75,W,27,25,39,87,8.7,10.8,,,32200,2,,1,,,11.1,10.8,0
2025-10-19 20:00:00 PDT,1760929200,101.58,101.63,W,27,24,39,88,8.8,10.8,,,32200,2,,2,,,11.1,10.8,0
2025-10-19 19:00:00 PDT,1760925600,101.43,101.48,W,26,39,,86,8.8,11,,,32200,2,,1,,,11,10.8,0.1
2025-10-19 18:00:00 PDT,1760922000,101.3,101.35,W,27,31,,89,9.2,10.9,,,32200,1.9,,1,,,11.8,10.9,0
2025-10-19 17:00:00 PDT,1760918400,101.17,101.22,W,26,35,,88,9.9,11.8,,,32200,1.8,,2,,,12.5,11.8,0
2025-10-19 16:00:00 PDT,1760914800,101.06,101.11,W,27,26,36,83,9.6,12.3,,,32200,1.8,,3,,,12.9,11.1,0
2025-10-19 15:00:00 PDT,1760911200,100.93,100.98,WNW,28,21,,87,10.8,12.9,,,32200,1.9,,4,,,12.9,10.7,0
2025-10-19 14:00:00 PDT,1760907600,100.79,100.84,NW,30,23,,84,9.2,11.7,,,32200,1.9,,7,,,12.9,11.7,0
2025-10-19 13:00:00 PDT,1760904000,100.64,100.69,WNW,30,17,31,93,11,12.1,,,24100,1.9,,7,,,12.9,11.2,0
2025-10-19 12:00:00 PDT,1760900400,100.54,100.59,SSE,16,21,33,94,11.2,12.2,,,24100,1.9,,8,,,12.2,10.7,0.1
2025-10-19 11:00:00 PDT,1760896800,100.45,100.5,SSE,15,23,,93,10.4,11.5,,,16100,1.8,,8,,,11.5,10.5,0.1
2025-10-19 10:00:00 PDT,1760893200,100.42,100.47,ESE,12,19,30,97,10,10.4,,,16100,1.8,,8,,,10.4,10,1.8
2025-10-19 09:00:00 PDT,1760889600,100.42,100.47,ESE,12,19,,97,9.7,10.2,,,16100,1.8,,8,,,10.2,9.7,1.1
2025-10-19 08:00:00 PDT,1760886000,100.4,100.45,ESE,10,19,,99,9.9,10,,,16100,1.8,,8,,,10,9.7,0.6
2025-10-19 07:00:00 PDT,1760882400,100.39,100.44,ESE,12,16,,96,9.2,9.8,,,16100,1.8,,8,,,10,9.8,0
2025-10-19 06:00:00 PDT,1760878800,100.39,100.44,SE,14,22,,96,9.3,9.9,,,24100,1.8,,8,,,10,9.8,1.1
2025-10-19 05:00:00 PDT,1760875200,100.39,100.44,E,9,14,,99,9.6,9.8,,,12900,1.8,,8,,,9.8,8.8,1.1
2025-10-19 04:00:00 PDT,1760871600,100.38,100.43,E,8,8,,100,9.4,9.4,,,24100,1.8,,8,,,9.4,8.6,0
2025-10-19 03:00:00 PDT,1760868000,100.39,100.44,ENE,6,14,,100,8.7,8.7,,,32200,1.9,,5,,,9,8.6,0.5
2025-10-19 02:00:00 PDT,1760864400,100.44,100.49,ENE,6,16,,99,8.9,9.1,,,19300,1.9,,8,,,9.4,8.8,0.2
2025-10-19 01:00:00 PDT,1760860800,100.42,100.47,ENE,7,17,,98,8.5,8.8,,,24100,1.9,,8,,,8.9,8.2,0
2025-10-19 00:00:00 PDT,1760857200,100.46,100.51,ENE,5,18,,99,8.3,8.4,,,24100,2,,8,,,8.4,8.1,1
2025-10-18 23:00:00 PDT,1760853600,100.5,100.55,E,8,19,,100,8.1,8.2,,,24100,2,,8,,,8.3,8.1,0.6
2025-10-18 22:00:00 PDT,1760850000,100.61,100.66,ENE,7,17,,98,8.1,8.3,,,12900,2,,8,,,8.3,8.1,1.7
2025-10-18 21:00:00 PDT,1760846400,100.63,100.68,ENE,7,26,,97,7.8,8.2,,,12900,2.1,,8,,,8.4,8.1,4.4
2025-10-18 20:00:00 PDT,1760842800,100.79,100.84,ENE,7,26,35,96,7.5,8.1,,,12900,2,,8,,,8.5,8.1,3.8
2025-10-18 19:00:00 PDT,1760839200,100.93,100.98,E,8,27,29,93,7.3,8.5,,,16100,2,,8,,,8.5,8.2,0.7
2025-10-18 18:00:00 PDT,1760835600,100.98,101.03,ENE,6,28,44,92,7.2,8.5,,,16100,1.8,,8,,,9.3,8.4,1.5
2025-10-18 17:00:00 PDT,1760832000,101.28,101.33,ENE,6,25,33,89,7.5,9.2,,,12900,1.7,,8,,,9.5,9,0.7
2025-10-18 16:00:00 PDT,1760828400,101.34,101.39,E,8,26,,99,9.1,9.2,,,9700,1.7,,8,,,9.6,9.2,2.3
2025-10-18 15:00:00 PDT,1760824800,101.53,101.58,ESE,10,12,,100,9.4,9.4,,,4800,1.6,,8,,,9.8,9.4,1.8
2025-10-18 14:00:00 PDT,1760821200,101.56,101.61,ESE,10,14,,97,9.3,9.8,,,16100,1.6,,8,,,9.8,9.7,0.6
2025-10-18 13:00:00 PDT,1760817600,101.63,101.68,ENE,7,14,,95,9.1,9.8,,,12900,1.6,,8,,,9.8,9.6,1.4
2025-10-18 12:00:00 PDT,1760814000,101.77,101.82,E,9,10,,95,9,9.8,,,12900,1.5,,8,,,10.5,9.8,0.9
2025-10-18 11:00:00 PDT,1760810400,101.83,101.88,E,9,4,,84,7.8,10.4,,,19300,1.5,,8,,,10.6,10.1,0
2025-10-18 10:00:00 PDT,1760806800,101.85,101.9,N,0,3,,83,7.6,10.4,,,24100,1.5,,8,,,10.5,9.7,0
2025-10-18 09:00:00 PDT,1760803200,101.9,101.95,E,8,10,,86,7.4,9.7,,,24100,1.5,,8,,,9.7,9.1,0
2025-10-18 08:00:00 PDT,1760799600,101.93,101.98,E,8,16,,86,6.9,9.2,,,32200,1.5,,8,,,9.4,8.9,0
2025-10-18 07:00:00 PDT,1760796000,101.99,102.04,E,8,17,,87,6.9,8.9,,,24100,1.5,,5,,,9.1,8.4,0
2025-10-18 06:00:00 PDT,1760792400,102.07,102.12,E,8,13,,92,7,8.2,,,24100,1.6,,4,,,8.6,8,0
2025-10-18 05:00:00 PDT,1760788800,102.1,102.15,E,9,13,,89,6.9,8.6,,,24100,1.7,,8,,,9.2,8.6,0
2025-10-18 04:00:00 PDT,1760785200,102.11,102.16,ENE,7,10,,88,6.9,8.8,,,24100,1.8,,7,,,9.1,8.5,0
2025-10-18 03:00:00 PDT,1760781600,102.1,102.15,E,8,13,,87,6.8,8.8,,,32200,1.9,,3,,,8.9,8.3,0
2025-10-18 02:00:00 PDT,1760778000,102.12,102.17,E,8,13,,87,6.5,8.7,,,32200,2,,4,,,8.8,8.3,0
2025-10-18 01:00:00 PDT,1760774400,102.15,102.2,ENE,7,14,,87,6.7,8.8,,,32200,2.1,,3,,,8.8,6.9,0
2025-10-18 00:00:00 PDT,1760770800,102.13,102.18,ESE,10,12,,89,5.6,7.3,,,32200,2.1,,2,,,8.7,7,0
2025-10-17 23:00:00 PDT,1760767200,102.14,102.19,ESE,10,15,,88,6.3,8.2,,,32200,2.1,,1,,,10.1,7.7,0
2025-10-17 22:00:00 PDT,1760763600,102.1,102.15,N,0,5,,84,6.8,9.4,,,32200,2.1,,2,,,12,9.1,0
2025-10-17 21:00:00 PDT,1760760000,102.05,102.1,N,1,10,,77,7.3,11.2,,,32200,2.2,,3,,,11.4,9,0
2025-10-17 20:00:00 PDT,1760756400,102,102.05,WNW,30,10,,87,7.4,9.4,,,32200,2.2,,1,,,11.3,9.4,0
2025-10-17 19:00:00 PDT,1760752800,101.92,101.97,W,25,17,,82,8.3,11.1,,,32200,2.2,,2,,,11.3,10.8,0
2025-10-17 18:00:00 PDT,1760749200,101.85,101.9,W,28,21,,81,8.2,11.3,,,32200,2.1,,1,,,12.5,11.3,0
2025-10-17 17:00:00 PDT,1760745600,101.79,101.84,W,27,28,32,73,7.8,12.6,,,32200,2.1,,1,,,13.4,12.6,0
2025-10-17 16:00:00 PDT,1760742000,101.82,101.87,W,26,37,,65,6.9,13.3,,,32200,2.1,,1,,,13.7,13.3,0
2025-10-17 15:00:00 PDT,1760738400,101.84,101.89,W,26,36,,70,8.1,13.4,,,32200,2,,2,,,13.8,13.1,0.1
2025-10-17 14:00:00 PDT,1760734800,101.81,101.86,W,26,32,46,75,9.2,13.5,,,32200,1.8,,1,,,13.5,13,0.4
2025-10-17 13:00:00 PDT,1760731200,101.77,101.82,W,26,44,53,74,8.6,13.1,,,32200,1.6,,3,,,13.4,12.6,0
2025-10-17 12:00:00 PDT,1760727600,101.82,101.87,W,27,35,45,81,9.6,12.6,,,32200,1.5,,4,,,12.7,11.9,0.1
2025-10-17 11:00:00 PDT,1760724000,101.77,101.82,W,26,39,49,87,9.9,12,,,32200,1.6,,3,,,12,10.9,0
2025-10-17 10:00:00 PDT,1760720400,101.76,101.81,W,27,27,44,93,9.9,11,,,32200,1.6,,4,,,11.4,10.8,0
2025-10-17 09:00:00 PDT,1760716800,101.67,101.72,W,27,43,54,92,9.7,10.9,,,32200,1.6,,1,,,10.9,10.1,0.2
2025-10-17 08:00:00 PDT,1760713200,101.6,101.65,W,27,33,45,98,9.7,10.1,,,24100,1.6,,2,,,10.3,9.8,0
2025-10-17 07:00:00 PDT,1760709600,101.61,101.66,W,26,12,,100,10.3,10.3,,,24100,1.5,,6,,,10.4,8.9,0
2025-10-17 06:00:00 PDT,1760706000,101.6,101.65,,,0,,100,10.3,10.3,,,32200,1.5,,6,,,10.8,9.9,0
2025-10-17 05:00:00 PDT,1760702400,101.61,101.66,E,10,7,,100,10.6,10.7,,,24100,1.5,,8,,,10.7,10.5,0
2025-10-17 04:00:00 PDT,1760698800,101.63,101.68,E,9,9,,99,10.4,10.5,,,24100,1.5,,8,,,10.5,10.3,0
2025-10-17 03:00:00 PDT,1760695200,101.68,101.73,ENE,6,15,,99,10.3,10.4,,,24100,1.6,,8,,,10.4,10.1,0
2025-10-17 02:00:00 PDT,1760691600,101.75,101.8,ENE,7,15,,100,10.1,10.1,,,19300,1.7,,8,,,10.3,10,0
2025-10-17 01:00:00 PDT,1760688000,101.78,101.83,E,8,16,,100,10.1,10.1,,,16100,1.8,,8,,,10.5,10,0.1
2025-10-17 00:00:00 PDT,1760684400,101.84,101.89,E,9,15,,100,10.1,10.1,,,16100,1.8,,8,,,10.8,10.1,0.7
2025-10-16 23:00:00 PDT,1760680800,101.86,101.91,E,9,18,,87,8.9,10.9,,,16100,1.9,,8,,,11.4,10.9,0
2025-10-16 22:00:00 PDT,1760677200,101.87,101.92,E,8,17,,86,9,11.3,,,32200,2,,8,,,11.4,11.2,0
2025-10-16 21:00:00 PDT,1760673600,101.87,101.92,E,8,17,,85,8.9,11.3,,,32200,2,,8,,,11.3,10.8,0
2025-10-16 20:00:00 PDT,1760670000,101.88,101.93,ESE,10,18,,89,9.2,10.9,,,32200,2,,8,,,10.9,10.2,0
2025-10-16 19:00:00 PDT,1760666400,101.93,101.98,ESE,10,16,,85,8.4,10.8,,,32200,2,,7,,,11.2,10.6,0
2025-10-16 18:00:00 PDT,1760662800,101.96,102.01,SE,12,14,,83,8.4,11.2,,,32200,2,,7,,,11.8,11.1,0
2025-10-16 17:00:00 PDT,1760659200,101.94,101.99,SE,13,16,,77,7.7,11.5,,,32200,2,,7,,,12.6,11.5,0
2025-10-16 16:00:00 PDT,1760655600,102.02,102.07,SSE,14,15,,69,6.4,12,,,32200,2,,8,,,12.4,11.9,0
2025-10-16 15:00:00 PDT,1760652000,101.99,102.04,SE,14,15,,68,6.4,12.2,,,32200,1.9,,8,,,12.7,12.2,0
2025-10-16 14:00:00 PDT,1760648400,102.07,102.12,ESE,11,13,30,61,5.2,12.5,,,32200,1.7,,7,,,12.9,11.7,0
2025-10-16 13:00:00 PDT,1760644800,102.09,102.14,E,9,24,,65,5.5,11.9,,,32200,1.6,,7,,,12.4,11.2,0
2025-10-16 12:00:00 PDT,1760641200,102.18,102.23,E,10,21,,68,5.4,11.1,,,32200,1.5,,7,,,11.4,10.7,0
2025-10-16 11:00:00 PDT,1760637600,102.17,102.22,ESE,10,22,,71,6.2,11.3,,,32200,1.5,,7,,,11.5,9.1,0
2025-10-16 10:00:00 PDT,1760634000,102.16,102.21,ESE,10,23,,81,6,9.1,,,32200,1.6,,7,,,9.6,7.3,0
2025-10-16 09:00:00 PDT,1760630400,102.16,102.21,ESE,10,16,,94,6.5,7.3,,,32200,1.5,,7,,,7.3,5.5,0
2025-10-16 08:00:00 PDT,1760626800,102.15,102.2,E,9,16,,99,5.4,5.5,,,32200,1.5,,5,,,5.8,4.7,0
2025-10-16 07:00:00 PDT,1760623200,102.14,102.19,E,9,13,,97,4.3,4.7,,,32200,1.4,,0,,,5.5,4.3,0
2025-10-16 06:00:00 PDT,1760619600,102.13,102.18,E,9,14,,99,4.7,4.9,,,32200,1.4,,0,,,5.1,3.7,0
2025-10-16 05:00:00 PDT,1760616000,102.12,102.17,ENE,7,9,,98,4.5,4.8,,,32200,1.4,,0,,,5.2,3.9,0
2025-10-16 04:00:00 PDT,1760612400,102.13,102.18,ESE,10,11,,96,4.4,5,,,32200,1.6,,0,,,6.1,4.2,0
2025-10-16 03:00:00 PDT,1760608800,102.13,102.18,E,8,9,,97,4.7,5.1,,,32200,1.7,,0,,,6.9,4.7,0
2025-10-16 02:00:00 PDT,1760605200,102.11,102.16,E,8,10,,94,4.8,5.7,,,32200,1.7,,1,,,7.3,5.5,0
2025-10-16 01:00:00 PDT,1760601600,102.08,102.13,ENE,7,10,,92,5.3,6.5,,,32200,1.8,,0,,,6.6,5.7,0
2025-10-16 00:00:00 PDT,1760598000,102.06,102.11,E,9,9,,92,4.9,6,,,32200,2,,0,,,7.3,5.2,0
2025-10-15 23:00:00 PDT,1760594400,102.03,102.08,E,8,7,,92,5,6.2,,,32200,2,,0,,,8.4,5.2,0
2025-10-15 22:00:00 PDT,1760590800,102.02,102.07,E,10,4,,94,6.8,7.7,,,32200,2.1,,0,,,7.9,5.1,0
2025-10-15 21:00:00 PDT,1760587200,101.98,102.03,N,35,4,,93,6.6,7.6,,,32200,2.1,,0,,,8.8,6,0
2025-10-15 20:00:00 PDT,1760583600,101.95,102,NW,32,3,,99,8.5,8.6,,,32200,2.1,,0,,,9.3,6.2,0
2025-10-15 19:00:00 PDT,1760580000,101.88,101.93,WNW,30,4,,99,7.6,7.8,,,32200,2.2,,0,,,10.2,7.2,0
2025-10-15 18:00:00 PDT,1760576400,101.86,101.91,WNW,28,3,,81,7,10.1,,,32200,2.2,,0,,,12.4,10.1,0
2025-10-15 17:00:00 PDT,1760572800,101.86,101.91,,,0,,72,7.6,12.3,,,32200,2.3,,1,,,12.6,11.4,0
2025-10-15 16:00:00 PDT,1760569200,101.87,101.92,WSW,23,9,,82,8.7,11.7,,,32200,2.3,,3,,,12,11.2,0
2025-10-15 15:00:00 PDT,1760565600,101.85,101.9,SW,22,10,,79,8.1,11.5,,,32200,2.2,,1,,,11.7,11.3,0
2025-10-15 14:00:00 PDT,1760562000,101.89,101.94,SW,23,10,,73,7,11.6,,,32200,2.1,,2,,,11.8,11.3,0
2025-10-15 13:00:00 PDT,1760558400,101.89,101.94,WSW,24,10,,65,5.3,11.6,,,32200,2.2,,2,,,12,11.2,0
2025-10-15 12:00:00 PDT,1760554800,101.93,101.98,,,0,,66,5.2,11.2,,,32200,2.2,,2,,,11.3,9.4,0
2025-10-15 11:00:00 PDT,1760551200,101.94,101.99,SE,14,7,,74,4.9,9.4,,,32200,2.3,,6,,,9.7,8.7,0
2025-10-15 10:00:00 PDT,1760547600,101.93,101.98,SSE,15,4,,82,5.5,8.5,,,32200,2.1,,4,,,9.2,7.6,0
2025-10-15 09:00:00 PDT,1760544000,101.91,101.96,WSW,25,4,,75,4.3,8.4,,,32200,2,,2,,,9.2,4.1,0
2025-10-15 08:00:00 PDT,1760540400,101.89,101.94,ESE,10,7,,81,2.1,5.1,,,32200,1.9,,3,,,5.7,3.7,0
2025-10-15 07:00:00 PDT,1760536800,101.88,101.93,N,0,4,,80,1.7,4.8,,,32200,1.7,,1,,,6.1,2.6,0
2025-10-15 06:00:00 PDT,1760533200,101.88,101.93,,8,0,,90,2.8,4.3,,,32200,1.7,,1,,,4.8,3.3,0
2025-10-15 05:00:00 PDT,1760529600,101.88,101.93,ESE,11,6,,91,2.7,4.1,,,32200,1.7,,0,,,5.4,2.9,0
2025-10-15 04:00:00 PDT,1760526000,101.89,101.94,NE,5,4,,86,1.9,4.1,,,32200,1.8,,0,,,6.1,3.4,0
2025-10-15 03:00:00 PDT,1760522400,101.92,101.97,N,35,4,,89,2.3,4,,,32200,1.9,,0,,,6,3.3,0
2025-10-15 02:00:00 PDT,1760518800,101.89,101.94,ESE,10,6,,84,2.7,5.2,,,32200,1.8,,0,,,7.6,3.2,0
2025-10-15 01:00:00 PDT,1760515200,101.88,101.93,WNW,28,3,,84,2.1,4.7,,,32200,1.9,,0,,,7.3,4.7,0
2025-10-15 00:00:00 PDT,1760511600,101.86,101.91,E,8,8,,86,3.3,5.5,,,32200,1.9,,0,,,8.8,5.3,0
2025-10-14 23:00:00 PDT,1760508000,101.85,101.9,S,17,7,,84,5.3,7.7,,,32200,2,,0,,,8.5,4.1,0
2025-10-14 22:00:00 PDT,1760504400,101.85,101.9,,,0,,93,4.2,5.3,,,32200,2.1,,0,,,10.2,5.1,0
2025-10-14 21:00:00 PDT,1760500800,101.81,101.86,S,17,3,,75,5.1,9.2,,,32200,2.1,,0,,,9.2,6.3,0
2025-10-14 20:00:00 PDT,1760497200,101.8,101.85,WNW,29,14,,97,7.6,8,,,32200,2.1,,0,,,8.9,7,0
2025-10-14 19:00:00 PDT,1760493600,101.8,101.85,W,27,13,,86,6.1,8.2,,,32200,2.2,,0,,,9.8,7.4,0
2025-10-14 18:00:00 PDT,1760490000,101.8,101.85,WNW,30,14,,77,6,9.8,,,48300,2.2,,0,,,11.8,9.8,0
2025-10-14 17:00:00 PDT,1760486400,101.8,101.85,WNW,29,13,,73,7.1,11.8,,,48300,2.2,,0,,,12.6,11.8,0
2025-10-14 16:00:00 PDT,1760482800,101.8,101.85,WNW,30,15,,59,4.7,12.4,,,48300,2.1,,0,,,12.8,12.1,0
2025-10-14 15:00:00 PDT,1760479200,101.81,101.86,WNW,30,19,,68,6.6,12.3,,,48300,2,,0,,,12.6,12.2,0
2025-10-14 14:00:00 PDT,1760475600,101.86,101.91,WNW,28,18,,62,5.5,12.4,,,40200,2.1,,0,,,12.6,11.8,0
2025-10-14 13:00:00 PDT,1760472000,101.88,101.93,W,27,15,,60,4.4,11.8,,,48300,2.1,,0,,,12.2,11.5,0
2025-10-14 12:00:00 PDT,1760468400,101.91,101.96,W,27,8,,54,2.5,11.6,,,48300,2.1,,0,,,11.6,10,0
2025-10-14 11:00:00 PDT,1760464800,101.91,101.96,SSW,20,8,,58,2.4,10.4,,,48300,2.2,,0,,,10.5,8.8,0
2025-10-14 10:00:00 PDT,1760461200,101.91,101.96,ESE,11,5,,59,1.2,8.8,,,48300,2.1,,0,,,8.8,6.6,0
2025-10-14 09:00:00 PDT,1760457600,101.9,101.95,ESE,11,10,,67,1,6.6,,,48300,2,,0,,,6.8,2.7,0
2025-10-14 08:00:00 PDT,1760454000,101.87,101.92,E,8,8,,77,-0.1,3.5,,,48300,1.8,,0,,,4.7,1.6,0
2025-10-14 07:00:00 PDT,1760450400,101.88,101.93,NNE,1,9,,71,0,4.7,,,32200,1.6,,0,,,4.7,0.8,0
2025-10-14 06:00:00 PDT,1760446800,101.84,101.89,N,35,9,,87,-1.1,0.8,,,32200,1.6,,0,,,5.3,0.4,0
2025-10-14 05:00:00 PDT,1760443200,101.83,101.88,,,0,,74,-0.7,3.5,,,32200,1.5,,0,,,4.8,1.3,0
2025-10-14 04:00:00 PDT,1760439600,101.81,101.86,NNE,1,8,,70,-0.3,4.7,,,32200,1.6,,0,,,4.7,1.2,0
2025-10-14 03:00:00 PDT,1760436000,101.79,101.84,NE,5,4,,80,1.2,4.4,,,32200,1.6,,0,,,4.4,1.1,0
2025-10-14 02:00:00 PDT,1760432400,101.77,101.82,NW,32,4,,89,0.7,2.4,,,32200,1.6,,0,,,5,1.8,0
2025-10-14 01:00:00 PDT,1760428800,101.75,101.8,ENE,7,4,,74,0.1,4.4,,,32200,1.6,,0,,,7.1,3.2,0
2025-10-14 00:00:00 PDT,1760425200,101.74,101.79,,,0,,70,0.3,5.3,,,32200,1.7,,0,,,8.1,4.8,0
2025-10-13 23:00:00 PDT,1760421600,101.72,101.77,N,35,9,,73,1.6,6.1,,,32200,1.8,,0,,,8.5,2.8,0
2025-10-13 22:00:00 PDT,1760418000,101.69,101.74,NE,4,6,,62,0.9,7.7,,,32200,1.8,,0,,,8.5,4.4,0
2025-10-13 21:00:00 PDT,1760414400,101.67,101.72,NNE,1,5,,85,4,6.4,,,32200,1.8,,0,,,9,3.4,0
2025-10-13 20:00:00 PDT,1760410800,101.62,101.67,N,35,5,,89,6.1,7.8,,,32200,1.8,,0,,,8.3,7.2,0
2025-10-13 19:00:00 PDT,1760407200,101.58,101.63,NW,31,17,,84,5.8,8.3,,,48300,1.7,,0,,,10.2,8.3,0
2025-10-13 18:00:00 PDT,1760403600,101.55,101.6,WNW,29,14,,75,6.1,10.3,,,48300,1.7,,0,,,11.7,10.2,0
2025-10-13 17:00:00 PDT,1760400000,101.54,101.59,WNW,29,28,28,70,6.4,11.7,,,48300,1.7,,0,,,12.4,11.7,0
2025-10-13 16:00:00 PDT,1760396400,101.54,101.59,WNW,29,32,35,60,4.9,12.3,,,48300,1.7,,0,,,12.9,12.3,0
2025-10-13 15:00:00 PDT,1760392800,101.56,101.61,WNW,29,32,,59,5,12.7,,,48300,1.6,,0,,,13.1,12.6,0
2025-10-13 14:00:00 PDT,1760389200,101.58,101.63,WNW,28,34,33,62,5.5,12.6,,,48300,1.6,,0,,,13.3,12.5,0
2025-10-13 13:00:00 PDT,1760385600,101.59,101.64,W,27,23,33,58,5.1,13,,,48300,1.6,,0,,,14.1,12.3,0
2025-10-13 12:00:00 PDT,1760382000,101.6,101.65,WSW,24,11,,45,1.3,12.7,,,48300,1.5,,0,,,13.3,11.1,0
2025-10-13 11:00:00 PDT,1760378400,101.6,101.65,SSW,19,7,,42,-0.3,12.3,,,48300,1.6,,0,,,12.4,9.2,0
2025-10-13 10:00:00 PDT,1760374800,101.57,101.62,N,35,4,,46,-0.2,11,,,48300,1.6,,0,,,11,8.6,0
2025-10-13 09:00:00 PDT,1760371200,101.52,101.57,,2,0,,61,1.3,8.4,,,48300,1.6,,0,,,8.4,2.2,0
2025-10-13 08:00:00 PDT,1760367600,101.46,101.51,NW,30,10,,79,-0.3,3,,,48300,1.5,,0,,,6.5,2.2,0
2025-10-13 07:00:00 PDT,1760364000,101.38,101.43,N,0,8,,61,-1.8,5,,,32200,1.5,,0,,,6.8,4.5,0
2025-10-13 06:00:00 PDT,1760360400,101.35,101.4,NNE,3,7,,75,0.8,4.9,,,32200,1.5,,0,,,5.6,2.6,0
2025-10-13 05:00:00 PDT,1760356800,101.29,101.34,NNE,2,7,,69,-0.7,4.6,,,32200,1.4,,0,,,6.9,1.8,0
2025-10-13 04:00:00 PDT,1760353200,101.25,101.3,NE,4,7,,65,-2.7,3.1,,,32200,1.4,,0,,,6.9,3.1,0
2025-10-13 03:00:00 PDT,1760349600,101.2,101.25,NNE,1,9,,63,-0.4,6.2,,,32200,1.5,,0,,,7,5.5,0
2025-10-13 02:00:00 PDT,1760346000,101.2,101.25,NNE,2,10,,64,0.1,6.4,,,32200,1.5,,0,,,6.4,5.5,0
2025-10-13 01:00:00 PDT,1760342400,101.15,101.2,NNE,1,12,,67,0.7,6.3,,,32200,1.5,,0,,,6.8,5.2,0
2025-10-13 00:00:00 PDT,1760338800,101.08,101.13,N,35,13,,70,0.6,5.7,,,32200,1.5,,1,,,7,5.4,0
2025-10-12 23:00:00 PDT,1760335200,101.04,101.09,N,35,13,,73,1.7,6.2,,,32200,1.6,,1,,,7.6,5.8,0
2025-10-12 22:00:00 PDT,1760331600,101,101.05,N,0,10,,71,2.2,7.1,,,32200,1.6,,1,,,8.1,6.8,0
2025-10-12 21:00:00 PDT,1760328000,100.96,101.01,N,36,10,,75,3.2,7.3,,,32200,1.6,,5,,,9.3,7.3,0
2025-10-12 20:00:00 PDT,1760324400,100.93,100.98,N,1,9,,72,4.5,9.3,,,32200,1.6,,6,,,10,8,0
2025-10-12 19:00:00 PDT,1760320800,100.88,100.93,N,35,5,,90,6.3,7.9,,,32200,1.6,,7,,,10.1,7.9,0
2025-10-12 18:00:00 PDT,1760317200,100.86,100.91,NNW,34,5,,80,6.2,9.6,,,32200,1.6,,4,,,10.4,9.6,0
2025-10-12 17:00:00 PDT,1760313600,100.87,100.92,WNW,29,11,,74,6.1,10.4,,,32200,1.6,,6,,,11,10.1,0
2025-10-12 16:00:00 PDT,1760310000,100.87,100.92,WNW,29,7,,69,5.7,11,,,32200,1.5,,7,,,11.2,10.7,0
2025-10-12 15:00:00 PDT,1760306400,100.89,100.94,N,35,5,,67,5.1,10.9,,,32200,1.5,,8,,,11.3,10.8,0
2025-10-12 14:00:00 PDT,1760302800,100.91,100.96,NW,31,15,,80,7.8,11.1,,,32200,1.5,,8,,,11.1,9.3,0
2025-10-12 13:00:00 PDT,1760299200,100.95,101,WNW,30,13,,88,7.6,9.4,,,32200,1.5,,8,,,9.9,9.1,0.1
2025-10-12 12:00:00 PDT,1760295600,100.95,101,SE,13,27,,86,6.9,9.1,,,24100,1.5,,8,,,10.5,9.1,0.2
2025-10-12 11:00:00 PDT,1760292000,100.94,100.99,ESE,10,14,,85,7.9,10.4,,,32200,1.5,,8,,,10.4,9.8,0
2025-10-12 10:00:00 PDT,1760288400,100.95,101,ESE,11,13,,82,7.2,10.1,,,24100,1.6,,8,,,10.2,9.7,0
2025-10-12 09:00:00 PDT,1760284800,100.96,101.01,SE,12,10,,77,6.2,10,,,32200,1.6,,8,,,10.3,9.2,0
2025-10-12 08:00:00 PDT,1760281200,100.95,101,WNW,30,5,,84,6.8,9.2,,,32200,1.6,,7,,,9.8,9.2,0
2025-10-12 07:00:00 PDT,1760277600,100.95,101,W,26,13,,77,5.7,9.5,,,32200,1.6,,7,,,9.7,8.9,0
2025-10-12 06:00:00 PDT,1760274000,100.93,100.98,W,27,15,,77,5.5,9.2,,,32200,1.5,,8,,,9.4,9.2,0
2025-10-12 05:00:00 PDT,1760270400,100.93,100.98,W,26,18,,77,5.5,9.3,,,32200,1.5,,6,,,9.9,9.2,0
2025-10-12 04:00:00 PDT,1760266800,100.97,101.02,W,26,22,,77,6.1,9.9,,,32200,1.6,,8,,,10.1,9.8,0
2025-10-12 03:00:00 PDT,1760263200,100.96,101.01,W,27,22,31,82,7,10,,,32200,1.6,,8,,,10.3,9.8,0
2025-10-12 02:00:00 PDT,1760259600,100.95,101,WNW,29,17,,89,8.1,9.8,,,32200,1.6,,8,,,10.2,9.8,0
2025-10-12 01:00:00 PDT,1760256000,100.94,100.99,WNW,28,22,,84,7.6,10.2,,,32200,1.7,,8,,,10.4,9.9,0
2025-10-12 00:00:00 PDT,1760252400,100.96,101.01,W,28,17,,87,7.9,10,,,32200,1.7,,7,,,10.5,9.8,0
2025-10-11 23:00:00 PDT,1760248800,100.94,100.99,WNW,29,16,,92,9,10.3,,,32200,1.7,,7,,,11.4,10,0
2025-10-11 22:00:00 PDT,1760245200,100.93,100.98,W,27,22,,90,9.8,11.3,,,32200,1.8,,6,,,12.2,11.3,0
2025-10-11 21:00:00 PDT,1760241600,100.93,100.98,W,25,22,,86,9.5,11.8,,,32200,1.8,,8,,,12.1,11.2,0
2025-10-11 20:00:00 PDT,1760238000,100.94,100.99,W,27,19,,83,9.3,12,,,32200,1.8,,8,,,12.2,11,0
2025-10-11 19:00:00 PDT,1760234400,100.94,100.99,WSW,24,16,,84,8.6,11.1,,,32200,1.8,,3,,,12.1,11,0
2025-10-11 18:00:00 PDT,1760230800,100.95,101,WSW,24,21,34,79,8.6,12.1,,,32200,1.8,,3,,,12.5,11.9,0
2025-10-11 17:00:00 PDT,1760227200,100.96,101.01,WSW,24,20,,85,9.6,11.9,,,32200,1.8,,8,,,12,11.2,0.1
2025-10-11 16:00:00 PDT,1760223600,100.97,101.02,W,27,25,,93,10.4,11.4,,,32200,1.8,,8,,,12.1,11.2,0.2
2025-10-11 15:00:00 PDT,1760220000,100.96,101.01,WNW,28,19,,89,10.1,11.7,,,24100,1.7,,7,,,13,11.5,0
2025-10-11 14:00:00 PDT,1760216400,100.98,101.03,W,27,25,,88,10.6,12.5,,,24100,1.7,,7,,,13.2,12.3,0
2025-10-11 13:00:00 PDT,1760212800,100.98,101.03,W,26,22,33,88,10.5,12.5,,,24100,1.8,,8,,,13,11.6,0
2025-10-11 12:00:00 PDT,1760209200,100.99,101.04,SW,23,11,,95,11,11.7,,,16100,1.8,,8,,,12.1,11.6,0
2025-10-11 11:00:00 PDT,1760205600,101.02,101.07,SSW,20,11,,97,11.4,11.8,,,12900,1.7,,8,,,12.2,11.5,0.2
2025-10-11 10:00:00 PDT,1760202000,100.98,101.03,SSW,19,11,,98,11.8,12.1,,,24100,1.7,,8,,,12.1,11.2,0
2025-10-11 09:00:00 PDT,1760198400,100.97,101.02,SE,13,7,,100,11.2,11.2,,,24100,1.6,,7,,,11.2,10.6,0
2025-10-11 08:00:00 PDT,1760194800,100.94,100.99,SE,13,5,,100,10.8,10.8,,,16100,1.6,,8,,,10.9,10.6,0.3
2025-10-11 07:00:00 PDT,1760191200,100.91,100.96,ESE,10,7,,100,10.6,10.7,,,16100,1.5,,8,,,10.9,10.6,0.4
2025-10-11 06:00:00 PDT,1760187600,100.88,100.93,ESE,12,7,,100,10.6,10.6,,,9700,1.5,,8,,,10.8,10.6,0.8
2025-10-11 05:00:00 PDT,1760184000,100.91,100.96,E,9,8,,100,10.7,10.7,,,9700,1.5,,8,,,10.8,10.7,0.1
2025-10-11 04:00:00 PDT,1760180400,100.9,100.95,ENE,7,8,,100,10.8,10.8,,,8100,1.6,,8,,,10.8,9.9,0
2025-10-11 03:00:00 PDT,1760176800,100.9,100.95,ESE,11,7,,100,9.9,9.9,,,6400,1.6,,8,,,10.5,9.3,0
2025-10-11 02:00:00 PDT,1760173200,100.91,100.96,E,8,10,,100,10.4,10.4,,,19300,2,,8,,,11,10.2,0
2025-10-11 01:00:00 PDT,1760169600,100.93,100.98,ESE,10,9,,100,10.9,10.9,,,24100,2,,8,,,11,9.7,0
2025-10-11 00:00:00 PDT,1760166000,100.95,101,E,9,7,,100,9.9,9.9,,,24100,2,,4,,,11,9.6,0
2025-10-10 23:00:00 PDT,1760162400,100.97,101.02,ENE,6,8,,100,10.8,10.8,,,16100,2,,5,,,10.8,9.8,0
2025-10-10 22:00:00 PDT,1760158800,101.01,101.06,E,9,11,,100,10.6,10.6,,,19300,2,,4,,,11.1,9.8,0
2025-10-10 21:00:00 PDT,1760155200,101.02,101.07,E,8,8,,100,10.3,10.3,,,24100,2,,6,,,11.8,10.3,0
2025-10-10 20:00:00 PDT,1760151600,101.03,101.08,E,8,12,,98,11.5,11.8,,,24100,1.9,,6,,,11.9,11.7,0
2025-10-10 19:00:00 PDT,1760148000,100.99,101.04,E,9,14,,99,11.7,11.9,,,24100,1.9,,8,,,12,11.8,0
2025-10-10 18:00:00 PDT,1760144400,101,101.05,E,9,15,,99,11.7,11.8,,,24100,1.8,,8,,,12,11.8,0.1
2025-10-10 17:00:00 PDT,1760140800,100.99,101.04,E,8,13,,100,11.9,11.9,,,16100,1.8,,8,,,12.2,11.8,2.6
2025-10-10 16:00:00 PDT,1760137200,101,101.05,ESE,11,11,,100,12,12.1,,,9700,1.8,,8,,,12.4,11.9,2.8
2025-10-10 15:00:00 PDT,1760133600,101,101.05,E,9,12,,98,11.7,12,,,16100,1.8,,8,,,12.4,12,0.5
2025-10-10 14:00:00 PDT,1760130000,101,101.05,ESE,12,12,,94,11.4,12.2,,,19300,1.7,,8,,,12.6,12.2,0.1
2025-10-10 13:00:00 PDT,1760126400,101.01,101.06,ESE,11,10,,96,11.9,12.5,,,19300,1.7,,8,,,13.2,12,0.1
2025-10-10 12:00:00 PDT,1760122800,101.01,101.06,SE,12,18,,94,12,12.9,,,24100,1.5,,7,,,13,11.5,0.6
2025-10-10 11:00:00 PDT,1760119200,100.99,101.04,S,18,33,53,97,11,11.5,,,8100,1.5,,8,,,11.7,11.5,1.2
2025-10-10 10:00:00 PDT,1760115600,101.08,101.13,ESE,10,18,,97,11.3,11.7,,,24100,1.5,,7,,,11.7,11.4,0
2025-10-10 09:00:00 PDT,1760112000,101.16,101.21,E,9,26,,95,10.7,11.4,,,32200,1.6,,7,,,11.5,10.6,0
2025-10-10 08:00:00 PDT,1760108400,101.09,101.14,E,10,14,,100,10.5,10.5,,,32200,1.6,,4,,,10.6,9.8,0
2025-10-10 07:00:00 PDT,1760104800,100.94,100.99,ESE,10,10,,100,10.2,10.2,,,24100,1.5,,5,,,11,9.4,0
2025-10-10 06:00:00 PDT,1760101200,100.9,100.95,SE,13,7,,99,9.7,9.8,,,32200,1.5,,8,,,11,9.8,0
2025-10-10 05:00:00 PDT,1760097600,100.86,100.91,WNW,29,17,,100,10.9,10.9,,,32200,1.6,,4,,,11.4,10.7,0
2025-10-10 04:00:00 PDT,1760094000,100.86,100.91,WNW,29,23,,99,11.3,11.4,,,32200,1.6,,3,,,11.6,11.3,0
2025-10-10 03:00:00 PDT,1760090400,100.94,100.99,NW,30,20,,100,11.5,11.5,,,32200,1.6,,7,,,11.5,10.9,0
2025-10-10 02:00:00 PDT,1760086800,101.08,101.13,WNW,29,20,27,99,11.4,11.5,,,32200,1.6,,1,,,11.5,11,0
2025-10-10 01:00:00 PDT,1760083200,101.13,101.18,NW,30,17,,100,11.4,11.4,,,32200,1.7,,3,,,11.5,10.7,0
2025-10-10 00:00:00 PDT,1760079600,101.21,101.26,NW,30,19,,100,11.4,11.5,,,32200,1.8,,5,,,11.6,11.3,0
2025-10-09 23:00:00 PDT,1760076000,101.32,101.37,NW,31,18,,99,11.3,11.4,,,32200,1.9,,5,,,11.8,11.4,0
2025-10-09 22:00:00 PDT,1760072400,101.38,101.43,NW,30,22,,96,11.3,11.9,,,32200,2,,6,,,12.1,11.8,0
2025-10-09 21:00:00 PDT,1760068800,101.4,101.45,NW,30,25,,94,11,12,,,32200,2,,6,,,12.1,11.9,0
2025-10-09 20:00:00 PDT,1760065200,101.43,101.48,WNW,29,32,31,95,11.3,12.1,,,32200,1.9,,6,,,12.3,12,0
2025-10-09 19:00:00 PDT,1760061600,101.43,101.48,NW,30,17,,97,11.8,12.3,,,32200,1.9,,8,,,12.7,12.1,0
2025-10-09 18:00:00 PDT,1760058000,101.43,101.48,NW,31,17,,92,11.5,12.7,,,32200,1.9,,6,,,13.4,12.7,0
2025-10-09 17:00:00 PDT,1760054400,101.48,101.53,WNW,29,20,30,86,11.1,13.4,,,32200,1.9,,7,,,13.9,13.4,0
2025-10-09 16:00:00 PDT,1760050800,101.53,101.58,WNW,29,26,,88,11.9,13.9,,,32200,1.9,,4,,,14.6,13.8,0
2025-10-09 15:00:00 PDT,1760047200,101.56,101.61,WNW,28,23,,80,11.2,14.6,,,32200,1.9,,4,,,14.7,13,0
2025-10-09 14:00:00 PDT,1760043600,101.59,101.64,WNW,29,25,,85,11.2,13.7,,,32200,1.9,,6,,,16,13.7,0
2025-10-09 13:00:00 PDT,1760040000,101.66,101.71,SW,23,9,,69,9.9,15.6,,,32200,1.9,,5,,,15.7,13.7,0
2025-10-09 12:00:00 PDT,1760036400,101.72,101.77,W,26,14,,85,11.2,13.7,,,32200,1.9,,5,,,13.8,12.3,0
2025-10-09 11:00:00 PDT,1760032800,101.54,101.59,NE,3,16,27,94,11.6,12.6,,,32200,1.9,,8,,,12.6,11.7,0
2025-10-09 10:00:00 PDT,1760029200,101.71,101.76,WNW,29,11,,97,11.3,11.7,,,32200,1.8,,8,,,12.1,11.6,0
2025-10-09 09:00:00 PDT,1760025600,101.52,101.57,NW,31,13,,99,11.3,11.5,,,32200,1.7,,7,,,11.5,11.2,0
2025-10-09 08:00:00 PDT,1760022000,101.47,101.52,NNW,34,8,,95,10.6,11.3,,,24100,1.6,,8,,,11.7,11.2,0.4
2025-10-09 07:00:00 PDT,1760018400,101.43,101.48,WSW,23,12,,95,10.7,11.5,,,19300,1.7,,8,,,11.7,10.2,0.5
2025-10-09 06:00:00 PDT,1760014800,101.31,101.36,WNW,29,9,,98,10.2,10.5,,,32200,1.7,,8,,,10.9,10.2,0.3
2025-10-09 05:00:00 PDT,1760011200,101.31,101.36,NNE,2,7,,99,10.7,10.8,,,16100,1.8,,8,,,11.2,10.5,0.9
2025-10-09 04:00:00 PDT,1760007600,101.22,101.27,W,28,7,,92,9.9,11.2,,,32200,1.8,,8,,,11.4,11,0
2025-10-09 03:00:00 PDT,1760004000,101.11,101.16,WNW,29,16,,96,10.5,11.1,,,32200,1.8,,8,,,11.3,11,0
2025-10-09 02:00:00 PDT,1760000400,101.1,101.15,WNW,29,22,,95,10.3,11.1,,,32200,1.8,,6,,,11.2,10.8,0
2025-10-09 01:00:00 PDT,1759996800,101.02,101.07,WNW,29,18,,91,9.3,10.8,,,32200,2,,2,,,11.2,10.4,0
2025-10-09 00:00:00 PDT,1759993200,101.01,101.06,WNW,29,14,,89,9.4,11.2,,,32200,2,,2,,,11.9,11.2,0
2025-10-08 23:00:00 PDT,1759989600,101.03,101.08,WNW,28,13,,91,10.1,11.5,,,32200,2.1,,8,,,11.5,10.9,0
2025-10-08 22:00:00 PDT,1759986000,101,101.05,NW,31,13,,93,10,11.1,,,32200,2.2,,8,,,11.8,10.1,0
2025-10-08 21:00:00 PDT,1759982400,101.01,101.06,WNW,29,7,,90,9.3,10.8,,,32200,2.2,,8,,,11.5,10.3,0
2025-10-08 20:00:00 PDT,1759978800,101.01,101.06,NW,31,8,,86,9.1,11.4,,,32200,2.3,,8,,,11.7,11,0
2025-10-08 19:00:00 PDT,1759975200,101.01,101.06,NW,31,9,,84,9,11.6,,,32200,2.3,,8,,,12.6,11.6,0
2025-10-08 18:00:00 PDT,1759971600,100.97,101.02,NW,30,10,,78,8.9,12.6,,,48300,2.2,,8,,,13.9,12.6,0
2025-10-08 17:00:00 PDT,1759968000,100.96,101.01,NW,30,13,,71,8.8,14,,,48300,2.1,,7,,,14.4,13.3,0
2025-10-08 16:00:00 PDT,1759964400,100.96,101.01,WNW,29,11,,77,9.4,13.3,,,48300,2.1,,7,,,14,13.3,0
2025-10-08 15:00:00 PDT,1759960800,100.99,101.04,NW,31,12,,75,9,13.3,,,48300,2.1,,7,,,13.8,12.8,0
2025-10-08 14:00:00 PDT,1759957200,100.99,101.04,WNW,30,7,,78,9,12.8,,,48300,2.1,,7,,,13.1,12.5,0
2025-10-08 13:00:00 PDT,1759953600,101.02,101.07,WNW,28,5,,76,8.8,12.8,,,48300,2,,8,,,13.4,12.5,0
2025-10-08 12:00:00 PDT,1759950000,101.01,101.06,WSW,25,5,,75,9,13.3,,,48300,2,,8,,,13.6,12.1,0
2025-10-08 11:00:00 PDT,1759946400,101.01,101.06,WNW,29,5,,79,8.7,12.3,,,48300,2,,8,,,12.3,11.9,0
2025-10-08 10:00:00 PDT,1759942800,100.99,101.04,W,28,9,,79,8.4,12,,,48300,1.9,,8,,,12.5,11.9,0
2025-10-08 09:00:00 PDT,1759939200,100.97,101.02,W,27,9,,81,8.8,12,,,48300,1.8,,7,,,12,10.9,0
2025-10-08 08:00:00 PDT,1759935600,100.92,100.97,WNW,30,9,,86,8.6,10.9,,,48300,1.8,,6,,,11.1,10.6,0
2025-10-08 07:00:00 PDT,1759932000,100.88,100.93,WNW,30,16,,81,7.9,11.1,,,24100,1.7,,8,,,11.1,10.8,0
2025-10-08 06:00:00 PDT,1759928400,100.85,100.9,WNW,29,15,,82,8.2,11,,,32200,1.7,,8,,,11.1,10.2,0
2025-10-08 05:00:00 PDT,1759924800,100.88,100.93,W,27,17,,86,8.1,10.3,,,32200,1.7,,7,,,10.7,10,0
2025-10-08 04:00:00 PDT,1759921200,100.88,100.93,WNW,28,17,,85,8.2,10.5,,,32200,1.7,,7,,,10.7,9.3,0
2025-10-08 03:00:00 PDT,1759917600,100.9,100.95,W,28,16,,93,8.2,9.3,,,32200,2,,7,,,10,9.1,0
2025-10-08 02:00:00 PDT,1759914000,100.91,100.96,WNW,29,17,,87,8,10,,,32200,1.8,,2,,,11.4,10,0
2025-10-08 01:00:00 PDT,1759910400,100.89,100.94,WNW,28,26,,83,8.7,11.4,,,32200,1.8,,6,,,11.9,11.4,0
2025-10-08 00:00:00 PDT,1759906800,100.91,100.96,WNW,28,25,,79,8.3,11.8,,,32200,1.7,,8,,,12.1,11.8,0
2025-10-07 23:00:00 PDT,1759903200,100.9,100.95,WNW,28,32,,77,8,11.9,,,32200,1.7,,7,,,12.2,11.9,0
2025-10-07 22:00:00 PDT,1759899600,100.89,100.94,WNW,28,24,35,82,9,12,,,32200,1.6,,1,,,12.4,12,0
2025-10-07 21:00:00 PDT,1759896000,100.89,100.94,WNW,28,15,,92,10.9,12.1,,,32200,1.6,,6,,,13.1,12.1,0
2025-10-07 20:00:00 PDT,1759892400,100.91,100.96,WNW,28,19,,95,12.2,13,,,32200,1.7,,7,,,13.2,12.9,0
2025-10-07 19:00:00 PDT,1759888800,100.93,100.98,WNW,29,16,,95,12.2,12.9,,,32200,1.9,,7,,,13.3,12.9,0
2025-10-07 18:00:00 PDT,1759885200,100.95,101,WNW,29,14,,95,12.4,13.2,,,48300,2,,8,,,13.3,13.1,0
2025-10-07 17:00:00 PDT,1759881600,101.04,101.09,WNW,29,21,32,95,12.6,13.3,,,48300,2.1,,8,,,13.9,13.3,0
2025-10-07 16:00:00 PDT,1759878000,101.07,101.12,WNW,29,23,,92,12.6,13.9,,,48300,2.1,,7,,,14.4,13.7,0
2025-10-07 15:00:00 PDT,1759874400,101.12,101.17,WNW,29,22,,89,12.3,14.1,,,48300,2.1,,7,,,14.8,13.8,0
2025-10-07 14:00:00 PDT,1759870800,101.18,101.23,WNW,28,24,,89,12.3,14,,,48300,2.1,,8,,,14.8,14,0
2025-10-07 13:00:00 PDT,1759867200,101.24,101.29,W,26,14,,86,12.1,14.3,,,48300,1.9,,7,,,14.9,14.1,0
2025-10-07 12:00:00 PDT,1759863600,101.28,101.33,W,26,5,,83,11.8,14.6,,,48300,1.8,,7,,,14.6,13.7,0
2025-10-07 11:00:00 PDT,1759860000,101.34,101.39,S,18,3,,87,12,14.1,,,48300,1.7,,8,,,14.2,12.8,0
2025-10-07 10:00:00 PDT,1759856400,101.43,101.48,S,18,4,,91,11.6,13,,,48300,1.6,,7,,,13.1,11.8,0
2025-10-07 09:00:00 PDT,1759852800,101.47,101.52,S,18,7,,92,10.8,12,,,48300,1.5,,7,,,12.4,9.9,0
2025-10-07 08:00:00 PDT,1759849200,101.48,101.53,,36,0,,97,9.4,9.9,,,48300,1.4,,5,,,9.9,5.9,0
2025-10-07 07:00:00 PDT,1759845600,101.55,101.6,,31,0,,100,6.8,6.8,,,40200,1.3,,1,,,9,6,0
2025-10-07 06:00:00 PDT,1759842000,101.58,101.63,,,0,,97,7.8,8.3,,,32200,1.3,,1,,,9.1,6.4,0
2025-10-07 05:00:00 PDT,1759838400,101.63,101.68,NNE,1,5,,98,7.9,8.1,,,32200,1.3,,0,,,9.4,7.6,0
2025-10-07 04:00:00 PDT,1759834800,101.69,101.74,ESE,11,5,,97,8.2,8.6,,,32200,1.5,,0,,,10.3,7.4,0
2025-10-07 03:00:00 PDT,1759831200,101.74,101.79,,,0,,96,9.3,10,,,32200,1.6,,0,,,10,6.7,0
2025-10-07 02:00:00 PDT,1759827600,101.78,101.83,,,0,,98,9.3,9.6,,,32200,1.5,,0,,,10.4,7.4,0
2025-10-07 01:00:00 PDT,1759824000,101.83,101.88,N,35,5,,99,7.7,7.9,,,32200,1.7,,0,,,9.8,7.4,0
2025-10-07 00:00:00 PDT,1759820400,101.85,101.9,,7,0,,97,8.7,9.1,,,32200,1.8,,0,,,9.9,7.9,0
2025-10-06 23:00:00 PDT,1759816800,101.89,101.94,,2,0,,99,9.4,9.5,,,32200,2,,0,,,11.5,8.8,0
2025-10-06 22:00:00 PDT,1759813200,101.91,101.96,,,0,,99,10.9,11,,,32200,2.1,,0,,,11.7,9.9,0
2025-10-06 21:00:00 PDT,1759809600,101.93,101.98,NW,32,5,,100,10.8,10.8,,,32200,2.2,,0,,,10.9,9.6,0
2025-10-06 20:00:00 PDT,1759806000,101.95,102,NW,30,7,,100,10.8,10.8,,,32200,2.2,,0,,,11.1,9.9,0
2025-10-06 19:00:00 PDT,1759802400,101.97,102.02,NW,30,10,,98,10.5,10.9,,,32200,2.4,,1,,,13.7,10.9,0
2025-10-06 18:00:00 PDT,1759798800,101.99,102.04,WNW,30,8,,86,11.4,13.7,,,48300,2.3,,1,,,15.2,13.7,0
2025-10-06 17:00:00 PDT,1759795200,102.04,102.09,W,27,10,,72,10.2,15.1,,,48300,2.2,,3,,,15.8,14.9,0
2025-10-06 16:00:00 PDT,1759791600,102.1,102.15,WNW,28,13,,75,11.2,15.6,,,48300,2,,2,,,16,15.3,0
2025-10-06 15:00:00 PDT,1759788000,102.15,102.2,W,28,15,,71,10.5,15.7,,,48300,2,,2,,,16.4,15.7,0
2025-10-06 14:00:00 PDT,1759784400,102.19,102.24,WNW,28,14,,71,10.5,15.8,,,48300,1.9,,1,,,16,14.9,0
2025-10-06 13:00:00 PDT,1759780800,102.24,102.29,W,27,14,,76,11,15.1,,,48300,1.8,,1,,,15.5,14.8,0
2025-10-06 12:00:00 PDT,1759777200,102.28,102.33,WNW,28,12,,72,10.3,15.2,,,48300,1.6,,1,,,15.4,14.8,0
2025-10-06 11:00:00 PDT,1759773600,102.3,102.35,WNW,30,8,,66,8.9,15.2,,,48300,1.6,,2,,,15.2,13.1,0
2025-10-06 10:00:00 PDT,1759770000,102.3,102.35,ENE,7,9,,74,8.7,13.1,,,48300,1.6,,2,,,13.1,11.2,0
2025-10-06 09:00:00 PDT,1759766400,102.28,102.33,E,9,8,,88,9.3,11.2,,,48300,1.5,,2,,,11.2,8.1,0
2025-10-06 08:00:00 PDT,1759762800,102.26,102.31,E,9,4,,95,7.4,8.2,,,48300,1.4,,1,,,9.4,6.6,0
2025-10-06 07:00:00 PDT,1759759200,102.25,102.3,S,16,3,,91,7.2,8.6,,,40200,1.3,,1,,,10.1,8,0
2025-10-06 06:00:00 PDT,1759755600,102.23,102.28,N,35,9,,94,7.3,8.2,,,32200,1.3,,0,,,8.9,7.3,0
2025-10-06 05:00:00 PDT,1759752000,102.23,102.28,WNW,28,10,,95,7.2,7.9,,,32200,1.3,,0,,,9.2,7,0
2025-10-06 04:00:00 PDT,1759748400,102.24,102.29,,,0,,90,6.5,8,,,32200,1.4,,0,,,9.3,6.7,0
2025-10-06 03:00:00 PDT,1759744800,102.26,102.31,NNW,34,9,,94,6.1,7,,,32200,1.5,,0,,,10.2,6.4,0
2025-10-06 02:00:00 PDT,1759741200,102.23,102.28,ENE,7,3,,82,7.1,10.1,,,32200,1.5,,0,,,11.3,9,0
2025-10-06 01:00:00 PDT,1759737600,102.25,102.3,ENE,5,7,,78,7.6,11.3,,,32200,1.5,,0,,,11.3,9.4,0
2025-10-06 00:00:00 PDT,1759734000,102.23,102.28,N,0,8,,100,9.4,9.4,,,32200,1.6,,0,,,11.3,7.3,0
2025-10-05 23:00:00 PDT,1759730400,102.2,102.25,ESE,11,8,,98,10.4,10.7,,,32200,1.8,,0,,,11.6,10,0
2025-10-05 22:00:00 PDT,1759726800,102.16,102.21,N,0,5,,96,10.4,11.1,,,32200,1.8,,0,,,11.1,9.1,0
2025-10-05 21:00:00 PDT,1759723200,102.15,102.2,NW,30,5,,98,9.5,9.8,,,32200,1.9,,0,,,11.6,9.4,0
2025-10-05 20:00:00 PDT,1759719600,102.13,102.18,NW,31,8,,95,8.2,8.9,,,32200,1.9,,1,,,11.3,8.9,0
2025-10-05 19:00:00 PDT,1759716000,102.1,102.15,WNW,29,8,,98,10.1,10.4,,,32200,2,,1,,,13.7,10,0
2025-10-05 18:00:00 PDT,1759712400,102.1,102.15,WSW,24,8,,84,11.1,13.7,,,32200,2,,1,,,14.9,13.7,0
2025-10-05 17:00:00 PDT,1759708800,102.11,102.16,W,27,9,,74,10.4,14.9,,,32200,1.9,,1,,,15.8,14.8,0
2025-10-05 16:00:00 PDT,1759705200,102.14,102.19,W,26,9,,67,9.5,15.5,,,32200,1.9,,2,,,15.9,15.4,0
2025-10-05 15:00:00 PDT,1759701600,102.23,102.28,WNW,29,16,,68,9.7,15.5,,,32200,1.8,,4,,,15.7,14.9,0
2025-10-05 14:00:00 PDT,1759698000,102.28,102.33,WNW,29,17,,79,11.6,15.2,,,32200,1.7,,1,,,15.5,14.8,0
2025-10-05 13:00:00 PDT,1759694400,102.32,102.37,WNW,29,20,,75,10.9,15.3,,,32200,1.6,,1,,,15.6,14.8,0
2025-10-05 12:00:00 PDT,1759690800,102.39,102.44,WNW,29,22,,78,10.9,14.7,,,32200,1.5,,1,,,14.9,14.2,0
2025-10-05 11:00:00 PDT,1759687200,102.37,102.42,WNW,29,19,,78,10.4,14.2,,,32200,1.4,,2,,,14.2,13.1,0
2025-10-05 10:00:00 PDT,1759683600,102.4,102.45,WNW,29,18,,81,10.1,13.2,,,32200,1.3,,2,,,13.2,12.4,0
2025-10-05 09:00:00 PDT,1759680000,102.4,102.45,NW,31,9,,84,9.7,12.4,,,32200,1.2,,1,,,12.4,8.9,0
2025-10-05 08:00:00 PDT,1759676400,102.4,102.45,,8,0,,86,6.3,8.6,,,32200,1.1,,1,,,9.1,6.1,0
2025-10-05 07:00:00 PDT,1759672800,102.38,102.43,N,35,8,,95,5.7,6.4,,,32200,1,,2,,,9.6,6.4,0
2025-10-05 06:00:00 PDT,1759669200,102.32,102.37,NE,5,4,,95,7.7,8.5,,,32200,1,,0,,,10.1,6.6,0
2025-10-05 05:00:00 PDT,1759665600,102.3,102.35,N,35,9,,94,8.5,9.3,,,32200,1,,0,,,11.9,8.4,0
2025-10-05 04:00:00 PDT,1759662000,102.28,102.33,NW,30,16,,100,11.5,11.5,,,32200,1.1,,7,,,11.5,8.4,0
2025-10-05 03:00:00 PDT,1759658400,102.27,102.32,N,35,7,,100,8.8,8.8,,,32200,1.2,,1,,,10.6,8.6,0
2025-10-05 02:00:00 PDT,1759654800,102.26,102.31,WNW,29,14,,100,10.3,10.3,,,32200,1.4,,0,,,10.7,8.5,0
2025-10-05 01:00:00 PDT,1759651200,102.23,102.28,NNW,33,7,,100,10.5,10.5,,,32200,1.7,,0,,,11.3,8.9,0
2025-10-05 00:00:00 PDT,1759647600,102.15,102.2,NW,32,6,,98,9.5,9.8,,,32200,2,,0,,,11.8,9.2,0
2025-10-04 23:00:00 PDT,1759644000,102.1,102.15,NNE,2,6,,97,11.1,11.6,,,32200,2,,2,,,13.4,10.4,0
2025-10-04 22:00:00 PDT,1759640400,102.05,102.1,NNW,34,6,,91,10.3,11.8,,,32200,1.6,,1,,,13.6,11.8,0
2025-10-04 21:00:00 PDT,1759636800,102,102.05,E,9,3,,93,12.2,13.3,,,32200,1.7,,5,,,13.5,11.2,0
2025-10-04 20:00:00 PDT,1759633200,101.94,101.99,NNW,33,10,,97,11.2,11.6,,,32200,1.8,,3,,,12.5,11.3,0
2025-10-04 19:00:00 PDT,1759629600,101.89,101.94,NW,30,13,,95,11.7,12.5,,,32200,1.8,,5,,,14.1,12.5,0
2025-10-04 18:00:00 PDT,1759626000,101.86,101.91,WNW,28,16,,88,12.2,14.2,,,32200,1.6,,4,,,15.2,14.2,0
2025-10-04 17:00:00 PDT,1759622400,101.89,101.94,WNW,28,15,,84,12.5,15.2,,,32200,1.6,,2,,,15.9,15.2,0
2025-10-04 16:00:00 PDT,1759618800,101.92,101.97,WNW,29,19,,82,12.6,15.7,,,32200,1.6,,4,,,16.2,15.5,0
2025-10-04 15:00:00 PDT,1759615200,101.96,102.01,NW,30,18,,83,13.5,16.2,,,32200,1.6,,6,,,16.6,15.5,0
2025-10-04 14:00:00 PDT,1759611600,101.98,102.03,W,28,18,,86,13.1,15.4,,,32200,1.7,,6,,,16,14.7,0
2025-10-04 13:00:00 PDT,1759608000,102,102.05,WNW,29,13,,88,13.7,15.7,,,32200,2,,7,,,16.1,14.6,0
2025-10-04 12:00:00 PDT,1759604400,102.02,102.07,W,27,13,,87,12.9,14.9,,,32200,2,,7,,,15,14.2,0
2025-10-04 11:00:00 PDT,1759600800,102.01,102.06,WNW,29,12,,89,12.9,14.7,,,32200,2,,7,,,14.9,13.6,0
2025-10-04 10:00:00 PDT,1759597200,102.01,102.06,WNW,30,10,,95,13.1,13.9,,,24100,2,,8,,,13.9,12.9,0
2025-10-04 09:00:00 PDT,1759593600,102.01,102.06,NW,30,10,,97,12.6,13,,,24100,2,,8,,,13,12.6,0
2025-10-04 08:00:00 PDT,1759590000,101.97,102.02,NW,31,8,,100,12.6,12.6,,,24100,2,,8,,,12.7,12.6,0
2025-10-04 07:00:00 PDT,1759586400,101.97,102.02,W,28,15,,100,12.7,12.7,,,32200,2,,8,,,12.7,12.5,0
2025-10-04 06:00:00 PDT,1759582800,101.96,102.01,W,27,15,,100,12.5,12.5,,,9700,1.5,,8,,,12.6,12.5,0
2025-10-04 05:00:00 PDT,1759579200,101.97,102.02,W,26,10,,100,12.6,12.6,,,16100,1.6,,8,,,12.7,12.3,0
2025-10-04 04:00:00 PDT,1759575600,102,102.05,WSW,25,5,,97,12.2,12.7,,,17700,1.6,,8,,,12.7,12.4,0
2025-10-04 03:00:00 PDT,1759572000,102,102.05,NNE,2,4,,99,12.2,12.3,,,12900,1.6,,8,,,12.3,11.9,0
2025-10-04 02:00:00 PDT,1759568400,102.03,102.08,WNW,29,4,,100,12.2,12.2,,,12900,1.6,,8,,,12.2,11.2,0
2025-10-04 01:00:00 PDT,1759564800,102.01,102.06,NW,31,3,,100,12.1,12.1,,,19300,1.6,,8,,,12.1,10.7,0
2025-10-04 00:00:00 PDT,1759561200,102.03,102.08,NW,31,5,,100,11.1,11.1,,,24100,1.7,,6,,,11.9,10.5,0
2025-10-03 23:00:00 PDT,1759557600,102.02,102.07,,,0,,98,11.6,11.9,,,24100,1.8,,4,,,12.6,11.7,0
2025-10-03 22:00:00 PDT,1759554000,102.03,102.08,,31,0,,97,11.6,12.1,,,24100,1.8,,8,,,12.1,11.3,0
2025-10-03 21:00:00 PDT,1759550400,102.03,102.08,W,27,5,,96,11.2,11.9,,,24100,1.9,,8,,,13.2,11.9,0
2025-10-03 20:00:00 PDT,1759546800,102.04,102.09,WSW,25,4,,92,11.6,12.8,,,24100,1.9,,8,,,12.9,12.1,0
2025-10-03 19:00:00 PDT,1759543200,102.04,102.09,WSW,25,5,,94,11.7,12.6,,,24100,2,,8,,,13.3,12.4,0
2025-10-03 18:00:00 PDT,1759539600,102.04,102.09,W,26,7,,91,11.8,13.2,,,32200,1.9,,8,,,13.8,13.2,0
2025-10-03 17:00:00 PDT,1759536000,102.03,102.08,WNW,28,7,,94,12.6,13.6,,,32200,1.8,,8,,,14.2,13.6,0
2025-10-03 16:00:00 PDT,1759532400,102.03,102.08,W,27,8,,89,12.3,14.1,,,32200,1.7,,8,,,14.8,14,0
2025-10-03 15:00:00 PDT,1759528800,102.04,102.09,WNW,28,10,,85,12.3,14.8,,,32200,1.7,,8,,,15.7,14.1,0
2025-10-03 14:00:00 PDT,1759525200,102.07,102.12,WSW,24,9,,84,12.4,15.1,,,24100,1.6,,7,,,15.1,14.1,0
2025-10-03 13:00:00 PDT,1759521600,102.1,102.15,WSW,25,13,,88,12.1,14,,,32200,1.5,,7,,,14.8,13.8,0
2025-10-03 12:00:00 PDT,1759518000,102.09,102.14,SW,22,10,,83,11.7,14.6,,,32200,1.4,,7,,,15.4,13.9,0
2025-10-03 11:00:00 PDT,1759514400,102.08,102.13,SSE,15,7,,80,11.4,14.9,,,32200,1.4,,6,,,14.9,13.8,0
2025-10-03 10:00:00 PDT,1759510800,102.07,102.12,ESE,12,5,,83,11.2,14,,,32200,1.4,,6,,,14.1,12.3,0
2025-10-03 09:00:00 PDT,1759507200,102.08,102.13,E,8,7,,92,11,12.3,,,32200,1.3,,8,,,12.4,11.1,0
2025-10-03 08:00:00 PDT,1759503600,102.05,102.1,E,8,7,,98,10.8,11.1,,,32200,1.2,,7,,,11.3,10.7,0
2025-10-03 07:00:00 PDT,1759500000,101.99,102.04,E,8,9,,94,10.3,11.3,,,32200,1.2,,7,,,11.6,10,0
2025-10-03 06:00:00 PDT,1759496400,101.98,102.03,NNW,34,9,,99,10,10.1,,,32200,1.2,,6,,,11.2,9.4,0
2025-10-03 05:00:00 PDT,1759492800,101.92,101.97,SE,13,5,,100,10.9,10.9,,,32200,1.2,,3,,,11.6,9.9,0
2025-10-03 04:00:00 PDT,1759489200,101.9,101.95,NW,31,3,,99,10.1,10.2,,,32200,1.3,,2,,,10.3,8,0
2025-10-03 03:00:00 PDT,1759485600,101.88,101.93,NNW,33,9,,100,9.7,9.8,,,32200,1.3,,1,,,11,9.4,0
2025-10-03 02:00:00 PDT,1759482000,101.87,101.92,SE,13,5,,100,9.8,9.8,,,32200,1.4,,0,,,12.4,9.1,0
2025-10-03 01:00:00 PDT,1759478400,101.91,101.96,,,0,,99,10.4,10.5,,,32200,1.5,,1,,,11.7,9.8,0
2025-10-03 00:00:00 PDT,1759474800,101.91,101.96,W,27,7,,100,10.6,10.7,,,32200,1.5,,1,,,12.2,10,0
2025-10-02 23:00:00 PDT,1759471200,101.86,101.91,E,10,5,,94,10.5,11.5,,,32200,1.6,,0,,,13.4,11,0
2025-10-02 22:00:00 PDT,1759467600,101.85,101.9,,6,0,,90,11.6,13.2,,,32200,1.6,,1,,,13.2,11.2,0
2025-10-02 21:00:00 PDT,1759464000,101.8,101.85,NNW,33,3,,93,10.2,11.3,,,32200,1.7,,1,,,13.7,11.3,0
2025-10-02 20:00:00 PDT,1759460400,101.74,101.79,,36,0,,91,12.1,13.4,,,32200,1.7,,1,,,14.4,11.8,0
2025-10-02 19:00:00 PDT,1759456800,101.73,101.78,NNE,2,9,,83,11.8,14.6,,,32200,1.7,,1,,,16.1,14.5,0
2025-10-02 18:00:00 PDT,1759453200,101.7,101.75,NNE,2,13,,79,12.7,16.2,,,32200,1.8,,4,,,16.5,15.9,0
2025-10-02 17:00:00 PDT,1759449600,101.69,101.74,NNE,2,15,,80,12.8,16.1,,,32200,1.8,,8,,,17.4,16.1,0
2025-10-02 16:00:00 PDT,1759446000,101.66,101.71,NNE,3,15,,75,12.4,16.7,,,32200,1.8,,8,,,17.6,16.7,0
2025-10-02 15:00:00 PDT,1759442400,101.65,101.7,NE,3,15,,77,12.9,16.9,,,24100,1.8,,7,,,17,15.8,0
2025-10-02 14:00:00 PDT,1759438800,101.66,101.71,ENE,6,13,,83,13,15.8,,,32200,,,7,,,16.2,14.8,0
2025-10-02 13:00:00 PDT,1759435200,101.68,101.73,ENE,7,14,,90,14.3,16,,,24100,,,8,,,16,14.5,0.9
2025-10-02 12:00:00 PDT,1759431600,101.67,101.72,ESE,10,14,,91,13.2,14.7,,,16100,,,8,,,15.1,14.5,0.3
2025-10-02 11:00:00 PDT,1759428000,101.6,101.65,E,9,14,,85,12.4,14.9,,,32200,,,8,,,15.1,14.8,0
2025-10-02 10:00:00 PDT,1759424400,101.54,101.59,E,8,17,,85,12.4,14.8,,,24100,,,8,,,14.9,14,0.1
2025-10-02 09:00:00 PDT,1759420800,101.51,101.56,ENE,7,17,,91,12.6,14,,,16100,,,8,,,14,13.3,0.2
2025-10-02 08:00:00 PDT,1759417200,101.46,101.51,E,8,20,30,94,12.3,13.3,,,24100,,,8,,,13.3,12.8,0.1
2025-10-02 07:00:00 PDT,1759413600,101.4,101.45,E,8,23,,96,12.3,12.9,,,12900,,,8,,,13.2,12.9,1.2
2025-10-02 06:00:00 PDT,1759410000,101.37,101.42,E,9,19,,96,12.4,13.1,,,19300,,,8,,,13.2,13,0.8
2025-10-02 05:00:00 PDT,1759406400,101.31,101.36,E,9,23,,96,12.4,13,,,19300,1.7,,8,,,14.2,13,3
2025-10-02 04:00:00 PDT,1759402800,101.29,101.34,ESE,10,19,,92,12.2,13.4,,,24100,1.8,,8,,,14.2,13.4,1.1
2025-10-02 03:00:00 PDT,1759399200,101.19,101.24,ENE,7,21,,89,12.2,13.9,,,32200,1.8,,8,,,14.2,13.7,0.2
2025-10-02 02:00:00 PDT,1759395600,101.2,101.25,ESE,11,23,,89,12.1,13.8,,,19300,1.8,,8,,,14.7,13.8,1.3
2025-10-02 01:00:00 PDT,1759392000,101.15,101.2,ESE,11,24,27,83,11.8,14.6,,,24100,1.9,,8,,,15.4,14.2,0.3
2025-10-02 00:00:00 PDT,1759388400,101.12,101.17,ESE,11,28,42,76,11.3,15.4,,,32200,1.9,,8,,,15.4,15.2,0
2025-10-01 23:00:00 PDT,1759384800,101.09,101.14,ESE,11,26,36,80,11.8,15.2,,,32200,1.9,,8,,,15.4,15,0
2025-10-01 22:00:00 PDT,1759381200,101.05,101.1,ESE,11,32,46,79,11.7,15.3,,,32200,2,,8,,,15.5,15.1,0
2025-10-01 21:00:00 PDT,1759377600,100.99,101.04,ESE,10,33,48,74,10.8,15.3,,,32200,2.1,,8,,,15.8,15.2,0
2025-10-01 20:00:00 PDT,1759374000,100.9,100.95,ESE,11,34,47,70,10.5,15.9,,,32200,2.2,,8,,,15.9,15.6,0
2025-10-01 19:00:00 PDT,1759370400,100.86,100.91,ESE,12,29,46,73,11.1,15.9,,,32200,2.2,,8,,,17,15.9,0
2025-10-01 18:00:00 PDT,1759366800,100.85,100.9,SE,12,17,34,69,11.3,16.9,,,40200,2.2,,8,,,17.4,16.9,0
2025-10-01 17:00:00 PDT,1759363200,100.81,100.86,E,10,19,,68,11.5,17.4,,,40200,2.2,,7,,,17.6,17.2,0
2025-10-01 16:00:00 PDT,1759359600,100.79,100.84,SE,13,33,43,68,11.3,17.3,,,40200,2.2,,7,,,17.4,16.9,0
2025-10-01 15:00:00 PDT,1759356000,100.81,100.86,ESE,12,23,,66,11.1,17.4,,,40200,2.1,,8,,,17.4,17,0
2025-10-01 14:00:00 PDT,1759352400,100.83,100.88,SE,12,24,,68,11.1,17,,,32200,2.1,,8,,,17.4,16,0
2025-10-01 13:00:00 PDT,1759348800,100.86,100.91,E,9,21,31,75,11.7,16,,,32200,2,,8,,,16.2,14.8,0
2025-10-01 12:00:00 PDT,1759345200,100.88,100.93,E,9,15,,84,12.5,15.2,,,32200,2,,8,,,15.3,14.6,0.1
2025-10-01 11:00:00 PDT,1759341600,100.86,100.91,ESE,11,29,43,77,10.9,14.9,,,24100,1.9,,8,,,14.9,14.5,0.1
2025-10-01 10:00:00 PDT,1759338000,100.86,100.91,SE,14,26,40,82,11.6,14.6,,,24100,1.9,,8,,,15,14.3,0
2025-10-01 09:00:00 PDT,1759334400,100.8,100.85,ESE,12,25,43,85,11.9,14.4,,,32200,1.8,,7,,,14.5,13.2,0
2025-10-01 08:00:00 PDT,1759330800,100.76,100.81,E,8,15,,91,12.2,13.6,,,32200,1.7,,7,,,13.7,13.1,0
2025-10-01 07:00:00 PDT,1759327200,100.72,100.77,E,10,17,,95,12.4,13.2,,,32200,1.7,,8,,,13.3,13.1,0
2025-10-01 06:00:00 PDT,1759323600,100.71,100.76,ESE,10,15,,97,12.6,13.2,,,32200,1.7,,8,,,13.2,12.7,
2025-10-01 05:00:00 PDT,1759320000,100.72,100.77,ESE,10,18,,98,12.7,13,,,32200,1.6,,8,,,13.4,12.8,0
2025-10-01 04:00:00 PDT,1759316400,100.68,100.73,ESE,10,17,,97,12.7,13.1,,,24100,1.6,,8,,,13.4,12.8,0.4
2025-10-01 03:00:00 PDT,1759312800,100.71,100.76,E,10,17,,94,12.3,13.2,,,24100,1.7,,8,,,13.2,12.8,0
2025-10-01 02:00:00 PDT,1759309200,100.67,100.72,E,8,13,,94,11.9,12.8,,,24100,1.6,,8,,,13,12.6,0
2025-10-01 01:00:00 PDT,1759305600,100.58,100.63,E,9,18,,90,11.4,13.1,,,24100,1.7,,8,,,14,12.5,0
2025-10-01 00:00:00 PDT,1759302000,100.55,100.6,ESE,11,23,34,85,11.5,13.9,,,24100,1.8,,8,,,13.9,13.3,0
2025-09-30 23:00:00 PDT,1759298400,100.45,100.5,E,8,17,,92,12.2,13.5,,,24100,1.9,,8,,,13.8,13.4,0.4
2025-09-30 22:00:00 PDT,1759294800,100.41,100.46,E,9,23,36,89,11.7,13.6,,,19300,2,,8,,,14.1,13.6,0.2
2025-09-30 21:00:00 PDT,1759291200,100.37,100.42,E,9,21,,84,11.4,14,,,19300,2.1,,8,,,14.6,13.9,0
2025-09-30 20:00:00 PDT,1759287600,100.32,100.37,E,8,20,,79,10.9,14.4,,,24100,2.2,,8,,,15.9,14.4,0
2025-09-30 19:00:00 PDT,1759284000,100.29,100.34,E,9,25,,71,10.2,15.4,,,24100,2.2,,8,,,16.1,15,0.1
2025-09-30 18:00:00 PDT,1759280400,100.28,100.33,ESE,10,31,43,61,8.8,16.2,,,32200,2.3,,8,,,18,15.8,0.1
2025-09-30 17:00:00 PDT,1759276800,100.3,100.35,ESE,10,27,,53,8.3,18.1,,,40200,2.3,,8,,,18.8,17.9,0
2025-09-30 16:00:00 PDT,1759273200,100.3,100.35,ESE,11,29,44,50,8,18.6,,,48300,2.2,,8,,,19.7,18.6,0
2025-09-30 15:00:00 PDT,1759269600,100.34,100.39,SE,12,32,49,51,9.2,19.6,,,48300,2.1,,7,,,20.2,19.4,0
2025-09-30 14:00:00 PDT,1759266000,100.37,100.42,ESE,11,32,43,50,9.2,19.6,,,48300,2,,7,,,20.3,18.6,0
2025-09-30 13:00:00 PDT,1759262400,100.44,100.49,ESE,11,30,41,51,9.9,20.2,,,48300,2,,6,,,20.2,18,0
2025-09-30 12:00:00 PDT,1759258800,100.54,100.59,ESE,10,25,41,64,12,18.9,,,48300,1.9,,7,,,18.9,16.7,0
2025-09-30 11:00:00 PDT,1759255200,100.61,100.66,E,9,27,41,77,12.9,17,,,40200,1.8,,6,,,17,15.7,0
2025-09-30 10:00:00 PDT,1759251600,100.65,100.7,E,9,26,,81,12.4,15.7,,,40200,1.7,,6,,,15.9,14.2,0
2025-09-30 09:00:00 PDT,1759248000,100.68,100.73,E,9,19,,91,12.8,14.2,,,32200,1.7,,7,,,14.4,14,0
2025-09-30 08:00:00 PDT,1759244400,100.68,100.73,E,10,18,,93,13,14.2,,,32200,1.6,,7,,,14.2,13.5,0
2025-09-30 07:00:00 PDT,1759240800,100.7,100.75,ENE,7,11,,97,13,13.4,,,24100,1.6,,8,,,14,13.2,0
2025-09-30 06:00:00 PDT,1759237200,100.71,100.76,E,9,17,,97,13.5,14,,,24100,1.6,,8,,,14,13.5,0
2025-09-30 05:00:00 PDT,1759233600,100.75,100.8,E,9,16,,99,13.5,13.6,,,24100,1.6,,8,,,13.7,12.8,0
2025-09-30 04:00:00 PDT,1759230000,100.75,100.8,ENE,7,11,,100,13.1,13.1,,,24100,1.6,,6,,,13.6,12.8,0
2025-09-30 03:00:00 PDT,1759226400,100.77,100.82,ESE,11,10,,100,13.6,13.6,,,24100,1.6,,7,,,13.6,13.2,0
2025-09-30 02:00:00 PDT,1759222800,100.78,100.83,E,9,14,,100,13.5,13.5,,,24100,1.6,,7,,,14.1,13.5,0
2025-09-30 01:00:00 PDT,1759219200,100.77,100.82,ESE,10,15,,100,14.1,14.1,,,19300,1.8,,8,,,14.3,13.8,0
2025-09-30 00:00:00 PDT,1759215600,100.75,100.8,ESE,11,13,,100,14.2,14.2,,,24100,1.8,,8,,,14.3,14.1,0
2025-09-29 23:00:00 PDT,1759212000,100.73,100.78,ESE,10,9,,100,14.2,14.2,,,24100,1.8,,8,,,14.3,14,0
2025-09-29 22:00:00 PDT,1759208400,100.75,100.8,E,9,11,,100,14,14,,,24100,1.8,,8,,,14.4,14,0
2025-09-29 21:00:00 PDT,1759204800,100.74,100.79,ESE,10,12,,100,14.4,14.4,,,24100,1.9,,8,,,14.9,14.3,0
2025-09-29 20:00:00 PDT,1759201200,100.75,100.8,SE,12,7,,100,14.9,14.9,,,24100,2,,8,,,15,14.6,0
2025-09-29 19:00:00 PDT,1759197600,100.71,100.76,E,8,8,,100,15,15,,,24100,1.9,,7,,,15.4,15,0
2025-09-29 18:00:00 PDT,1759194000,100.71,100.76,E,8,9,,100,15.3,15.3,,,16100,2,,8,,,15.4,15.1,1.4
2025-09-29 17:00:00 PDT,1759190400,100.75,100.8,SE,12,7,,100,15.3,15.3,,,9700,1.8,,8,,,15.7,15.2,0.4
2025-09-29 16:00:00 PDT,1759186800,100.74,100.79,ESE,12,14,,100,15.6,15.6,,,9700,1.7,,8,,,15.7,15.4,3.5
2025-09-29 15:00:00 PDT,1759183200,100.71,100.76,SE,13,9,,100,15.6,15.6,,,9700,1.7,,8,,,15.9,15.5,1.5
2025-09-29 14:00:00 PDT,1759179600,100.73,100.78,SE,14,16,,100,15.5,15.6,,,4800,1.6,,8,,,17,15.5,1.4
2025-09-29 13:00:00 PDT,1759176000,100.71,100.76,SE,13,17,,94,15.2,16.1,,,32200,1.6,,8,,,17,16.1,0
2025-09-29 12:00:00 PDT,1759172400,100.69,100.74,SE,13,19,,91,15.3,16.8,,,32200,1.6,,8,,,17.1,16.4,0
2025-09-29 11:00:00 PDT,1759168800,100.67,100.72,SE,12,18,,93,15.3,16.4,,,32200,1.6,,8,,,16.4,15.4,0.1
2025-09-29 10:00:00 PDT,1759165200,100.6,100.65,ESE,12,21,,98,15,15.4,,,32200,1.6,,8,,,15.5,15,0
2025-09-29 09:00:00 PDT,1759161600,100.52,100.57,E,9,10,,96,14.6,15.3,,,,1.5,,,,,15.3,15,2.9
2025-09-29 08:00:00 PDT,1759158000,100.53,100.58,ESE,11,10,,99,15.2,15.3,,,24100,1.4,,8,,,15.3,15.2,1.9
2025-09-29 07:00:00 PDT,1759154400,100.48,100.53,E,9,16,,96,14.7,15.3,,,32200,1.3,,8,,,15.8,15.3,1.1
2025-09-29 06:00:00 PDT,1759150800,100.47,100.52,ESE,11,11,,95,14.7,15.5,,,32200,1.3,,8,,,16,15.5,0
2025-09-29 05:00:00 PDT,1759147200,100.48,100.53,E,8,17,,92,14.5,15.8,,,32200,1.3,,8,,,15.8,15.4,0
2025-09-29 04:00:00 PDT,1759143600,100.53,100.58,ENE,6,13,,95,14.6,15.5,,,24100,1.5,,8,,,15.7,15.3,1.1
2025-09-29 03:00:00 PDT,1759140000,100.58,100.63,E,9,16,,94,14.7,15.6,,,24100,1.6,,8,,,16.3,15.6,0
2025-09-29 02:00:00 PDT,1759136400,100.6,100.65,E,7,7,,89,14.5,16.3,,,32200,1.5,,8,,,16.4,16.1,0.6
2025-09-29 01:00:00 PDT,1759132800,100.59,100.64,NE,5,14,,90,14.5,16.2,,,24100,1.6,,8,,,16.3,15.9,0.3
2025-09-29 00:00:00 PDT,1759129200,100.67,100.72,NE,4,12,,91,14.7,16,,,24100,1.8,,8,,,16.4,16,1
2025-09-28 23:00:00 PDT,1759125600,100.67,100.72,ENE,7,13,,87,14.2,16.4,,,24100,1.9,,8,,,16.5,15.9,1.7
2025-09-28 22:00:00 PDT,1759122000,100.63,100.68,E,10,14,,87,14,16.2,,,19300,2.2,,8,,,16.9,16,1.2
2025-09-28 21:00:00 PDT,1759118400,100.58,100.63,ENE,7,17,,80,13.2,16.8,,,24100,2.4,,8,,,17.8,16.6,1.5
2025-09-28 20:00:00 PDT,1759114800,100.58,100.63,E,8,14,,71,12.6,17.8,,,32200,2.5,,8,,,18.6,17.8,0
2025-09-28 19:00:00 PDT,1759111200,100.53,100.58,ENE,7,17,,71,12.7,18.1,,,32200,2.5,,8,,,18.1,17.8,0
2025-09-28 18:00:00 PDT,1759107600,100.57,100.62,ENE,7,14,,72,12.7,17.8,,,32200,2.4,,8,,,17.9,16.8,0
2025-09-28 17:00:00 PDT,1759104000,100.64,100.69,S,18,8,,82,13.6,16.7,,,32200,2.2,,8,,,18.1,16.6,0
2025-09-28 16:00:00 PDT,1759100400,100.66,100.71,ESE,10,9,,69,12.3,18.1,,,32200,2,,8,,,18.1,16.7,0
2025-09-28 15:00:00 PDT,1759096800,100.66,100.71,S,18,9,,81,13.5,16.8,,,32200,2,,8,,,17.4,16.1,0
2025-09-28 14:00:00 PDT,1759093200,100.66,100.71,SSW,19,15,,85,14,16.6,,,32200,1.6,,8,,,18.7,16.1,0
2025-09-28 13:00:00 PDT,1759089600,100.67,100.72,S,18,4,,76,14,18.3,,,32200,1.6,,8,,,18.7,17.2,0
2025-09-28 12:00:00 PDT,1759086000,100.72,100.77,E,9,9,,81,13.9,17.1,,,24100,2,,7,,,17.4,15.8,0
2025-09-28 11:00:00 PDT,1759082400,100.7,100.75,E,9,17,,87,13.6,15.7,,,24100,2,,7,,,15.8,14.6,0
2025-09-28 10:00:00 PDT,1759078800,100.75,100.8,NW,31,12,,93,13.6,14.6,,,32200,2,,8,,,14.9,14.1,0
2025-09-28 09:00:00 PDT,1759075200,100.75,100.8,WNW,29,15,,98,13.8,14.1,,,24100,2,,8,,,14.2,13.8,0
2025-09-28 08:00:00 PDT,1759071600,100.71,100.76,W,26,5,,99,14,14.2,,,24100,2,,8,,,14.2,11.9,0
2025-09-28 07:00:00 PDT,1759068000,100.7,100.75,WNW,29,5,,100,12.1,12.1,,,24100,1.7,,6,,,13.1,11.8,0
2025-09-28 06:00:00 PDT,1759064400,100.74,100.79,NW,30,13,,100,13,13,,,19300,2,,8,,,13.2,12.7,0
2025-09-28 05:00:00 PDT,1759060800,100.77,100.82,WNW,30,16,,100,13.2,13.2,,,24100,2,,8,,,13.2,13.1,0
2025-09-28 04:00:00 PDT,1759057200,100.81,100.86,WNW,29,13,,99,13,13.1,,,19300,2,,8,,,13.8,13,0
2025-09-28 03:00:00 PDT,1759053600,100.85,100.9,WNW,29,18,,98,13,13.4,,,24100,2,,8,,,13.8,13.4,0
2025-09-28 02:00:00 PDT,1759050000,100.83,100.88,NNW,33,10,,99,13.6,13.7,,,19300,2,,8,,,14.1,13.7,0
2025-09-28 01:00:00 PDT,1759046400,100.91,100.96,NW,30,10,,98,13.7,14,,,19300,2.1,,8,,,14,13.7,0
2025-09-28 00:00:00 PDT,1759042800,100.9,100.95,NW,31,16,,98,13.4,13.8,,,24100,2.1,,8,,,13.9,13.1,0
2025-09-27 23:00:00 PDT,1759039200,100.92,100.97,NW,32,10,,98,13.1,13.3,,,24100,2.2,,8,,,13.6,13.3,0
2025-09-27 22:00:00 PDT,1759035600,100.94,100.99,WNW,30,16,,98,13.1,13.5,,,24100,2.3,,7,,,13.5,13,0
2025-09-27 21:00:00 PDT,1759032000,100.94,100.99,WNW,28,21,,96,12.6,13.1,,,24100,2.3,,7,,,13.3,13.1,0
2025-09-27 20:00:00 PDT,1759028400,100.95,101,WNW,28,27,,96,12.6,13.2,,,24100,2.1,,8,,,13.2,12.8,0
2025-09-27 19:00:00 PDT,1759024800,100.96,101.01,WNW,28,33,48,97,12.5,12.9,,,19300,2.1,,8,,,13.4,12.9,0
2025-09-27 18:00:00 PDT,1759021200,100.94,100.99,WNW,29,36,,99,13.2,13.4,,,24100,2,,8,,,13.7,13.4,0
2025-09-27 17:00:00 PDT,1759017600,100.98,101.03,WNW,28,37,37,96,13.1,13.7,,,24100,1.9,,8,,,14.5,13.7,0
2025-09-27 16:00:00 PDT,1759014000,100.97,101.02,WNW,28,28,37,97,13.8,14.3,,,32200,1.9,,8,,,15.4,14,0
2025-09-27 15:00:00 PDT,1759010400,100.99,101.04,WNW,28,28,,92,14.2,15.5,,,32200,1.9,,8,,,18.5,15.5,0
2025-09-27 14:00:00 PDT,1759006800,100.98,101.03,ENE,5,10,,68,12.4,18.4,,,32200,1.8,,7,,,18.4,17.8,0
2025-09-27 13:00:00 PDT,1759003200,101.02,101.07,E,9,13,,73,13.2,18,,,32200,1.8,,7,,,18.1,16.3,0
2025-09-27 12:00:00 PDT,1758999600,101.06,101.11,NE,5,17,,80,12.8,16.3,,,32200,1.8,,8,,,16.3,15.7,0
2025-09-27 11:00:00 PDT,1758996000,101.1,101.15,ENE,6,19,,85,13.2,15.7,,,32200,1.8,,7,,,15.7,14.7,0
2025-09-27 10:00:00 PDT,1758992400,101.13,101.18,ENE,6,15,,90,13.2,14.7,,,24100,1.8,,8,,,14.7,14.4,0
2025-09-27 09:00:00 PDT,1758988800,101.14,101.19,ENE,5,12,,89,12.8,14.6,,,24100,1.8,,8,,,14.6,13.9,0
2025-09-27 08:00:00 PDT,1758985200,101.15,101.2,ENE,6,18,,93,12.9,14,,,32200,1.7,,8,,,14,13.8,0
2025-09-27 07:00:00 PDT,1758981600,101.19,101.24,ENE,6,18,,95,13,13.9,,,19300,1.7,,8,,,13.9,13.7,0
2025-09-27 06:00:00 PDT,1758978000,101.25,101.3,E,8,17,,95,13,13.8,,,16100,1.7,,8,,,13.8,13.7,0
2025-09-27 05:00:00 PDT,1758974400,101.32,101.37,NE,5,18,,97,13.2,13.7,,,9700,1.7,,8,,,13.8,13.7,1.9
2025-09-27 04:00:00 PDT,1758970800,101.42,101.47,ENE,6,13,,97,13.3,13.8,,,6400,1.8,,8,,,13.9,13.7,2
2025-09-27 03:00:00 PDT,1758967200,101.44,101.49,ENE,6,16,,97,13.3,13.9,,,9700,2,,8,,,13.9,13.8,1
2025-09-27 02:00:00 PDT,1758963600,101.48,101.53,ENE,6,17,,96,13.3,13.9,,,12900,1.6,,8,,,15.2,13.8,1.5
2025-09-27 01:00:00 PDT,1758960000,101.52,101.57,NE,4,16,,92,12.8,14.1,,,8100,2,,8,,,15.3,14.1,0.5
2025-09-27 00:00:00 PDT,1758956400,101.55,101.6,ENE,6,17,,80,11.9,15.3,,,24100,2,,8,,,15.4,15.1,0
2025-09-26 23:00:00 PDT,1758952800,101.6,101.65,ENE,6,14,,80,11.9,15.3,,,24100,2,,8,,,15.5,15.1,0
2025-09-26 22:00:00 PDT,1758949200,101.65,101.7,E,8,13,,82,12.2,15.2,,,24100,2,,8,,,15.5,15.1,0
2025-09-26 21:00:00 PDT,1758945600,101.69,101.74,ENE,6,15,,80,12,15.4,,,24100,2,,8,,,15.4,15.2,0
2025-09-26 20:00:00 PDT,1758942000,101.7,101.75,ENE,6,15,,85,12.6,15.2,,,24100,2,,8,,,15.3,15,0
2025-09-26 19:00:00 PDT,1758938400,101.72,101.77,E,7,14,,85,12.6,15.1,,,32200,2,,7,,,15.3,15,0
2025-09-26 18:00:00 PDT,1758934800,101.79,101.84,ENE,7,14,,86,13,15.3,,,32200,2,,7,,,15.5,15.1,0
2025-09-26 17:00:00 PDT,1758931200,101.87,101.92,ENE,6,13,,83,12.6,15.4,,,32200,2,,8,,,16.1,15.3,0.1
2025-09-26 16:00:00 PDT,1758927600,101.95,102,,,0,,78,12,15.8,,,16100,2,,8,,,16.2,15.8,0
2025-09-26 15:00:00 PDT,1758924000,101.98,102.03,E,9,13,,76,11.9,16.1,,,32200,2,,8,,,16.2,15.7,0
2025-09-26 14:00:00 PDT,1758920400,102.08,102.13,ESE,11,14,,75,11.6,16,,,32200,2,,8,,,16.4,15.6,0
2025-09-26 13:00:00 PDT,1758916800,102.1,102.15,ESE,10,19,,75,12,16.3,,,32200,2,,8,,,16.6,15.9,0
2025-09-26 12:00:00 PDT,1758913200,102.14,102.19,SE,12,17,,74,11.7,16.3,,,24100,2,,7,,,16.9,15.3,0
2025-09-26 11:00:00 PDT,1758909600,102.15,102.2,E,10,18,,80,12.1,15.4,,,24100,2,,8,,,15.7,14.4,0
2025-09-26 10:00:00 PDT,1758906000,102.15,102.2,ESE,10,19,,82,11.5,14.4,,,24100,1.7,,8,,,14.5,13.3,0
2025-09-26 09:00:00 PDT,1758902400,102.11,102.16,E,9,18,,91,12,13.4,,,19300,1.7,,8,,,13.4,12.8,0
2025-09-26 08:00:00 PDT,1758898800,102.07,102.12,E,8,15,,96,12.2,12.8,,,19300,1.7,,8,,,12.8,12.1,0
2025-09-26 07:00:00 PDT,1758895200,102.07,102.12,ESE,10,12,,96,11.5,12.2,,,24100,1.7,,8,,,12.6,12.2,0
2025-09-26 06:00:00 PDT,1758891600,102.04,102.09,E,9,14,,91,11.1,12.6,,,32200,1.7,,8,,,12.8,12.6,0
2025-09-26 05:00:00 PDT,1758888000,102.05,102.1,E,8,14,,85,10.3,12.8,,,32200,1.7,,8,,,13,12.7,0
2025-09-26 04:00:00 PDT,1758884400,101.99,102.04,E,8,15,,81,9.8,13,,,32200,1.8,,8,,,13.1,12.8,0
2025-09-26 03:00:00 PDT,1758880800,101.99,102.04,E,9,16,,81,9.7,12.9,,,32200,1.8,,8,,,13.1,12.8,0
2025-09-26 02:00:00 PDT,1758877200,102,102.05,E,8,11,,79,9.3,12.9,,,32200,1.8,,7,,,13.1,11.4,0
2025-09-26 01:00:00 PDT,1758873600,102.01,102.06,E,9,13,,81,8.5,11.7,,,32200,1.9,,2,,,13.5,11.7,0
2025-09-26 00:00:00 PDT,1758870000,102.01,102.06,E,8,15,,75,9.2,13.4,,,32200,2,,5,,,13.7,12.9,0
2025-09-25 23:00:00 PDT,1758866400,101.99,102.04,E,9,13,,78,9.2,13,,,32200,2,,4,,,13.5,12.5,0
2025-09-25 22:00:00 PDT,1758862800,101.97,102.02,E,9,18,,81,10.2,13.3,,,32200,2,,8,,,13.7,13.3,0
2025-09-25 21:00:00 PDT,1758859200,101.96,102.01,E,8,12,,83,10.7,13.4,,,32200,1.9,,7,,,13.4,12.4,0
2025-09-25 20:00:00 PDT,1758855600,101.93,101.98,SE,12,8,,82,9.8,12.8,,,32200,2,,2,,,14.4,12,0
2025-09-25 19:00:00 PDT,1758852000,101.93,101.98,S,17,5,,71,9.1,14.3,,,32200,2,,1,,,15,14.1,0
2025-09-25 18:00:00 PDT,1758848400,101.95,102,SW,22,8,,61,7.6,15,,,32200,2,,3,,,15.8,15,0
2025-09-25 17:00:00 PDT,1758844800,101.97,102.02,WSW,23,7,,73,10.3,15.1,,,24100,1.9,,7,,,15.8,14.7,0
2025-09-25 16:00:00 PDT,1758841200,101.98,102.03,WSW,24,6,,65,8.7,15.2,,,32200,1.8,,8,,,16.1,14.8,0
2025-09-25 15:00:00 PDT,1758837600,102.01,102.06,SW,21,9,,65,8.7,15.2,,,32200,1.8,,8,,,15.7,14.5,0
2025-09-25 14:00:00 PDT,1758834000,101.97,102.02,WSW,25,6,,67,8.8,14.8,,,32200,1.9,,8,,,15.1,14.4,0
2025-09-25 13:00:00 PDT,1758830400,102.03,102.08,W,26,9,,73,9.6,14.4,,,32200,2,,8,,,14.5,14.1,0
2025-09-25 12:00:00 PDT,1758826800,102.05,102.1,WSW,23,9,,76,10,14.2,,,32200,2,,8,,,14.6,14.2,0
2025-09-25 11:00:00 PDT,1758823200,102.01,102.06,W,26,9,,75,9.9,14.3,,,32200,2,,8,,,15.7,14,0
2025-09-25 10:00:00 PDT,1758819600,101.97,102.02,WNW,28,11,,75,10.6,15,,,32200,1.6,,5,,,15,13.7,0
2025-09-25 09:00:00 PDT,1758816000,101.92,101.97,NW,32,17,,81,11.4,14.6,,,32200,1.4,,3,,,14.6,12.4,0
2025-09-25 08:00:00 PDT,1758812400,101.91,101.96,WNW,28,19,,85,10.1,12.6,,,32200,1.4,,3,,,12.6,11.6,0
2025-09-25 07:00:00 PDT,1758808800,101.85,101.9,WNW,29,21,,95,10.8,11.6,,,32200,1.3,,2,,,11.6,9.9,0
2025-09-25 06:00:00 PDT,1758805200,101.81,101.86,NW,31,10,,95,9.8,10.6,,,32200,1.4,,0,,,12.2,10.6,0
2025-09-25 05:00:00 PDT,1758801600,101.83,101.88,WNW,30,17,,91,10.6,12.1,,,32200,1.5,,0,,,12.3,10.9,0
2025-09-25 04:00:00 PDT,1758798000,101.8,101.85,WNW,29,16,,97,11.7,12.1,,,32200,1.6,,0,,,12.3,11.6,0
2025-09-25 03:00:00 PDT,1758794400,101.77,101.82,WNW,29,15,,94,11.4,12.3,,,32200,1.7,,0,,,12.6,11.9,0
2025-09-25 02:00:00 PDT,1758790800,101.78,101.83,WNW,29,14,,97,11.8,12.2,,,32200,1.6,,0,,,12.2,11.1,0
2025-09-25 01:00:00 PDT,1758787200,101.76,101.81,WNW,29,10,,98,11.9,12.2,,,32200,1.6,,0,,,13.1,11.6,0
2025-09-25 00:00:00 PDT,1758783600,101.73,101.78,NW,31,12,,97,12.3,12.7,,,32200,1.6,,0,,,14.1,12.7,0
2025-09-24 23:00:00 PDT,1758780000,101.73,101.78,WNW,29,15,,93,12.9,13.9,,,32200,1.7,,0,,,14.5,13.4,0
2025-09-24 22:00:00 PDT,1758776400,101.73,101.78,WNW,29,14,,95,13.2,14,,,32200,1.9,,0,,,15.1,13.7,0
2025-09-24 21:00:00 PDT,1758772800,101.72,101.77,NW,30,16,,88,13.1,15,,,32200,2,,0,,,15.2,14.7,0
2025-09-24 20:00:00 PDT,1758769200,101.71,101.76,WNW,29,21,,88,12.9,14.9,,,32200,2.1,,0,,,15.3,14.7,0
2025-09-24 19:00:00 PDT,1758765600,101.71,101.76,WNW,29,21,,86,12.9,15.2,,,48300,2.1,,0,,,16.5,15,0
2025-09-24 18:00:00 PDT,1758762000,101.75,101.8,WNW,29,23,,79,12.9,16.5,,,48300,2.2,,0,,,17.8,16.5,0
2025-09-24 17:00:00 PDT,1758758400,101.77,101.82,WNW,29,21,,74,13,17.6,,,48300,2.3,,0,,,18.4,17.6,0
2025-09-24 16:00:00 PDT,1758754800,101.8,101.85,WNW,28,22,32,72,13.4,18.5,,,48300,2.3,,2,,,18.7,18,0
2025-09-24 15:00:00 PDT,1758751200,101.84,101.89,WNW,28,20,,75,14,18.3,,,48300,2.1,,1,,,18.3,17.6,0
2025-09-24 14:00:00 PDT,1758747600,101.89,101.94,WNW,29,25,,73,13.1,17.9,,,48300,2.1,,2,,,18.3,17.4,0
2025-09-24 13:00:00 PDT,1758744000,101.91,101.96,WNW,29,27,,75,13.3,17.8,,,48300,2.1,,0,,,18.4,17.4,0
2025-09-24 12:00:00 PDT,1758740400,101.95,102,WNW,28,31,,74,12.8,17.4,,,48300,3,,1,,,17.9,17.2,0
2025-09-24 11:00:00 PDT,1758736800,101.94,101.99,WNW,29,28,,75,12.7,17.2,,,48300,3,,2,,,17.6,16.6,0
2025-09-24 10:00:00 PDT,1758733200,101.93,101.98,WNW,30,27,28,76,12.6,16.7,,,48300,2,,1,,,16.8,15.8,0
2025-09-24 09:00:00 PDT,1758729600,101.9,101.95,WNW,29,23,34,84,13.2,15.9,,,48300,2,,2,,,15.9,14.7,0
2025-09-24 08:00:00 PDT,1758726000,101.84,101.89,WNW,29,26,,87,12.5,14.6,,,48300,2,,1,,,14.6,13.8,0
2025-09-24 07:00:00 PDT,1758722400,101.81,101.86,WNW,29,23,,92,12.6,13.9,,,48300,2,,2,,,14.2,13.9,0
2025-09-24 06:00:00 PDT,1758718800,101.82,101.87,WNW,29,25,35,90,12.4,14,,,32200,2,,1,,,14.5,14,0
2025-09-24 05:00:00 PDT,1758715200,101.85,101.9,WNW,29,28,,95,13.7,14.5,,,32200,2,,1,,,14.8,14.4,0
2025-09-24 04:00:00 PDT,1758711600,101.84,101.89,WNW,29,24,,97,14,14.5,,,32200,2,,1,,,14.6,14.4,0
2025-09-24 03:00:00 PDT,1758708000,101.81,101.86,WNW,29,17,,98,14.2,14.5,,,32200,2,,0,,,14.9,14.4,0
2025-09-24 02:00:00 PDT,1758704400,101.82,101.87,NW,30,13,,100,14.7,14.7,,,32200,2,,0,,,15.3,14.5,0
2025-09-24 01:00:00 PDT,1758700800,101.77,101.82,NW,30,19,,99,15.1,15.2,,,32200,2.2,,0,,,15.3,14.9,0
2025-09-24 00:00:00 PDT,1758697200,101.73,101.78,WNW,30,15,,98,15,15.2,,,32200,2.3,,0,,,15.5,14.7,0
2025-09-23 23:00:00 PDT,1758693600,101.71,101.76,NW,30,20,,96,14.9,15.5,,,32200,2.4,,0,,,15.5,14.9,0
2025-09-23 22:00:00 PDT,1758690000,101.71,101.76,NW,30,14,,95,14.6,15.3,,,32200,2.5,,1,,,15.3,14.2,0
2025-09-23 21:00:00 PDT,1758686400,101.69,101.74,WNW,29,14,,95,14.1,14.8,,,32200,2.5,,1,,,15.3,14.4,0
2025-09-23 20:00:00 PDT,1758682800,101.69,101.74,NW,30,13,,88,12.8,14.9,,,48300,2.6,,1,,,15.4,14.7,0
2025-09-23 19:00:00 PDT,1758679200,101.66,101.71,NW,30,11,,92,13.9,15.3,,,48300,2.6,,4,,,17.6,15.3,0
2025-09-23 18:00:00 PDT,1758675600,101.68,101.73,WNW,29,13,,80,14.2,17.7,,,48300,2.5,,4,,,18.9,17.7,0
2025-09-23 17:00:00 PDT,1758672000,101.72,101.77,NW,30,18,,76,14.5,18.7,,,48300,2.5,,4,,,19.2,18.5,0
2025-09-23 16:00:00 PDT,1758668400,101.76,101.81,WNW,29,20,,73,14.4,19.2,,,48300,2.4,,3,,,19.9,18.9,0
2025-09-23 15:00:00 PDT,1758664800,101.8,101.85,WNW,29,18,,68,13.6,19.6,,,48300,2.3,,2,,,20.2,19.2,0
2025-09-23 14:00:00 PDT,1758661200,101.84,101.89,WNW,30,16,,66,13.1,19.6,,,48300,2.1,,3,,,20,19.3,0
2025-09-23 13:00:00 PDT,1758657600,101.88,101.93,WNW,28,15,,62,12.2,19.6,,,48300,2,,1,,,19.9,18.5,0
2025-09-23 12:00:00 PDT,1758654000,101.92,101.97,W,26,14,,68,12.6,18.6,,,48300,2,,1,,,18.9,17.7,0
2025-09-23 11:00:00 PDT,1758650400,101.94,101.99,W,28,12,,77,13.4,17.5,,,48300,2,,1,,,17.8,15.9,0
2025-09-23 10:00:00 PDT,1758646800,101.96,102.01,WSW,23,10,,79,12.6,16.2,,,48300,1.8,,0,,,16.6,15.7,0
2025-09-23 09:00:00 PDT,1758643200,101.97,102.02,,,0,,70,10.4,15.7,,,48300,1.7,,0,,,15.7,11.9,0
2025-09-23 08:00:00 PDT,1758639600,101.96,102.01,NNW,34,4,,93,10.8,11.8,,,48300,1.6,,2,,,12.5,10.7,0
2025-09-23 07:00:00 PDT,1758636000,101.96,102.01,ESE,11,6,,89,9.6,11.3,,,48300,1.5,,2,,,11.9,10.8,0
2025-09-23 06:00:00 PDT,1758632400,101.95,102,,,0,,90,9.7,11.4,,,32200,1.4,,0,,,11.4,9.7,0
2025-09-23 05:00:00 PDT,1758628800,101.96,102.01,N,35,5,,87,9.1,11.1,,,32200,1.4,,0,,,12.6,10.9,0
2025-09-23 04:00:00 PDT,1758625200,101.95,102,N,35,3,,86,9.8,12.1,,,32200,1.6,,0,,,12.8,9.9,0
2025-09-23 03:00:00 PDT,1758621600,101.97,102.02,E,8,6,,81,9.4,12.6,,,32200,1.6,,0,,,13.5,11.4,0
2025-09-23 02:00:00 PDT,1758618000,101.99,102.04,E,9,5,,82,9.2,12.1,,,32200,1.7,,0,,,14.1,11.7,0
2025-09-23 01:00:00 PDT,1758614400,101.98,102.03,E,9,5,,74,8.8,13.3,,,32200,1.8,,0,,,15.1,12,0
2025-09-23 00:00:00 PDT,1758610800,101.98,102.03,ENE,7,7,,68,8.9,14.8,,,32200,2.1,,0,,,15.4,14.1,0
2025-09-22 23:00:00 PDT,1758607200,101.96,102.01,NNE,1,5,,77,10.1,14.1,,,32200,2.1,,0,,,15,13.5,0
2025-09-22 22:00:00 PDT,1758603600,101.96,102.01,N,0,4,,73,10.3,15.1,,,32200,2.2,,0,,,15.5,13.4,0
2025-09-22 21:00:00 PDT,1758600000,101.95,102,NNE,2,7,,78,11.2,14.9,,,32200,2.2,,0,,,16.2,14.6,0
2025-09-22 20:00:00 PDT,1758596400,101.92,101.97,N,0,7,,79,11.6,15.2,,,40200,2.2,,1,,,17,14.6,0
2025-09-22 19:00:00 PDT,1758592800,101.91,101.96,SSW,19,8,,73,11.6,16.3,,,48300,2.3,,1,,,17.9,16.3,0
2025-09-22 18:00:00 PDT,1758589200,101.96,102.01,SSW,20,14,,67,11.8,17.9,,,48300,2.3,,2,,,18.6,17.9,0
2025-09-22 17:00:00 PDT,1758585600,101.98,102.03,SW,22,14,,67,12.1,18.4,,,48300,2.2,,2,,,20.5,18.4,0
2025-09-22 16:00:00 PDT,1758582000,102.01,102.06,ESE,10,7,,49,9.3,20.3,,,48300,2.1,,2,,,20.4,19.4,0
2025-09-22 15:00:00 PDT,1758578400,102.1,102.15,S,17,8,,56,10.8,19.7,,,48300,2,,3,,,19.9,18.3,0
2025-09-22 14:00:00 PDT,1758574800,102.15,102.2,SSE,16,11,,60,11.3,19.2,,,48300,1.9,,4,,,19.6,18.3,0
2025-09-22 13:00:00 PDT,1758571200,102.21,102.26,SE,14,17,,63,11.6,18.6,,,48300,1.8,,4,,,19,17.5,0
2025-09-22 12:00:00 PDT,1758567600,102.25,102.3,E,9,12,,68,11.8,17.6,,,40200,1.7,,5,,,17.8,16.4,0
2025-09-22 11:00:00 PDT,1758564000,102.26,102.31,SE,13,16,,71,11.8,17.1,,,48300,1.6,,6,,,17.1,15.2,0
2025-09-22 10:00:00 PDT,1758560400,102.26,102.31,ESE,11,16,,81,12.3,15.5,,,48300,1.6,,8,,,15.8,14.5,0
2025-09-22 09:00:00 PDT,1758556800,102.24,102.29,ESE,10,14,,83,11.8,14.5,,,48300,1.6,,2,,,14.5,13.1,0
2025-09-22 08:00:00 PDT,1758553200,102.17,102.22,ESE,10,21,,85,10.7,13.1,,,48300,1.6,,5,,,13.1,11.6,0
2025-09-22 07:00:00 PDT,1758549600,102.14,102.19,E,9,17,,95,10.9,11.7,,,40200,1.6,,3,,,12.2,11.6,0
2025-09-22 06:00:00 PDT,1758546000,102.1,102.15,E,10,18,,91,10.7,12.1,,,32200,1.6,,1,,,12.8,11.8,0
2025-09-22 05:00:00 PDT,1758542400,102.06,102.11,E,9,18,,89,10.3,12,,,32200,1.6,,2,,,12.8,12,0
2025-09-22 04:00:00 PDT,1758538800,102.06,102.11,E,9,18,,89,10.9,12.6,,,32200,1.7,,6,,,12.7,12.1,0
2025-09-22 03:00:00 PDT,1758535200,102.05,102.1,E,8,10,,89,10.6,12.3,,,32200,1.7,,4,,,13.1,11.9,0
2025-09-22 02:00:00 PDT,1758531600,102.02,102.07,ENE,7,14,,85,10.7,13.2,,,32200,1.8,,0,,,13.2,12,0
2025-09-22 01:00:00 PDT,1758528000,101.98,102.03,E,9,16,,88,10.7,12.5,,,32200,1.8,,0,,,13.8,12.2,0
2025-09-22 00:00:00 PDT,1758524400,101.94,101.99,E,9,14,,85,11.3,13.8,,,32200,1.9,,0,,,15,12.7,0
2025-09-21 23:00:00 PDT,1758520800,101.88,101.93,E,10,8,,78,10.3,14,,,32200,2,,1,,,16.6,13.8,0
2025-09-21 22:00:00 PDT,1758517200,101.81,101.86,ENE,7,9,,82,10.5,13.6,,,32200,2,,2,,,15,13.4,0
2025-09-21 21:00:00 PDT,1758513600,101.75,101.8,WNW,28,16,,85,11.5,14,,,32200,2.1,,1,,,16.2,14,0
2025-09-21 20:00:00 PDT,1758510000,101.71,101.76,WSW,24,14,27,77,12,15.9,,,32200,2.1,,1,,,17,15.5,0
2025-09-21 19:00:00 PDT,1758506400,101.63,101.68,WSW,24,21,37,66,10.8,17.1,,,32200,2.1,,2,,,18,17.1,0
2025-09-21 18:00:00 PDT,1758502800,101.59,101.64,SW,22,19,34,68,12,17.9,,,32200,2.1,,2,,,18.3,17.6,0
2025-09-21 17:00:00 PDT,1758499200,101.54,101.59,SW,22,17,32,63,11.1,18.2,,,32200,2.1,,2,,,19.5,18.2,0
2025-09-21 16:00:00 PDT,1758495600,101.5,101.55,WSW,25,22,35,59,11,19.1,,,32200,2.1,,1,,,19.8,19.1,0
2025-09-21 15:00:00 PDT,1758492000,101.47,101.52,W,27,28,38,60,11.7,19.7,,,32200,2.1,,1,,,19.8,19,0
2025-09-21 14:00:00 PDT,1758488400,101.43,101.48,WNW,28,31,29,68,13.6,19.5,,,32200,2,,1,,,19.8,18.4,0
2025-09-21 13:00:00 PDT,1758484800,101.37,101.42,W,26,31,,80,14.7,18.2,,,32200,1.7,,1,,,18.6,18.1,0
2025-09-21 12:00:00 PDT,1758481200,101.31,101.36,WNW,28,32,,82,15.1,18.1,,,32200,1.7,,1,,,18.6,16.9,0
2025-09-21 11:00:00 PDT,1758477600,101.22,101.27,WNW,29,20,,90,15.7,17.4,,,24100,1.6,,4,,,17.6,16.1,0
2025-09-21 10:00:00 PDT,1758474000,101.15,101.2,WSW,25,10,,91,14.7,16.1,,,24100,1.6,,8,,,16.3,15.8,0
2025-09-21 09:00:00 PDT,1758470400,101.07,101.12,SSW,19,7,,88,13.9,15.9,,,24100,1.5,,1,,,15.9,14.6,0
2025-09-21 08:00:00 PDT,1758466800,101,101.05,SE,13,7,,95,14,14.7,,,24100,1.6,,8,,,14.7,14.4,0
2025-09-21 07:00:00 PDT,1758463200,100.96,101.01,SE,13,7,,96,14,14.6,,,24100,1.6,,8,,,14.7,14.5,0
2025-09-21 06:00:00 PDT,1758459600,100.92,100.97,SSE,15,13,,98,14.3,14.6,,,24100,1.6,,8,,,14.6,14.3,0
2025-09-21 05:00:00 PDT,1758456000,100.92,100.97,SE,13,10,,100,14.3,14.4,,,24100,1.6,,8,,,14.4,14.1,0
2025-09-21 04:00:00 PDT,1758452400,100.91,100.96,SE,13,13,,100,14.2,14.2,,,24100,1.7,,8,,,14.4,14.1,0.2
2025-09-21 03:00:00 PDT,1758448800,100.9,100.95,SE,13,15,,100,14.2,14.2,,,9700,1.8,,8,,,14.5,14.1,0.6
2025-09-21 02:00:00 PDT,1758445200,100.89,100.94,ESE,10,18,,100,14.5,14.5,,,4800,2,,8,,,15,14.4,1.8
2025-09-21 01:00:00 PDT,1758441600,100.88,100.93,E,8,12,,100,14.7,14.7,,,12900,2,,8,,,15.1,14.7,0.5
2025-09-21 00:00:00 PDT,1758438000,100.94,100.99,ESE,10,5,,99,15,15.1,,,16100,2.1,,8,,,15.5,15,1.5
2025-09-20 23:00:00 PDT,1758434400,101,101.05,SE,13,9,,94,14.6,15.5,,,19300,3,,8,,,16.7,15.5,0.8
2025-09-20 22:00:00 PDT,1758430800,100.95,101,E,9,10,,84,13.8,16.5,,,24100,3,,8,,,17.4,16.5,0
2025-09-20 21:00:00 PDT,1758427200,100.98,101.03,ESE,10,14,,76,13,17.2,,,24100,3,,8,,,17.6,17,0
2025-09-20 20:00:00 PDT,1758423600,101,101.05,E,9,10,,74,12.8,17.4,,,24100,3.2,,8,,,18.1,17.4,0
2025-09-20 19:00:00 PDT,1758420000,101,101.05,ESE,10,14,,69,12.2,18,,,24100,4,,8,,,18.9,17.9,0
2025-09-20 18:00:00 PDT,1758416400,101.08,101.13,SE,12,12,,67,12.7,18.9,,,24100,4,,8,,,20.6,18.9,0
2025-09-20 17:00:00 PDT,1758412800,101.1,101.15,ESE,10,11,,57,12,20.6,,,24100,4,,7,,,21.2,20.6,0
2025-09-20 16:00:00 PDT,1758409200,101.15,101.2,ESE,11,22,,57,12,20.7,,,24100,4,,8,,,22.6,20.7,0
2025-09-20 15:00:00 PDT,1758405600,101.21,101.26,ESE,12,15,,57,13.1,21.8,,25,32200,7,,7,,,21.8,20.4,0
2025-09-20 14:00:00 PDT,1758402000,101.31,101.36,ESE,11,21,,61,12.8,20.5,,,32200,6,,8,,,21.8,20.3,0
2025-09-20 13:00:00 PDT,1758398400,101.35,101.4,ESE,11,21,34,59,13.3,21.6,,25,32200,2.2,,6,,,21.6,20.5,0
2025-09-20 12:00:00 PDT,1758394800,101.37,101.42,SE,12,25,,62,13.2,20.6,,,32200,1.9,,5,,,20.6,19.1,0
2025-09-20 11:00:00 PDT,1758391200,101.37,101.42,ESE,10,24,,62,12,19.4,,,32200,1.7,,6,,,19.7,17.9,0
2025-09-20 10:00:00 PDT,1758387600,101.38,101.43,ESE,10,22,32,71,12.4,17.8,,,32200,1.6,,6,,,17.8,15.8,0
2025-09-20 09:00:00 PDT,1758384000,101.39,101.44,E,10,23,,79,12.2,15.7,,,32200,1.6,,2,,,15.9,13.3,0
2025-09-20 08:00:00 PDT,1758380400,101.38,101.43,E,9,16,,92,12.1,13.3,,,32200,1.6,,2,,,13.3,11.6,0
2025-09-20 07:00:00 PDT,1758376800,101.34,101.39,E,9,13,,95,10.9,11.7,,,32200,1.6,,2,,,12.2,11.4,0
2025-09-20 06:00:00 PDT,1758373200,101.33,101.38,E,9,15,,95,10.8,11.6,,,32200,1.6,,1,,,13,11.4,0
2025-09-20 05:00:00 PDT,1758369600,101.35,101.4,ESE,10,16,,92,11.3,12.5,,,32200,1.6,,0,,,12.7,11.9,0
2025-09-20 04:00:00 PDT,1758366000,101.35,101.4,ESE,10,13,,95,11.4,12.1,,,32200,1.8,,0,,,14.2,12,0
2025-09-20 03:00:00 PDT,1758362400,101.35,101.4,E,8,11,,95,11.8,12.6,,,32200,1.9,,0,,,13.7,12.5,0
2025-09-20 02:00:00 PDT,1758358800,101.36,101.41,ENE,7,9,,96,12.8,13.4,,,32200,2,,0,,,14.2,13.2,0
2025-09-20 01:00:00 PDT,1758355200,101.35,101.4,ENE,5,5,,99,13.8,14,,,32200,2.1,,0,,,14,12.8,0
2025-09-20 00:00:00 PDT,1758351600,101.33,101.38,E,8,8,,92,12.6,13.9,,,32200,2.1,,0,,,15,13.1,0
2025-09-19 23:00:00 PDT,1758348000,101.33,101.38,ESE,11,4,,95,13.6,14.4,,,32200,2.1,,1,,,15,13.8,0
2025-09-19 22:00:00 PDT,1758344400,101.29,101.34,SE,12,5,,90,12.8,14.4,,,32200,2.1,,1,,,15.2,13.2,0
2025-09-19 21:00:00 PDT,1758340800,101.28,101.33,,,0,,97,13.3,13.7,,,32200,2.3,,1,,,15.4,11.8,0
2025-09-19 20:00:00 PDT,1758337200,101.26,101.31,,,0,,83,12.2,15,,,32200,2.4,,2,,,16.3,14.3,0
2025-09-19 19:00:00 PDT,1758333600,101.25,101.3,SW,21,5,,78,12,15.8,,,32200,2.5,,4,,,17.2,15.6,0
2025-09-19 18:00:00 PDT,1758330000,101.27,101.32,WSW,23,8,,80,13.9,17.2,,,32200,2.5,,2,,,18.7,17.2,0
2025-09-19 17:00:00 PDT,1758326400,101.28,101.33,W,27,7,,72,13.3,18.4,,,32200,2.6,,1,,,18.6,18.1,0
2025-09-19 16:00:00 PDT,1758322800,101.32,101.37,W,28,14,,73,13.7,18.5,,,32200,2.6,,2,,,18.9,18.3,0
2025-09-19 15:00:00 PDT,1758319200,101.36,101.41,WNW,28,15,,77,14.4,18.5,,,32200,2.5,,2,,,19.5,17.2,0
2025-09-19 14:00:00 PDT,1758315600,101.42,101.47,W,27,13,,71,13.8,19.1,,,32200,2.3,,1,,,19.3,18.7,0
2025-09-19 13:00:00 PDT,1758312000,101.45,101.5,WNW,28,13,,76,14.7,18.9,,,32200,2.2,,3,,,18.9,18.1,0
2025-09-19 12:00:00 PDT,1758308400,101.51,101.56,NW,30,10,,77,14.5,18.5,,,32200,2,,4,,,18.5,17.1,0
2025-09-19 11:00:00 PDT,1758304800,101.54,101.59,W,27,14,,82,14.3,17.4,,,32200,1.8,,3,,,18.1,16.4,0
2025-09-19 10:00:00 PDT,1758301200,101.56,101.61,WNW,29,4,,84,14.6,17.2,,,32200,1.7,,2,,,17.2,15.4,0
2025-09-19 09:00:00 PDT,1758297600,101.6,101.65,NNW,33,4,,91,13.8,15.3,,,32200,1.5,,2,,,15.3,14.2,0
2025-09-19 08:00:00 PDT,1758294000,101.61,101.66,NW,32,11,,98,14,14.3,,,32200,1.4,,1,,,14.3,13.1,0
2025-09-19 07:00:00 PDT,1758290400,101.59,101.64,WNW,29,15,,98,12.7,13.1,,,32200,1.4,,1,,,13.3,12.9,0
2025-09-19 06:00:00 PDT,1758286800,101.59,101.64,WNW,30,15,,100,13.2,13.2,,,32200,1.5,,0,,,13.2,11.4,0
2025-09-19 05:00:00 PDT,1758283200,101.57,101.62,,28,0,,100,13.2,13.2,,,32200,1.5,,0,,,13.3,11.2,0
2025-09-19 04:00:00 PDT,1758279600,101.57,101.62,N,35,5,,100,12.1,12.1,,,32200,1.5,,0,,,12.7,10.3,0
2025-09-19 03:00:00 PDT,1758276000,101.57,101.62,,,0,,98,11.9,12.3,,,32200,1.7,,0,,,14.1,12.1,0
2025-09-19 02:00:00 PDT,1758272400,101.58,101.63,,33,0,,100,12.4,12.4,,,32200,1.8,,0,,,13.8,10,0
2025-09-19 01:00:00 PDT,1758268800,101.57,101.62,NNE,3,5,,92,11.7,13,,,32200,1.9,,0,,,14.7,13,0
2025-09-19 00:00:00 PDT,1758265200,101.57,101.62,,34,0,,94,12.8,13.8,,,32200,2,,0,,,13.8,11.1,0
2025-09-18 23:00:00 PDT,1758261600,101.57,101.62,NW,32,9,,97,13.1,13.5,,,32200,2.1,,0,,,14.3,13.4,0
2025-09-18 22:00:00 PDT,1758258000,101.56,101.61,NW,32,14,,92,13.1,14.4,,,32200,2.1,,0,,,15.6,14.4,0
2025-09-18 21:00:00 PDT,1758254400,101.55,101.6,NW,31,19,,92,13.7,15.1,,,32200,2.1,,0,,,15.4,15.1,0
2025-09-18 20:00:00 PDT,1758250800,101.54,101.59,NW,30,19,,93,14,15.1,,,32200,2.2,,0,,,15.6,15,0
2025-09-18 19:00:00 PDT,1758247200,101.55,101.6,NW,30,16,,90,14,15.5,,,32200,2.3,,0,,,17,15.5,0
2025-09-18 18:00:00 PDT,1758243600,101.57,101.62,WNW,29,23,,80,13.6,17,,,32200,2.3,,1,,,17.6,17,0
2025-09-18 17:00:00 PDT,1758240000,101.6,101.65,WNW,29,25,,79,13.9,17.6,,,32200,2.3,,1,,,18.2,17.6,0
2025-09-18 16:00:00 PDT,1758236400,101.65,101.7,WNW,29,23,,74,13.2,17.9,,,32200,2.2,,1,,,18.3,17.7,0
2025-09-18 15:00:00 PDT,1758232800,101.73,101.78,WNW,29,25,28,75,13.6,18.1,,,32200,2.2,,1,,,18.7,17.7,0
2025-09-18 14:00:00 PDT,1758229200,101.79,101.84,WNW,29,29,30,75,13.4,17.8,,,32200,2.1,,1,,,18.5,17.6,0
2025-09-18 13:00:00 PDT,1758225600,101.85,101.9,WNW,29,29,29,74,13.3,18,,,32200,2,,1,,,18.1,16.9,0
2025-09-18 12:00:00 PDT,1758222000,101.9,101.95,WNW,28,27,,80,13.5,17,,,24100,1.9,,7,,,17.3,15.8,0
2025-09-18 11:00:00 PDT,1758218400,101.91,101.96,WNW,29,25,35,85,13.2,15.7,,,32200,1.8,,7,,,15.7,15.1,0
2025-09-18 10:00:00 PDT,1758214800,101.94,101.99,WNW,29,25,,88,13.2,15.2,,,24100,1.7,,7,,,15.2,14.9,0
2025-09-18 09:00:00 PDT,1758211200,101.93,101.98,NW,30,19,,91,13.5,14.9,,,24100,1.6,,7,,,14.9,14.7,0
2025-09-18 08:00:00 PDT,1758207600,101.91,101.96,WNW,30,22,,90,13.2,14.8,,,24100,1.7,,7,,,14.8,14.5,0
2025-09-18 07:00:00 PDT,1758204000,101.89,101.94,WNW,30,27,,90,12.9,14.5,,,24100,1.7,,3,,,14.5,14.1,0
2025-09-18 06:00:00 PDT,1758200400,101.87,101.92,WNW,29,33,32,91,12.9,14.3,,,32200,1.7,,1,,,14.5,14.2,0
2025-09-18 05:00:00 PDT,1758196800,101.87,101.92,NW,30,27,35,89,12.8,14.5,,,32200,1.7,,1,,,15,14.5,0
2025-09-18 04:00:00 PDT,1758193200,101.85,101.9,WNW,29,34,33,87,12.8,14.9,,,32200,1.7,,0,,,15.1,14.9,0
2025-09-18 03:00:00 PDT,1758189600,101.83,101.88,WNW,29,29,43,87,12.8,15,,,32200,1.7,,0,,,15.3,14.9,0
2025-09-18 02:00:00 PDT,1758186000,101.84,101.89,WNW,29,33,34,85,12.8,15.3,,,32200,1.8,,1,,,15.8,15.2,0
2025-09-18 01:00:00 PDT,1758182400,101.84,101.89,WNW,29,35,45,85,13.3,15.7,,,32200,1.8,,0,,,16.1,15.6,0
2025-09-18 00:00:00 PDT,1758178800,101.85,101.9,NW,30,28,,86,13.8,16.1,,,32200,1.9,,0,,,16.3,15.9,0
2025-09-17 23:00:00 PDT,1758175200,101.85,101.9,WNW,28,31,41,89,14.4,16.2,,,32200,2.1,,1,,,16.6,16.2,0
2025-09-17 22:00:00 PDT,1758171600,101.83,101.88,WNW,28,36,,87,14.4,16.6,,,32200,2.3,,2,,,16.8,16.5,0
2025-09-17 21:00:00 PDT,1758168000,101.81,101.86,W,28,39,,85,14.3,16.7,,,32200,2.5,,1,,,16.8,16.5,0
2025-09-17 20:00:00 PDT,1758164400,101.83,101.88,WNW,28,28,40,86,14.3,16.6,,,32200,2.6,,2,,,17.1,16.6,0
2025-09-17 19:00:00 PDT,1758160800,101.8,101.85,W,27,37,48,88,15.2,17.1,,,32200,2.7,,3,,,18.2,17.1,0
2025-09-17 18:00:00 PDT,1758157200,101.82,101.87,W,27,37,50,87,16.1,18.3,,,48300,2.8,,5,,,19.3,18,0
2025-09-17 17:00:00 PDT,1758153600,101.84,101.89,WNW,28,35,49,83,16.4,19.3,,,48300,3,,5,,,20.4,18.9,0
2025-09-17 16:00:00 PDT,1758150000,101.85,101.9,WNW,29,34,,80,16.7,20.3,,25,48300,3,,4,,,21.5,20.2,0
2025-09-17 15:00:00 PDT,1758146400,101.87,101.92,WNW,28,23,,74,16.7,21.5,,27,48300,2.9,,4,,,22.4,21.2,0
2025-09-17 14:00:00 PDT,1758142800,101.85,101.9,WNW,29,16,,64,14.8,21.7,,26,48300,2.9,,3,,,21.7,20.1,0
2025-09-17 13:00:00 PDT,1758139200,101.8,101.85,SW,23,18,,68,14.2,20.3,,,48300,2.9,,5,,,22,20.3,0
2025-09-17 12:00:00 PDT,1758135600,101.79,101.84,SE,12,9,,64,13.8,20.7,,,48300,2.8,,6,,,20.7,19.5,0
2025-09-17 11:00:00 PDT,1758132000,101.75,101.8,SE,14,8,,65,13.5,20.3,,,,2.7,,,,,20.5,19.9,0
2025-09-17 10:00:00 PDT,1758128400,101.72,101.77,ESE,10,17,,68,13.5,19.4,,,40200,2.5,,7,,,19.4,17.9,0
2025-09-17 09:00:00 PDT,1758124800,101.71,101.76,ESE,10,20,,76,13.7,17.9,,,40200,2.4,,7,,,18,17,0
2025-09-17 08:00:00 PDT,1758121200,101.66,101.71,ESE,10,16,,78,13.5,17.3,,,40200,2.1,,7,,,17.4,15.8,0
2025-09-17 07:00:00 PDT,1758117600,101.57,101.62,SE,13,5,,92,14.7,16,,,40200,2.1,,8,,,17.2,15.5,0
2025-09-17 06:00:00 PDT,1758114000,101.53,101.58,SE,12,10,,89,14.6,16.5,,,32200,2.1,,5,,,18.3,16,0
2025-09-17 05:00:00 PDT,1758110400,101.47,101.52,ENE,7,14,,84,14.2,16.9,,,32200,2.1,,7,,,17.2,16.3,0
2025-09-17 04:00:00 PDT,1758106800,101.46,101.51,E,8,14,,82,14,17.1,,,32200,2.3,,8,,,17.3,16,0
2025-09-17 03:00:00 PDT,1758103200,101.45,101.5,E,8,12,,86,14.2,16.6,,,32200,2.3,,8,,,18.6,16.6,0
2025-09-17 02:00:00 PDT,1758099600,101.44,101.49,E,9,13,,87,15.3,17.4,,,32200,2.3,,8,,,18.1,16.7,0
2025-09-17 01:00:00 PDT,1758096000,101.41,101.46,E,8,5,,86,15.2,17.6,,,32200,2.3,,7,,,18.5,17,0
2025-09-17 00:00:00 PDT,1758092400,101.37,101.42,E,9,16,,88,15.7,17.8,,,32200,2.4,,8,,,18.8,17.3,0
2025-09-16 23:00:00 PDT,1758088800,101.34,101.39,ESE,11,12,,83,15.7,18.6,,,32200,3,,7,,,20.9,18.6,0
2025-09-16 22:00:00 PDT,1758085200,101.3,101.35,SE,12,13,,70,14.8,20.5,,,32200,3,,0,,,20.6,17.7,0
2025-09-16 21:00:00 PDT,1758081600,101.26,101.31,,,0,,93,16.4,17.6,,,32200,4,,0,,,18.2,16.6,0
2025-09-16 20:00:00 PDT,1758078000,101.25,101.3,W,27,8,,95,15.7,16.5,,,48300,3.3,,1,,,18.9,16.5,0
2025-09-16 19:00:00 PDT,1758074400,101.25,101.3,W,26,7,,87,16.7,18.9,,,48300,3.4,,1,,,23.3,18.9,0
2025-09-16 18:00:00 PDT,1758070800,101.26,101.31,,25,0,,65,16.7,23.5,,29,48300,3.2,,1,,,23.5,21.5,0
2025-09-16 17:00:00 PDT,1758067200,101.33,101.38,NW,31,12,,63,15.1,22.3,,26,48300,3,,0,,,23.2,21.8,0
2025-09-16 16:00:00 PDT,1758063600,101.4,101.45,WNW,28,8,,67,15.5,21.8,,26,48300,3,,0,,,22.2,21.3,0
2025-09-16 15:00:00 PDT,1758060000,101.47,101.52,W,28,9,,70,16.3,22,,27,48300,3,,1,,,22,20.6,0
2025-09-16 14:00:00 PDT,1758056400,101.54,101.59,W,27,16,,76,16.4,20.7,,26,48300,3,,1,,,21,20.3,0
2025-09-16 13:00:00 PDT,1758052800,101.58,101.63,WNW,29,13,,75,15.9,20.4,,25,48300,2,,1,,,20.4,19.7,0
2025-09-16 12:00:00 PDT,1758049200,101.64,101.69,WSW,25,15,,77,15.8,19.9,,,48300,3,,1,,,20.7,19.5,0
2025-09-16 11:00:00 PDT,1758045600,101.67,101.72,W,27,5,,75,15.3,19.9,,,48300,1.4,,0,,,20.3,18.6,0
2025-09-16 10:00:00 PDT,1758042000,101.71,101.76,WNW,30,7,,81,15.4,18.7,,,48300,1.2,,0,,,18.7,17.2,0
2025-09-16 09:00:00 PDT,1758038400,101.73,101.78,SW,22,4,,83,14.2,17.1,,,48300,1.1,,1,,,17.1,15.1,0
2025-09-16 08:00:00 PDT,1758034800,101.73,101.78,SSE,15,5,,92,13.7,15,,,48300,1.1,,1,,,15,12.1,0
2025-09-16 07:00:00 PDT,1758031200,101.76,101.81,,8,0,,100,12.5,12.5,,,48300,1.1,,2,,,14,11.2,0
2025-09-16 06:00:00 PDT,1758027600,101.81,101.86,,,0,,100,12.4,12.4,,,32200,1.1,,0,,,13.3,10.5,0
2025-09-16 05:00:00 PDT,1758024000,101.84,101.89,,9,0,,99,12.3,12.5,,,32200,1.2,,0,,,13.6,11.4,0
2025-09-16 04:00:00 PDT,1758020400,101.89,101.94,N,35,7,,100,13.1,13.1,,,32200,1.4,,0,,,14.3,12.2,0
2025-09-16 03:00:00 PDT,1758016800,101.93,101.98,,,0,,97,14.1,14.6,,,32200,3,,1,,,14.6,11.8,0
2025-09-16 02:00:00 PDT,1758013200,101.98,102.03,,35,0,,100,13.9,13.9,,,32200,1.9,,1,,,15.5,11.9,0
2025-09-16 01:00:00 PDT,1758009600,101.99,102.04,E,9,5,,96,14.7,15.3,,,32200,2.1,,1,,,15.7,13.9,0
2025-09-16 00:00:00 PDT,1758006000,102,102.05,N,0,5,,94,13.9,14.9,,,32200,2.2,,0,,,15,12.8,0
2025-09-15 23:00:00 PDT,1758002400,102,102.05,NNW,33,8,,100,12.7,12.7,,,32200,2.2,,0,,,14.8,12.7,0
2025-09-15 22:00:00 PDT,1757998800,101.97,102.02,NW,31,9,,99,14.7,14.8,,,32200,2.3,,0,,,14.8,13.5,0
2025-09-15 21:00:00 PDT,1757995200,101.98,102.03,WNW,28,12,,98,13.1,13.4,,,32200,2.4,,1,,,14.5,13.4,0
2025-09-15 20:00:00 PDT,1757991600,101.99,102.04,W,27,12,,94,13.4,14.4,,,32200,2.4,,1,,,15.4,13.6,0
2025-09-15 19:00:00 PDT,1757988000,102,102.05,WNW,29,8,,88,13.5,15.4,,,48300,2.4,,1,,,17.7,15.4,0
2025-09-15 18:00:00 PDT,1757984400,102.07,102.12,WNW,29,13,,74,13,17.6,,,48300,2.3,,4,,,18.6,17.6,0
2025-09-15 17:00:00 PDT,1757980800,102.11,102.16,WNW,28,16,,75,14,18.6,,,48300,2.2,,6,,,19,18.4,0
2025-09-15 16:00:00 PDT,1757977200,102.13,102.18,W,28,18,,70,13.2,18.7,,,48300,2.2,,4,,,19.1,18.2,0
2025-09-15 15:00:00 PDT,1757973600,102.18,102.23,W,26,14,,70,13,18.5,,,48300,2,,2,,,19.1,17.9,0
2025-09-15 14:00:00 PDT,1757970000,102.21,102.26,W,27,13,,70,12.8,18.3,,,48300,2,,3,,,18.5,17.2,0
2025-09-15 13:00:00 PDT,1757966400,102.28,102.33,W,26,14,,78,13.5,17.4,,,48300,1.9,,4,,,17.4,16.2,0
2025-09-15 12:00:00 PDT,1757962800,102.27,102.32,SW,23,16,,74,12,16.6,,,48300,1.8,,7,,,18.5,16.6,0
2025-09-15 11:00:00 PDT,1757959200,102.26,102.31,ENE,7,9,,70,12.4,17.9,,,48300,1.8,,6,,,17.9,16.4,0
2025-09-15 10:00:00 PDT,1757955600,102.25,102.3,ESE,10,12,,74,11.9,16.6,,,48300,1.7,,5,,,16.6,15.4,0
2025-09-15 09:00:00 PDT,1757952000,102.25,102.3,E,8,12,,79,11.8,15.4,,,48300,1.7,,6,,,15.5,14.6,0
2025-09-15 08:00:00 PDT,1757948400,102.24,102.29,E,9,11,,83,11.9,14.8,,,48300,1.7,,5,,,14.8,13.5,0
2025-09-15 07:00:00 PDT,1757944800,102.18,102.23,E,8,9,,90,11.9,13.5,,,48300,1.6,,6,,,13.6,12.9,0
2025-09-15 06:00:00 PDT,1757941200,102.11,102.16,E,9,16,,91,11.7,13,,,32200,1.6,,2,,,13.7,13,0
2025-09-15 05:00:00 PDT,1757937600,102.06,102.11,E,8,17,,87,11.6,13.6,,,32200,1.6,,7,,,13.7,13.2,0
2025-09-15 04:00:00 PDT,1757934000,102.06,102.11,E,9,13,,91,11.7,13.2,,,32200,1.6,,8,,,13.5,13.2,0
2025-09-15 03:00:00 PDT,1757930400,102,102.05,ENE,7,14,,91,11.8,13.2,,,32200,1.6,,5,,,13.4,12.8,0
2025-09-15 02:00:00 PDT,1757926800,101.96,102.01,E,8,17,,89,11.5,13.3,,,32200,1.6,,4,,,13.7,13.2,0
2025-09-15 01:00:00 PDT,1757923200,101.87,101.92,E,9,18,,90,11.7,13.3,,,32200,1.7,,4,,,14.4,13.3,0
2025-09-15 00:00:00 PDT,1757919600,101.82,101.87,ESE,11,12,,86,12.2,14.4,,,32200,1.7,,8,,,14.7,14.3,0
2025-09-14 23:00:00 PDT,1757916000,101.77,101.82,ESE,11,18,,87,12.7,14.7,,,32200,1.7,,8,,,14.8,14.5,0
2025-09-14 22:00:00 PDT,1757912400,101.71,101.76,SE,14,15,,97,14.2,14.7,,,32200,1.7,,8,,,15.7,14.7,0
2025-09-14 21:00:00 PDT,1757908800,101.63,101.68,SSE,16,12,,88,13.6,15.6,,,32200,1.7,,3,,,16.7,15.5,0
2025-09-14 20:00:00 PDT,1757905200,101.55,101.6,W,27,15,,81,13.2,16.4,,,32200,1.8,,7,,,16.6,16.4,0
2025-09-14 19:00:00 PDT,1757901600,101.47,101.52,SW,23,8,,85,14,16.5,,,32200,1.7,,8,,,16.6,16.4,0
2025-09-14 18:00:00 PDT,1757898000,101.42,101.47,WNW,28,11,,89,14.8,16.6,,,24100,1.7,,7,,,18.2,16.6,0
2025-09-14 17:00:00 PDT,1757894400,101.34,101.39,WNW,29,10,,87,15.9,18.1,,,19300,1.6,,8,,,18.1,16.9,0
2025-09-14 16:00:00 PDT,1757890800,101.28,101.33,W,28,18,,91,15.6,17.1,,,16100,1.5,,7,,,17.9,15.9,0
2025-09-14 15:00:00 PDT,1757887200,101.23,101.28,WNW,29,22,,99,16.2,16.4,,,16100,1.5,,8,,,16.4,15.5,0.2
2025-09-14 14:00:00 PDT,1757883600,101.17,101.22,WSW,25,18,,99,16.1,16.3,,,12900,1.4,,8,,,16.6,16,0
2025-09-14 13:00:00 PDT,1757880000,101.1,101.15,SE,14,10,,99,16,16.2,,,9700,1.3,,8,,,16.4,16,2.9
2025-09-14 12:00:00 PDT,1757876400,101.05,101.1,SE,12,12,,99,15.8,16,,,16100,1.3,,8,,,16.4,16,1
2025-09-14 11:00:00 PDT,1757872800,101.01,101.06,SE,13,10,,98,16,16.3,,,16100,1.4,,8,,,16.4,16,0.6
2025-09-14 10:00:00 PDT,1757869200,100.95,101,E,8,17,,99,15.8,16,,,16100,1.4,,8,,,16.1,15.3,1.7
2025-09-14 09:00:00 PDT,1757865600,100.94,100.99,E,9,15,,99,15.2,15.4,,,12900,1.5,,8,,,16.6,15.3,2.4
2025-09-14 08:00:00 PDT,1757862000,100.89,100.94,ESE,10,16,,88,14.2,16.1,,,24100,1.6,,8,,,16.6,16.1,0
2025-09-14 07:00:00 PDT,1757858400,100.83,100.88,ESE,11,17,,83,13.8,16.6,,,32200,2,,8,,,16.9,16.6,0
2025-09-14 06:00:00 PDT,1757854800,100.78,100.83,ESE,11,17,,82,13.8,16.8,,,32200,2,,8,,,16.9,16.3,0
2025-09-14 05:00:00 PDT,1757851200,100.76,100.81,E,10,12,,85,13.8,16.3,,,32200,2,,8,,,16.3,15.5,0
2025-09-14 04:00:00 PDT,1757847600,100.75,100.8,SSE,15,6,,87,13.5,15.6,,,32200,2,,7,,,17,15.6,0
2025-09-14 03:00:00 PDT,1757844000,100.78,100.83,SE,14,8,,87,13.6,15.7,,,32200,2.2,,8,,,16.7,15.3,0
2025-09-14 02:00:00 PDT,1757840400,100.81,100.86,SE,13,9,,82,12.5,15.6,,,32200,2.2,,8,,,18.1,15.6,0
2025-09-14 01:00:00 PDT,1757836800,100.8,100.85,ENE,7,12,,73,13.2,18.1,,,32200,2.4,,7,,,18.3,17.7,0
2025-09-14 00:00:00 PDT,1757833200,100.83,100.88,E,8,11,,77,13.7,17.8,,,32200,2.5,,6,,,18.4,17.7,0
2025-09-13 23:00:00 PDT,1757829600,100.83,100.88,E,10,10,,76,14.2,18.4,,,32200,2.6,,7,,,18.7,17.6,0
2025-09-13 22:00:00 PDT,1757826000,100.85,100.9,E,9,9,,76,13.9,18.2,,,32200,2.6,,7,,,18.6,17.7,0
2025-09-13 21:00:00 PDT,1757822400,100.9,100.95,E,10,8,,73,13.6,18.5,,,32200,2.7,,5,,,18.9,17.7,0
2025-09-13 20:00:00 PDT,1757818800,100.89,100.94,E,10,13,,71,13.7,18.9,,,32200,2.7,,6,,,20.3,18.8,0
2025-09-13 19:00:00 PDT,1757815200,100.91,100.96,SE,12,10,,68,13.9,19.9,,,32200,2.7,,7,,,21.2,19.9,0
2025-09-13 18:00:00 PDT,1757811600,100.94,100.99,SE,14,13,,63,13.8,21,,,32200,2.6,,7,,,22.6,20.8,0
2025-09-13 17:00:00 PDT,1757808000,100.98,101.03,SSE,14,14,,58,13.7,22.3,,25,32200,2.4,,3,,,23,22.3,0
2025-09-13 16:00:00 PDT,1757804400,101,101.05,SE,13,23,,55,13.4,22.9,,26,32200,2.1,,3,,,23.1,22.4,0
2025-09-13 15:00:00 PDT,1757800800,101.05,101.1,ESE,12,23,40,55,13.7,23.1,,26,32200,1.7,,2,,,23.2,21,0
2025-09-13 14:00:00 PDT,1757797200,101.09,101.14,SE,14,22,,55,13.1,22.4,,25,32200,1.6,,4,,,22.6,20.3,0
2025-09-13 13:00:00 PDT,1757793600,101.16,101.21,ESE,10,12,,76,15.8,20.2,,25,32200,1.5,,7,,,20.2,18.5,0
2025-09-13 12:00:00 PDT,1757790000,101.19,101.24,E,10,14,,80,15.1,18.5,,,32200,1.4,,8,,,18.5,18.2,0
2025-09-13 11:00:00 PDT,1757786400,101.19,101.24,E,9,16,,82,15.1,18.1,,,32200,1.3,,8,,,18.2,17.4,0
2025-09-13 10:00:00 PDT,1757782800,101.2,101.25,E,9,15,,85,14.8,17.4,,,32200,1.3,,8,,,17.4,16.6,0
2025-09-13 09:00:00 PDT,1757779200,101.23,101.28,ESE,10,20,,89,15.2,17.1,,,32200,1.3,,7,,,17.1,15.7,0
2025-09-13 08:00:00 PDT,1757775600,101.22,101.27,SE,13,15,,92,14.6,16,,,32200,1.3,,7,,,16,14.8,0
2025-09-13 07:00:00 PDT,1757772000,101.19,101.24,ESE,10,20,,95,14.5,15.2,,,32200,1.4,,3,,,15.2,14.6,0
2025-09-13 06:00:00 PDT,1757768400,101.2,101.25,E,9,14,,98,14.4,14.6,,,24100,1.4,,5,,,15.3,14.6,0
2025-09-13 05:00:00 PDT,1757764800,101.22,101.27,E,9,15,,97,14.8,15.4,,,24100,1.5,,7,,,15.7,15.4,0
2025-09-13 04:00:00 PDT,1757761200,101.26,101.31,E,9,11,,97,15,15.5,,,24100,1.6,,7,,,15.5,14.1,0
2025-09-13 03:00:00 PDT,1757757600,101.27,101.32,ESE,10,10,,96,14.3,14.9,,,24100,1.6,,6,,,15.6,14.9,0
2025-09-13 02:00:00 PDT,1757754000,101.29,101.34,E,10,11,,96,14.4,15.1,,,32200,1.6,,3,,,16.2,14.9,0
2025-09-13 01:00:00 PDT,1757750400,101.32,101.37,ESE,10,13,,92,14.4,15.7,,,32200,1.8,,2,,,16.3,15,0
2025-09-13 00:00:00 PDT,1757746800,101.37,101.42,ENE,7,5,,89,14.4,16.2,,,32200,1.9,,2,,,16.2,15.4,0
2025-09-12 23:00:00 PDT,1757743200,101.4,101.45,E,9,11,,92,14.5,15.8,,,32200,2,,2,,,16.1,15.3,0
2025-09-12 22:00:00 PDT,1757739600,101.41,101.46,E,9,12,,92,14.5,15.8,,,32200,2,,2,,,16.9,15.8,0
2025-09-12 21:00:00 PDT,1757736000,101.44,101.49,SE,13,12,,86,14.6,16.9,,,32200,2,,3,,,18.1,16.5,0
2025-09-12 20:00:00 PDT,1757732400,101.44,101.49,SSE,15,5,,83,14.5,17.4,,,32200,2,,5,,,18.1,16.2,0
2025-09-12 19:00:00 PDT,1757728800,101.44,101.49,W,27,6,,85,15.6,18.2,,,32200,1.9,,7,,,19.5,18.2,0
2025-09-12 18:00:00 PDT,1757725200,101.5,101.55,SW,22,9,,76,15.2,19.4,,,32200,1.9,,7,,,19.5,18.1,0
2025-09-12 17:00:00 PDT,1757721600,101.54,101.59,SSW,21,16,,78,14.6,18.5,,,32200,1.8,,8,,,19.4,18.5,0
2025-09-12 16:00:00 PDT,1757718000,101.57,101.62,SSW,20,16,27,79,15.3,19.1,,,32200,1.7,,7,,,20.7,18.8,0
2025-09-12 15:00:00 PDT,1757714400,101.63,101.68,SE,14,10,,71,14.8,20.1,,,32200,1.6,,8,,,20.9,19.7,0
2025-09-12 14:00:00 PDT,1757710800,101.67,101.72,SE,12,14,,67,14.3,20.5,,,32200,1.5,,6,,,20.7,19.6,0
2025-09-12 13:00:00 PDT,1757707200,101.73,101.78,SE,13,20,,73,14.8,19.8,,,32200,1.4,,6,,,19.8,18.5,0
2025-09-12 12:00:00 PDT,1757703600,101.78,101.83,ESE,12,23,,77,14.6,18.5,,,24100,1.4,,6,,,18.9,17.3,0
2025-09-12 11:00:00 PDT,1757700000,101.81,101.86,SE,12,16,,80,14.3,17.8,,,24100,1.3,,8,,,17.8,15.7,0
2025-09-12 10:00:00 PDT,1757696400,101.84,101.89,SE,12,14,,90,14.3,15.9,,,24100,1.4,,8,,,16.1,15.6,0
2025-09-12 09:00:00 PDT,1757692800,101.8,101.85,ESE,11,14,,92,14.3,15.7,,,24100,1.4,,8,,,15.7,14.8,0
2025-09-12 08:00:00 PDT,1757689200,101.8,101.85,ESE,10,17,,95,14,14.8,,,24100,1.4,,8,,,14.8,14.3,0
2025-09-12 07:00:00 PDT,1757685600,101.78,101.83,ESE,12,14,,95,13.5,14.3,,,24100,1.4,,8,,,14.3,14.1,0
2025-09-12 06:00:00 PDT,1757682000,101.74,101.79,ESE,12,19,,97,13.6,14.1,,,32200,1.4,,7,,,14.3,14,0
2025-09-12 05:00:00 PDT,1757678400,101.75,101.8,ESE,10,18,,96,13.7,14.2,,,32200,1.4,,8,,,14.2,13.9,0
2025-09-12 04:00:00 PDT,1757674800,101.72,101.77,ESE,12,16,,97,13.4,13.9,,,32200,1.6,,6,,,14.9,13.9,0
2025-09-12 03:00:00 PDT,1757671200,101.71,101.76,ESE,10,13,,91,12.9,14.4,,,32200,1.6,,2,,,15.3,14.3,0
2025-09-12 02:00:00 PDT,1757667600,101.7,101.75,E,9,20,,89,13.3,15.1,,,32200,1.6,,1,,,15.5,15,0
2025-09-12 01:00:00 PDT,1757664000,101.68,101.73,E,9,16,,87,13,15.2,,,32200,1.7,,2,,,15.7,15.2,0
2025-09-12 00:00:00 PDT,1757660400,101.69,101.74,E,9,19,,86,13.1,15.4,,,32200,2,,3,,,15.9,15.3,0
2025-09-11 23:00:00 PDT,1757656800,101.66,101.71,ESE,10,21,,89,13.7,15.5,,,32200,2.2,,7,,,15.7,15,0
2025-09-11 22:00:00 PDT,1757653200,101.61,101.66,E,9,16,,92,13.8,15,,,32200,2.2,,1,,,15.9,15,0
2025-09-11 21:00:00 PDT,1757649600,101.59,101.64,ESE,10,12,,89,13.5,15.2,,,32200,2.1,,1,,,16.8,15.2,0
2025-09-11 20:00:00 PDT,1757646000,101.54,101.59,ESE,10,21,,82,13.7,16.8,,,32200,2.1,,1,,,19,16.4,0
2025-09-11 19:00:00 PDT,1757642400,101.5,101.55,SE,13,13,,74,14.4,19.1,,,32200,2.1,,1,,,20.1,19.1,0
2025-09-11 18:00:00 PDT,1757638800,101.51,101.56,SW,21,13,28,80,16.1,19.6,,,32200,2.2,,2,,,20,19.6,0
2025-09-11 17:00:00 PDT,1757635200,101.5,101.55,SSW,20,11,,79,16.1,19.9,,,32200,2.2,,2,,,19.9,18.2,0
2025-09-11 16:00:00 PDT,1757631600,101.49,101.54,WSW,25,12,,89,16.9,18.7,,,32200,2.2,,2,,,19.3,18.7,0
2025-09-11 15:00:00 PDT,1757628000,101.5,101.55,SW,21,19,,85,16.4,18.9,,,32200,2.1,,2,,,19.4,18.8,0
2025-09-11 14:00:00 PDT,1757624400,101.53,101.58,SW,22,18,33,88,17,19.1,,,32200,1.9,,2,,,20.9,18.9,0
2025-09-11 13:00:00 PDT,1757620800,101.55,101.6,SE,14,7,,76,15.8,20.2,,25,32200,1.8,,3,,,20.4,18.1,0
2025-09-11 12:00:00 PDT,1757617200,101.6,101.65,S,17,5,,84,15.3,18.1,,,24100,2,,7,,,18.1,17,0
2025-09-11 11:00:00 PDT,1757613600,101.61,101.66,ESE,10,9,,86,14.5,16.9,,,24100,2,,8,,,17.1,16,0
2025-09-11 10:00:00 PDT,1757610000,101.59,101.64,E,9,13,,92,14.9,16.1,,,24100,2,,8,,,16.2,15.4,0
2025-09-11 09:00:00 PDT,1757606400,101.55,101.6,ESE,10,12,,95,14.7,15.5,,,24100,2,,8,,,15.5,14.9,0
2025-09-11 08:00:00 PDT,1757602800,101.49,101.54,E,9,10,,96,14.6,15.1,,,24100,2,,7,,,15.1,14.5,0
2025-09-11 07:00:00 PDT,1757599200,101.46,101.51,SE,13,8,,97,14.1,14.5,,,24100,1.4,,7,,,14.5,12.8,0
2025-09-11 06:00:00 PDT,1757595600,101.41,101.46,E,10,10,,99,12.9,13,,,32200,1.4,,1,,,14,12.8,0
2025-09-11 05:00:00 PDT,1757592000,101.38,101.43,SE,13,4,,97,13.2,13.6,,,32200,1.3,,0,,,14.3,13.2,0
2025-09-11 04:00:00 PDT,1757588400,101.38,101.43,ESE,11,5,,100,14.1,14.1,,,32200,1.5,,0,,,14.7,14.1,0
2025-09-11 03:00:00 PDT,1757584800,101.37,101.42,SSE,15,5,,100,14.2,14.2,,,32200,1.6,,0,,,15.7,14.1,0
2025-09-11 02:00:00 PDT,1757581200,101.35,101.4,SSE,15,8,,99,14.8,14.9,,,32200,1.6,,0,,,15.9,14.2,0
2025-09-11 01:00:00 PDT,1757577600,101.34,101.39,NNE,2,3,,100,13.8,13.8,,,32200,1.7,,0,,,16.4,13,0
2025-09-11 00:00:00 PDT,1757574000,101.33,101.38,E,8,5,,97,15,15.6,,,32200,1.8,,0,,,17.3,15.5,0
2025-09-10 23:00:00 PDT,1757570400,101.3,101.35,SSW,20,5,,93,15.7,16.9,,,32200,1.8,,0,,,17.6,16.3,0
2025-09-10 22:00:00 PDT,1757566800,101.27,101.32,SE,12,8,,95,16.1,16.9,,,32200,1.8,,0,,,17.7,16.2,0
2025-09-10 21:00:00 PDT,1757563200,101.24,101.29,,,0,,96,16.6,17.2,,,32200,1.8,,0,,,17.3,15.6,0
2025-09-10 20:00:00 PDT,1757559600,101.18,101.23,WNW,28,3,,97,16,16.4,,,40200,1.9,,1,,,18,15.9,0
2025-09-10 19:00:00 PDT,1757556000,101.16,101.21,WNW,28,7,,89,16.2,18.1,,,48300,2,,1,,,19.3,18.1,0
2025-09-10 18:00:00 PDT,1757552400,101.16,101.21,W,26,9,,80,15.7,19.1,,,48300,2.1,,0,,,19.8,19.1,0
2025-09-10 17:00:00 PDT,1757548800,101.18,101.23,W,28,13,,82,16.4,19.6,,,48300,2.1,,0,,,20.4,19.6,0
2025-09-10 16:00:00 PDT,1757545200,101.2,101.25,WNW,28,10,,83,17.3,20.3,,26,48300,2,,1,,,20.5,20,0
2025-09-10 15:00:00 PDT,1757541600,101.27,101.32,WNW,29,11,,83,17.4,20.3,,26,48300,1.9,,1,,,20.4,19.8,0
2025-09-10 14:00:00 PDT,1757538000,101.31,101.36,WNW,28,15,,80,16.9,20.3,,26,48300,1.7,,2,,,20.3,19.2,0
2025-09-10 13:00:00 PDT,1757534400,101.34,101.39,W,27,16,,82,16.2,19.3,,,,1.6,,,,,19.9,19.1,0
2025-09-10 12:00:00 PDT,1757530800,101.4,101.45,W,28,22,,83,16.5,19.4,,,48300,1.4,,6,,,19.8,18.8,0
2025-09-10 11:00:00 PDT,1757527200,101.39,101.44,WNW,28,23,,86,16.7,19.2,,,40200,1.3,,8,,,19.2,18.3,0
2025-09-10 10:00:00 PDT,1757523600,101.38,101.43,WNW,28,20,,90,16.8,18.5,,,40200,1.3,,7,,,18.5,17.2,0
2025-09-10 09:00:00 PDT,1757520000,101.37,101.42,WNW,29,19,,95,16.4,17.2,,,48300,1.3,,7,,,17.4,16.6,0
2025-09-10 08:00:00 PDT,1757516400,101.35,101.4,WNW,29,19,,97,16.1,16.6,,,48300,1.3,,7,,,16.6,15.9,0
2025-09-10 07:00:00 PDT,1757512800,101.33,101.38,WNW,28,19,,97,15.6,16,,,48300,1.4,,8,,,16.2,15.9,0
2025-09-10 06:00:00 PDT,1757509200,101.31,101.36,WNW,29,17,,98,15.8,16.2,,,32200,1.4,,8,,,16.2,15.9,0
2025-09-10 05:00:00 PDT,1757505600,101.27,101.32,WNW,30,16,,98,15.6,15.9,,,32200,1.5,,5,,,16.1,15.9,0
2025-09-10 04:00:00 PDT,1757502000,101.28,101.33,WNW,29,20,,97,15.6,16.1,,,32200,1.7,,5,,,16.3,15.9,0
2025-09-10 03:00:00 PDT,1757498400,101.3,101.35,WNW,28,22,,97,15.9,16.3,,,32200,1.7,,3,,,16.7,16.2,0
2025-09-10 02:00:00 PDT,1757494800,101.28,101.33,WNW,29,19,,100,16.7,16.8,,,32200,1.8,,3,,,16.9,16.2,0
2025-09-10 01:00:00 PDT,1757491200,101.27,101.32,W,27,15,,98,16.6,16.9,,,32200,1.8,,2,,,16.9,16.3,0
2025-09-10 00:00:00 PDT,1757487600,101.27,101.32,WNW,28,13,,97,16.1,16.5,,,32200,1.9,,1,,,16.6,15.5,0
2025-09-09 23:00:00 PDT,1757484000,101.27,101.32,N,0,8,,100,15.9,15.9,,,32200,1.9,,1,,,15.9,14.6,0
2025-09-09 22:00:00 PDT,1757480400,101.26,101.31,W,27,5,,98,15.1,15.4,,,32200,2,,1,,,17,14.8,0
2025-09-09 21:00:00 PDT,1757476800,101.26,101.31,SSW,20,4,,95,15.9,16.7,,,32200,2.2,,0,,,17.7,16.4,0
2025-09-09 20:00:00 PDT,1757473200,101.24,101.29,WSW,25,4,,97,16.1,16.6,,,32200,2.4,,2,,,17.9,15.9,0
2025-09-09 19:00:00 PDT,1757469600,101.2,101.25,WSW,25,9,,90,16.4,18,,,48300,2.5,,1,,,19.2,18,0
2025-09-09 18:00:00 PDT,1757466000,101.19,101.24,W,27,9,,85,16.6,19.2,,,48300,2.5,,2,,,19.8,19.2,0
2025-09-09 17:00:00 PDT,1757462400,101.18,101.23,W,27,14,,84,16.9,19.8,,,48300,2.4,,2,,,20.3,19.7,0
2025-09-09 16:00:00 PDT,1757458800,101.23,101.28,WNW,28,13,,83,17.1,20.1,,25,48300,2.3,,2,,,20.4,19.1,0
2025-09-09 15:00:00 PDT,1757455200,101.28,101.33,W,28,10,,84,16.5,19.3,,,48300,2.3,,5,,,19.9,18.4,0
2025-09-09 14:00:00 PDT,1757451600,101.34,101.39,SW,23,15,,83,15.9,18.9,,,40200,2.2,,5,,,19.9,18.9,0
2025-09-09 13:00:00 PDT,1757448000,101.36,101.41,WNW,28,17,,85,16.4,19,,,32200,2,,8,,,19.2,18.5,0
2025-09-09 12:00:00 PDT,1757444400,101.38,101.43,WNW,28,20,,86,16.5,18.9,,,32200,2,,7,,,19.9,18.9,0
2025-09-09 11:00:00 PDT,1757440800,101.41,101.46,WNW,29,23,,88,17.1,19.2,,,32200,2,,7,,,19.7,18.2,0
2025-09-09 10:00:00 PDT,1757437200,101.41,101.46,WNW,30,11,,91,16.9,18.3,,,32200,2,,8,,,18.3,17.9,0
2025-09-09 09:00:00 PDT,1757433600,101.4,101.45,NW,31,6,,92,16.6,18,,,24100,2,,8,,,18,17.3,0
2025-09-09 08:00:00 PDT,1757430000,101.4,101.45,NE,3,4,,92,16.1,17.4,,,16100,2,,8,,,17.4,16.7,0
2025-09-09 07:00:00 PDT,1757426400,101.39,101.44,,,0,,91,15.3,16.7,,,24100,2,,8,,,16.7,15.8,0
2025-09-09 06:00:00 PDT,1757422800,101.38,101.43,N,35,9,,94,15,15.9,,,32200,2,,7,,,16.3,15.9,0
2025-09-09 05:00:00 PDT,1757419200,101.38,101.43,N,35,7,,97,15.7,16.1,,,32200,2,,8,,,16.6,15.2,0
2025-09-09 04:00:00 PDT,1757415600,101.38,101.43,NNW,33,9,,97,16.2,16.6,,,32200,2,,8,,,17.2,16.6,0
2025-09-09 03:00:00 PDT,1757412000,101.4,101.45,WNW,29,18,,100,16.8,16.8,,,32200,2,,7,,,17.1,16.7,0
2025-09-09 02:00:00 PDT,1757408400,101.4,101.45,WNW,29,20,,99,16.9,17,,,32200,1.9,,1,,,17.2,16.8,0
2025-09-09 01:00:00 PDT,1757404800,101.41,101.46,WNW,29,22,,100,16.8,16.9,,,32200,2,,2,,,17.1,16.9,0
2025-09-09 00:00:00 PDT,1757401200,101.4,101.45,WNW,29,25,,99,16.9,17.1,,,32200,2.2,,1,,,17.3,17,0
2025-09-08 23:00:00 PDT,1757397600,101.4,101.45,WNW,28,23,,99,16.9,17.1,,,32200,2.3,,1,,,17.4,17.1,0
2025-09-08 22:00:00 PDT,1757394000,101.39,101.44,WNW,29,27,28,98,17,17.4,,,32200,2.6,,1,,,17.7,17.3,0
2025-09-08 21:00:00 PDT,1757390400,101.36,101.41,WNW,28,21,,95,16.8,17.7,,,32200,2.6,,0,,,17.7,17.5,0
2025-09-08 20:00:00 PDT,1757386800,101.34,101.39,WNW,28,18,,94,16.8,17.6,,,40200,2.6,,1,,,18.4,17.6,0
2025-09-08 19:00:00 PDT,1757383200,101.34,101.39,WNW,29,20,,87,16.4,18.5,,,40200,2.6,,1,,,20,18.5,0
2025-09-08 18:00:00 PDT,1757379600,101.36,101.41,WNW,29,14,,76,15.8,20.1,,25,48300,2.6,,2,,,20.8,20,0
2025-09-08 17:00:00 PDT,1757376000,101.4,101.45,WNW,29,10,,74,15.9,20.7,,25,48300,2.6,,2,,,21.2,20.4,0
2025-09-08 16:00:00 PDT,1757372400,101.44,101.49,WNW,28,15,,76,16.4,20.8,,26,48300,2.5,,2,,,20.9,20.1,0
2025-09-08 15:00:00 PDT,1757368800,101.49,101.54,WSW,24,10,,73,15.5,20.5,,25,48300,2.2,,2,,,20.6,19.9,0
2025-09-08 14:00:00 PDT,1757365200,101.55,101.6,WSW,25,15,,75,16.1,20.5,,25,48300,2.1,,3,,,20.9,19.8,0
2025-09-08 13:00:00 PDT,1757361600,101.58,101.63,SW,23,15,,75,16.1,20.8,,25,,2,,,,,21.1,20,0
2025-09-08 12:00:00 PDT,1757358000,101.62,101.67,SW,21,16,29,75,15.9,20.3,,25,48300,1.9,,2,,,21.5,20.1,0
2025-09-08 11:00:00 PDT,1757354400,101.65,101.7,SSE,15,12,,67,14.8,21,,25,48300,1.7,,5,,,21,18.8,0
2025-09-08 10:00:00 PDT,1757350800,101.67,101.72,ESE,11,10,,73,14,18.8,,,40200,1.6,,6,,,18.9,17.4,0
2025-09-08 09:00:00 PDT,1757347200,101.67,101.72,E,8,10,,85,14.9,17.5,,,40200,1.5,,8,,,17.5,16.9,0
2025-09-08 08:00:00 PDT,1757343600,101.67,101.72,SE,12,13,,86,14.6,16.9,,,40200,1.5,,8,,,16.9,16.5,0
2025-09-08 07:00:00 PDT,1757340000,101.66,101.71,E,9,13,,87,14.5,16.5,,,40200,1.4,,8,,,16.7,16.4,0
2025-09-08 06:00:00 PDT,1757336400,101.66,101.71,E,9,16,,87,14.3,16.4,,,24100,1.5,,7,,,16.5,16.3,0
2025-09-08 05:00:00 PDT,1757332800,101.67,101.72,ESE,10,15,,88,14.4,16.3,,,24100,1.5,,8,,,16.3,16.2,0
2025-09-08 04:00:00 PDT,1757329200,101.67,101.72,E,10,17,,89,14.4,16.2,,,24100,1.6,,8,,,16.6,16.2,0
2025-09-08 03:00:00 PDT,1757325600,101.7,101.75,ESE,10,16,,88,14.4,16.5,,,24100,1.6,,8,,,16.9,16.2,0
2025-09-08 02:00:00 PDT,1757322000,101.71,101.76,E,10,19,,85,14.4,16.9,,,24100,1.5,,8,,,17,16.6,0
2025-09-08 01:00:00 PDT,1757318400,101.72,101.77,E,9,17,,85,14.6,17,,,24100,1.6,,8,,,17.2,17,0
2025-09-08 00:00:00 PDT,1757314800,101.74,101.79,E,10,20,,84,14.5,17.2,,,24100,1.6,,8,,,17.4,17.2,0
2025-09-07 23:00:00 PDT,1757311200,101.76,101.81,E,9,19,,85,14.7,17.3,,,24100,1.6,,8,,,17.4,17.1,0
2025-09-07 22:00:00 PDT,1757307600,101.74,101.79,ESE,11,16,,84,14.6,17.3,,,24100,1.7,,8,,,17.4,17.1,0
2025-09-07 21:00:00 PDT,1757304000,101.72,101.77,ESE,10,16,,82,14.3,17.4,,,24100,1.8,,8,,,17.9,17.4,0
2025-09-07 20:00:00 PDT,1757300400,101.7,101.75,SE,12,11,,79,14.2,17.9,,,24100,1.8,,8,,,17.9,17.6,0
2025-09-07 19:00:00 PDT,1757296800,101.68,101.73,SE,12,18,,80,14.4,17.9,,,24100,1.8,,8,,,18.6,17.9,0
2025-09-07 18:00:00 PDT,1757293200,101.72,101.77,ESE,12,21,,78,14.6,18.5,,,32200,2,,8,,,19.7,18.5,0
2025-09-07 17:00:00 PDT,1757289600,101.74,101.79,SE,13,22,,72,14.5,19.5,,,32200,2,,8,,,20.6,19.4,0
2025-09-07 16:00:00 PDT,1757286000,101.77,101.82,ESE,11,20,33,68,14.4,20.4,,,32200,2,,7,,,20.9,20.2,0
2025-09-07 15:00:00 PDT,1757282400,101.79,101.84,ESE,12,16,30,68,14.3,20.4,,,32200,1.6,,4,,,21,19.9,0
2025-09-07 14:00:00 PDT,1757278800,101.82,101.87,ESE,11,23,34,66,14.3,20.7,,,32200,1.6,,6,,,21.1,19.8,0
2025-09-07 13:00:00 PDT,1757275200,101.79,101.84,ESE,10,26,,67,14,20.2,,,24100,3,,6,,,20.8,19.3,0
2025-09-07 12:00:00 PDT,1757271600,101.77,101.82,SE,12,21,,73,14.3,19.2,,,24100,1.3,,8,,,19.2,17.3,0
2025-09-07 11:00:00 PDT,1757268000,101.74,101.79,ESE,12,22,,82,14.1,17.2,,,24100,1.3,,8,,,17.7,17.2,0
2025-09-07 10:00:00 PDT,1757264400,101.71,101.76,ESE,11,21,,83,14.3,17.2,,,24100,1.3,,8,,,18.1,17.2,0
2025-09-07 09:00:00 PDT,1757260800,101.65,101.7,SE,12,13,,81,14.7,17.8,,,32200,2,,7,,,18,16.9,0
2025-09-07 08:00:00 PDT,1757257200,101.62,101.67,SE,12,12,,87,14.8,17,,,32200,2,,7,,,17,16.4,0
2025-09-07 07:00:00 PDT,1757253600,101.6,101.65,ESE,11,19,,92,15.1,16.3,,,24100,2,,3,,,16.3,15.7,0
2025-09-07 06:00:00 PDT,1757250000,101.57,101.62,E,9,20,,93,14.6,15.7,,,24100,2,,2,,,16.3,15.7,0
2025-09-07 05:00:00 PDT,1757246400,101.57,101.62,E,8,21,,91,14.9,16.3,,,24100,2,,3,,,16.5,16.2,0
2025-09-07 04:00:00 PDT,1757242800,101.59,101.64,E,9,23,,94,15.2,16.2,,,24100,2,,8,,,16.5,15.8,0
2025-09-07 03:00:00 PDT,1757239200,101.57,101.62,ESE,10,26,,91,15.2,16.5,,,24100,2,,8,,,16.5,15.7,0
2025-09-07 02:00:00 PDT,1757235600,101.52,101.57,E,9,23,,95,14.9,15.7,,,24100,2,,1,,,16.1,15.7,0
2025-09-07 01:00:00 PDT,1757232000,101.48,101.53,ESE,10,28,,92,14.4,15.8,,,24100,2,,7,,,16.3,15.3,0
2025-09-07 00:00:00 PDT,1757228400,101.43,101.48,ESE,11,21,,93,15.2,16.3,,,24100,2.1,,7,,,16.8,16.2,0
2025-09-06 23:00:00 PDT,1757224800,101.34,101.39,ESE,12,13,,91,15.4,16.8,,,19300,3,,8,,,17.1,16.8,0
2025-09-06 22:00:00 PDT,1757221200,101.28,101.33,E,9,10,,92,15.7,17,,,19300,2.4,,8,,,17.7,16.9,0
2025-09-06 21:00:00 PDT,1757217600,101.27,101.32,ESE,11,16,,93,16.4,17.6,,,19300,2.6,,8,,,18.7,17.6,0
2025-09-06 20:00:00 PDT,1757214000,101.21,101.26,E,9,10,,94,17.7,18.7,,,19300,2.7,,8,,,19.2,18.7,0
2025-09-06 19:00:00 PDT,1757210400,101.19,101.24,ESE,10,8,,96,18.3,19.1,,,16100,2.8,,8,,,20.8,18.9,0.1
2025-09-06 18:00:00 PDT,1757206800,101.19,101.24,ENE,6,12,,96,18.4,19,,,19300,3,,8,,,23.7,18.9,0.4
2025-09-06 17:00:00 PDT,1757203200,101.21,101.26,SE,12,9,,68,16.9,22.9,,28,24100,3,,7,,,23.9,22.8,0
2025-09-06 16:00:00 PDT,1757199600,101.21,101.26,SE,13,15,,67,16.9,23.3,,29,24100,2.6,,7,,,23.4,22.2,0
2025-09-06 15:00:00 PDT,1757196000,101.21,101.26,SSE,14,15,,68,16.2,22.4,,27,24100,2.2,,6,,,23.6,22.4,0
2025-09-06 14:00:00 PDT,1757192400,101.25,101.3,ESE,11,15,,67,16.6,23,,28,24100,2,,6,,,23.1,21.3,0
2025-09-06 13:00:00 PDT,1757188800,101.31,101.36,E,8,13,,69,15.6,21.4,,26,24100,2,,6,,,21.4,19.5,0
2025-09-06 12:00:00 PDT,1757185200,101.33,101.38,ESE,10,8,,76,15.2,19.6,,,24100,2.1,,6,,,19.6,18.1,0
2025-09-06 11:00:00 PDT,1757181600,101.32,101.37,ESE,10,20,32,79,15.2,18.9,,,24100,2.2,,6,,,19.5,18.9,0
2025-09-06 10:00:00 PDT,1757178000,101.27,101.32,SE,14,12,,81,15.7,18.9,,,24100,3,,4,,,19.1,18,0
2025-09-06 09:00:00 PDT,1757174400,101.2,101.25,ESE,11,12,,89,16.2,18,,,19300,6,,6,,,18,16.6,0
2025-09-06 08:00:00 PDT,1757170800,101.16,101.21,SE,13,12,,93,15.7,16.8,,,19300,8,,6,,,16.9,16.2,0
2025-09-06 07:00:00 PDT,1757167200,101.11,101.16,SE,12,9,,96,15.7,16.4,,,19300,7,,5,,,16.4,16,0
2025-09-06 06:00:00 PDT,1757163600,101.07,101.12,E,8,9,,98,15.8,16.2,,,19300,7,,3,,,16.4,15.6,0
2025-09-06 05:00:00 PDT,1757160000,101.05,101.1,E,9,10,,96,15.4,16,,,19300,6,,2,,,16.6,15.7,0
2025-09-06 04:00:00 PDT,1757156400,101.05,101.1,E,9,4,,94,15.7,16.6,,,19300,4,,2,,,17.4,16.3,0
2025-09-06 03:00:00 PDT,1757152800,101.04,101.09,E,9,5,,93,15.7,16.9,,,19300,5,,2,,,17.9,16.8,0
2025-09-06 02:00:00 PDT,1757149200,101.02,101.07,S,18,16,,97,17.5,17.9,,,16100,5,,3,,,18.4,16.8,0
2025-09-06 01:00:00 PDT,1757145600,100.95,101,E,8,7,,92,16.3,17.7,,,16100,4,,4,,,19,17.5,0
2025-09-06 00:00:00 PDT,1757142000,100.98,101.03,ENE,6,7,,89,17.1,19,,,16100,4,,2,,,19.6,18.3,0
2025-09-05 23:00:00 PDT,1757138400,100.96,101.01,SE,12,4,,90,17.1,18.8,,,12900,4,,3,,,19.9,17.5,0
2025-09-05 22:00:00 PDT,1757134800,100.91,100.96,WSW,24,3,,96,16.7,17.3,,,12900,4,,3,,,20.6,17.2,0
2025-09-05 21:00:00 PDT,1757131200,100.88,100.93,SSW,21,3,,91,17.7,19.1,,,16100,4.1,,3,,,19.8,18.7,0
2025-09-05 20:00:00 PDT,1757127600,100.85,100.9,,,0,,89,17.1,19,,,19300,4.2,,3,,,20.8,18.3,0
2025-09-05 19:00:00 PDT,1757124000,100.87,100.92,WNW,28,3,,78,17,20.9,,26,19300,4.2,,2,,,21.5,20.9,0
2025-09-05 18:00:00 PDT,1757120400,100.89,100.94,SW,22,6,,80,17.4,20.9,,26,19300,4.1,,2,,,21.6,20.6,0
2025-09-05 17:00:00 PDT,1757116800,100.89,100.94,SW,23,10,,80,18.1,21.6,,28,24100,4,,5,,,21.8,21.3,0
2025-09-05 16:00:00 PDT,1757113200,100.91,100.96,SW,23,9,,83,18.5,21.5,,28,24100,3.8,,2,,,21.8,20.8,0
2025-09-05 15:00:00 PDT,1757109600,100.96,101.01,WSW,24,11,,84,18.8,21.5,,28,24100,3.6,,5,,,21.8,21.1,0
2025-09-05 14:00:00 PDT,1757106000,101.01,101.06,WSW,25,8,,85,18.5,21.1,,27,32200,4,,4,,,21.8,20.6,0
2025-09-05 13:00:00 PDT,1757102400,101.03,101.08,W,28,9,,89,19.9,21.7,,29,19300,4,,1,,,21.7,20.6,0
2025-09-05 12:00:00 PDT,1757098800,101.05,101.1,WSW,24,9,,89,19.3,21.2,,28,19300,5,,2,,,21.5,20,0
2025-09-05 11:00:00 PDT,1757095200,101.05,101.1,SW,23,7,,90,18.4,20.1,,26,19300,6,,4,,,20.3,19.4,0
2025-09-05 10:00:00 PDT,1757091600,101.07,101.12,WSW,25,4,,89,17.7,19.6,,,19300,6,,2,,,19.8,18,0
2025-09-05 09:00:00 PDT,1757088000,101.05,101.1,S,18,4,,94,17.1,18,,,16100,6,,4,,,18,16.8,0
2025-09-05 08:00:00 PDT,1757084400,101.04,101.09,S,17,5,,100,16.7,16.8,,,19300,5,,2,,,16.8,15.4,0
2025-09-05 07:00:00 PDT,1757080800,101.02,101.07,S,19,3,,100,15.2,15.2,,,24100,5,,1,,,16,14.4,0
2025-09-05 06:00:00 PDT,1757077200,100.99,101.04,,,0,,100,14.8,14.8,,,19300,4,,1,,,15.8,14,0
2025-09-05 05:00:00 PDT,1757073600,101,101.05,,,0,,100,15.6,15.6,,,19300,4,,2,,,15.9,14.1,0
2025-09-05 04:00:00 PDT,1757070000,100.98,101.03,ESE,12,3,,100,15.7,15.8,,,19300,4,,1,,,16.3,15.3,0
2025-09-05 03:00:00 PDT,1757066400,101,101.05,,,0,,98,14.9,15.2,,,19300,2.4,,2,,,17.3,15.2,0
2025-09-05 02:00:00 PDT,1757062800,100.99,101.04,E,9,7,,96,15.9,16.5,,,19300,3,,2,,,17,16.2,0
2025-09-05 01:00:00 PDT,1757059200,100.97,101.02,E,9,8,,92,15.7,17.1,,,19300,3,,3,,,17.5,16.9,0
2025-09-05 00:00:00 PDT,1757055600,100.98,101.03,E,8,14,,94,16.1,17.1,,,19300,3,,7,,,17.5,16.8,0
2025-09-04 23:00:00 PDT,1757052000,100.98,101.03,ESE,10,13,,95,16.4,17.3,,,19300,2.5,,0,,,17.5,17,0
2025-09-04 22:00:00 PDT,1757048400,100.96,101.01,E,9,15,,97,16.9,17.4,,,19300,2.9,,0,,,17.9,17.2,0
2025-09-04 21:00:00 PDT,1757044800,100.95,101,E,10,9,,95,16.8,17.6,,,19300,3.2,,0,,,18.4,17.2,0
2025-09-04 20:00:00 PDT,1757041200,100.91,100.96,NW,31,3,,95,16.6,17.4,,,19300,3.5,,1,,,19.8,17.4,0
2025-09-04 19:00:00 PDT,1757037600,100.92,100.97,SW,22,4,,90,17.7,19.4,,,19300,3.6,,2,,,19.8,19.4,0
2025-09-04 18:00:00 PDT,1757034000,100.95,101,SW,22,8,,91,18.2,19.7,,,24100,3.4,,4,,,19.9,19.5,0
2025-09-04 17:00:00 PDT,1757030400,100.99,101.04,SW,22,11,,90,18,19.8,,,24100,3.2,,6,,,20,19.4,0
2025-09-04 16:00:00 PDT,1757026800,101.02,101.07,SW,22,9,,92,18.7,20,,27,24100,3,,7,,,20,19.5,0
2025-09-04 15:00:00 PDT,1757023200,101.1,101.15,SW,21,10,,90,18.4,20,,26,24100,3,,6,,,20.3,19.7,0
2025-09-04 14:00:00 PDT,1757019600,101.18,101.23,SW,23,10,,86,17.8,20.2,,26,24100,3.1,,8,,,20.3,19.9,0
2025-09-04 13:00:00 PDT,1757016000,101.24,101.29,SW,23,7,,84,17.3,19.9,,,24100,3.1,,7,,,19.9,18.9,0
2025-09-04 12:00:00 PDT,1757012400,101.3,101.35,SW,21,9,,87,16.7,18.9,,,24100,3,,6,,,19.7,18.7,0
2025-09-04 11:00:00 PDT,1757008800,101.34,101.39,ESE,12,7,,80,15.9,19.3,,,32200,3,,6,,,19.4,18.1,0
2025-09-04 10:00:00 PDT,1757005200,101.37,101.42,ESE,12,8,,89,16.3,18.1,,,16100,3,,5,,,18.1,17.1,0
2025-09-04 09:00:00 PDT,1757001600,101.39,101.44,ESE,11,13,,93,16,17.2,,,32200,3,,5,,,17.5,16.5,0
2025-09-04 08:00:00 PDT,1756998000,101.42,101.47,SE,12,7,,96,15.8,16.4,,,16100,4,,3,,,16.5,16.1,0
2025-09-04 07:00:00 PDT,1756994400,101.39,101.44,SE,13,7,,96,15.4,16.1,,,16100,4,,3,,,16.1,15.3,0
2025-09-04 06:00:00 PDT,1756990800,101.39,101.44,ESE,10,10,,99,15.2,15.4,,,16100,5,,2,,,15.8,15.3,0
2025-09-04 05:00:00 PDT,1756987200,101.41,101.46,E,9,12,,99,15.3,15.5,,,19300,4,,0,,,15.8,15.3,0
2025-09-04 04:00:00 PDT,1756983600,101.44,101.49,ESE,10,10,,97,15.2,15.7,,,19300,4,,0,,,16.1,15.7,0
2025-09-04 03:00:00 PDT,1756980000,101.45,101.5,E,9,14,,96,15.5,16.2,,,19300,4,,0,,,16.6,16.1,0
2025-09-04 02:00:00 PDT,1756976400,101.43,101.48,E,9,12,,95,15.7,16.6,,,19300,4,,0,,,17.1,16.6,0
2025-09-04 01:00:00 PDT,1756972800,101.44,101.49,E,9,14,,97,16.6,17.1,,,19300,5,,0,,,18.2,17.1,0
2025-09-04 00:00:00 PDT,1756969200,101.42,101.47,E,9,10,,96,17.7,18.3,,,19300,4,,0,,,19.5,18.2,0
2025-09-03 23:00:00 PDT,1756965600,101.42,101.47,E,8,5,,92,18.1,19.4,,,19300,4,,0,,,20,18.8,0
2025-09-03 22:00:00 PDT,1756962000,101.4,101.45,S,18,5,,92,18.5,19.8,,,24100,4.1,,1,,,20.6,19,0
2025-09-03 21:00:00 PDT,1756958400,101.4,101.45,SSE,16,6,,91,18.6,20.1,,27,24100,4.6,,1,,,20.6,19.6,0
2025-09-03 20:00:00 PDT,1756954800,101.36,101.41,S,17,7,,88,18.7,20.7,,27,24100,5.9,,1,,,21,20.1,0
2025-09-03 19:00:00 PDT,1756951200,101.35,101.4,SSW,20,10,,91,19.4,21,,28,19300,7.2,,1,,,21.6,21,0
2025-09-03 18:00:00 PDT,1756947600,101.38,101.43,SW,22,10,,85,18.9,21.6,,28,24100,9,,4,,,23,21.6,0
2025-09-03 17:00:00 PDT,1756944000,101.43,101.48,W,26,10,,80,19.1,22.7,,30,24100,11,,3,,,23.8,22.3,0
2025-09-03 16:00:00 PDT,1756940400,101.5,101.55,W,26,9,,74,18.3,23,,29,24100,11,,4,,,23.9,23,0
2025-09-03 15:00:00 PDT,1756936800,101.58,101.63,WNW,29,14,,78,19,23,,30,24100,11,,2,,,23.2,22.3,0
2025-09-03 14:00:00 PDT,1756933200,101.64,101.69,W,27,14,,84,19.8,22.6,,30,24100,11,,4,,,23.1,22.3,0
2025-09-03 13:00:00 PDT,1756929600,101.68,101.73,WNW,29,13,,82,19.8,22.9,,30,9700,11,,3,,,22.9,21.9,0
2025-09-03 12:00:00 PDT,1756926000,101.74,101.79,W,27,14,,86,19.6,22.1,,29,9700,11,,3,,,22.3,21.5,0
2025-09-03 11:00:00 PDT,1756922400,101.75,101.8,W,27,13,,87,19.3,21.6,,29,4800,11,,3,,,21.7,20.4,0
2025-09-03 10:00:00 PDT,1756918800,101.77,101.82,WNW,28,14,,92,19.2,20.5,,27,6400,11,,4,,,20.7,19.9,0
2025-09-03 09:00:00 PDT,1756915200,101.78,101.83,W,26,8,,95,19.1,20,,27,6400,11,,4,,,20.1,18.8,0
2025-09-03 08:00:00 PDT,1756911600,101.74,101.79,WNW,29,8,,100,18.8,18.8,,,9700,11,,5,,,18.8,16.6,0
2025-09-03 07:00:00 PDT,1756908000,101.72,101.77,N,0,5,,100,16.6,16.6,,,9700,9,,4,,,17.7,16.4,0
2025-09-03 06:00:00 PDT,1756904400,101.71,101.76,W,28,10,,100,16.7,16.7,,,16100,8,,0,,,17.7,16.1,0
2025-09-03 05:00:00 PDT,1756900800,101.68,101.73,,,0,,100,15.6,15.6,,,16100,5,,1,,,16.6,15.4,0
2025-09-03 04:00:00 PDT,1756897200,101.72,101.77,,,0,,100,16,16,,,19300,4,,1,,,16.6,15.4,0
2025-09-03 03:00:00 PDT,1756893600,101.69,101.74,,,0,,100,16.2,16.3,,,19300,3,,0,,,17,14.8,0
2025-09-03 02:00:00 PDT,1756890000,101.67,101.72,,,0,,99,16.7,16.9,,,19300,3,,0,,,17.5,16.9,0
2025-09-03 01:00:00 PDT,1756886400,101.66,101.71,E,9,4,,95,16.5,17.4,,,19300,3,,0,,,18.4,16.6,0
2025-09-03 00:00:00 PDT,1756882800,101.64,101.69,ENE,6,7,,92,17,18.3,,,24100,2.8,,0,,,18.5,17.6,0
2025-09-02 23:00:00 PDT,1756879200,101.65,101.7,E,9,8,,94,16.9,17.9,,,24100,3,,1,,,19,17.9,0
2025-09-02 22:00:00 PDT,1756875600,101.65,101.7,ENE,6,7,,89,16.8,18.6,,,24100,3,,1,,,19.5,18.4,0
2025-09-02 21:00:00 PDT,1756872000,101.59,101.64,ESE,10,7,,88,16.7,18.7,,,19300,3.1,,1,,,19.4,18.3,0
2025-09-02 20:00:00 PDT,1756868400,101.52,101.57,S,17,10,,91,17.8,19.3,,,19300,3.4,,1,,,20,18.9,0
2025-09-02 19:00:00 PDT,1756864800,101.5,101.55,SSW,21,9,,88,18,20,,26,16100,3.6,,1,,,20.6,20,0
2025-09-02 18:00:00 PDT,1756861200,101.51,101.56,SW,22,7,,86,18.2,20.5,,27,24100,3.5,,3,,,21.3,20.5,0
2025-09-02 17:00:00 PDT,1756857600,101.54,101.59,W,27,11,,83,18.1,21,,27,24100,4,,3,,,21.3,20.4,0
2025-09-02 16:00:00 PDT,1756854000,101.6,101.65,WSW,24,12,,82,17.4,20.5,,26,16100,3,,3,,,20.9,20.4,0
2025-09-02 15:00:00 PDT,1756850400,101.65,101.7,W,26,13,,80,17.5,20.9,,27,16100,3,,0,,,21.2,20.1,0
2025-09-02 14:00:00 PDT,1756846800,101.73,101.78,WSW,25,12,,81,16.9,20.3,,26,24100,2.4,,0,,,20.6,19.7,0
2025-09-02 13:00:00 PDT,1756843200,101.78,101.83,WSW,25,12,,81,16.4,19.7,,,16100,2.3,,2,,,20.4,19.4,0
2025-09-02 12:00:00 PDT,1756839600,101.84,101.89,WSW,25,12,,82,16.1,19.3,,,16100,2.2,,1,,,19.6,18.7,0
2025-09-02 11:00:00 PDT,1756836000,101.88,101.93,SW,23,11,,84,16.1,18.8,,,16100,2,,2,,,19,18.1,0
2025-09-02 10:00:00 PDT,1756832400,101.91,101.96,SW,21,7,,85,15.7,18.2,,,16100,2,,5,,,18.4,17.2,0
2025-09-02 09:00:00 PDT,1756828800,101.91,101.96,S,17,4,,89,15.3,17.1,,,24100,2,,8,,,17.4,16.9,0
2025-09-02 08:00:00 PDT,1756825200,101.89,101.94,ESE,11,5,,90,15.3,16.9,,,24100,1.7,,3,,,16.9,15.2,0
2025-09-02 07:00:00 PDT,1756821600,101.87,101.92,ESE,10,6,,97,14.7,15.2,,,24100,1.7,,3,,,15.2,14.7,0
2025-09-02 06:00:00 PDT,1756818000,101.85,101.9,ESE,12,10,,97,14.5,15,,,24100,1.7,,2,,,16.1,14.5,0
2025-09-02 05:00:00 PDT,1756814400,101.82,101.87,SE,13,10,,97,15,15.5,,,32200,1.7,,2,,,16.6,15.1,0
2025-09-02 04:00:00 PDT,1756810800,101.81,101.86,ENE,7,8,,95,14.7,15.5,,,32200,1.7,,5,,,16.3,15.2,0
2025-09-02 03:00:00 PDT,1756807200,101.79,101.84,ENE,7,10,,92,15,16.3,,,32200,1.7,,1,,,16.3,15.6,0
2025-09-02 02:00:00 PDT,1756803600,101.79,101.84,ESE,10,7,,94,14.9,15.9,,,32200,1.8,,0,,,16.1,15.2,0
2025-09-02 01:00:00 PDT,1756800000,101.75,101.8,E,9,10,,94,14.6,15.6,,,32200,1.9,,0,,,16.4,15.6,0
2025-09-02 00:00:00 PDT,1756796400,101.75,101.8,SE,13,8,,93,15.2,16.3,,,32200,2,,1,,,17,15.5,0
2025-09-01 23:00:00 PDT,1756792800,101.74,101.79,ESE,10,12,,90,14.8,16.5,,,32200,2.1,,1,,,17.1,16.3,0
2025-09-01 22:00:00 PDT,1756789200,101.73,101.78,E,9,15,,90,15.2,16.8,,,32200,2.3,,1,,,17.3,16.7,0
2025-09-01 21:00:00 PDT,1756785600,101.72,101.77,E,9,16,,87,14.9,17,,,32200,2.5,,2,,,18.2,16.9,0
2025-09-01 20:00:00 PDT,1756782000,101.66,101.71,SE,13,14,,80,14.9,18.3,,,32200,2.6,,1,,,20,18.2,0
2025-09-01 19:00:00 PDT,1756778400,101.6,101.65,SE,13,15,,76,15.7,20.1,,25,32200,2.7,,4,,,21.6,20.1,0
2025-09-01 18:00:00 PDT,1756774800,101.58,101.63,SSE,16,10,,74,16.6,21.5,,27,40200,2.6,,5,,,21.6,20.8,0
2025-09-01 17:00:00 PDT,1756771200,101.59,101.64,SSW,20,16,30,73,16.4,21.4,,26,40200,2.5,,3,,,21.6,21,0
2025-09-01 16:00:00 PDT,1756767600,101.61,101.66,SSW,21,14,30,76,17.1,21.4,,27,40200,2.3,,4,,,21.4,20.6,0
2025-09-01 15:00:00 PDT,1756764000,101.65,101.7,SSW,20,17,,73,16.4,21.2,,26,32200,2.1,,5,,,21.8,20.5,0
2025-09-01 14:00:00 PDT,1756760400,101.68,101.73,SSE,16,9,,71,15.8,21.3,,26,32200,2,,4,,,21.7,20.1,0
2025-09-01 13:00:00 PDT,1756756800,101.72,101.77,SSW,20,15,,81,16.8,20.1,,25,32200,1.8,,7,,,20.1,19.1,0
2025-09-01 12:00:00 PDT,1756753200,101.77,101.82,SE,13,8,,82,16.2,19.3,,,24100,2,,7,,,19.5,18.1,0
2025-09-01 11:00:00 PDT,1756749600,101.8,101.85,ESE,12,13,,86,15.8,18.1,,,24100,1.7,,8,,,18.2,17.6,0
2025-09-01 10:00:00 PDT,1756746000,101.78,101.83,SE,14,8,,88,16.2,18.2,,,16100,1.7,,7,,,18.2,16.8,0
2025-09-01 09:00:00 PDT,1756742400,101.77,101.82,ESE,12,9,,90,15.7,17.3,,,24100,1.7,,8,,,17.3,16.2,0
2025-09-01 08:00:00 PDT,1756738800,101.75,101.8,SE,13,11,,92,15,16.2,,,40200,1.8,,8,,,16.3,15.8,0
2025-09-01 07:00:00 PDT,1756735200,101.72,101.77,SE,14,10,,94,14.9,15.8,,,40200,2,,5,,,16,15.3,0
2025-09-01 06:00:00 PDT,1756731600,101.68,101.73,SE,14,9,,94,14.3,15.3,,,24100,2.1,,4,,,16.3,15.2,0
2025-09-01 05:00:00 PDT,1756728000,101.67,101.72,E,9,15,,88,14.3,16.2,,,24100,2.2,,2,,,17.4,16.1,0
2025-09-01 04:00:00 PDT,1756724400,101.66,101.71,ESE,11,25,,86,15.1,17.4,,,24100,2.4,,3,,,18.1,17.3,0
2025-09-01 03:00:00 PDT,1756720800,101.59,101.64,E,8,15,,89,15.7,17.5,,,24100,2.4,,4,,,18,17.4,0
2025-09-01 02:00:00 PDT,1756717200,101.58,101.63,E,9,21,,90,16.2,17.8,,,24100,2.4,,7,,,18.8,17.7,0
2025-09-01 01:00:00 PDT,1756713600,101.54,101.59,E,8,15,,85,16.4,18.8,,,24100,2.4,,6,,,19.4,18.8,0
2025-09-01 00:00:00 PDT,1756710000,101.54,101.59,E,8,16,,84,16.4,19.2,,,24100,2.5,,6,,,19.4,18.7,0
2025-08-31 23:00:00 PDT,1756706400,101.52,101.57,E,9,16,,83,16,18.8,,,24100,2.6,,6,,,19,18.4,0
2025-08-31 22:00:00 PDT,1756702800,101.5,101.55,E,8,18,,84,16.2,18.8,,,24100,2.5,,7,,,19.5,18.1,0
2025-08-31 21:00:00 PDT,1756699200,101.47,101.52,E,9,15,,88,16.9,18.9,,,32200,2.3,,6,,,20.6,18.9,0
2025-08-31 20:00:00 PDT,1756695600,101.42,101.47,ESE,12,11,,85,17.5,20,,26,32200,2.4,,6,,,20.2,19.2,0
2025-08-31 19:00:00 PDT,1756692000,101.38,101.43,SSW,20,7,,91,18.2,19.8,,,32200,2.7,,6,,,20.3,19.8,0
2025-08-31 18:00:00 PDT,1756688400,101.37,101.42,SSW,21,11,,89,18,19.9,,,32200,2.9,,8,,,21.6,19.9,0
2025-08-31 17:00:00 PDT,1756684800,101.37,101.42,SW,22,18,,84,18.8,21.6,,28,32200,3,,7,,,23.9,20.8,0
2025-08-31 16:00:00 PDT,1756681200,101.42,101.47,W,27,13,,76,18.6,23,,29,32200,3,,8,,,23.8,21,0
2025-08-31 15:00:00 PDT,1756677600,101.5,101.55,NW,30,17,,84,18.4,21.2,,28,32200,2.9,,8,,,22.3,20.7,0
2025-08-31 14:00:00 PDT,1756674000,101.54,101.59,WNW,28,21,,86,18.6,21,,27,32200,3,,8,,,21,19.3,0
2025-08-31 13:00:00 PDT,1756670400,101.58,101.63,NW,31,13,,91,17.9,19.4,,,32200,3,,8,,,21.6,19.4,0
2025-08-31 12:00:00 PDT,1756666800,101.58,101.63,WNW,30,24,,83,17.7,20.6,,26,32200,3,,6,,,21.1,20.3,0
2025-08-31 11:00:00 PDT,1756663200,101.58,101.63,NW,31,29,,85,18,20.5,,27,32200,3,,6,,,21.1,19.6,0
2025-08-31 10:00:00 PDT,1756659600,101.67,101.72,W,27,18,27,90,18.8,20.3,,27,24100,2,,7,,,20.4,18.4,0
2025-08-31 09:00:00 PDT,1756656000,101.65,101.7,WNW,29,17,,96,17.8,18.4,,,32200,2,,7,,,19.6,17.4,0
2025-08-31 08:00:00 PDT,1756652400,101.66,101.71,WSW,25,9,,98,17,17.4,,,32200,2,,4,,,17.7,15.5,0
2025-08-31 07:00:00 PDT,1756648800,101.66,101.71,N,0,5,,98,16.1,16.4,,,32200,2,,4,,,16.4,14.3,0
2025-08-31 06:00:00 PDT,1756645200,101.66,101.71,N,1,7,,96,14.3,15,,,24100,1.9,,4,,,15.6,14.3,0
2025-08-31 05:00:00 PDT,1756641600,101.69,101.74,NE,5,5,,96,14.3,14.9,,,24100,2,,3,,,15.6,14.8,0
2025-08-31 04:00:00 PDT,1756638000,101.69,101.74,S,18,7,,99,15.2,15.4,,,24100,2.1,,6,,,15.7,14.4,0
2025-08-31 03:00:00 PDT,1756634400,101.69,101.74,N,1,4,,97,14.8,15.2,,,24100,2.1,,6,,,16.6,14.5,0
2025-08-31 02:00:00 PDT,1756630800,101.73,101.78,E,9,7,,93,15,16.1,,,24100,2.2,,6,,,16.4,15.6,0
2025-08-31 01:00:00 PDT,1756627200,101.73,101.78,ESE,11,5,,94,15.3,16.3,,,24100,2.3,,3,,,16.9,15.5,0
2025-08-31 00:00:00 PDT,1756623600,101.73,101.78,SE,13,4,,91,15.2,16.7,,,24100,2.3,,3,,,17.4,16.1,0
2025-08-30 23:00:00 PDT,1756620000,101.72,101.77,WSW,24,4,,93,16,17.1,,,24100,2.4,,4,,,17.7,16.4,0
2025-08-30 22:00:00 PDT,1756616400,101.74,101.79,NNW,33,6,,92,15.4,16.6,,,24100,2.7,,4,,,18.4,16.6,0
2025-08-30 21:00:00 PDT,1756612800,101.71,101.76,,,0,,88,15.9,17.8,,,24100,2.9,,6,,,18.9,17.6,0
2025-08-30 20:00:00 PDT,1756609200,101.67,101.72,SSW,19,6,,82,15.7,18.7,,,32200,3.1,,6,,,19.4,18.7,0
2025-08-30 19:00:00 PDT,1756605600,101.64,101.69,SW,22,10,,82,16.3,19.4,,,32200,3.2,,8,,,20.6,19.3,0
2025-08-30 18:00:00 PDT,1756602000,101.69,101.74,WNW,29,7,,80,16.6,20.2,,25,32200,3.2,,8,,,20.4,18.9,0
2025-08-30 17:00:00 PDT,1756598400,101.79,101.84,SW,21,12,,80,15.7,19.1,,,32200,3.1,,7,,,19.1,19.1,0
2025-08-30 16:00:00 PDT,1756594800,101.83,101.88,SW,23,13,,79,15.3,19.1,,,32200,3,,7,,,19.8,19.1,0
2025-08-30 15:00:00 PDT,1756591200,101.83,101.88,WSW,24,16,,76,15.3,19.6,,,32200,2.6,,7,,,20.4,19.6,0
2025-08-30 14:00:00 PDT,1756587600,101.84,101.89,SW,22,13,,77,15.8,19.9,,,24100,2.3,,5,,,19.9,19.5,0
2025-08-30 13:00:00 PDT,1756584000,101.89,101.94,SW,22,13,27,75,15.3,19.9,,,32200,2.1,,5,,,20.5,19.4,0
2025-08-30 12:00:00 PDT,1756580400,101.96,102.01,SW,22,14,,78,16.3,20.2,,25,32200,2,,4,,,20.8,19.7,0
2025-08-30 11:00:00 PDT,1756576800,101.96,102.01,SSE,15,12,,74,15.3,20,,,32200,2,,6,,,20.1,18.6,0
2025-08-30 10:00:00 PDT,1756573200,101.96,102.01,ESE,12,20,,80,15.5,18.9,,,32200,2,,7,,,18.9,17.6,0
2025-08-30 09:00:00 PDT,1756569600,101.96,102.01,ESE,12,17,,84,15.2,17.9,,,32200,1.7,,7,,,18.1,16.9,0
2025-08-30 08:00:00 PDT,1756566000,101.95,102,E,10,17,,89,15.1,16.9,,,32200,1.6,,4,,,16.9,15.7,0
2025-08-30 07:00:00 PDT,1756562400,101.93,101.98,E,9,16,,95,14.8,15.6,,,32200,1.6,,7,,,16.3,15.5,0
2025-08-30 06:00:00 PDT,1756558800,101.87,101.92,ESE,10,17,,92,14.9,16.2,,,24100,1.6,,7,,,16.2,15.4,0
2025-08-30 05:00:00 PDT,1756555200,101.87,101.92,E,9,17,,94,14.4,15.3,,,24100,1.6,,3,,,16,15.3,0
2025-08-30 04:00:00 PDT,1756551600,101.86,101.91,ESE,10,19,,92,14.6,15.9,,,24100,2,,3,,,16.1,15.7,0
2025-08-30 03:00:00 PDT,1756548000,101.83,101.88,ESE,10,20,,92,14.8,16.1,,,24100,2,,3,,,16.8,15.9,0
2025-08-30 02:00:00 PDT,1756544400,101.81,101.86,E,10,22,,88,14.9,16.8,,,24100,2,,2,,,17.3,16.4,0
2025-08-30 01:00:00 PDT,1756540800,101.77,101.82,ESE,10,23,,87,15.2,17.3,,,24100,2,,2,,,17.6,17.2,0
2025-08-30 00:00:00 PDT,1756537200,101.76,101.81,E,9,16,,86,15.1,17.4,,,24100,2,,2,,,17.9,17.3,0
2025-08-29 23:00:00 PDT,1756533600,101.74,101.79,ESE,10,18,,87,15.7,17.9,,,32200,2.1,,5,,,18,17.5,0
2025-08-29 22:00:00 PDT,1756530000,101.7,101.75,E,9,18,,87,15.4,17.6,,,32200,2.2,,4,,,18.1,17.4,0
2025-08-29 21:00:00 PDT,1756526400,101.7,101.75,ESE,10,25,,84,15.4,18.1,,,24100,2.6,,1,,,19.2,18.1,0
2025-08-29 20:00:00 PDT,1756522800,101.65,101.7,E,9,17,,78,15.3,19.3,,,24100,3,,1,,,21.9,19.3,0
2025-08-29 19:00:00 PDT,1756519200,101.61,101.66,SE,13,17,,69,16.1,21.9,,27,24100,3.4,,2,,,24.8,21.9,0
2025-08-29 18:00:00 PDT,1756515600,101.59,101.64,SE,14,16,,62,17.3,24.9,,30,32200,3.7,,4,,,25.5,23.2,0
2025-08-29 17:00:00 PDT,1756512000,101.59,101.64,SW,21,14,28,78,19.3,23.2,,30,32200,3.8,,4,,,24.2,22.3,0
2025-08-29 16:00:00 PDT,1756508400,101.6,101.65,WNW,29,7,,73,18.7,23.8,,30,32200,3.7,,4,,,23.9,21.2,0
2025-08-29 15:00:00 PDT,1756504800,101.64,101.69,SW,22,11,,85,18.6,21.1,,28,32200,3.6,,5,,,22.4,21,0
2025-08-29 14:00:00 PDT,1756501200,101.68,101.73,SW,23,13,,81,18.8,22.1,,29,32200,3.4,,4,,,22.1,21.2,0
2025-08-29 13:00:00 PDT,1756497600,101.73,101.78,SW,22,13,,84,18.6,21.4,,28,32200,3.1,,5,,,21.8,20.9,0
2025-08-29 12:00:00 PDT,1756494000,101.75,101.8,SW,22,16,,83,18.3,21.2,,27,32200,3,,3,,,21.2,20.6,0
2025-08-29 11:00:00 PDT,1756490400,101.77,101.82,SW,22,12,,86,18.4,20.8,,27,32200,3,,3,,,21.1,20.4,0
2025-08-29 10:00:00 PDT,1756486800,101.75,101.8,SW,22,10,,84,18.2,21,,27,32200,3,,4,,,21.1,20.1,0
2025-08-29 09:00:00 PDT,1756483200,101.7,101.75,SSW,20,7,,86,17.9,20.3,,26,24100,3,,3,,,20.3,18.8,0
2025-08-29 08:00:00 PDT,1756479600,101.67,101.72,S,18,5,,93,17.7,18.9,,,32200,2,,4,,,18.9,17.5,0
2025-08-29 07:00:00 PDT,1756476000,101.63,101.68,SW,21,4,,96,16.9,17.5,,,32200,2,,5,,,17.9,16.4,0
2025-08-29 06:00:00 PDT,1756472400,101.58,101.63,SE,13,4,,93,16.6,17.7,,,32200,2,,7,,,18,16.9,0
2025-08-29 05:00:00 PDT,1756468800,101.57,101.62,SSE,16,4,,97,16.9,17.4,,,32200,2.1,,5,,,17.9,17.2,0
2025-08-29 04:00:00 PDT,1756465200,101.56,101.61,SW,22,3,,95,16.8,17.6,,,32200,2.3,,6,,,18.6,17.1,0
2025-08-29 03:00:00 PDT,1756461600,101.56,101.61,,,0,,88,16.4,18.5,,,32200,2.6,,8,,,19.2,17.6,0
2025-08-29 02:00:00 PDT,1756458000,101.55,101.6,SE,13,4,,86,16.4,18.7,,,32200,2.6,,8,,,19.3,18,0
2025-08-29 01:00:00 PDT,1756454400,101.56,101.61,E,8,3,,87,16.8,18.9,,,32200,2.7,,8,,,19.3,17.6,0
2025-08-29 00:00:00 PDT,1756450800,101.54,101.59,,,0,,82,16,19,,,32200,2.7,,8,,,19.8,18.6,0
2025-08-28 23:00:00 PDT,1756447200,101.56,101.61,ENE,7,5,,80,15.7,19.2,,,32200,2.8,,5,,,19.2,18.5,0
2025-08-28 22:00:00 PDT,1756443600,101.55,101.6,E,10,9,,85,16,18.6,,,32200,2.8,,2,,,19.8,18.3,0
2025-08-28 21:00:00 PDT,1756440000,101.57,101.62,SE,13,7,,98,18.6,18.9,,,32200,3,,3,,,19.9,18.3,0
2025-08-28 20:00:00 PDT,1756436400,101.55,101.6,NNW,33,7,,95,18.3,19.1,,,32200,3.1,,3,,,21.6,19,0
2025-08-28 19:00:00 PDT,1756432800,101.53,101.58,NNW,33,8,,89,19.6,21.6,,29,32200,3.1,,7,,,23.9,21.6,0
2025-08-28 18:00:00 PDT,1756429200,101.57,101.62,SW,21,8,,86,19.3,21.8,,29,32200,2.9,,8,,,23,21,0
2025-08-28 17:00:00 PDT,1756425600,101.58,101.63,SSW,21,9,,73,18.2,23.2,,29,32200,2.6,,7,,,23.8,22.7,0
2025-08-28 16:00:00 PDT,1756422000,101.65,101.7,SSE,15,6,,69,17.1,22.9,,28,32200,2.8,,7,,,22.9,20.9,0
2025-08-28 15:00:00 PDT,1756418400,101.69,101.74,SW,22,9,,72,16.4,21.5,,26,32200,3.1,,8,,,22.2,20.6,0
2025-08-28 14:00:00 PDT,1756414800,101.75,101.8,SSW,20,8,,76,16.6,20.9,,26,32200,3,,8,,,21.1,20.8,0
2025-08-28 13:00:00 PDT,1756411200,101.71,101.76,W,27,10,,81,17.8,21.2,,27,32200,2.7,,8,,,21.2,20.2,0
2025-08-28 12:00:00 PDT,1756407600,101.76,101.81,W,28,7,,79,16.9,20.6,,26,32200,2.4,,7,,,21,19.1,0
2025-08-28 11:00:00 PDT,1756404000,101.75,101.8,SW,21,9,,89,17.4,19.2,,,32200,2.3,,8,,,19.3,18.6,0
2025-08-28 10:00:00 PDT,1756400400,101.76,101.81,S,18,8,,92,17.3,18.7,,,32200,2.2,,8,,,19,18.6,0
2025-08-28 09:00:00 PDT,1756396800,101.74,101.79,WNW,29,9,,84,16.4,19.1,,,32200,2.1,,8,,,19.3,18.8,0
2025-08-28 08:00:00 PDT,1756393200,101.73,101.78,,,0,,83,15.9,18.8,,,32200,2,,8,,,18.8,18.1,0
2025-08-28 07:00:00 PDT,1756389600,101.7,101.75,SE,13,7,,86,15.9,18.3,,,32200,2.1,,7,,,18.8,17.9,0
2025-08-28 06:00:00 PDT,1756386000,101.69,101.74,ESE,12,4,,84,15.4,18.2,,,32200,2.3,,7,,,18.6,17.8,0
2025-08-28 05:00:00 PDT,1756382400,101.69,101.74,E,9,13,,83,15.7,18.5,,,32200,2.5,,8,,,18.8,18.3,0
2025-08-28 04:00:00 PDT,1756378800,101.66,101.71,E,9,11,,84,15.9,18.7,,,32200,2.8,,8,,,19.5,18.6,0
2025-08-28 03:00:00 PDT,1756375200,101.62,101.67,ESE,10,16,,81,16.1,19.3,,,32200,2.9,,8,,,20.4,19,0
2025-08-28 02:00:00 PDT,1756371600,101.56,101.61,SE,12,7,,75,15.4,19.8,,,32200,2.9,,8,,,20.2,19.4,0
2025-08-28 01:00:00 PDT,1756368000,101.57,101.62,ESE,10,11,,77,15.8,19.9,,,32200,3,,8,,,20.9,19.9,0
2025-08-28 00:00:00 PDT,1756364400,101.53,101.58,SE,12,13,,71,15.6,20.9,,25,32200,3.1,,7,,,21.1,20.1,0
2025-08-27 23:00:00 PDT,1756360800,101.52,101.57,E,9,13,,73,15.2,20.1,,,32200,3.2,,5,,,20.3,19.6,0
2025-08-27 22:00:00 PDT,1756357200,101.52,101.57,E,9,11,,75,15.2,19.8,,,32200,3.4,,2,,,20.4,19.8,0
2025-08-27 21:00:00 PDT,1756353600,101.49,101.54,E,9,17,,75,15.7,20.3,,25,32200,3.4,,2,,,22.8,20.2,0
2025-08-27 20:00:00 PDT,1756350000,101.43,101.48,ESE,11,7,,62,15.3,22.8,,27,32200,3.3,,3,,,23.3,22.7,0
2025-08-27 19:00:00 PDT,1756346400,101.4,101.45,SE,13,15,,62,15.8,23.3,,28,32200,3.4,,3,,,26.1,23.3,0
2025-08-27 18:00:00 PDT,1756342800,101.4,101.45,SSE,14,16,,54,16.2,25.9,,31,48300,3.4,,3,,,26.3,25.1,0
2025-08-27 17:00:00 PDT,1756339200,101.39,101.44,SSE,15,8,,50,15.3,26.2,,30,48300,3.3,,4,,,26.3,25.6,0
2025-08-27 16:00:00 PDT,1756335600,101.4,101.45,SE,14,7,,53,15.9,26,,31,48300,3.3,,4,,,26,23.4,0
2025-08-27 15:00:00 PDT,1756332000,101.43,101.48,SSW,20,16,,71,18.1,23.5,,30,48300,3.2,,6,,,23.5,21.8,0
2025-08-27 14:00:00 PDT,1756328400,101.45,101.5,SSW,21,21,37,78,17.9,21.9,,28,48300,3.1,,6,,,22.3,20.9,0
2025-08-27 13:00:00 PDT,1756324800,101.43,101.48,SW,22,19,,87,18.7,20.9,,27,48300,3,,7,,,21.4,20.1,0
2025-08-27 12:00:00 PDT,1756321200,101.43,101.48,SW,21,16,,89,18.3,20.1,,26,48300,2.9,,8,,,23.1,20.1,0
2025-08-27 11:00:00 PDT,1756317600,101.43,101.48,SSW,19,10,,86,18.7,21.1,,28,48300,2.7,,7,,,21.3,19.7,0
2025-08-27 10:00:00 PDT,1756314000,101.42,101.47,S,18,9,,88,17.9,20,,26,48300,2.5,,6,,,20.1,19.5,0
2025-08-27 09:00:00 PDT,1756310400,101.37,101.42,SW,22,8,,87,17.3,19.6,,,40200,2.4,,6,,,19.6,17.9,0
2025-08-27 08:00:00 PDT,1756306800,101.33,101.38,S,16,6,,92,16.4,17.7,,,40200,2.3,,5,,,17.8,16.3,0
2025-08-27 07:00:00 PDT,1756303200,101.29,101.34,,,0,,97,16.4,16.9,,,32200,2.2,,4,,,16.9,15.7,0
2025-08-27 06:00:00 PDT,1756299600,101.24,101.29,,,0,,97,15.9,16.4,,,32200,2.1,,3,,,16.8,16.1,0
2025-08-27 05:00:00 PDT,1756296000,101.2,101.25,,,0,,99,16.4,16.6,,,32200,2.1,,1,,,16.8,14.9,0
2025-08-27 04:00:00 PDT,1756292400,101.2,101.25,,,0,,100,15.8,15.8,,,32200,2.4,,1,,,16.9,14.7,0
2025-08-27 03:00:00 PDT,1756288800,101.19,101.24,NNW,33,4,,95,15.2,16,,,32200,2.6,,1,,,17.7,15.6,0
2025-08-27 02:00:00 PDT,1756285200,101.19,101.24,ESE,11,8,,92,15.9,17.2,,,32200,2.6,,1,,,18.3,17.2,0
2025-08-27 01:00:00 PDT,1756281600,101.19,101.24,E,10,12,,89,15.7,17.6,,,32200,2.6,,1,,,19.2,17.6,0
2025-08-27 00:00:00 PDT,1756278000,101.16,101.21,E,8,15,,88,17.3,19.2,,,32200,2.6,,1,,,19.5,18.2,0
2025-08-26 23:00:00 PDT,1756274400,101.14,101.19,NNE,1,3,,81,16.2,19.5,,,32200,2.6,,1,,,20.3,18.5,0
2025-08-26 22:00:00 PDT,1756270800,101.1,101.15,SE,13,9,,82,15.8,18.9,,,32200,2.7,,0,,,20.8,18.8,0
2025-08-26 21:00:00 PDT,1756267200,101.04,101.09,S,17,6,,72,15.8,20.9,,25,32200,2.9,,1,,,21.1,19.9,0
2025-08-26 20:00:00 PDT,1756263600,101,101.05,S,18,7,,81,17,20.3,,26,32200,3.1,,1,,,21.6,20.2,0
2025-08-26 19:00:00 PDT,1756260000,101,101.05,SW,22,8,,76,17,21.4,,27,32200,3.3,,1,,,22.9,21.4,0
2025-08-26 18:00:00 PDT,1756256400,101.04,101.09,W,26,9,,68,16.7,22.9,,28,32200,3.6,,1,,,23.4,22.2,0
2025-08-26 17:00:00 PDT,1756252800,101.09,101.14,WSW,23,10,,74,18.2,22.9,,29,32200,3.8,,1,,,24.2,22.9,0
2025-08-26 16:00:00 PDT,1756249200,101.15,101.2,WNW,29,12,,71,18.5,24,,30,32200,3.9,,1,,,24.2,23.3,0
2025-08-26 15:00:00 PDT,1756245600,101.22,101.27,W,27,16,,71,18,23.5,,30,32200,3.8,,1,,,23.5,22.3,0
2025-08-26 14:00:00 PDT,1756242000,101.26,101.31,WNW,29,16,,76,18.1,22.4,,28,32200,3.7,,1,,,22.8,22,0
2025-08-26 13:00:00 PDT,1756238400,101.3,101.35,WNW,28,17,,79,18.4,22.2,,29,32200,3.6,,1,,,22.2,21.6,0
2025-08-26 12:00:00 PDT,1756234800,101.34,101.39,WNW,29,19,,75,17.3,21.9,,27,32200,3.2,,1,,,22.2,20.7,0
2025-08-26 11:00:00 PDT,1756231200,101.39,101.44,WNW,28,20,,85,18.2,20.8,,27,32200,2.8,,1,,,20.8,20,0
2025-08-26 10:00:00 PDT,1756227600,101.41,101.46,W,27,17,,84,17.2,19.9,,,32200,2.7,,1,,,20.3,19.8,0
2025-08-26 09:00:00 PDT,1756224000,101.41,101.46,WNW,29,17,,84,17.2,19.8,,,24100,2.5,,1,,,20,18.8,0
2025-08-26 08:00:00 PDT,1756220400,101.41,101.46,W,27,9,,92,17.4,18.7,,,32200,2.3,,1,,,18.8,16.1,0
2025-08-26 07:00:00 PDT,1756216800,101.39,101.44,W,27,10,,97,15.7,16.1,,,32200,2.2,,1,,,17.8,15.7,0
2025-08-26 06:00:00 PDT,1756213200,101.37,101.42,,,0,,92,15.2,16.4,,,32200,2.3,,1,,,17.1,15.3,0
2025-08-26 05:00:00 PDT,1756209600,101.37,101.42,NW,31,3,,95,14.7,15.4,,,32200,2.4,,0,,,16,14.6,0
2025-08-26 04:00:00 PDT,1756206000,101.38,101.43,N,35,4,,91,14.7,16.1,,,32200,2.5,,1,,,17.2,14.8,0
2025-08-26 03:00:00 PDT,1756202400,101.37,101.42,N,36,4,,91,14.3,15.7,,,32200,2.7,,1,,,17.6,14.8,0
2025-08-26 02:00:00 PDT,1756198800,101.37,101.42,ENE,7,5,,80,13.2,16.6,,,32200,2.7,,0,,,18.1,16.4,0
2025-08-26 01:00:00 PDT,1756195200,101.35,101.4,E,9,10,,89,15.6,17.5,,,32200,2.7,,0,,,18.4,16.3,0
2025-08-26 00:00:00 PDT,1756191600,101.31,101.36,N,0,5,,90,14.5,16,,,32200,2.6,,0,,,19.5,15.9,0
2025-08-25 23:00:00 PDT,1756188000,101.26,101.31,ENE,6,5,,80,14.9,18.3,,,32200,2.6,,0,,,20.4,18.3,0
2025-08-25 22:00:00 PDT,1756184400,101.25,101.3,SE,13,8,,78,15.9,19.7,,,32200,2.9,,0,,,20.2,18.9,0
2025-08-25 21:00:00 PDT,1756180800,101.23,101.28,S,17,4,,86,16.9,19.1,,,32200,3.2,,0,,,20.1,19.1,0
2025-08-25 20:00:00 PDT,1756177200,101.17,101.22,SSW,20,8,,80,16.5,20,,25,48300,3.5,,2,,,20.8,20,0
2025-08-25 19:00:00 PDT,1756173600,101.16,101.21,SSW,21,9,,80,17.4,20.8,,26,48300,3.7,,1,,,22.3,20.8,0
2025-08-25 18:00:00 PDT,1756170000,101.18,101.23,W,25,8,,71,16.6,22,,27,48300,3.9,,1,,,23.2,21.5,0
2025-08-25 17:00:00 PDT,1756166400,101.21,101.26,W,27,13,,66,16.6,23.2,,28,48300,3.8,,0,,,23.8,22.9,0
2025-08-25 16:00:00 PDT,1756162800,101.26,101.31,WNW,29,14,,67,17.1,23.5,,29,48300,3.6,,1,,,23.8,23.2,0
2025-08-25 15:00:00 PDT,1756159200,101.31,101.36,WNW,29,15,,70,17.6,23.3,,29,48300,3.4,,1,,,23.9,23.1,0
2025-08-25 14:00:00 PDT,1756155600,101.36,101.41,WNW,29,17,,70,17.9,23.6,,30,48300,3.3,,0,,,23.6,21.5,0
2025-08-25 13:00:00 PDT,1756152000,101.39,101.44,NW,30,19,,76,17.4,21.7,,27,48300,3,,0,,,22.2,21,0
2025-08-25 12:00:00 PDT,1756148400,101.43,101.48,WNW,29,21,,79,17.4,21.2,,27,48300,2.6,,0,,,21.5,20.7,0
2025-08-25 11:00:00 PDT,1756144800,101.43,101.48,WNW,30,22,,81,17.3,20.7,,26,48300,2.5,,0,,,20.9,19.9,0
2025-08-25 10:00:00 PDT,1756141200,101.43,101.48,WNW,28,22,,83,16.9,19.9,,,48300,2.3,,0,,,20,19,0
2025-08-25 09:00:00 PDT,1756137600,101.41,101.46,WNW,29,20,,88,17,19.1,,,48300,2,,0,,,19.1,18.3,0
2025-08-25 08:00:00 PDT,1756134000,101.4,101.45,WNW,29,17,,92,16.9,18.3,,,48300,2,,0,,,18.3,16.9,0
2025-08-25 07:00:00 PDT,1756130400,101.37,101.42,WNW,30,10,,98,16.5,16.8,,,48300,2,,0,,,16.8,16.2,0
2025-08-25 06:00:00 PDT,1756126800,101.34,101.39,WNW,29,13,,99,16.2,16.4,,,32200,2,,0,,,16.4,14.6,0
2025-08-25 05:00:00 PDT,1756123200,101.32,101.37,NW,31,10,,100,14.8,14.9,,,32200,2,,0,,,15.6,14.2,0
2025-08-25 04:00:00 PDT,1756119600,101.32,101.37,,,0,,91,14.5,15.9,,,32200,2,,0,,,17.6,15.4,0
2025-08-25 03:00:00 PDT,1756116000,101.3,101.35,,,0,,89,15.1,16.9,,,32200,2.1,,0,,,18.3,16,0
2025-08-25 02:00:00 PDT,1756112400,101.27,101.32,NNW,34,9,,87,14.5,16.6,,,32200,2.1,,0,,,18.6,16.4,0
2025-08-25 01:00:00 PDT,1756108800,101.25,101.3,E,10,9,,83,15,17.8,,,32200,2.2,,0,,,19.6,17.3,0
2025-08-25 00:00:00 PDT,1756105200,101.25,101.3,SSE,14,4,,82,16.7,19.8,,,32200,2.3,,0,,,21.1,19.5,0
2025-08-24 23:00:00 PDT,1756101600,101.21,101.26,SE,14,5,,69,14.3,20,,,32200,2.3,,0,,,21.7,19.3,0
2025-08-24 22:00:00 PDT,1756098000,101.17,101.22,SSW,20,6,,65,14.2,21.1,,25,32200,2.3,,0,,,21.6,19.5,0
2025-08-24 21:00:00 PDT,1756094400,101.15,101.2,SW,23,10,,69,15.3,21,,25,32200,2.5,,0,,,21.2,19.4,0
2025-08-24 20:00:00 PDT,1756090800,101.12,101.17,SW,21,10,,76,16,20.2,,25,32200,2.8,,0,,,22,20.2,0
2025-08-24 19:00:00 PDT,1756087200,101.1,101.15,WNW,28,12,,66,15.4,22,,26,32200,3.2,,1,,,23.1,21.9,0
2025-08-24 18:00:00 PDT,1756083600,101.11,101.16,WNW,28,13,,64,16.1,23,,28,32200,3.7,,0,,,23.3,22.8,0
2025-08-24 17:00:00 PDT,1756080000,101.15,101.2,NW,30,16,,66,16.6,23.2,,28,32200,4.1,,0,,,23.6,22.9,0
2025-08-24 16:00:00 PDT,1756076400,101.2,101.25,NW,30,18,,66,16.8,23.3,,28,32200,4.3,,0,,,23.8,23.1,0
2025-08-24 15:00:00 PDT,1756072800,101.25,101.3,NW,30,23,,65,16.7,23.4,,28,32200,4.3,,0,,,24.3,23.1,0
2025-08-24 14:00:00 PDT,1756069200,101.31,101.36,WNW,29,21,,70,17.3,23,,28,32200,4.1,,0,,,23.6,22.8,0
2025-08-24 13:00:00 PDT,1756065600,101.35,101.4,WNW,29,22,,69,17.2,23.1,,29,32200,3.2,,0,,,23.2,21.6,0
2025-08-24 12:00:00 PDT,1756062000,101.38,101.43,WNW,29,25,,73,16.6,21.7,,27,24100,2.9,,1,,,22.2,20.7,0
2025-08-24 11:00:00 PDT,1756058400,101.42,101.47,WNW,30,25,,78,16.7,20.7,,26,32200,2.4,,1,,,20.9,19.9,0
2025-08-24 10:00:00 PDT,1756054800,101.41,101.46,NW,30,22,,81,16.6,20,,25,32200,2.2,,1,,,20.1,19.1,0
2025-08-24 09:00:00 PDT,1756051200,101.38,101.43,NW,30,20,30,88,17.1,19.2,,,32200,2.1,,1,,,19.2,18.2,0
2025-08-24 08:00:00 PDT,1756047600,101.37,101.42,NW,31,18,,91,16.8,18.2,,,32200,2.1,,1,,,18.2,17,0
2025-08-24 07:00:00 PDT,1756044000,101.35,101.4,NW,30,15,,97,16.4,17,,,32200,2.1,,1,,,17,16.3,0
2025-08-24 06:00:00 PDT,1756040400,101.32,101.37,NW,31,14,,97,16,16.5,,,32200,2.1,,1,,,17,16.5,0
2025-08-24 05:00:00 PDT,1756036800,101.32,101.37,NW,30,15,,97,16.4,17,,,32200,2.1,,0,,,17,16.2,0
2025-08-24 04:00:00 PDT,1756033200,101.31,101.36,WNW,30,10,,97,16.2,16.6,,,32200,2.2,,0,,,17.1,16.1,0
2025-08-24 03:00:00 PDT,1756029600,101.3,101.35,NW,31,14,,94,16,17,,,32200,2.2,,0,,,17.5,15.7,0
2025-08-24 02:00:00 PDT,1756026000,101.27,101.32,WNW,30,9,,84,14.7,17.4,,,32200,2.3,,0,,,17.7,15.8,0
2025-08-24 01:00:00 PDT,1756022400,101.26,101.31,ENE,5,5,,76,13,17.2,,,32200,2.6,,0,,,18.7,15.1,0
2025-08-24 00:00:00 PDT,1756018800,101.24,101.29,N,35,4,,80,14.6,18.1,,,32200,2.8,,0,,,18.4,15.2,0
2025-08-23 23:00:00 PDT,1756015200,101.19,101.24,W,25,7,,92,17.2,18.5,,,32200,2.8,,0,,,19.1,16.8,0
2025-08-23 22:00:00 PDT,1756011600,101.17,101.22,NW,30,8,,95,16.1,16.8,,,32200,2.8,,0,,,19.3,16.4,0
2025-08-23 21:00:00 PDT,1756008000,101.17,101.22,NW,30,17,,80,15.5,19,,,32200,2.7,,1,,,19.8,18.7,0
2025-08-23 20:00:00 PDT,1756004400,101.15,101.2,NW,30,18,,78,15.6,19.6,,,32200,3,,1,,,21.1,19.5,0
2025-08-23 19:00:00 PDT,1756000800,101.16,101.21,WNW,29,18,,70,15.5,21.1,,25,32200,3.3,,1,,,22.1,21.1,0
2025-08-23 18:00:00 PDT,1755997200,101.2,101.25,WNW,29,18,,69,16.2,22.1,,27,32200,3.8,,2,,,22.9,22.1,0
2025-08-23 17:00:00 PDT,1755993600,101.25,101.3,WNW,29,19,,67,16.2,22.6,,27,32200,4,,1,,,23.7,22.6,0
2025-08-23 16:00:00 PDT,1755990000,101.3,101.35,WNW,30,21,,64,15.9,23.1,,28,32200,4,,1,,,23.7,23,0
2025-08-23 15:00:00 PDT,1755986400,101.38,101.43,NW,30,21,,64,16.1,23.3,,28,32200,3.7,,1,,,23.5,22.7,0
2025-08-23 14:00:00 PDT,1755982800,101.43,101.48,WNW,29,20,,70,17.5,23.3,,29,32200,3.4,,1,,,23.3,22,0
2025-08-23 13:00:00 PDT,1755979200,101.48,101.53,WNW,30,25,,71,16.7,22.2,,27,32200,2.9,,1,,,22.4,21.4,0
2025-08-23 12:00:00 PDT,1755975600,101.53,101.58,NW,30,26,,72,16.3,21.4,,26,32200,2.3,,1,,,21.8,20.7,0
2025-08-23 11:00:00 PDT,1755972000,101.56,101.61,WNW,29,24,,78,16.9,20.8,,26,32200,2.1,,1,,,20.9,20.2,0
2025-08-23 10:00:00 PDT,1755968400,101.59,101.64,WNW,30,23,,81,17.1,20.4,,26,32200,1.9,,1,,,20.4,18.9,0
2025-08-23 09:00:00 PDT,1755964800,101.59,101.64,NW,30,22,,87,16.7,19,,,32200,1.8,,0,,,19.1,18.4,0
2025-08-23 08:00:00 PDT,1755961200,101.58,101.63,NW,30,16,,91,16.9,18.4,,,32200,1.8,,0,,,18.4,17.2,0
2025-08-23 07:00:00 PDT,1755957600,101.57,101.62,WNW,29,21,,95,16.3,17.2,,,32200,1.8,,0,,,17.2,15.7,0
2025-08-23 06:00:00 PDT,1755954000,101.53,101.58,NW,30,10,,97,15.6,16.1,,,32200,1.7,,0,,,16.8,16.1,0
2025-08-23 05:00:00 PDT,1755950400,101.52,101.57,NW,31,14,,97,16.3,16.8,,,32200,1.8,,0,,,17,15.6,0
2025-08-23 04:00:00 PDT,1755946800,101.51,101.56,NW,31,7,,97,15.6,16.1,,,32200,2,,0,,,16.7,16.1,0
2025-08-23 03:00:00 PDT,1755943200,101.48,101.53,SW,22,4,,88,13.9,15.9,,,32200,2.1,,0,,,18,14.7,0
2025-08-23 02:00:00 PDT,1755939600,101.47,101.52,WNW,30,10,,88,15.2,17.1,,,32200,2.2,,0,,,17.4,14.7,0
2025-08-23 01:00:00 PDT,1755936000,101.45,101.5,NNW,34,6,,76,12.3,16.6,,,32200,2.4,,0,,,18,14.3,0
2025-08-23 00:00:00 PDT,1755932400,101.41,101.46,N,35,4,,93,15.9,17.1,,,32200,2.5,,0,,,18.5,16.7,0
2025-08-22 23:00:00 PDT,1755928800,101.41,101.46,WNW,30,8,,93,16.4,17.6,,,32200,2.5,,0,,,17.6,16.8,0
2025-08-22 22:00:00 PDT,1755925200,101.39,101.44,NW,30,10,,93,16.2,17.4,,,32200,2.5,,0,,,17.9,16.7,0
2025-08-22 21:00:00 PDT,1755921600,101.37,101.42,NW,31,10,,86,15.5,17.9,,,32200,2.6,,0,,,19.5,17.9,0
2025-08-22 20:00:00 PDT,1755918000,101.38,101.43,NW,30,18,,77,15.4,19.5,,,32200,2.7,,0,,,20.8,19.5,0
2025-08-22 19:00:00 PDT,1755914400,101.42,101.47,WNW,29,20,,70,15.2,20.7,,25,32200,3,,0,,,21.2,20.6,0
2025-08-22 18:00:00 PDT,1755910800,101.47,101.52,NW,30,18,,73,16.2,21.3,,26,32200,3.2,,0,,,22.2,21.2,0
2025-08-22 17:00:00 PDT,1755907200,101.52,101.57,NW,30,19,,68,16,22.1,,27,32200,3.2,,0,,,22.6,21.9,0
2025-08-22 16:00:00 PDT,1755903600,101.6,101.65,WNW,30,17,,70,16.4,22.1,,27,32200,3.1,,0,,,22.7,22,0
2025-08-22 15:00:00 PDT,1755900000,101.68,101.73,NW,30,23,,67,15.8,22.3,,27,32200,2.9,,0,,,22.8,22.1,0
2025-08-22 14:00:00 PDT,1755896400,101.73,101.78,WNW,29,21,,68,16.6,22.6,,28,32200,2.6,,0,,,22.7,21.5,0
2025-08-22 13:00:00 PDT,1755892800,101.77,101.82,NW,30,26,,70,15.7,21.4,,26,32200,2.3,,0,,,21.6,20.8,0
2025-08-22 12:00:00 PDT,1755889200,101.83,101.88,NW,31,23,,75,16.3,20.8,,26,32200,2.2,,0,,,21,20,0
2025-08-22 11:00:00 PDT,1755885600,101.87,101.92,NW,30,26,,77,15.9,20,,25,32200,2.1,,0,,,20.4,19.6,0
2025-08-22 10:00:00 PDT,1755882000,101.88,101.93,NW,31,23,,82,16.5,19.7,,,32200,2,,0,,,19.7,18.6,0
2025-08-22 09:00:00 PDT,1755878400,101.89,101.94,WNW,29,21,,86,16.4,18.7,,,32200,2,,0,,,18.7,17.7,0
2025-08-22 08:00:00 PDT,1755874800,101.87,101.92,WNW,29,21,,90,16.1,17.7,,,32200,1.4,,0,,,17.7,16.4,0
2025-08-22 07:00:00 PDT,1755871200,101.88,101.93,NW,30,16,,98,16,16.3,,,32200,1.4,,0,,,16.3,13.4,0
2025-08-22 06:00:00 PDT,1755867600,101.86,101.91,WNW,30,9,,100,13.5,13.5,,,32200,1.5,,0,,,14.6,12.1,0
2025-08-22 05:00:00 PDT,1755864000,101.85,101.9,NNW,33,4,,97,12.9,13.5,,,32200,1.6,,1,,,14.8,12.7,0
2025-08-22 04:00:00 PDT,1755860400,101.87,101.92,,,0,,91,12.8,14.2,,,32200,1.7,,1,,,15.3,13.1,0
2025-08-22 03:00:00 PDT,1755856800,101.87,101.92,,,0,,90,13.8,15.5,,,32200,1.8,,1,,,16.1,13.8,0
2025-08-22 02:00:00 PDT,1755853200,101.87,101.92,NW,32,5,,90,14.3,15.9,,,32200,1.9,,0,,,15.9,14,0
2025-08-22 01:00:00 PDT,1755849600,101.88,101.93,NNW,33,7,,92,13.6,14.8,,,32200,2,,1,,,16.6,14.3,0
2025-08-22 00:00:00 PDT,1755846000,101.87,101.92,NW,32,6,,91,13.7,15.2,,,32200,2.2,,2,,,16.8,14.4,0
2025-08-21 23:00:00 PDT,1755842400,101.87,101.92,NNW,33,10,,93,14.8,15.9,,,32200,2.3,,2,,,18.1,15.9,0
2025-08-21 22:00:00 PDT,1755838800,101.86,101.91,NW,31,20,,80,14.7,18.1,,,32200,2.3,,2,,,18.4,18,0
2025-08-21 21:00:00 PDT,1755835200,101.86,101.91,NW,31,20,,79,14.6,18.2,,,32200,2.1,,3,,,18.7,17.9,0
2025-08-21 20:00:00 PDT,1755831600,101.86,101.91,NW,31,21,,77,14.7,18.8,,,32200,2.1,,6,,,19.3,18.8,0
2025-08-21 19:00:00 PDT,1755828000,101.9,101.95,NW,30,19,,78,15.2,19.2,,,32200,,,5,,,20.8,19.2,0
2025-08-21 18:00:00 PDT,1755824400,101.94,101.99,NW,30,21,,71,15.4,20.8,,25,32200,2.5,,3,,,20.9,20.4,0
2025-08-21 17:00:00 PDT,1755820800,102.01,102.06,WNW,29,22,,70,15.1,20.7,,25,32200,2.5,,4,,,21.4,20.6,0
2025-08-21 16:00:00 PDT,1755817200,102.09,102.14,NW,30,20,,70,15.6,21.2,,26,32200,2.5,,1,,,21.4,20.7,0
2025-08-21 15:00:00 PDT,1755813600,102.17,102.22,WNW,30,23,,70,15.6,21.2,,26,32200,2.4,,3,,,21.2,20.3,0
2025-08-21 14:00:00 PDT,1755810000,102.25,102.3,WNW,30,24,,72,15.4,20.5,,25,32200,2.3,,1,,,21,20,0
2025-08-21 13:00:00 PDT,1755806400,102.3,102.35,WNW,29,20,,77,16.4,20.4,,25,32200,2.1,,2,,,20.4,19.3,0
2025-08-21 12:00:00 PDT,1755802800,102.36,102.41,WNW,28,22,,76,15.4,19.7,,,32200,1.9,,3,,,19.8,19.2,0
2025-08-21 11:00:00 PDT,1755799200,102.4,102.45,WNW,29,21,,80,15.8,19.3,,,32200,1.7,,4,,,19.3,18.3,0
2025-08-21 10:00:00 PDT,1755795600,102.43,102.48,WNW,29,19,,79,15.2,18.8,,,32200,1.7,,7,,,18.9,17.2,0
2025-08-21 09:00:00 PDT,1755792000,102.46,102.51,WNW,29,17,,87,15.4,17.6,,,32200,1.6,,7,,,17.8,16,0
2025-08-21 08:00:00 PDT,1755788400,102.48,102.53,NW,30,14,,84,13.9,16.5,,,32200,1.5,,8,,,16.5,13.5,0
2025-08-21 07:00:00 PDT,1755784800,102.46,102.51,N,0,8,,98,13,13.4,,,32200,1.5,,5,,,13.4,11.5,0
2025-08-21 06:00:00 PDT,1755781200,102.47,102.52,,,0,,97,11.8,12.3,,,32200,1.5,,2,,,13.7,12.2,0
2025-08-21 05:00:00 PDT,1755777600,102.48,102.53,NE,4,3,,92,12.4,13.7,,,32200,1.6,,0,,,13.7,11.8,0
2025-08-21 04:00:00 PDT,1755774000,102.51,102.56,,,0,,95,12.6,13.3,,,32200,1.7,,0,,,14.3,12.5,0
2025-08-21 03:00:00 PDT,1755770400,102.5,102.55,N,35,3,,96,12.1,12.7,,,32200,1.8,,0,,,14.9,12.1,0
2025-08-21 02:00:00 PDT,1755766800,102.48,102.53,SE,14,5,,88,12.6,14.6,,,32200,2,,0,,,15.8,14.5,0
2025-08-21 01:00:00 PDT,1755763200,102.49,102.54,ESE,10,5,,80,12.2,15.5,,,32200,2,,0,,,16.2,13.3,0
2025-08-21 00:00:00 PDT,1755759600,102.46,102.51,ENE,6,3,,85,12.8,15.2,,,32200,2.1,,0,,,16.2,14.1,0
2025-08-20 23:00:00 PDT,1755756000,102.48,102.53,,,0,,87,11.9,14.1,,,32200,2.2,,0,,,17,14.1,0
2025-08-20 22:00:00 PDT,1755752400,102.47,102.52,NNW,34,5,,86,13.4,15.7,,,32200,2.4,,0,,,17.9,14.6,0
2025-08-20 21:00:00 PDT,1755748800,102.45,102.5,,,0,,77,12.7,16.7,,,32200,2.4,,0,,,18.1,16.6,0
2025-08-20 20:00:00 PDT,1755745200,102.43,102.48,SSW,19,4,,75,13.7,18.2,,,32200,2.4,,1,,,18.4,18.1,0
2025-08-20 19:00:00 PDT,1755741600,102.44,102.49,SW,23,8,,81,15.1,18.3,,,48300,2.4,,1,,,19,18.3,0
2025-08-20 18:00:00 PDT,1755738000,102.45,102.5,WSW,23,9,,78,14.9,18.9,,,48300,2.4,,3,,,19.3,18.8,0
2025-08-20 17:00:00 PDT,1755734400,102.46,102.51,SW,23,10,,75,14.6,19.1,,,48300,2.3,,2,,,19.9,18.8,0
2025-08-20 16:00:00 PDT,1755730800,102.48,102.53,W,27,11,,74,14.9,19.5,,,48300,2.1,,2,,,19.6,18.8,0
2025-08-20 15:00:00 PDT,1755727200,102.49,102.54,WSW,23,14,,78,15.3,19.2,,,48300,2,,2,,,19.4,18.8,0
2025-08-20 14:00:00 PDT,1755723600,102.5,102.55,WSW,24,10,,76,14.8,19,,,48300,1.9,,3,,,19.8,18.8,0
2025-08-20 13:00:00 PDT,1755720000,102.49,102.54,WSW,25,12,,79,15.3,19,,,48300,1.8,,3,,,19.6,18.7,0
2025-08-20 12:00:00 PDT,1755716400,102.48,102.53,W,27,10,,73,14.7,19.6,,,48300,1.7,,4,,,19.6,18,0
2025-08-20 11:00:00 PDT,1755712800,102.45,102.5,W,27,13,,77,14.4,18.6,,,40200,1.6,,5,,,19.5,17.6,0
2025-08-20 10:00:00 PDT,1755709200,102.42,102.47,WNW,29,15,,86,15.3,17.6,,,40200,1.5,,8,,,18.2,16.9,0
2025-08-20 09:00:00 PDT,1755705600,102.37,102.42,WNW,29,10,,91,16.2,17.6,,,40200,1.5,,6,,,17.6,16.1,0
2025-08-20 08:00:00 PDT,1755702000,102.33,102.38,NW,32,3,,92,15.3,16.6,,,32200,1.4,,8,,,16.7,14.8,0
2025-08-20 07:00:00 PDT,1755698400,102.27,102.32,W,28,9,,97,14.4,14.9,,,32200,1.4,,8,,,14.9,13.7,0
2025-08-20 06:00:00 PDT,1755694800,102.21,102.26,WNW,29,8,,96,13.4,13.9,,,32200,1.4,,3,,,15.8,13.9,0
2025-08-20 05:00:00 PDT,1755691200,102.17,102.22,NNE,3,5,,90,14.2,15.8,,,32200,1.5,,6,,,16.4,15.4,0
2025-08-20 04:00:00 PDT,1755687600,102.17,102.22,SW,22,10,,90,14.3,15.8,,,32200,1.6,,8,,,15.9,15.1,0
2025-08-20 03:00:00 PDT,1755684000,102.14,102.19,WSW,24,4,,98,15.5,15.7,,,32200,1.7,,5,,,17.1,14.8,0
2025-08-20 02:00:00 PDT,1755680400,102.11,102.16,NW,31,3,,97,14.7,15.1,,,32200,1.9,,2,,,17.1,14.8,0
2025-08-20 01:00:00 PDT,1755676800,102.1,102.15,SE,13,7,,88,14.1,16.1,,,32200,2,,6,,,17.4,15.9,0
2025-08-20 00:00:00 PDT,1755673200,102.08,102.13,SE,14,5,,88,14.3,16.3,,,32200,2.2,,5,,,18.3,16,0
2025-08-19 23:00:00 PDT,1755669600,102.09,102.14,E,10,5,,81,14.4,17.6,,,32200,2.2,,4,,,18.8,16.4,0
2025-08-19 22:00:00 PDT,1755666000,102.1,102.15,NNE,1,6,,74,14.1,18.7,,,32200,2.5,,6,,,18.8,17.5,0
2025-08-19 21:00:00 PDT,1755662400,102.09,102.14,NW,31,7,,85,15.1,17.7,,,32200,2.5,,7,,,18.3,17.5,0
2025-08-19 20:00:00 PDT,1755658800,102.07,102.12,WNW,29,5,,88,15.6,17.6,,,32200,2.4,,7,,,18.8,17.6,0
2025-08-19 19:00:00 PDT,1755655200,102.07,102.12,NW,30,16,,78,15,18.9,,,40200,2.4,,7,,,19.5,18.9,0
2025-08-19 18:00:00 PDT,1755651600,102.07,102.12,SW,23,14,,75,14.9,19.3,,,40200,2.3,,8,,,19.8,19.2,0
2025-08-19 17:00:00 PDT,1755648000,102.05,102.1,WSW,24,14,,69,13.9,19.6,,,48300,2.2,,7,,,21,19.5,0
2025-08-19 16:00:00 PDT,1755644400,102.04,102.09,WNW,28,15,,75,15.7,20.3,,25,48300,2.1,,8,,,23.3,20.3,0
2025-08-19 15:00:00 PDT,1755640800,102.07,102.12,ESE,12,14,,54,12,21.5,,,48300,1.9,,8,,,21.6,20.6,0
2025-08-19 14:00:00 PDT,1755637200,102.08,102.13,ESE,12,21,,58,12.2,20.6,,,40200,1.8,,8,,,21.1,20.5,0
2025-08-19 13:00:00 PDT,1755633600,102.08,102.13,E,9,23,,60,12.9,20.8,,,40200,1.7,,8,,,20.9,19.9,0
2025-08-19 12:00:00 PDT,1755630000,102.07,102.12,E,9,21,,63,12.5,19.7,,,40200,1.6,,8,,,19.7,18.7,0
2025-08-19 11:00:00 PDT,1755626400,102.04,102.09,ESE,12,19,,67,12.5,18.7,,,48300,1.6,,8,,,19.1,18.4,0
2025-08-19 10:00:00 PDT,1755622800,102,102.05,E,9,24,,67,12.7,18.8,,,48300,1.5,,8,,,19.6,17.4,0
2025-08-19 09:00:00 PDT,1755619200,101.97,102.02,E,10,21,,73,12.6,17.4,,,48300,1.5,,7,,,17.6,17.3,0
2025-08-19 08:00:00 PDT,1755615600,101.95,102,ESE,10,22,,76,13,17.3,,,40200,1.5,,8,,,17.3,16.6,0
2025-08-19 07:00:00 PDT,1755612000,101.89,101.94,E,9,17,,83,13.8,16.6,,,40200,1.4,,8,,,16.6,16.2,0
2025-08-19 06:00:00 PDT,1755608400,101.85,101.9,E,8,15,,85,13.9,16.4,,,32200,1.5,,8,,,16.6,16.1,0
2025-08-19 05:00:00 PDT,1755604800,101.84,101.89,E,9,14,,85,13.6,16.1,,,32200,1.6,,7,,,16.6,16,0
2025-08-19 04:00:00 PDT,1755601200,101.82,101.87,ESE,10,11,,83,13.5,16.3,,,32200,1.6,,7,,,16.3,15.5,0
2025-08-19 03:00:00 PDT,1755597600,101.8,101.85,E,10,10,,80,12.4,15.9,,,32200,1.7,,7,,,17,15.9,0
2025-08-19 02:00:00 PDT,1755594000,101.79,101.84,E,9,12,,71,11.9,17.1,,,32200,1.7,,8,,,17.3,16.7,0
2025-08-19 01:00:00 PDT,1755590400,101.78,101.83,ESE,10,10,,71,11.5,16.7,,,32200,1.7,,7,,,17.8,16.7,0
2025-08-19 00:00:00 PDT,1755586800,101.77,101.82,E,9,13,,69,12,17.7,,,32200,2,,8,,,17.9,17.6,0
2025-08-18 23:00:00 PDT,1755583200,101.75,101.8,E,9,13,,70,12.3,17.9,,,32200,1.9,,8,,,18.7,17.8,0
2025-08-18 22:00:00 PDT,1755579600,101.71,101.76,E,9,15,,69,12.6,18.2,,,32200,2,,8,,,19.3,18.2,0
2025-08-18 21:00:00 PDT,1755576000,101.68,101.73,ESE,11,10,,59,11,19.1,,,32200,2,,7,,,20,18.3,0
2025-08-18 20:00:00 PDT,1755572400,101.65,101.7,SE,13,11,,55,10.6,19.9,,,32200,2.1,,7,,,20.8,19.9,0
2025-08-18 19:00:00 PDT,1755568800,101.63,101.68,SSE,15,10,,50,10.2,20.8,,,32200,2.2,,8,,,21.4,20.7,0
2025-08-18 18:00:00 PDT,1755565200,101.63,101.68,SSE,15,12,,54,11.9,21.4,,,48300,2.2,,7,,,21.7,21,0
2025-08-18 17:00:00 PDT,1755561600,101.61,101.66,SSE,16,13,,59,12.8,21.1,,,48300,2.1,,8,,,21.9,21.1,0
2025-08-18 16:00:00 PDT,1755558000,101.61,101.66,S,18,14,,58,13.1,21.5,,,48300,2,,7,,,23.1,21.5,0
2025-08-18 15:00:00 PDT,1755554400,101.62,101.67,ESE,10,8,,49,11.8,23,,25,48300,1.9,,6,,,23.3,21.4,0
2025-08-18 14:00:00 PDT,1755550800,101.63,101.68,SE,13,12,,57,12.6,21.4,,,40200,1.8,,8,,,21.4,20.4,0
2025-08-18 13:00:00 PDT,1755547200,101.62,101.67,ESE,12,18,,60,12.7,20.7,,,40200,1.5,,8,,,20.9,19.1,0
2025-08-18 12:00:00 PDT,1755543600,101.62,101.67,ESE,11,18,,66,12.9,19.2,,,48300,1.4,,8,,,20.2,18.9,0
2025-08-18 11:00:00 PDT,1755540000,101.59,101.64,E,9,16,,71,14.2,19.5,,,40200,1.3,,7,,,19.5,17.5,0
2025-08-18 10:00:00 PDT,1755536400,101.57,101.62,ESE,10,10,,79,14,17.6,,,40200,1.2,,8,,,17.6,16.6,0
2025-08-18 09:00:00 PDT,1755532800,101.55,101.6,ESE,11,11,,83,13.7,16.6,,,40200,1.1,,8,,,16.7,16.4,0
2025-08-18 08:00:00 PDT,1755529200,101.52,101.57,E,9,8,,80,13.1,16.6,,,40200,1.1,,8,,,16.6,16,0
2025-08-18 07:00:00 PDT,1755525600,101.46,101.51,ESE,10,7,,82,13,16.1,,,40200,1,,7,,,16.2,15.2,0
2025-08-18 06:00:00 PDT,1755522000,101.42,101.47,ENE,7,8,,86,13.1,15.5,,,32200,1,,8,,,15.9,15.1,0
2025-08-18 05:00:00 PDT,1755518400,101.42,101.47,ESE,10,4,,84,12.9,15.5,,,32200,1,,7,,,16.1,15.5,0
2025-08-18 04:00:00 PDT,1755514800,101.35,101.4,ESE,10,7,,82,12.4,15.5,,,32200,,,8,,,16.6,15.5,0
2025-08-18 03:00:00 PDT,1755511200,101.35,101.4,E,9,5,,75,12.1,16.4,,,32200,1.4,,7,,,16.9,15.5,0
2025-08-18 02:00:00 PDT,1755507600,101.35,101.4,,,0,,74,11.9,16.5,,,32200,1.5,,8,,,17.3,16.1,0
2025-08-18 01:00:00 PDT,1755504000,101.35,101.4,ENE,7,10,,72,12.4,17.3,,,32200,1.6,,8,,,17.6,16.7,0
2025-08-18 00:00:00 PDT,1755500400,101.35,101.4,E,8,6,,76,12.5,16.7,,,32200,1.7,,8,,,17.7,16.5,0
2025-08-17 23:00:00 PDT,1755496800,101.37,101.42,ENE,6,9,,69,12,17.6,,,32200,1.8,,8,,,17.9,16.7,0
2025-08-17 22:00:00 PDT,1755493200,101.42,101.47,N,35,5,,72,12.1,17.1,,,32200,1.9,,8,,,17.4,16.1,0
2025-08-17 21:00:00 PDT,1755489600,101.47,101.52,NNW,34,6,,78,13.2,17,,,32200,2.1,,7,,,18.3,16.3,0
2025-08-17 20:00:00 PDT,1755486000,101.48,101.53,SSW,20,5,,75,13.7,18.2,,,32200,2.1,,8,,,19.1,18.2,0
2025-08-17 19:00:00 PDT,1755482400,101.51,101.56,SW,23,9,,62,11.8,19.1,,,32200,,,7,,,20.1,19.1,0
2025-08-17 18:00:00 PDT,1755478800,101.54,101.59,SSE,14,12,,53,10.2,20,,,32200,,,8,,,20.3,19.3,0
2025-08-17 17:00:00 PDT,1755475200,101.59,101.64,SSW,19,13,,67,13.3,19.6,,,32200,,,8,,,19.9,19.4,0
2025-08-17 16:00:00 PDT,1755471600,101.61,101.66,SE,13,15,,60,11.7,19.7,,,32200,,,8,,,21,19.7,0
2025-08-17 15:00:00 PDT,1755468000,101.63,101.68,SE,13,14,,50,10.1,20.6,,,32200,,,8,,,21,20.2,0
2025-08-17 14:00:00 PDT,1755464400,101.66,101.71,ESE,11,14,,55,11.3,20.6,,,32200,,,8,,,20.9,19.8,0
2025-08-17 13:00:00 PDT,1755460800,101.69,101.74,E,8,12,,57,11.3,20,,,32200,,,7,,,20.8,19.1,0
2025-08-17 12:00:00 PDT,1755457200,101.71,101.76,ESE,11,13,,60,11.8,19.6,,,32200,,,8,,,19.6,18.1,0
2025-08-17 11:00:00 PDT,1755453600,101.68,101.73,ESE,12,17,,68,12.3,18.1,,,32200,1.4,,7,,,19.1,17.4,0
2025-08-17 10:00:00 PDT,1755450000,101.67,101.72,SE,12,18,,72,12.5,17.5,,,32200,1.3,,7,,,17.5,16.7,0
2025-08-17 09:00:00 PDT,1755446400,101.67,101.72,SE,12,13,,83,13.9,16.8,,,32200,1.2,,8,,,16.8,16.2,0
2025-08-17 08:00:00 PDT,1755442800,101.64,101.69,ESE,10,16,,87,14.1,16.2,,,32200,1.2,,7,,,16.2,15.8,0
2025-08-17 07:00:00 PDT,1755439200,101.61,101.66,ESE,12,12,,88,13.8,15.8,,,32200,1.2,,7,,,16,15.5,0
2025-08-17 06:00:00 PDT,1755435600,101.58,101.63,ESE,11,13,,88,13.9,15.8,,,32200,1.2,,7,,,15.9,15.5,0
2025-08-17 05:00:00 PDT,1755432000,101.56,101.61,E,8,11,,85,13.5,16,,,24100,1.2,,7,,,16.1,15.1,0
2025-08-17 04:00:00 PDT,1755428400,101.54,101.59,E,9,10,,87,13.1,15.2,,,24100,1.3,,6,,,16,15.1,0
2025-08-17 03:00:00 PDT,1755424800,101.54,101.59,E,9,9,,85,12.5,15,,,24100,1.4,,7,,,16.2,14.7,0
2025-08-17 02:00:00 PDT,1755421200,101.52,101.57,SE,14,10,,83,13,15.8,,,24100,1.4,,7,,,17.1,15.8,0
2025-08-17 01:00:00 PDT,1755417600,101.5,101.55,SE,12,10,,76,12.8,17.1,,,24100,1.4,,7,,,17.8,16.5,0
2025-08-17 00:00:00 PDT,1755414000,101.49,101.54,E,9,5,,75,12.8,17.1,,,24100,1.4,,7,,,18,17.1,0
2025-08-16 23:00:00 PDT,1755410400,101.5,101.55,SSE,15,7,,72,13,17.9,,,24100,1.4,,8,,,18.4,17.5,0
2025-08-16 22:00:00 PDT,1755406800,101.5,101.55,SSW,19,14,,72,13.3,18.4,,,24100,1.4,,8,,,19.1,18.4,0
2025-08-16 21:00:00 PDT,1755403200,101.47,101.52,SSE,16,7,,72,13.6,18.7,,,32200,1.4,,8,,,19.1,18.7,0
2025-08-16 20:00:00 PDT,1755399600,101.42,101.47,SE,13,10,,74,14.3,19,,,32200,1.4,,7,,,19.7,18.8,0
2025-08-16 19:00:00 PDT,1755396000,101.44,101.49,SE,14,15,,72,14.6,19.7,,,32200,1.4,,8,,,20.6,19.7,0
2025-08-16 18:00:00 PDT,1755392400,101.45,101.5,SSE,15,18,,67,14.5,20.6,,,32200,1.4,,7,,,21.4,20.2,0
2025-08-16 17:00:00 PDT,1755388800,101.46,101.51,SSE,14,19,29,66,14.8,21.3,,25,48300,1.4,,7,,,21.7,20.8,0
2025-08-16 16:00:00 PDT,1755385200,101.45,101.5,SSE,15,18,,67,14.9,21.2,,25,48300,1.3,,8,,,21.9,20.5,0
2025-08-16 15:00:00 PDT,1755381600,101.47,101.52,SSE,15,25,,69,14.8,20.6,,,32200,1.3,,6,,,22.2,20.5,0
2025-08-16 14:00:00 PDT,1755378000,101.45,101.5,SSE,14,19,,65,15.1,21.9,,26,32200,1.2,,5,,,22.1,19.8,0
2025-08-16 13:00:00 PDT,1755374400,101.41,101.46,SE,12,17,,73,15.2,20.2,,,32200,1.1,,6,,,20.8,19.6,0
2025-08-16 12:00:00 PDT,1755370800,101.37,101.42,SE,13,25,,74,15.7,20.4,,25,32200,1,,6,,,20.6,18.1,0
2025-08-16 11:00:00 PDT,1755367200,101.32,101.37,SSE,16,26,40,84,15.4,18,,,24100,1,,8,,,18,16.6,0
2025-08-16 10:00:00 PDT,1755363600,101.27,101.32,SE,14,27,36,91,15.3,16.9,,,24100,1,,8,,,17.6,15.7,0
2025-08-16 09:00:00 PDT,1755360000,101.19,101.24,SE,13,22,32,94,15,16,,,24100,1,,8,,,16.2,15.7,0.3
2025-08-16 08:00:00 PDT,1755356400,101.17,101.22,SE,12,18,,93,15.1,16.2,,,24100,1,,8,,,16.2,15.9,0
2025-08-16 07:00:00 PDT,1755352800,101.09,101.14,ESE,10,20,,96,15.2,15.9,,,32200,1,,7,,,16.1,15.8,0
2025-08-16 06:00:00 PDT,1755349200,101.05,101.1,E,9,15,,97,15.4,15.9,,,24100,1,,8,,,16.2,15.8,0
2025-08-16 05:00:00 PDT,1755345600,100.98,101.03,ESE,10,18,,96,15.2,15.8,,,24100,1,,7,,,16.4,15.8,0
2025-08-16 04:00:00 PDT,1755342000,100.94,100.99,ENE,7,12,,96,15.5,16.2,,,19300,1,,8,,,16.6,16.1,0
2025-08-16 03:00:00 PDT,1755338400,100.88,100.93,SE,13,17,,90,14.8,16.4,,,24100,1,,7,,,17.2,15.6,0
2025-08-16 02:00:00 PDT,1755334800,100.83,100.88,ESE,11,9,,96,15.8,16.4,,,24100,1,,7,,,17.4,16.3,0
2025-08-16 01:00:00 PDT,1755331200,100.78,100.83,S,17,10,,92,15.9,17.2,,,24100,1,,7,,,17.4,16.3,0
2025-08-16 00:00:00 PDT,1755327600,100.75,100.8,NNE,3,10,,98,16.4,16.7,,,19300,1,,4,,,17.4,16.4,0
2025-08-15 23:00:00 PDT,1755324000,100.71,100.76,SE,13,12,,98,17.1,17.4,,,24100,1,,6,,,18,17.4,0
2025-08-15 22:00:00 PDT,1755320400,100.7,100.75,ESE,11,11,,99,17.8,17.9,,,16100,1,,8,,,18,17.8,0.1
2025-08-15 21:00:00 PDT,1755316800,100.68,100.73,ESE,12,22,,99,17.7,17.8,,,6400,1,,7,,,17.9,17.8,1.3
2025-08-15 20:00:00 PDT,1755313200,100.64,100.69,SE,13,27,,99,17.7,17.9,,,6400,1,,8,,,18.2,17.9,0
2025-08-15 19:00:00 PDT,1755309600,100.61,100.66,ESE,12,21,,99,17.8,18,,,19300,1,,7,,,18.2,18,1.2
2025-08-15 18:00:00 PDT,1755306000,100.63,100.68,SE,13,33,,98,17.8,18.1,,,9700,1,,8,,,18.3,18,2.7
2025-08-15 17:00:00 PDT,1755302400,100.67,100.72,SE,13,23,34,99,17.9,18.1,,,4800,1,,8,,,18.1,17.9,3.8
2025-08-15 16:00:00 PDT,1755298800,100.69,100.74,SE,12,23,34,99,17.8,18,,,4000,1,,8,,,18.1,17.8,2.3
2025-08-15 15:00:00 PDT,1755295200,100.71,100.76,SE,12,25,,99,17.7,17.9,,,3200,1,,8,,,17.9,17.5,2.3
2025-08-15 14:00:00 PDT,1755291600,100.78,100.83,SE,12,26,41,99,17.6,17.8,,,3200,1.1,,8,,,17.8,17.3,1.8
2025-08-15 13:00:00 PDT,1755288000,100.79,100.84,SE,13,28,27,99,17.1,17.4,,,8100,1.1,,8,,,17.6,17.3,2.9
2025-08-15 12:00:00 PDT,1755284400,100.83,100.88,ESE,11,26,,98,17.2,17.5,,,3200,1.1,,8,,,17.6,17.2,1.9
2025-08-15 11:00:00 PDT,1755280800,100.83,100.88,ESE,10,23,,99,17,17.2,,,8100,1.2,,8,,,17.2,16.9,3.2
2025-08-15 10:00:00 PDT,1755277200,100.89,100.94,ESE,11,20,,98,16.7,17,,,3200,1.2,,8,,,17.2,16.8,1.4
2025-08-15 09:00:00 PDT,1755273600,100.91,100.96,ESE,11,19,,98,16.7,16.9,,,4000,1.2,,8,,,17.1,16.5,0.2
2025-08-15 08:00:00 PDT,1755270000,100.93,100.98,ESE,11,19,,99,16.5,16.7,,,6400,1.2,,8,,,16.7,16.2,0
2025-08-15 07:00:00 PDT,1755266400,100.94,100.99,ESE,11,18,,99,16.2,16.3,,,3200,1.2,,8,,,16.3,15.2,0.3
2025-08-15 06:00:00 PDT,1755262800,100.96,101.01,E,9,15,,100,15.5,15.5,,,4800,1.3,,8,,,15.5,15,1.3
2025-08-15 05:00:00 PDT,1755259200,100.98,101.03,E,9,14,,100,15,15,,,4000,1.5,,8,,,15.3,15,3.6
2025-08-15 04:00:00 PDT,1755255600,101.03,101.08,ESE,11,15,,99,15,15.2,,,3200,2,,8,,,15.3,15.2,3.9
2025-08-15 03:00:00 PDT,1755252000,101.08,101.13,E,9,13,,99,15.1,15.2,,,3200,2,,8,,,15.4,15.2,2.8
2025-08-15 02:00:00 PDT,1755248400,101.1,101.15,E,9,14,,99,15.1,15.3,,,6400,2,,8,,,15.4,15.2,1.9
2025-08-15 01:00:00 PDT,1755244800,101.14,101.19,ESE,10,18,,98,15,15.3,,,9700,3,,8,,,16,15.3,1.3
2025-08-15 00:00:00 PDT,1755241200,101.17,101.22,E,8,9,,94,15,16,,,9700,2,,8,,,16.1,15.4,0.3
2025-08-14 23:00:00 PDT,1755237600,101.22,101.27,ENE,6,5,,97,15,15.4,,,16100,2,,8,,,15.4,14.8,0.5
2025-08-14 22:00:00 PDT,1755234000,101.28,101.33,SW,22,3,,95,14.2,15.1,,,16100,2.1,,8,,,15.4,15,0.4
2025-08-14 21:00:00 PDT,1755230400,101.31,101.36,WSW,25,16,,94,14.2,15.2,,,16100,2.3,,8,,,18.2,15.2,0.1
2025-08-14 20:00:00 PDT,1755226800,101.32,101.37,S,18,9,,84,14.5,17.2,,,16100,2.5,,8,,,18.6,17.2,0
2025-08-14 19:00:00 PDT,1755223200,101.31,101.36,SE,13,14,,72,13.5,18.6,,,16100,2.5,,8,,,19.1,18.6,0
2025-08-14 18:00:00 PDT,1755219600,101.32,101.37,ESE,10,21,,71,13.7,19.1,,,16100,2.4,,8,,,19.6,18.7,0
2025-08-14 17:00:00 PDT,1755216000,101.39,101.44,SE,13,17,,70,13.8,19.3,,,16100,3,,8,,,20.1,19.2,0
2025-08-14 16:00:00 PDT,1755212400,101.41,101.46,ESE,11,23,,65,13.3,19.9,,,16100,2,,8,,,20.1,19.3,0
2025-08-14 15:00:00 PDT,1755208800,101.48,101.53,ESE,12,21,,61,12.7,20.3,,,32200,1.7,,6,,,21.3,19.5,0
2025-08-14 14:00:00 PDT,1755205200,101.54,101.59,ESE,11,26,38,62,13.1,20.5,,,32200,1.6,,7,,,21.2,20.1,0
2025-08-14 13:00:00 PDT,1755201600,101.52,101.57,SE,12,27,38,61,12.4,20,,,32200,1.5,,7,,,20.1,18.8,0
2025-08-14 12:00:00 PDT,1755198000,101.57,101.62,SE,12,31,42,60,12.3,20.2,,,32200,1.5,,7,,,20.7,18.6,0
2025-08-14 11:00:00 PDT,1755194400,101.56,101.61,ESE,11,28,40,67,12.9,19.2,,,32200,1.5,,7,,,19.5,18.2,0
2025-08-14 10:00:00 PDT,1755190800,101.52,101.57,ESE,10,27,,69,13.2,18.9,,,32200,1.5,,6,,,18.9,16.9,0
2025-08-14 09:00:00 PDT,1755187200,101.53,101.58,ESE,10,27,,76,12.7,16.8,,,32200,1.5,,8,,,16.8,15.9,0
2025-08-14 08:00:00 PDT,1755183600,101.5,101.55,ESE,10,26,,79,12.4,16,,,32200,1.5,,8,,,16,15.2,0
2025-08-14 07:00:00 PDT,1755180000,101.46,101.51,E,9,23,,82,12.2,15.2,,,32200,1.4,,8,,,15.6,15,0
2025-08-14 06:00:00 PDT,1755176400,101.42,101.47,E,9,21,,84,12.7,15.4,,,32200,1.3,,8,,,15.4,14.5,0
2025-08-14 05:00:00 PDT,1755172800,101.38,101.43,E,9,18,,91,13.1,14.5,,,32200,1.3,,4,,,15.5,14.5,0
2025-08-14 04:00:00 PDT,1755169200,101.35,101.4,ESE,12,15,,89,13.4,15.2,,,32200,1.3,,5,,,16.2,15.2,0
2025-08-14 03:00:00 PDT,1755165600,101.3,101.35,ESE,11,13,,84,13.7,16.3,,,32200,1.4,,5,,,16.9,15.9,0
2025-08-14 02:00:00 PDT,1755162000,101.29,101.34,E,10,17,,83,13.7,16.6,,,32200,1.5,,6,,,17.4,16.6,0
2025-08-14 01:00:00 PDT,1755158400,101.28,101.33,ESE,11,18,,82,14.2,17.3,,,32200,1.6,,8,,,17.8,17.1,0
2025-08-14 00:00:00 PDT,1755154800,101.25,101.3,E,10,21,,83,14.8,17.7,,,32200,1.7,,8,,,18.3,17.6,0
2025-08-13 23:00:00 PDT,1755151200,101.21,101.26,E,9,17,,81,14.9,18.1,,,32200,1.8,,7,,,19.1,18.1,0
2025-08-13 22:00:00 PDT,1755147600,101.19,101.24,E,9,15,,82,15.4,18.6,,,32200,2,,6,,,19.5,18.5,0
2025-08-13 21:00:00 PDT,1755144000,101.16,101.21,E,9,11,,79,15.1,18.9,,,32200,2.2,,4,,,20,18.8,0
2025-08-13 20:00:00 PDT,1755140400,101.12,101.17,SW,22,5,,78,16,19.8,,,32200,2.3,,5,,,20.9,19.6,0
2025-08-13 19:00:00 PDT,1755136800,101.11,101.16,W,26,4,,72,15.8,20.9,,25,48300,2.4,,7,,,21.4,20.8,0
2025-08-13 18:00:00 PDT,1755133200,101.12,101.17,WNW,28,10,,71,16,21.5,,26,48300,2.3,,8,,,22.7,21.4,0
2025-08-13 17:00:00 PDT,1755129600,101.15,101.2,WSW,24,11,,68,15.8,21.9,,26,48300,3,,8,,,22,21.5,0
2025-08-13 16:00:00 PDT,1755126000,101.17,101.22,WSW,24,12,,69,16,21.9,,27,48300,2,,8,,,22.7,21.9,0
2025-08-13 15:00:00 PDT,1755122400,101.17,101.22,NW,31,12,,66,15.8,22.2,,27,48300,1.8,,8,,,23.5,21.7,0
2025-08-13 14:00:00 PDT,1755118800,101.19,101.24,WNW,30,7,,59,14.8,23.3,,27,48300,2,,8,,,23.3,20.6,0
2025-08-13 13:00:00 PDT,1755115200,101.19,101.24,SW,22,11,,71,15.6,21.1,,25,48300,1.4,,4,,,21.8,20.7,0
2025-08-13 12:00:00 PDT,1755111600,101.16,101.21,WNW,29,15,,71,15.9,21.3,,26,48300,1.3,,3,,,21.5,19.7,0
2025-08-13 11:00:00 PDT,1755108000,101.14,101.19,NW,31,14,,74,15,19.8,,,48300,1.3,,7,,,20.6,19.5,0
2025-08-13 10:00:00 PDT,1755104400,101.07,101.12,NW,31,13,,79,15.8,19.5,,,48300,1.3,,6,,,20,18.8,0
2025-08-13 09:00:00 PDT,1755100800,101.01,101.05,NW,30,16,,77,14.9,19,,,,1.3,,,,,19.7,18.7,0
2025-08-13 08:00:00 PDT,1755097200,100.99,101.04,WNW,29,19,,80,15.5,19,,,48300,1.3,,4,,,19,17.8,0
2025-08-13 07:00:00 PDT,1755093600,100.96,101.01,WNW,29,14,,86,15.4,17.7,,,48300,1.3,,2,,,17.7,17,0
2025-08-13 06:00:00 PDT,1755090000,100.89,100.94,WNW,29,17,,86,14.8,17.2,,,32200,1.3,,2,,,17.7,16.9,0
2025-08-13 05:00:00 PDT,1755086400,100.87,100.92,WNW,28,17,,84,14.6,17.3,,,32200,1.4,,7,,,17.5,16.8,0
2025-08-13 04:00:00 PDT,1755082800,100.86,100.91,WNW,29,12,,84,14.2,16.9,,,32200,1.4,,4,,,18.6,16.9,0
2025-08-13 03:00:00 PDT,1755079200,100.81,100.86,NW,32,22,,77,14.5,18.6,,,32200,1.4,,4,,,18.7,17.8,0
2025-08-13 02:00:00 PDT,1755075600,100.82,100.87,NW,30,19,29,77,14.4,18.4,,,32200,1.4,,2,,,19,18.3,0
2025-08-13 01:00:00 PDT,1755072000,100.82,100.87,NW,31,21,,79,14.8,18.4,,,32200,1.4,,7,,,19.2,18.3,0
2025-08-13 00:00:00 PDT,1755068400,100.83,100.88,NW,30,22,,80,15.8,19.1,,,32200,1.4,,6,,,20.1,18.7,0
2025-08-12 23:00:00 PDT,1755064800,100.83,100.88,WNW,29,24,33,76,16,20.2,,25,32200,1.3,,7,,,20.5,19.9,0
2025-08-12 22:00:00 PDT,1755061200,100.84,100.89,WNW,29,20,,80,16.4,19.9,,,32200,1.4,,6,,,20.4,19.7,0
2025-08-12 21:00:00 PDT,1755057600,100.84,100.89,NW,30,18,,81,17.1,20.4,,26,32200,1.4,,7,,,21.4,20.4,0
2025-08-12 20:00:00 PDT,1755054000,100.84,100.89,NW,31,16,,76,17,21.4,,27,32200,1.6,,3,,,23.6,21.4,0
2025-08-12 19:00:00 PDT,1755050400,100.84,100.89,WNW,30,22,45,68,17.4,23.4,,29,48300,1.8,,1,,,24.9,23.4,0
2025-08-12 18:00:00 PDT,1755046800,100.9,100.95,NW,32,14,,66,18.1,24.6,,31,48300,2.2,,1,,,26.5,24.6,0
2025-08-12 17:00:00 PDT,1755043200,100.93,100.98,NW,30,25,41,56,17.4,26.6,,32,48300,2.6,,2,,,27.3,25.8,0
2025-08-12 16:00:00 PDT,1755039600,101,101.05,WNW,29,20,32,58,17.6,26.3,,32,48300,2.8,,1,,,26.8,25.7,0
2025-08-12 15:00:00 PDT,1755036000,101.09,101.14,WNW,29,20,,63,18.3,25.7,,32,48300,2.6,,1,,,26.1,24.9,0
2025-08-12 14:00:00 PDT,1755032400,101.14,101.19,WNW,30,14,27,66,18.3,24.9,,31,48300,2.5,,0,,,25.9,24.1,0
2025-08-12 13:00:00 PDT,1755028800,101.2,101.25,NW,31,22,31,73,18.7,23.8,,30,48300,2.3,,0,,,23.9,23.1,0
2025-08-12 12:00:00 PDT,1755025200,101.24,101.29,WNW,29,26,28,70,17.7,23.3,,29,48300,2.1,,0,,,23.5,22.5,0
2025-08-12 11:00:00 PDT,1755021600,101.27,101.32,NW,30,25,30,73,17.6,22.5,,28,48300,1.8,,0,,,22.8,21.5,0
2025-08-12 10:00:00 PDT,1755018000,101.3,101.35,NW,31,22,,78,17.8,21.8,,28,48300,1.4,,0,,,21.8,20.9,0
2025-08-12 09:00:00 PDT,1755014400,101.32,101.37,WNW,30,19,,82,17.9,21,,27,48300,1.2,,0,,,21.1,20.1,0
2025-08-12 08:00:00 PDT,1755010800,101.34,101.39,NW,31,21,,86,17.6,20.1,,26,48300,1.1,,0,,,20.1,18.9,0
2025-08-12 07:00:00 PDT,1755007200,101.32,101.37,NW,31,20,,91,17.5,18.9,,,48300,1.2,,0,,,18.9,18.4,0
2025-08-12 06:00:00 PDT,1755003600,101.34,101.39,WNW,30,23,,93,17.3,18.5,,,32200,1.2,,0,,,18.9,18.5,0
2025-08-12 05:00:00 PDT,1755000000,101.33,101.38,WNW,30,28,29,92,17.5,18.9,,,32200,1.3,,0,,,19,18.7,0
2025-08-12 04:00:00 PDT,1754996400,101.33,101.38,NW,31,22,,92,17.6,18.8,,,32200,1.4,,0,,,19.5,18.8,0
2025-08-12 03:00:00 PDT,1754992800,101.33,101.38,NW,30,26,37,89,17.6,19.5,,,32200,1.5,,0,,,19.6,19.5,0
2025-08-12 02:00:00 PDT,1754989200,101.35,101.4,WNW,29,28,27,89,17.8,19.6,,,32200,1.6,,0,,,19.9,19.3,0
2025-08-12 01:00:00 PDT,1754985600,101.35,101.4,NW,31,23,,88,18,19.9,,,32200,1.7,,0,,,20.6,19.9,0
2025-08-12 00:00:00 PDT,1754982000,101.32,101.37,NW,30,30,40,85,17.9,20.5,,26,32200,1.8,,0,,,21.1,20.4,0
2025-08-11 23:00:00 PDT,1754978400,101.35,101.4,NW,30,26,39,81,17.6,21,,27,32200,1.9,,0,,,21,20.6,0
2025-08-11 22:00:00 PDT,1754974800,101.37,101.42,NW,30,22,,80,17.4,20.9,,26,48300,1.9,,0,,,21.8,20.9,0
2025-08-11 21:00:00 PDT,1754971200,101.36,101.41,NW,30,23,30,76,17.3,21.6,,27,48300,2,,0,,,22.9,21.6,0
2025-08-11 20:00:00 PDT,1754967600,101.37,101.42,WNW,29,27,,68,16.8,22.9,,28,48300,2.1,,0,,,23.6,22.7,0
2025-08-11 19:00:00 PDT,1754964000,101.44,101.49,NW,31,13,,70,17.8,23.5,,29,48300,2.2,,0,,,24.1,23.4,0
2025-08-11 18:00:00 PDT,1754960400,101.49,101.54,WNW,29,22,,66,17.4,24.1,,30,48300,2.4,,0,,,24.4,23.8,0
2025-08-11 17:00:00 PDT,1754956800,101.55,101.6,NW,31,26,,67,17.4,23.9,,29,48300,2.6,,0,,,24.6,23.9,0
2025-08-11 16:00:00 PDT,1754953200,101.61,101.66,WNW,30,24,,66,17.8,24.4,,30,48300,2.7,,0,,,24.5,23.6,0
2025-08-11 15:00:00 PDT,1754949600,101.69,101.74,WNW,30,29,,68,18,24.2,,30,48300,2.6,,0,,,24.4,23.5,0
2025-08-11 14:00:00 PDT,1754946000,101.76,101.81,WNW,29,27,37,72,18.6,23.9,,30,48300,2.3,,0,,,23.9,23.1,0
2025-08-11 13:00:00 PDT,1754942400,101.8,101.85,WNW,30,29,40,75,18.3,22.9,,29,48300,2,,0,,,23.3,21.7,0
2025-08-11 12:00:00 PDT,1754938800,101.84,101.89,WNW,29,36,46,74,17.8,22.5,,28,48300,1.7,,0,,,22.5,21.7,0
2025-08-11 11:00:00 PDT,1754935200,101.9,101.95,WNW,29,32,38,76,17.4,21.8,,27,48300,1.5,,0,,,22,21.1,0
2025-08-11 10:00:00 PDT,1754931600,101.89,101.94,WNW,30,34,33,80,17.4,21,,27,48300,1.3,,0,,,21.3,20.6,0
2025-08-11 09:00:00 PDT,1754928000,101.86,101.91,WNW,29,31,35,82,17.7,20.8,,27,48300,1.1,,0,,,20.8,19.9,0
2025-08-11 08:00:00 PDT,1754924400,101.87,101.92,WNW,29,25,37,87,17.7,19.9,,,48300,2,,0,,,19.9,19.2,0
2025-08-11 07:00:00 PDT,1754920800,101.84,101.89,WNW,29,31,34,90,17.5,19.2,,,48300,3,,1,,,19.2,18.8,0
2025-08-11 06:00:00 PDT,1754917200,101.81,101.86,WNW,29,29,30,92,17.5,18.9,,,32200,4,,1,,,19.2,18.9,0
2025-08-11 05:00:00 PDT,1754913600,101.77,101.82,WNW,29,32,31,91,17.7,19.2,,,32200,3,,0,,,19.4,19.1,0
2025-08-11 04:00:00 PDT,1754910000,101.78,101.83,WNW,29,18,,92,18.1,19.4,,,32200,1.2,,0,,,19.8,19.4,0
2025-08-11 03:00:00 PDT,1754906400,101.74,101.79,WNW,30,17,,94,18.7,19.6,,,32200,2,,0,,,20,19.6,0
2025-08-11 02:00:00 PDT,1754902800,101.72,101.77,NW,30,16,,89,18,19.8,,,32200,1.3,,1,,,20.7,19.8,0
2025-08-11 01:00:00 PDT,1754899200,101.67,101.72,NW,31,18,,91,18.6,20.1,,27,32200,1.4,,1,,,21.2,19.9,0
2025-08-11 00:00:00 PDT,1754895600,101.65,101.7,WNW,29,18,30,87,18.9,21.1,,28,32200,1.4,,1,,,22.1,21.1,0
2025-08-10 23:00:00 PDT,1754892000,101.69,101.74,WNW,29,15,,81,18.1,21.5,,28,32200,1.5,,1,,,22.3,21.3,0
2025-08-10 22:00:00 PDT,1754888400,101.67,101.72,WNW,29,21,,80,18.6,22.1,,29,32200,2,,1,,,22.9,22.1,0
2025-08-10 21:00:00 PDT,1754884800,101.64,101.69,WNW,29,28,37,78,18.6,22.6,,29,32200,1.4,,1,,,23.8,22.2,0
2025-08-10 20:00:00 PDT,1754881200,101.58,101.63,WNW,28,30,37,70,18.1,23.8,,30,32200,1.7,,5,,,25.2,23.8,0
2025-08-10 19:00:00 PDT,1754877600,101.64,101.69,NW,31,14,,65,18.2,25.1,,31,32200,2,,6,,,25.9,24.9,0
2025-08-10 18:00:00 PDT,1754874000,101.71,101.76,NW,30,12,28,61,17.8,25.8,,32,32200,2.3,,1,,,26.3,25.6,0
2025-08-10 17:00:00 PDT,1754870400,101.79,101.84,WNW,28,13,,63,18.4,25.8,,32,32200,2.6,,2,,,26.5,25.8,0
2025-08-10 16:00:00 PDT,1754866800,101.9,101.95,WNW,29,16,,60,18,26.2,,32,32200,2.9,,1,,,26.6,25.5,0
2025-08-10 15:00:00 PDT,1754863200,102,102.05,WNW,28,14,,61,18.2,26.2,,32,32200,3,,1,,,26.2,24.8,0
2025-08-10 14:00:00 PDT,1754859600,102.05,102.1,W,27,21,,69,18.8,24.7,,31,32200,2.9,,1,,,25,24.2,0
2025-08-10 13:00:00 PDT,1754856000,102.12,102.17,WNW,29,18,,71,19,24.4,,31,32200,2.6,,1,,,24.7,23.5,0
2025-08-10 12:00:00 PDT,1754852400,102.18,102.23,WNW,29,20,,73,18.7,23.8,,30,32200,2.2,,1,,,24.1,22.9,0
2025-08-10 11:00:00 PDT,1754848800,102.21,102.26,WNW,29,17,,76,18.6,23,,29,32200,1.9,,1,,,23,21.6,0
2025-08-10 10:00:00 PDT,1754845200,102.24,102.29,W,26,10,,82,18.3,21.5,,28,32200,1.8,,0,,,22.2,21.2,0
2025-08-10 09:00:00 PDT,1754841600,102.25,102.3,W,27,10,,83,18.2,21.1,,27,32200,1.6,,0,,,21.4,20.1,0
2025-08-10 08:00:00 PDT,1754838000,102.25,102.3,W,26,4,,76,16.4,20.6,,25,32200,1.5,,0,,,20.8,17.8,0
2025-08-10 07:00:00 PDT,1754834400,102.22,102.27,,,0,,89,16.2,18.1,,,32200,1.5,,0,,,18.2,15.2,0
2025-08-10 06:00:00 PDT,1754830800,102.18,102.23,W,26,6,,96,14.6,15.2,,,32200,1.5,,2,,,16.9,15.2,0
2025-08-10 05:00:00 PDT,1754827200,102.16,102.21,,,0,,90,14.7,16.4,,,32200,1.6,,0,,,17.5,16,0
2025-08-10 04:00:00 PDT,1754823600,102.15,102.2,,8,0,,85,14,16.4,,,32200,1.9,,0,,,17.7,16.1,0
2025-08-10 03:00:00 PDT,1754820000,102.13,102.18,ESE,11,5,,80,13.8,17.1,,,32200,2,,0,,,17.5,16.3,0
2025-08-10 02:00:00 PDT,1754816400,102.13,102.18,E,9,11,,82,14.2,17.3,,,32200,2,,0,,,17.9,17.3,0
2025-08-10 01:00:00 PDT,1754812800,102.12,102.17,E,9,11,,87,15.5,17.7,,,32200,2.1,,0,,,19.1,17.7,0
2025-08-10 00:00:00 PDT,1754809200,102.09,102.14,E,8,8,,77,15.1,19.2,,,32200,2.2,,0,,,20.4,18.8,0
2025-08-09 23:00:00 PDT,1754805600,102.07,102.12,E,9,4,,75,15.5,20,,,32200,2.2,,0,,,20.6,19.6,0
2025-08-09 22:00:00 PDT,1754802000,102.06,102.11,SSE,15,6,,71,15,20.4,,,32200,2.2,,0,,,21.1,20.2,0
2025-08-09 21:00:00 PDT,1754798400,102.03,102.08,S,18,9,,71,15.4,20.8,,25,32200,2.4,,1,,,21.2,20.1,0
2025-08-09 20:00:00 PDT,1754794800,102.01,102.06,SSW,21,9,,71,15.9,21.2,,26,32200,2.5,,1,,,21.6,21.2,0
2025-08-09 19:00:00 PDT,1754791200,102,102.05,SSW,21,11,,68,15.3,21.5,,26,32200,2.6,,1,,,22.1,21.5,0
2025-08-09 18:00:00 PDT,1754787600,102.04,102.09,SW,22,16,,67,15.4,21.8,,26,32200,2.6,,2,,,22,21.5,0
2025-08-09 17:00:00 PDT,1754784000,102.05,102.1,SW,23,14,,68,15.8,21.9,,26,32200,2.5,,6,,,23.5,21.5,0
2025-08-09 16:00:00 PDT,1754780400,102.09,102.14,W,28,11,,61,15.7,23.6,,28,32200,2.4,,7,,,23.6,22.1,0
2025-08-09 15:00:00 PDT,1754776800,102.11,102.16,WSW,23,8,,64,14.8,21.9,,26,32200,2.3,,7,,,22.9,21.3,0
2025-08-09 14:00:00 PDT,1754773200,102.15,102.2,SW,22,13,,63,14,21.4,,25,32200,2.1,,6,,,21.6,20.9,0
2025-08-09 13:00:00 PDT,1754769600,102.18,102.23,WSW,25,14,,67,14.7,21,,25,32200,2,,8,,,21.1,20.4,0
2025-08-09 12:00:00 PDT,1754766000,102.2,102.25,W,26,13,,72,15.4,20.4,,25,32200,2,,8,,,20.6,19.7,0
2025-08-09 11:00:00 PDT,1754762400,102.19,102.24,W,26,10,,70,14.3,19.8,,,32200,2,,8,,,19.9,19.1,0
2025-08-09 10:00:00 PDT,1754758800,102.19,102.24,SW,22,9,,70,13.6,19.1,,,32200,1.4,,7,,,19.3,18.5,0
2025-08-09 09:00:00 PDT,1754755200,102.19,102.24,S,18,7,,70,13.2,18.7,,,32200,1.3,,7,,,18.8,17.4,0
2025-08-09 08:00:00 PDT,1754751600,102.16,102.21,ESE,10,8,,82,14.2,17.3,,,32200,1.3,,7,,,17.3,15.7,0
2025-08-09 07:00:00 PDT,1754748000,102.12,102.17,E,9,7,,88,13.6,15.6,,,32200,1.3,,6,,,15.6,14.1,0
2025-08-09 06:00:00 PDT,1754744400,102.09,102.14,E,8,5,,91,12.7,14.2,,,32200,1.4,,7,,,14.7,14,0
2025-08-09 05:00:00 PDT,1754740800,102.06,102.11,E,9,9,,90,12.8,14.5,,,32200,1.4,,2,,,15.1,14.5,0
2025-08-09 04:00:00 PDT,1754737200,102.04,102.09,E,8,10,,91,13.6,15.1,,,32200,1.5,,0,,,15.9,14.9,0
2025-08-09 03:00:00 PDT,1754733600,102.05,102.1,ESE,11,6,,88,13.3,15.3,,,32200,1.7,,0,,,15.6,14.9,0
2025-08-09 02:00:00 PDT,1754730000,102.04,102.09,E,9,11,,87,13.5,15.6,,,32200,1.8,,0,,,16.2,15.3,0
2025-08-09 01:00:00 PDT,1754726400,102.05,102.1,E,8,7,,86,14,16.2,,,32200,1.9,,0,,,17.2,15.8,0
2025-08-09 00:00:00 PDT,1754722800,102.07,102.12,E,10,11,,76,13.1,17.2,,,32200,2,,1,,,17.8,16.3,0
2025-08-08 23:00:00 PDT,1754719200,102.05,102.1,NNE,1,5,,73,12.2,17,,,32200,2.1,,1,,,17,14.7,0
2025-08-08 22:00:00 PDT,1754715600,102.04,102.09,,,0,,74,11.8,16.3,,,32200,2.1,,1,,,18.2,16.3,0
2025-08-08 21:00:00 PDT,1754712000,102.03,102.08,,,0,,68,11.7,17.7,,,32200,2.1,,2,,,19.6,17.1,0
2025-08-08 20:00:00 PDT,1754708400,102.03,102.08,,,0,,63,12.5,19.6,,,32200,2,,7,,,19.8,19.3,0
2025-08-08 19:00:00 PDT,1754704800,102.05,102.1,WNW,30,6,,67,13.3,19.6,,,32200,2,,7,,,19.9,19.6,0
2025-08-08 18:00:00 PDT,1754701200,102.07,102.12,W,26,6,,65,13.1,19.8,,,32200,2,,8,,,19.8,19.5,0
2025-08-08 17:00:00 PDT,1754697600,102.08,102.13,WSW,25,10,,64,12.5,19.5,,,32200,2.2,,8,,,21.1,19.5,0
2025-08-08 16:00:00 PDT,1754694000,102.09,102.14,W,26,9,,53,10.9,20.8,,,32200,2.1,,8,,,21.1,19.9,0
2025-08-08 15:00:00 PDT,1754690400,102.1,102.15,WSW,25,15,,65,13.8,20.7,,,32200,2,,8,,,21.5,20.6,0
2025-08-08 14:00:00 PDT,1754686800,102.13,102.18,SW,22,13,,65,14.6,21.4,,25,32200,1.7,,8,,,21.4,20.2,0
2025-08-08 13:00:00 PDT,1754683200,102.17,102.22,WSW,23,13,,71,15.7,21.1,,26,32200,1.6,,8,,,21.3,19.6,0
2025-08-08 12:00:00 PDT,1754679600,102.22,102.27,SSE,15,12,,54,11.3,20.8,,,32200,1.5,,7,,,20.8,19.5,0
2025-08-08 11:00:00 PDT,1754676000,102.26,102.31,SSE,16,9,,58,11.2,19.6,,,32200,1.4,,7,,,19.9,18.9,0
2025-08-08 10:00:00 PDT,1754672400,102.28,102.33,E,9,8,,63,11.8,19,,,32200,1.3,,8,,,19,17.3,0
2025-08-08 09:00:00 PDT,1754668800,102.29,102.34,E,7,9,,69,12,17.8,,,32200,1.2,,1,,,17.8,15.9,0
2025-08-08 08:00:00 PDT,1754665200,102.26,102.31,E,9,12,,75,11.5,15.8,,,32200,1.2,,2,,,15.8,14.5,0
2025-08-08 07:00:00 PDT,1754661600,102.27,102.32,E,9,10,,81,11.2,14.5,,,32200,1.2,,2,,,14.5,12.9,0
2025-08-08 06:00:00 PDT,1754658000,102.23,102.28,E,9,9,,85,10.7,13.2,,,48300,1.2,,1,,,13.4,12.7,0
2025-08-08 05:00:00 PDT,1754654400,102.24,102.29,ESE,10,7,,87,10.7,12.8,,,32200,1.3,,0,,,13.3,12.5,0
2025-08-08 04:00:00 PDT,1754650800,102.24,102.29,E,10,13,,85,10.8,13.3,,,32200,1.4,,1,,,13.9,13.2,0
2025-08-08 03:00:00 PDT,1754647200,102.25,102.3,ESE,10,15,,83,11.1,13.9,,,32200,1.5,,0,,,14.7,13.6,0
2025-08-08 02:00:00 PDT,1754643600,102.24,102.29,E,9,16,,84,11.9,14.5,,,32200,1.5,,0,,,15.2,14.2,0
2025-08-08 01:00:00 PDT,1754640000,102.23,102.28,E,8,10,,79,11.6,15.2,,,32200,1.5,,0,,,16.7,15,0
2025-08-08 00:00:00 PDT,1754636400,102.22,102.27,ENE,7,17,,74,12.1,16.7,,,32200,1.5,,0,,,17.3,16.4,0
2025-08-07 23:00:00 PDT,1754632800,102.22,102.27,ENE,7,10,,70,11.8,17.2,,,32200,1.6,,0,,,17.2,16,0
2025-08-07 22:00:00 PDT,1754629200,102.21,102.26,E,9,11,,70,11.1,16.5,,,32200,1.7,,1,,,18.1,16.5,0
2025-08-07 21:00:00 PDT,1754625600,102.2,102.25,SE,12,10,,60,10.2,17.9,,,32200,1.7,,2,,,19.2,17.8,0
2025-08-07 20:00:00 PDT,1754622000,102.17,102.22,S,17,12,,58,10.8,19.3,,,32200,1.7,,2,,,20.2,19.3,0
2025-08-07 19:00:00 PDT,1754618400,102.16,102.21,SSW,19,15,34,56,11.3,20.2,,,32200,1.7,,2,,,20.5,20.2,0
2025-08-07 18:00:00 PDT,1754614800,102.18,102.23,SSW,19,16,35,52,10.5,20.6,,,32200,1.7,,2,,,21.1,20.6,0
2025-08-07 17:00:00 PDT,1754611200,102.18,102.23,SSW,20,17,29,52,10.9,20.9,,,32200,1.7,,2,,,21.1,20.4,0
2025-08-07 16:00:00 PDT,1754607600,102.21,102.26,SSW,20,13,,58,12,20.5,,,32200,1.5,,6,,,20.9,19.5,0
2025-08-07 15:00:00 PDT,1754604000,102.24,102.29,SSW,20,9,,63,12.7,19.9,,,32200,1.4,,6,,,20.1,19,0
2025-08-07 14:00:00 PDT,1754600400,102.23,102.28,SW,21,10,,66,13.6,20.1,,,32200,1.3,,2,,,20.5,19.2,0
2025-08-07 13:00:00 PDT,1754596800,102.23,102.28,WNW,28,13,,62,12.7,20.1,,,32200,1.3,,2,,,20.3,18.8,0
2025-08-07 12:00:00 PDT,1754593200,102.19,102.24,W,27,21,,69,13.9,19.7,,,32200,1.2,,2,,,19.7,19.1,0
2025-08-07 11:00:00 PDT,1754589600,102.14,102.19,W,28,23,,68,13.4,19.2,,,32200,1.2,,2,,,19.6,18.4,0
2025-08-07 10:00:00 PDT,1754586000,102.09,102.14,W,27,27,29,72,13.6,18.7,,,32200,1.2,,1,,,18.8,18.1,0
2025-08-07 09:00:00 PDT,1754582400,102.06,102.11,WNW,28,29,,71,12.9,18.2,,,32200,1.2,,2,,,18.3,17.1,0
2025-08-07 08:00:00 PDT,1754578800,102.03,102.08,W,28,32,42,69,11.8,17.6,,,32200,1.1,,5,,,17.6,16,0
2025-08-07 07:00:00 PDT,1754575200,101.99,102.04,WSW,25,28,,82,12.9,16,,,32200,1.1,,7,,,16,15.7,0
2025-08-07 06:00:00 PDT,1754571600,101.94,101.99,W,26,28,,78,12.1,15.7,,,32200,1.1,,4,,,16,15.6,0
2025-08-07 05:00:00 PDT,1754568000,101.91,101.96,W,27,26,,81,12.6,15.9,,,32200,1.2,,8,,,16.1,15.8,0
2025-08-07 04:00:00 PDT,1754564400,101.87,101.92,W,26,32,,79,12.5,16,,,32200,1.2,,7,,,16.4,16,0
2025-08-07 03:00:00 PDT,1754560800,101.86,101.91,W,26,30,40,77,12.3,16.4,,,32200,1.2,,8,,,16.5,16.2,0
2025-08-07 02:00:00 PDT,1754557200,101.84,101.89,W,26,32,,78,12.8,16.5,,,32200,1.2,,6,,,16.8,16.3,0
2025-08-07 01:00:00 PDT,1754553600,101.81,101.86,W,28,30,41,77,12.8,16.9,,,32200,1.2,,7,,,17.3,16.8,0
2025-08-07 00:00:00 PDT,1754550000,101.81,101.86,W,27,31,,82,14.2,17.2,,,32200,1.2,,8,,,17.4,17.2,0
2025-08-06 23:00:00 PDT,1754546400,101.79,101.84,W,27,32,,88,15.5,17.5,,,32200,1.3,,7,,,17.6,17.4,0
2025-08-06 22:00:00 PDT,1754542800,101.75,101.8,W,27,22,,92,16.4,17.6,,,32200,1.4,,8,,,18.5,17.6,0
2025-08-06 21:00:00 PDT,1754539200,101.71,101.76,E,10,14,,81,15.1,18.2,,,32200,1.4,,7,,,19.5,18.1,0
2025-08-06 20:00:00 PDT,1754535600,101.65,101.7,SE,13,16,,75,14.9,19.5,,,48300,1.5,,4,,,21,19.5,0
2025-08-06 19:00:00 PDT,1754532000,101.68,101.73,SE,13,19,,70,15.3,20.8,,25,48300,1.5,,8,,,21.5,20.6,0
2025-08-06 18:00:00 PDT,1754528400,101.66,101.71,SE,13,24,,71,16,21.5,,26,48300,1.4,,6,,,22,20.6,0
2025-08-06 17:00:00 PDT,1754524800,101.68,101.73,SE,12,23,,75,16.5,21.1,,26,40200,1.4,,7,,,21.6,20.6,0
2025-08-06 16:00:00 PDT,1754521200,101.69,101.74,SE,12,24,,73,15.9,20.8,,25,40200,1.3,,8,,,23.2,20.8,0
2025-08-06 15:00:00 PDT,1754517600,101.71,101.76,SE,13,24,34,71,16.4,21.8,,27,40200,1.3,,8,,,22.3,20.9,0
2025-08-06 14:00:00 PDT,1754514000,101.69,101.74,SSE,14,22,,75,16.6,21.1,,26,24100,1.2,,8,,,21.6,19.6,0
2025-08-06 13:00:00 PDT,1754510400,101.71,101.76,SE,14,23,,81,16.7,19.9,,,24100,1.1,,8,,,20.8,19.3,0
2025-08-06 12:00:00 PDT,1754506800,101.69,101.74,SSE,16,26,,81,16.7,20,,25,19300,1.1,,8,,,20,18.3,0
2025-08-06 11:00:00 PDT,1754503200,101.65,101.7,SSE,14,22,,91,17.1,18.5,,,16100,1.2,,7,,,18.7,17,0
2025-08-06 10:00:00 PDT,1754499600,101.62,101.67,SSE,14,16,,96,16.4,17.1,,,12900,1.3,,8,,,17.2,16.7,0
2025-08-06 09:00:00 PDT,1754496000,101.61,101.66,SE,12,14,,99,16.6,16.8,,,4000,1.4,,8,,,16.9,16.5,1.1
2025-08-06 08:00:00 PDT,1754492400,101.61,101.66,ESE,10,11,,99,16.5,16.6,,,3600,1.5,,8,,,16.6,16.4,2.2
2025-08-06 07:00:00 PDT,1754488800,101.6,101.65,ESE,11,14,,99,16.2,16.4,,,2000,2,,8,,,16.8,16.4,7.7
2025-08-06 06:00:00 PDT,1754485200,101.59,101.64,E,9,18,,99,16.5,16.7,,,2800,2,,8,,,16.9,16.7,4.7
2025-08-06 05:00:00 PDT,1754481600,101.61,101.66,ENE,7,11,,98,16.6,16.9,,,12900,3,,8,,,16.9,16.7,2
2025-08-06 04:00:00 PDT,1754478000,101.62,101.67,NE,4,9,,99,16.5,16.7,,,12900,3,,8,,,17.3,16.6,2.1
2025-08-06 03:00:00 PDT,1754474400,101.64,101.69,ENE,5,8,,94,16.2,17.2,,,16100,3,,8,,,17.2,17,0.4
2025-08-06 02:00:00 PDT,1754470800,101.65,101.7,ESE,10,7,,94,16.2,17.1,,,19300,2,,8,,,17.4,17.1,0.3
2025-08-06 01:00:00 PDT,1754467200,101.66,101.71,ENE,7,7,,93,16.3,17.4,,,19300,2.2,,8,,,17.7,17.4,0.1
2025-08-06 00:00:00 PDT,1754463600,101.67,101.72,NNE,2,10,,92,16.3,17.6,,,19300,3,,8,,,18.2,17.6,0
2025-08-05 23:00:00 PDT,1754460000,101.68,101.73,ENE,6,15,,90,16.4,18.1,,,24100,3,,8,,,18.2,18,0
2025-08-05 22:00:00 PDT,1754456400,101.69,101.74,ENE,5,9,,90,16.3,18,,,24100,3,,8,,,18,17.6,0
2025-08-05 21:00:00 PDT,1754452800,101.71,101.76,ENE,7,10,,90,16,17.7,,,16100,3,,8,,,17.7,16.7,0.1
2025-08-05 20:00:00 PDT,1754449200,101.72,101.77,,28,0,,92,15.7,16.9,,,16100,3,,8,,,18.7,16.8,1.1
2025-08-05 19:00:00 PDT,1754445600,101.72,101.77,WSW,25,12,,81,15.3,18.6,,,24100,3,,8,,,19.7,18.6,0
2025-08-05 18:00:00 PDT,1754442000,101.71,101.76,WSW,25,7,,76,15.2,19.4,,,24100,2.7,,8,,,20.7,19.4,0
2025-08-05 17:00:00 PDT,1754438400,101.7,101.75,E,10,9,,63,13.3,20.4,,,32200,2.5,,8,,,20.6,19.5,0
2025-08-05 16:00:00 PDT,1754434800,101.7,101.75,SSW,19,13,,72,14.4,19.6,,,40200,2.3,,8,,,21.4,19.6,0
2025-08-05 15:00:00 PDT,1754431200,101.72,101.77,SSE,16,11,,60,13.1,21,,,40200,2.1,,7,,,21.9,20.8,0
2025-08-05 14:00:00 PDT,1754427600,101.76,101.81,SE,13,12,,61,13.5,21.3,,,48300,2,,8,,,21.9,20.7,0
2025-08-05 13:00:00 PDT,1754424000,101.76,101.81,ESE,11,15,28,61,13.3,21,,,48300,2,,8,,,21.6,19.6,0
2025-08-05 12:00:00 PDT,1754420400,101.77,101.82,SE,12,26,,65,13.1,19.7,,,48300,1.6,,7,,,19.9,18.6,0
2025-08-05 11:00:00 PDT,1754416800,101.78,101.83,ESE,11,23,,69,13.2,18.9,,,40200,2,,7,,,19,18.2,0
2025-08-05 10:00:00 PDT,1754413200,101.76,101.81,ESE,11,22,,,,,,,40230,2,,8,,,19,17.5,
2025-08-05 09:00:00 PDT,1754409600,101.72,101.77,SE,12,21,,72,12.7,17.6,,,40200,1.5,,7,,,17.6,17.1,0
2025-08-05 08:00:00 PDT,1754406000,101.7,101.75,E,9,21,,78,13.2,17,,,40200,1.4,,7,,,17.2,15.9,0
2025-08-05 07:00:00 PDT,1754402400,101.67,101.72,E,10,21,,82,12.9,15.9,,,40200,2,,7,,,15.9,15.5,0
2025-08-05 06:00:00 PDT,1754398800,101.63,101.68,ESE,11,25,,81,12.5,15.8,,,32200,2,,7,,,15.9,15.6,0
2025-08-05 05:00:00 PDT,1754395200,101.59,101.64,ESE,10,23,,80,12.5,15.9,,,32200,2,,7,,,16.2,15.9,0
2025-08-05 04:00:00 PDT,1754391600,101.59,101.64,ESE,10,20,,78,12.4,16.1,,,32200,2,,8,,,16.4,16,0
2025-08-05 03:00:00 PDT,1754388000,101.59,101.64,ESE,11,20,,78,12.5,16.4,,,32200,1.7,,8,,,16.5,16.1,0
2025-08-05 02:00:00 PDT,1754384400,101.57,101.62,ESE,10,18,,78,12.5,16.4,,,32200,2,,6,,,17,16.3,0
2025-08-05 01:00:00 PDT,1754380800,101.57,101.62,ESE,10,17,,80,13,16.5,,,32200,2.1,,6,,,17.7,16.5,0
2025-08-05 00:00:00 PDT,1754377200,101.57,101.62,ESE,10,18,,75,13.3,17.7,,,32200,2.2,,6,,,17.8,17.3,0
2025-08-04 23:00:00 PDT,1754373600,101.54,101.59,E,10,17,,72,12.8,17.8,,,32200,2.2,,5,,,18.4,17.6,0
2025-08-04 22:00:00 PDT,1754370000,101.56,101.61,E,9,18,,75,13.2,17.8,,,32200,2.3,,4,,,18.6,17.8,0
2025-08-04 21:00:00 PDT,1754366400,101.55,101.6,E,9,19,,70,12.9,18.3,,,32200,2.4,,4,,,19.5,18.3,0
2025-08-04 20:00:00 PDT,1754362800,101.56,101.61,SE,13,17,,65,12.9,19.5,,,32200,2.4,,7,,,20.9,19.5,0
2025-08-04 19:00:00 PDT,1754359200,101.55,101.6,SSE,15,17,,61,13.3,21,,,32200,2.3,,7,,,22.3,20.8,0
2025-08-04 18:00:00 PDT,1754355600,101.55,101.6,SE,14,16,,57,13.5,22.1,,25,40200,2.3,,7,,,22.8,21.6,0
2025-08-04 17:00:00 PDT,1754352000,101.57,101.62,ESE,11,13,,58,13.3,21.7,,25,48300,2.2,,8,,,22.9,20.9,0
2025-08-04 16:00:00 PDT,1754348400,101.61,101.66,SE,13,14,,57,13.9,22.7,,26,48300,2,,8,,,23.1,21.5,0
2025-08-04 15:00:00 PDT,1754344800,101.66,101.71,ESE,11,19,,61,13.9,21.6,,25,48300,2,,7,,,23.1,21.1,0
2025-08-04 14:00:00 PDT,1754341200,101.69,101.74,ESE,10,17,,63,14.4,21.8,,25,48300,2,,6,,,23.1,20.6,0
2025-08-04 13:00:00 PDT,1754337600,101.73,101.78,S,17,11,,63,13.6,20.9,,,40200,1.5,,7,,,22.2,20.4,0
2025-08-04 12:00:00 PDT,1754334000,101.74,101.79,E,9,14,,65,13.6,20.3,,,40200,1.4,,7,,,21.8,19.7,0
2025-08-04 11:00:00 PDT,1754330400,101.73,101.78,E,9,7,,67,13.7,19.9,,,40200,1.4,,7,,,20.7,18,0
2025-08-04 10:00:00 PDT,1754326800,101.75,101.8,E,8,6,,75,13.8,18.2,,,40200,1.4,,7,,,18.4,17.1,0
2025-08-04 09:00:00 PDT,1754323200,101.74,101.79,ESE,11,12,,76,13,17.2,,,40200,1.4,,8,,,17.2,16.6,0
2025-08-04 08:00:00 PDT,1754319600,101.73,101.78,ESE,11,14,,81,13.2,16.4,,,40200,1.4,,6,,,16.4,15.5,0
2025-08-04 07:00:00 PDT,1754316000,101.72,101.77,ESE,10,12,,85,12.9,15.5,,,40200,1.5,,7,,,15.5,15,0
2025-08-04 06:00:00 PDT,1754312400,101.71,101.76,SE,12,12,,86,12.8,15,,,24100,1.6,,2,,,15.4,14.7,0
2025-08-04 05:00:00 PDT,1754308800,101.69,101.74,SE,13,10,,85,12.7,15.2,,,24100,1.6,,3,,,17,15.2,0
2025-08-04 04:00:00 PDT,1754305200,101.72,101.77,ESE,11,14,,77,13,17,,,24100,1.8,,8,,,17.1,16.9,0
2025-08-04 03:00:00 PDT,1754301600,101.72,101.77,SE,12,17,,77,12.9,17,,,24100,1.9,,8,,,17.4,17,0
2025-08-04 02:00:00 PDT,1754298000,101.7,101.75,ESE,11,14,,76,13.2,17.4,,,24100,2,,8,,,17.8,17.4,0
2025-08-04 01:00:00 PDT,1754294400,101.74,101.79,ESE,11,17,,74,13.3,17.8,,,32200,2.1,,8,,,18.1,17.8,0
2025-08-04 00:00:00 PDT,1754290800,101.75,101.8,ESE,10,13,,75,13.4,17.8,,,24100,2.2,,8,,,17.8,17.5,0
2025-08-03 23:00:00 PDT,1754287200,101.75,101.8,ESE,10,16,,77,13.6,17.5,,,24100,2.3,,8,,,17.5,17.1,0
2025-08-03 22:00:00 PDT,1754283600,101.75,101.8,E,9,16,,80,13.7,17.1,,,24100,2.4,,6,,,17.6,17.1,0
2025-08-03 21:00:00 PDT,1754280000,101.75,101.8,E,10,17,,76,13.2,17.5,,,24100,2.4,,2,,,18.8,17.5,0
2025-08-03 20:00:00 PDT,1754276400,101.75,101.8,ESE,12,13,,68,13,18.8,,,24100,2.4,,6,,,20.6,18.8,0
2025-08-03 19:00:00 PDT,1754272800,101.75,101.8,SE,13,13,,61,13.1,20.7,,,32200,2.4,,3,,,21.1,20.1,0
2025-08-03 18:00:00 PDT,1754269200,101.81,101.86,SSE,16,3,,64,13.8,20.9,,,32200,2.3,,3,,,21.8,19.3,0
2025-08-03 17:00:00 PDT,1754265600,101.87,101.92,,15,0,,65,13.7,20.4,,,32200,2.2,,7,,,21.8,19.3,0
2025-08-03 16:00:00 PDT,1754262000,101.91,101.96,SW,21,22,33,73,14.5,19.5,,,32200,2,,6,,,20,19.4,0
2025-08-03 15:00:00 PDT,1754258400,101.96,102.01,SSW,20,20,,68,14,20,,,32200,2,,7,,,20.3,19.4,0
2025-08-03 14:00:00 PDT,1754254800,101.98,102.03,SW,21,17,33,71,14.2,19.5,,,32200,1.7,,6,,,20.1,19.3,0
2025-08-03 13:00:00 PDT,1754251200,102.02,102.07,SSW,20,15,,71,14.2,19.6,,,24100,2,,8,,,20.6,19.2,0
2025-08-03 12:00:00 PDT,1754247600,102.05,102.1,SSE,16,12,,66,13.1,19.5,,,24100,2,,7,,,19.7,18.8,0
2025-08-03 11:00:00 PDT,1754244000,102.05,102.1,ESE,11,16,,70,13.4,18.8,,,32200,1.3,,7,,,19,18.1,0
2025-08-03 10:00:00 PDT,1754240400,102.06,102.11,ESE,11,17,,70,13.2,18.6,,,32200,1.2,,8,,,18.6,16.9,0
2025-08-03 09:00:00 PDT,1754236800,102.07,102.12,ESE,11,18,,77,12.8,16.8,,,32200,1.2,,8,,,16.8,15.7,0
2025-08-03 08:00:00 PDT,1754233200,102.09,102.14,ESE,10,14,,83,12.9,15.7,,,24100,1.2,,8,,,15.7,14.8,0
2025-08-03 07:00:00 PDT,1754229600,102.08,102.13,ESE,10,18,,84,12.2,14.9,,,24100,1.2,,6,,,15,14,0
2025-08-03 06:00:00 PDT,1754226000,102.07,102.12,ESE,10,16,,87,11.8,14,,,32200,1.2,,8,,,14.4,13.6,0
2025-08-03 05:00:00 PDT,1754222400,102.05,102.1,ESE,10,16,,84,11.8,14.4,,,24100,1.3,,8,,,14.8,14,0
2025-08-03 04:00:00 PDT,1754218800,102.06,102.11,ESE,11,13,,81,11.8,14.9,,,24100,1.3,,5,,,15.1,14.3,0
2025-08-03 03:00:00 PDT,1754215200,102.05,102.1,ESE,10,10,,84,11.8,14.4,,,24100,1.3,,2,,,15.4,14.4,0
2025-08-03 02:00:00 PDT,1754211600,102.04,102.09,E,10,16,,81,12.1,15.3,,,24100,1.3,,2,,,16.1,15.3,0
2025-08-03 01:00:00 PDT,1754208000,102.06,102.11,E,9,14,,82,12.7,15.7,,,24100,1.4,,0,,,16.2,15.6,0
2025-08-03 00:00:00 PDT,1754204400,102.05,102.1,E,9,14,,87,13.5,15.7,,,24100,1.5,,0,,,16.5,15.6,0
2025-08-02 23:00:00 PDT,1754200800,102.04,102.09,E,9,17,,80,13.1,16.5,,,24100,1.5,,0,,,17.5,16.4,0
2025-08-02 22:00:00 PDT,1754197200,102.05,102.1,ESE,11,19,,73,12.7,17.4,,,32200,1.7,,0,,,18.3,17.2,0
2025-08-02 21:00:00 PDT,1754193600,102.06,102.11,SE,12,18,,71,13.1,18.4,,,48300,1.8,,0,,,19.7,18.4,0
2025-08-02 20:00:00 PDT,1754190000,102.07,102.12,SE,12,21,,65,13,19.7,,,48300,1.9,,1,,,21.6,19.7,0
2025-08-02 19:00:00 PDT,1754186400,102.07,102.12,SE,13,12,,60,13.4,21.5,,25,32200,1.9,,1,,,22.7,21.5,0
2025-08-02 18:00:00 PDT,1754182800,102.13,102.18,ESE,12,17,,56,13.5,22.6,,26,32200,1.9,,1,,,23.9,22.5,0
2025-08-02 17:00:00 PDT,1754179200,102.18,102.23,ESE,12,17,,52,13.5,23.9,,27,32200,1.8,,1,,,24.3,23.4,0
2025-08-02 16:00:00 PDT,1754175600,102.24,102.29,SSE,14,17,,55,14.1,23.6,,27,32200,1.8,,2,,,24.4,23.3,0
2025-08-02 15:00:00 PDT,1754172000,102.27,102.32,SE,12,14,,56,14.4,23.6,,27,32200,1.7,,2,,,24.5,23.1,0
2025-08-02 14:00:00 PDT,1754168400,102.29,102.34,SE,12,14,,56,14.3,23.4,,27,32200,1.6,,2,,,23.9,22.3,0
2025-08-02 13:00:00 PDT,1754164800,102.3,102.35,SE,13,15,28,57,14,22.7,,26,32200,1.3,,2,,,22.7,21.4,0
2025-08-02 12:00:00 PDT,1754161200,102.32,102.37,SE,12,18,31,61,14.2,21.9,,25,32200,1.1,,2,,,21.9,20.9,0
2025-08-02 11:00:00 PDT,1754157600,102.32,102.37,ESE,11,19,30,65,14.4,21.2,,25,32200,1,,1,,,21.2,19.3,0
2025-08-02 10:00:00 PDT,1754154000,102.31,102.36,SE,12,23,,71,14.3,19.6,,,32200,1,,1,,,19.6,15.8,0
2025-08-02 09:00:00 PDT,1754150400,102.3,102.35,ESE,11,18,,87,14.5,16.6,,,32200,1,,7,,,16.6,15.4,0
2025-08-02 08:00:00 PDT,1754146800,102.26,102.31,E,9,18,,92,14.3,15.5,,,32200,1,,8,,,15.6,15.2,0
2025-08-02 07:00:00 PDT,1754143200,102.22,102.27,E,9,22,,94,14.3,15.2,,,32200,1,,7,,,15.4,14.5,0
2025-08-02 06:00:00 PDT,1754139600,102.17,102.22,SE,12,15,,96,13.8,14.4,,,32200,1.1,,6,,,14.9,14.4,0
2025-08-02 05:00:00 PDT,1754136000,102.15,102.2,ESE,11,13,,97,14.1,14.7,,,24100,1.2,,1,,,15.1,14.5,0
2025-08-02 04:00:00 PDT,1754132400,102.14,102.19,ESE,11,14,,94,14.2,15.1,,,24100,1.4,,0,,,15.5,14.2,0
2025-08-02 03:00:00 PDT,1754128800,102.09,102.14,ESE,11,13,,90,13.8,15.4,,,32200,1.5,,0,,,16.1,15.3,0
2025-08-02 02:00:00 PDT,1754125200,102.08,102.13,ESE,12,17,,86,13.7,16,,,24100,1.7,,0,,,16.2,15.7,0
2025-08-02 01:00:00 PDT,1754121600,102.06,102.11,ESE,11,15,,81,13,16.2,,,24100,2.1,,0,,,16.6,15.7,0
2025-08-02 00:00:00 PDT,1754118000,102.02,102.07,E,9,17,,77,12.6,16.5,,,24100,2.1,,0,,,17.4,16.4,0
2025-08-01 23:00:00 PDT,1754114400,102,102.05,ESE,11,11,,76,12.8,17,,,24100,2.2,,0,,,18.9,16.9,0
2025-08-01 22:00:00 PDT,1754110800,101.98,102.03,E,9,16,,73,13.5,18.3,,,32200,2.2,,3,,,20.2,18.3,0
2025-08-01 21:00:00 PDT,1754107200,101.95,102,ESE,10,18,,64,13.2,20.2,,,32200,2.2,,6,,,21.8,20.2,0
2025-08-01 20:00:00 PDT,1754103600,101.93,101.98,E,9,18,,58,13.4,21.8,,25,48300,2.2,,2,,,24,21.8,0
2025-08-01 19:00:00 PDT,1754100000,101.9,101.95,SE,14,13,,52,13.8,24,,27,48300,2.2,,2,,,25,24,0
2025-08-01 18:00:00 PDT,1754096400,101.92,101.97,SE,12,9,,53,14.6,24.6,,28,32200,2.2,,3,,,24.9,24.3,0
2025-08-01 17:00:00 PDT,1754092800,101.95,102,SE,14,12,,51,14.1,24.6,,28,32200,2.2,,4,,,24.9,23.5,0
2025-08-01 16:00:00 PDT,1754089200,101.98,102.03,SSW,20,14,,57,15.4,24.2,,28,32200,2.1,,5,,,25.2,23.4,0
2025-08-01 15:00:00 PDT,1754085600,102,102.05,SE,13,17,,49,13.8,24.9,,28,32200,1.9,,5,,,25.2,23.3,0
2025-08-01 14:00:00 PDT,1754082000,102.03,102.08,ESE,12,17,,55,13.9,23.5,,27,32200,1.7,,4,,,24.3,22.6,0
2025-08-01 13:00:00 PDT,1754078400,102.05,102.1,SE,12,17,,56,13.8,22.8,,26,32200,1.6,,6,,,23.9,21.4,0
2025-08-01 12:00:00 PDT,1754074800,102.07,102.12,SSE,15,19,29,60,13.8,21.7,,25,32200,1.5,,6,,,22,20.3,0
2025-08-01 11:00:00 PDT,1754071200,102.05,102.1,SSE,14,14,,65,13.7,20.5,,,32200,1.4,,5,,,20.6,19.1,0
2025-08-01 10:00:00 PDT,1754067600,102.04,102.09,ESE,11,16,,70,13.4,19,,,32200,1.4,,7,,,19.1,18,0
2025-08-01 09:00:00 PDT,1754064000,102,102.05,ESE,10,20,,74,13.4,18,,,32200,1.4,,7,,,18.1,16.9,0
2025-08-01 08:00:00 PDT,1754060400,101.95,102,E,9,13,,78,13,16.9,,,32200,1.3,,5,,,16.9,14.8,0
2025-08-01 07:00:00 PDT,1754056800,101.92,101.97,SE,13,9,,88,12.9,14.8,,,32200,1.3,,4,,,15,14.3,0
2025-08-01 06:00:00 PDT,1754053200,101.84,101.89,ESE,10,14,,90,12.5,14.2,,,48300,1.3,,2,,,14.4,13.7,0
2025-08-01 05:00:00 PDT,1754049600,101.8,101.85,E,9,13,,90,12.6,14.2,,,32200,1.3,,4,,,14.5,13.8,0
2025-08-01 04:00:00 PDT,1754046000,101.76,101.81,ESE,11,9,,89,12.3,14.1,,,32200,1.3,,6,,,15.2,14.1,0
2025-08-01 03:00:00 PDT,1754042400,101.78,101.83,SE,13,11,,86,12.7,14.9,,,32200,1.4,,6,,,16.9,14.9,0
2025-08-01 02:00:00 PDT,1754038800,101.75,101.8,ESE,11,18,,75,12.6,16.9,,,32200,1,,6,,,16.9,15.6,0
2025-08-01 01:00:00 PDT,1754035200,101.73,101.78,E,10,21,,85,13.2,15.6,,,32200,,,5,,,16.8,15.5,0
2025-08-01 00:00:00 PDT,1754031600,101.69,101.74,E,9,16,,80,13,16.4,,,32200,2,,2,,,18.4,16.4,0
2025-07-31 23:00:00 PDT,1754028000,101.67,101.72,SE,14,16,,73,13.7,18.6,,,32200,2,,7,,,20.2,18.6,0
2025-07-31 22:00:00 PDT,1754024400,101.59,101.64,SE,12,13,,67,13.8,20,,,32200,1.9,,6,,,21.9,20,0
2025-07-31 21:00:00 PDT,1754020800,101.52,101.57,SE,13,15,,59,13.5,21.9,,25,32200,2,,5,,,23.3,21.9,0
2025-07-31 20:00:00 PDT,1754017200,101.5,101.55,SE,12,15,,55,13.9,23.4,,27,48300,2.3,,8,,,24.5,23.4,0
2025-07-31 19:00:00 PDT,1754013600,101.53,101.58,ESE,12,20,,52,14.1,24.3,,28,32200,2.6,,8,,,25.6,24.2,0
2025-07-31 18:00:00 PDT,1754010000,101.55,101.6,ESE,12,18,,52,15.3,25.6,,30,32200,2.8,,8,,,27.3,25.6,0
2025-07-31 17:00:00 PDT,1754006400,101.54,101.59,S,17,14,,49,14.6,26,,30,32200,2.7,,7,,,26.6,24.5,0
2025-07-31 16:00:00 PDT,1754002800,101.54,101.59,SSE,16,11,,50,15.3,26.3,,30,32200,2.6,,6,,,26.6,23.3,0
2025-07-31 15:00:00 PDT,1753999200,101.56,101.61,SSW,21,18,29,69,17.4,23.4,,29,32200,2.3,,6,,,23.5,21.7,0
2025-07-31 14:00:00 PDT,1753995600,101.61,101.66,SSW,21,17,28,69,16.1,22,,27,32200,2,,3,,,24.8,21.9,0
2025-07-31 13:00:00 PDT,1753992000,101.65,101.7,ESE,12,11,,53,13.7,23.6,,27,32200,1.7,,2,,,23.6,20.9,0
2025-07-31 12:00:00 PDT,1753988400,101.69,101.74,ESE,12,14,,59,13.5,21.8,,25,32200,1.6,,6,,,22.9,21.4,0
2025-07-31 11:00:00 PDT,1753984800,101.69,101.74,SE,14,9,,56,13.4,22.4,,25,32200,1.5,,6,,,22.5,20.6,0
2025-07-31 10:00:00 PDT,1753981200,101.7,101.75,ESE,11,15,,63,13.7,20.8,,,32200,,,7,,,20.9,17.8,0
2025-07-31 09:00:00 PDT,1753977600,101.7,101.75,SE,13,19,,77,13.8,17.8,,,32200,1.3,,8,,,18.1,17,0
2025-07-31 08:00:00 PDT,1753974000,101.7,101.75,SE,13,11,,80,13.5,17,,,32200,1.3,,7,,,17,16.1,0
2025-07-31 07:00:00 PDT,1753970400,101.65,101.7,ESE,12,14,,83,13.3,16.1,,,32200,1.4,,8,,,16.4,15.4,0
2025-07-31 06:00:00 PDT,1753966800,101.6,101.65,SE,14,8,,87,13.4,15.5,,,32200,1.5,,7,,,16,15.4,0
2025-07-31 05:00:00 PDT,1753963200,101.58,101.63,SE,13,12,,84,13.3,16,,,32200,1.6,,7,,,16.6,15.9,0
2025-07-31 04:00:00 PDT,1753959600,101.55,101.6,E,8,9,,83,13.6,16.5,,,32200,2,,7,,,17.1,16.3,0
2025-07-31 03:00:00 PDT,1753956000,101.54,101.59,E,9,9,,81,13.4,16.8,,,32200,2.3,,7,,,17,16.2,0
2025-07-31 02:00:00 PDT,1753952400,101.52,101.57,SE,12,7,,81,13.4,16.7,,,32200,2.4,,7,,,16.8,16.1,0
2025-07-31 01:00:00 PDT,1753948800,101.51,101.56,E,9,15,,84,13.7,16.3,,,32200,2.6,,6,,,17.7,16.3,0
2025-07-31 00:00:00 PDT,1753945200,101.49,101.54,E,9,11,,81,14.1,17.4,,,32200,2.7,,1,,,18.9,17.4,0
2025-07-30 23:00:00 PDT,1753941600,101.46,101.51,E,9,14,,74,13.7,18.4,,,32200,2.7,,2,,,20.7,18.4,0
2025-07-30 22:00:00 PDT,1753938000,101.47,101.52,ESE,10,12,,64,13.5,20.5,,,32200,2.6,,2,,,21.6,20.5,0
2025-07-30 21:00:00 PDT,1753934400,101.43,101.48,ESE,10,15,,56,12.8,21.7,,,48300,2.5,,8,,,24.8,21.1,0
2025-07-30 20:00:00 PDT,1753930800,101.41,101.46,SSE,15,7,,57,15.3,24.2,,28,48300,2.7,,4,,,24.9,23.6,0
2025-07-30 19:00:00 PDT,1753927200,101.39,101.44,SW,22,7,,64,16.4,23.6,,28,48300,3.1,,5,,,23.8,23.4,0
2025-07-30 18:00:00 PDT,1753923600,101.44,101.49,SW,21,8,,60,15.6,23.5,,28,48300,3.5,,6,,,23.6,22.4,0
2025-07-30 17:00:00 PDT,1753920000,101.5,101.55,SW,23,10,,78,18.5,22.6,,29,48300,3.7,,5,,,23.1,22.2,0
2025-07-30 16:00:00 PDT,1753916400,101.58,101.63,SW,23,12,,75,17.7,22.2,,28,48300,3.7,,5,,,22.2,21.7,0
2025-07-30 15:00:00 PDT,1753912800,101.63,101.68,SW,23,14,,73,17,22,,27,48300,3.5,,5,,,22.7,21.9,0
2025-07-30 14:00:00 PDT,1753909200,101.69,101.74,WSW,24,13,,63,15.1,22.3,,26,48300,3.3,,4,,,22.8,22.1,0
2025-07-30 13:00:00 PDT,1753905600,101.74,101.79,SW,23,13,,56,13.4,22.5,,26,48300,3.2,,3,,,22.7,21.6,0
2025-07-30 12:00:00 PDT,1753902000,101.8,101.85,SW,21,14,,69,15.9,21.6,,26,48300,3,,3,,,22.5,20.9,0
2025-07-30 11:00:00 PDT,1753898400,101.84,101.89,SSW,20,14,,61,14.9,22.7,,27,48300,2.6,,3,,,23.1,21.7,0
2025-07-30 10:00:00 PDT,1753894800,101.86,101.91,S,17,8,,62,14.6,22.1,,26,48300,2.4,,3,,,22.3,20.8,0
2025-07-30 09:00:00 PDT,1753891200,101.88,101.93,SSE,16,8,,60,12.9,20.9,,,48300,2.2,,3,,,21,18.4,0
2025-07-30 08:00:00 PDT,1753887600,101.88,101.93,E,8,7,,74,13.8,18.5,,,48300,2.2,,4,,,18.5,16.2,0
2025-07-30 07:00:00 PDT,1753884000,101.86,101.91,,10,0,,86,13.8,16.2,,,48300,2.3,,5,,,16.3,15.1,0
2025-07-30 06:00:00 PDT,1753880400,101.86,101.91,ESE,11,4,,92,14,15.3,,,32200,3,,2,,,15.3,13.2,0
2025-07-30 05:00:00 PDT,1753876800,101.85,101.9,,,0,,89,12.8,14.6,,,32200,2.3,,1,,,16.2,13.9,0
2025-07-30 04:00:00 PDT,1753873200,101.83,101.88,,,0,,87,13.9,16.1,,,32200,2.7,,0,,,16.7,15.6,0
2025-07-30 03:00:00 PDT,1753869600,101.78,101.83,E,9,5,,86,14.1,16.4,,,32200,3,,0,,,16.9,15.9,0
2025-07-30 02:00:00 PDT,1753866000,101.79,101.84,ESE,10,9,,87,14,16.1,,,32200,2.9,,0,,,17.3,15.9,0
2025-07-30 01:00:00 PDT,1753862400,101.78,101.83,E,10,13,,74,12.6,17.2,,,32200,3,,0,,,18.6,17.1,0
2025-07-30 00:00:00 PDT,1753858800,101.77,101.82,E,9,15,,69,12.6,18.3,,,32200,3,,0,,,18.5,17.8,0
2025-07-29 23:00:00 PDT,1753855200,101.75,101.8,E,9,15,,74,13.9,18.5,,,40200,3.1,,0,,,21.6,18.5,0
2025-07-29 22:00:00 PDT,1753851600,101.72,101.77,ESE,11,4,,53,11.3,21.2,,,32200,3.2,,0,,,22.8,20.8,0
2025-07-29 21:00:00 PDT,1753848000,101.71,101.76,SE,12,6,,48,11.2,22.8,,25,48300,3.2,,0,,,23.1,21.8,0
2025-07-29 20:00:00 PDT,1753844400,101.72,101.77,SW,21,9,,62,14.6,22.1,,26,48300,3.2,,0,,,23,21.9,0
2025-07-29 19:00:00 PDT,1753840800,101.76,101.81,SW,22,9,,61,15.2,23,,27,48300,3.3,,0,,,25.2,22.8,0
2025-07-29 18:00:00 PDT,1753837200,101.79,101.84,WNW,28,9,,49,13.7,25,,28,48300,3.3,,0,,,25,23.5,0
2025-07-29 17:00:00 PDT,1753833600,101.88,101.93,WSW,24,12,,55,14.1,23.6,,27,48300,3.3,,0,,,24,22.9,0
2025-07-29 16:00:00 PDT,1753830000,101.94,101.99,WSW,24,13,,54,13.7,23.4,,27,48300,3.2,,0,,,24.6,23.1,0
2025-07-29 15:00:00 PDT,1753826400,101.98,102.03,W,26,14,,58,14.8,23.5,,27,48300,3.2,,0,,,23.9,22.2,0
2025-07-29 14:00:00 PDT,1753822800,102.05,102.1,WSW,24,13,,58,14.1,22.6,,26,48300,3.1,,0,,,23,21.3,0
2025-07-29 13:00:00 PDT,1753819200,102.09,102.14,WSW,23,14,,63,14.6,21.8,,26,48300,2.6,,0,,,22.4,20.3,0
2025-07-29 12:00:00 PDT,1753815600,102.13,102.18,SW,22,12,,69,14.7,20.4,,,48300,2.5,,0,,,21.1,20,0
2025-07-29 11:00:00 PDT,1753812000,102.15,102.2,WSW,24,11,,74,15.3,20,,,48300,2.4,,0,,,20.1,19.3,0
2025-07-29 10:00:00 PDT,1753808400,102.15,102.2,SW,23,9,,71,14.2,19.4,,,48300,2.2,,0,,,19.6,18.4,0
2025-07-29 09:00:00 PDT,1753804800,102.2,102.25,SW,22,9,,73,13.5,18.5,,,48300,2,,0,,,19.3,17.4,0
2025-07-29 08:00:00 PDT,1753801200,102.19,102.24,SE,14,4,,70,12,17.4,,,48300,1.9,,0,,,17.4,15.7,0
2025-07-29 07:00:00 PDT,1753797600,102.17,102.22,SSE,15,5,,76,11.5,15.6,,,48300,1.9,,0,,,15.6,14.3,0
2025-07-29 06:00:00 PDT,1753794000,102.14,102.19,ESE,11,6,,79,11,14.6,,,32200,2,,0,,,15.1,13.5,0
2025-07-29 05:00:00 PDT,1753790400,102.11,102.16,E,10,7,,90,13,14.7,,,32200,2.1,,0,,,14.7,13.3,0
2025-07-29 04:00:00 PDT,1753786800,102.07,102.12,E,9,9,,90,12.4,13.9,,,32200,2.4,,1,,,15.6,13.8,0
2025-07-29 03:00:00 PDT,1753783200,102.04,102.09,ENE,7,5,,81,12.2,15.4,,,32200,2.4,,0,,,15.8,14.9,0
2025-07-29 02:00:00 PDT,1753779600,102.03,102.08,ESE,11,8,,82,12.1,15.1,,,32200,2.3,,1,,,16,15,0
2025-07-29 01:00:00 PDT,1753776000,101.98,102.03,E,9,10,,79,12.2,15.8,,,32200,2.3,,0,,,17.5,15.5,0
2025-07-29 00:00:00 PDT,1753772400,101.96,102.01,,,0,,70,11.8,17.3,,,32200,2.3,,1,,,18.7,17,0
2025-07-28 23:00:00 PDT,1753768800,101.94,101.99,ESE,10,7,,68,11.5,17.4,,,32200,2.3,,1,,,18.7,17,0
2025-07-28 22:00:00 PDT,1753765200,101.93,101.98,ESE,10,4,,76,14,18.3,,,32200,2.5,,1,,,18.5,16.8,0
2025-07-28 21:00:00 PDT,1753761600,101.88,101.93,NW,31,6,,82,13.9,16.9,,,32200,2.4,,2,,,19.4,16.6,0
2025-07-28 20:00:00 PDT,1753758000,101.88,101.93,WNW,28,10,,72,14.3,19.4,,,32200,2.4,,3,,,22,19.4,0
2025-07-28 19:00:00 PDT,1753754400,101.87,101.92,SSW,21,14,,62,14.4,22.1,,26,32200,2.5,,2,,,23.8,22,0
2025-07-28 18:00:00 PDT,1753750800,101.89,101.94,SSW,20,16,,57,14.8,23.6,,27,48300,2.6,,2,,,24.3,23.5,0
2025-07-28 17:00:00 PDT,1753747200,101.92,101.97,SSW,21,17,,56,14.8,23.9,,28,48300,2.5,,1,,,26.3,23.8,0
2025-07-28 16:00:00 PDT,1753743600,101.96,102.01,SE,13,10,,40,11.7,26,,28,48300,2.4,,1,,,26,24.8,0
2025-07-28 15:00:00 PDT,1753740000,102,102.05,ESE,11,10,,44,12,24.9,,27,48300,2.3,,1,,,25,23.9,0
2025-07-28 14:00:00 PDT,1753736400,102.01,102.06,SSE,15,14,,42,11,24.3,,26,48300,2.1,,1,,,25.1,22.3,0
2025-07-28 13:00:00 PDT,1753732800,102.02,102.07,ESE,12,12,29,48,11.9,23.4,,26,48300,2,,2,,,23.6,21.7,0
2025-07-28 12:00:00 PDT,1753729200,102.03,102.08,SE,14,13,,48,11.4,22.7,,25,48300,1.9,,1,,,22.8,20.9,0
2025-07-28 11:00:00 PDT,1753725600,102.04,102.09,SSE,15,17,,52,10.9,21,,,48300,1.8,,0,,,21.3,19.9,0
2025-07-28 10:00:00 PDT,1753722000,102.02,102.07,SE,13,16,,54,10.6,20,,,48300,1.7,,1,,,20.1,17.6,0
2025-07-28 09:00:00 PDT,1753718400,102.01,102.06,E,9,13,,68,11.7,17.6,,,48300,1.7,,0,,,17.7,16.3,0
2025-07-28 08:00:00 PDT,1753714800,101.99,102.04,ESE,11,19,,70,10.9,16.4,,,48300,1.7,,0,,,16.4,14.9,0
2025-07-28 07:00:00 PDT,1753711200,101.94,101.99,ESE,10,16,,80,11.5,14.9,,,48300,1.7,,1,,,14.9,13.1,0
2025-07-28 06:00:00 PDT,1753707600,101.89,101.94,ESE,10,14,,91,11.7,13.1,,,32200,1.8,,1,,,13.7,12.4,0
2025-07-28 05:00:00 PDT,1753704000,101.85,101.9,SE,13,10,,89,11.8,13.5,,,32200,1.9,,1,,,14.2,13,0
2025-07-28 04:00:00 PDT,1753700400,101.82,101.87,SE,13,12,,87,11.9,14,,,32200,2,,2,,,15.4,14,0
2025-07-28 03:00:00 PDT,1753696800,101.78,101.83,ESE,12,10,,84,11.9,14.6,,,32200,2,,2,,,16.3,14.4,0
2025-07-28 02:00:00 PDT,1753693200,101.73,101.78,ESE,11,12,,78,12.4,16.2,,,32200,1.9,,1,,,16.8,15.7,0
2025-07-28 01:00:00 PDT,1753689600,101.71,101.76,E,8,11,,79,12.1,15.8,,,32200,2.1,,1,,,16.6,15.8,0
2025-07-28 00:00:00 PDT,1753686000,101.69,101.74,E,9,14,,77,12.1,16.1,,,32200,2.1,,1,,,17.7,16.1,0
2025-07-27 23:00:00 PDT,1753682400,101.66,101.71,SE,12,11,,68,11.6,17.6,,,32200,2.1,,1,,,18.4,17.5,0
2025-07-27 22:00:00 PDT,1753678800,101.63,101.68,SE,14,11,,64,10.9,17.7,,,32200,2.1,,1,,,19.1,17.7,0
2025-07-27 21:00:00 PDT,1753675200,101.6,101.65,ESE,10,14,,57,10,18.7,,,32200,2.3,,1,,,20.5,18.2,0
2025-07-27 20:00:00 PDT,1753671600,101.56,101.61,E,9,17,,52,10.3,20.5,,,32200,2.2,,1,,,22.1,20.5,0
2025-07-27 19:00:00 PDT,1753668000,101.53,101.58,S,16,12,,47,10.6,22.1,,,32200,3,,1,,,22.9,21.9,0
2025-07-27 18:00:00 PDT,1753664400,101.55,101.6,SSE,14,14,,49,11.5,22.7,,25,32200,2,,2,,,23.4,22.7,0
2025-07-27 17:00:00 PDT,1753660800,101.56,101.61,SSE,16,18,29,45,11,23.3,,25,32200,2,,3,,,24,22.9,0
2025-07-27 16:00:00 PDT,1753657200,101.58,101.63,SE,14,16,,45,11.4,23.8,,26,32200,2,,3,,,23.8,22.5,0
2025-07-27 15:00:00 PDT,1753653600,101.61,101.66,SE,13,13,,52,12.3,22.5,,25,32200,2,,4,,,23.3,21.4,0
2025-07-27 14:00:00 PDT,1753650000,101.63,101.68,SSE,14,14,,51,11.7,22.1,,,32200,2,,4,,,22.2,20.9,0
2025-07-27 13:00:00 PDT,1753646400,101.63,101.68,SSE,15,16,,52,10.9,20.9,,,32200,2,,3,,,21.3,20.2,0
2025-07-27 12:00:00 PDT,1753642800,101.64,101.69,SE,13,14,,58,12.1,20.4,,,32200,1.8,,5,,,20.6,19.4,0
2025-07-27 11:00:00 PDT,1753639200,101.62,101.67,ESE,12,20,,59,11.6,19.7,,,32200,1.6,,6,,,19.9,18.4,0
2025-07-27 10:00:00 PDT,1753635600,101.61,101.66,ESE,12,14,,66,11.9,18.3,,,32200,1.5,,6,,,18.7,17.6,0
2025-07-27 09:00:00 PDT,1753632000,101.62,101.67,ESE,12,16,,69,11.8,17.5,,,32200,1.5,,6,,,17.5,15.8,0
2025-07-27 08:00:00 PDT,1753628400,101.59,101.64,ESE,10,15,,75,11.3,15.7,,,32200,1.5,,6,,,15.8,14.2,0
2025-07-27 07:00:00 PDT,1753624800,101.56,101.61,E,9,12,,81,11.1,14.2,,,32200,1.5,,8,,,14.4,12.7,0
2025-07-27 06:00:00 PDT,1753621200,101.53,101.58,SE,13,9,,84,10.3,12.8,,,32200,1.5,,5,,,13.4,12.2,0
2025-07-27 05:00:00 PDT,1753617600,101.49,101.54,E,10,15,,83,10.2,13,,,32200,1.6,,3,,,13.2,12.8,0
2025-07-27 04:00:00 PDT,1753614000,101.48,101.53,E,9,17,,84,10.4,13.1,,,32200,1.7,,1,,,14.7,13.1,0
2025-07-27 03:00:00 PDT,1753610400,101.47,101.52,E,9,18,,77,10.8,14.8,,,32200,1.8,,0,,,15.1,13.9,0
2025-07-27 02:00:00 PDT,1753606800,101.47,101.52,E,9,14,,80,10.4,13.8,,,32200,1.9,,0,,,14.5,13.5,0
2025-07-27 01:00:00 PDT,1753603200,101.46,101.51,ESE,10,14,,82,11.4,14.5,,,32200,2,,1,,,14.9,14.2,0
2025-07-27 00:00:00 PDT,1753599600,101.43,101.48,ESE,10,15,,80,11.2,14.5,,,32200,2,,1,,,15.2,14.4,0
2025-07-26 23:00:00 PDT,1753596000,101.41,101.46,E,9,17,,80,11.8,15.2,,,32200,2.1,,0,,,16,15.1,0
2025-07-26 22:00:00 PDT,1753592400,101.38,101.43,E,9,14,,73,11.2,15.9,,,32200,2.1,,1,,,17.7,15.8,0
2025-07-26 21:00:00 PDT,1753588800,101.33,101.38,SE,12,10,,62,10.7,18,,,32200,2,,1,,,19.7,17.6,0
2025-07-26 20:00:00 PDT,1753585200,101.31,101.36,SSE,16,13,,53,9.9,19.7,,,32200,2.1,,1,,,20.9,19.7,0
2025-07-26 19:00:00 PDT,1753581600,101.31,101.36,SSW,19,14,,59,12.4,20.6,,,32200,2.1,,2,,,20.8,20.2,0
2025-07-26 18:00:00 PDT,1753578000,101.34,101.39,SSW,20,18,,58,12.2,20.7,,,32200,2.2,,1,,,22.6,20.7,0
2025-07-26 17:00:00 PDT,1753574400,101.37,101.42,SSE,15,14,,50,11.4,22.1,,,24100,2.2,,2,,,22.8,21.9,0
2025-07-26 16:00:00 PDT,1753570800,101.39,101.44,SSE,14,9,,50,11.3,21.9,,,32200,2.2,,2,,,22.6,21.7,0
2025-07-26 15:00:00 PDT,1753567200,101.42,101.47,S,18,13,,55,12.6,22,,25,32200,2.1,,5,,,22.4,21,0
2025-07-26 14:00:00 PDT,1753563600,101.44,101.49,SSE,16,10,,57,12.2,21,,,32200,1.9,,2,,,21.6,20.6,0
2025-07-26 13:00:00 PDT,1753560000,101.44,101.49,SSE,15,11,,57,12.2,20.9,,,32200,1.7,,2,,,21.3,20,0
2025-07-26 12:00:00 PDT,1753556400,101.45,101.5,SSE,15,13,,55,11,20.1,,,32200,1.5,,2,,,20.1,18.1,0
2025-07-26 11:00:00 PDT,1753552800,101.43,101.48,ESE,10,14,,63,11,18.2,,,32200,1.4,,5,,,18.4,16.8,0
2025-07-26 10:00:00 PDT,1753549200,101.43,101.48,SE,13,16,,75,12.3,16.6,,,32200,1.4,,8,,,16.6,15.3,0
2025-07-26 09:00:00 PDT,1753545600,101.43,101.48,SE,12,11,,80,11.9,15.4,,,32200,1.4,,8,,,15.8,14.6,0
2025-07-26 08:00:00 PDT,1753542000,101.41,101.46,ESE,11,15,,81,11.8,15,,,32200,1.3,,7,,,15.1,13.2,0
2025-07-26 07:00:00 PDT,1753538400,101.38,101.43,E,9,12,,89,11.4,13.1,,,32200,1.4,,8,,,13.2,11.9,0
2025-07-26 06:00:00 PDT,1753534800,101.36,101.41,E,9,12,,95,11.1,11.9,,,32200,1.4,,6,,,11.9,11.4,0
2025-07-26 05:00:00 PDT,1753531200,101.35,101.4,ESE,10,8,,95,10.9,11.7,,,32200,1.5,,5,,,12.7,11.7,0
2025-07-26 04:00:00 PDT,1753527600,101.34,101.39,ESE,11,13,,92,11.4,12.7,,,32200,1.6,,4,,,13,11.8,0
2025-07-26 03:00:00 PDT,1753524000,101.33,101.38,SE,12,9,,90,11.3,13,,,32200,1.7,,2,,,13.7,12.9,0
2025-07-26 02:00:00 PDT,1753520400,101.34,101.39,SE,14,10,,89,11.7,13.4,,,32200,1.8,,2,,,15.1,13.3,0
2025-07-26 01:00:00 PDT,1753516800,101.33,101.38,ESE,11,9,,81,11.5,14.7,,,32200,1.9,,5,,,15.1,14.5,0
2025-07-26 00:00:00 PDT,1753513200,101.32,101.37,E,9,9,,81,11.6,14.7,,,32200,1.9,,4,,,15.1,14.4,0
2025-07-25 23:00:00 PDT,1753509600,101.34,101.39,E,9,9,,81,11.7,14.9,,,32200,1.9,,2,,,15,14.4,0
2025-07-25 22:00:00 PDT,1753506000,101.34,101.39,ESE,10,10,,79,11.2,14.6,,,32200,1.9,,4,,,16.4,14.5,0
2025-07-25 21:00:00 PDT,1753502400,101.34,101.39,ESE,12,13,,73,11.2,16.1,,,32200,2,,7,,,17.6,15.9,0
2025-07-25 20:00:00 PDT,1753498800,101.37,101.42,SE,13,13,,67,11.2,17.4,,,32200,2,,7,,,18.7,17.4,0
2025-07-25 19:00:00 PDT,1753495200,101.42,101.47,SE,13,12,,62,11.1,18.4,,,32200,2,,8,,,19.4,18.4,0
2025-07-25 18:00:00 PDT,1753491600,101.46,101.51,ESE,10,19,,60,11.6,19.4,,,32200,1.8,,6,,,20.2,19.2,0
2025-07-25 17:00:00 PDT,1753488000,101.49,101.54,ESE,11,13,29,58,11.7,20.1,,,32200,1.7,,8,,,20.6,19.5,0
2025-07-25 16:00:00 PDT,1753484400,101.54,101.59,SE,12,18,31,58,11.6,20,,,32200,1.6,,8,,,20.4,19.1,0
2025-07-25 15:00:00 PDT,1753480800,101.57,101.62,SE,14,25,,58,11.9,20.3,,,32200,1.5,,8,,,20.3,19,0
2025-07-25 14:00:00 PDT,1753477200,101.59,101.64,SE,13,21,31,59,11.6,19.6,,,32200,1.5,,7,,,20.3,18.6,0
2025-07-25 13:00:00 PDT,1753473600,101.61,101.66,SE,13,27,37,63,11.6,18.8,,,32200,1.4,,8,,,19.1,17.4,0
2025-07-25 12:00:00 PDT,1753470000,101.61,101.66,SE,12,22,,70,12,17.4,,,32200,1.3,,8,,,17.7,16.5,0
2025-07-25 11:00:00 PDT,1753466400,101.6,101.65,E,9,24,,74,11.8,16.4,,,32200,1.2,,8,,,17,15.9,0
2025-07-25 10:00:00 PDT,1753462800,101.57,101.62,ESE,10,22,33,76,11.8,15.9,,,32200,1.2,,8,,,16.1,14.9,0
2025-07-25 09:00:00 PDT,1753459200,101.55,101.6,ESE,11,23,,82,12,15,,,32200,1.2,,8,,,15.2,14.6,0
2025-07-25 08:00:00 PDT,1753455600,101.51,101.56,E,9,22,,84,12.2,14.8,,,32200,1.1,,8,,,14.9,14,0
2025-07-25 07:00:00 PDT,1753452000,101.47,101.52,ESE,10,20,,87,11.8,14,,,32200,1.1,,7,,,14,13.4,0
2025-07-25 06:00:00 PDT,1753448400,101.45,101.5,E,9,21,,88,11.7,13.5,,,32200,1.2,,8,,,13.7,13.1,0
2025-07-25 05:00:00 PDT,1753444800,101.42,101.47,ESE,10,19,,89,11.6,13.4,,,32200,1.2,,3,,,13.8,13.3,0
2025-07-25 04:00:00 PDT,1753441200,101.41,101.46,E,9,26,,89,11.9,13.6,,,32200,1.3,,3,,,14.2,13.6,0
2025-07-25 03:00:00 PDT,1753437600,101.4,101.45,ESE,10,26,28,86,11.8,14.2,,,32200,1.4,,1,,,14.7,14,0
2025-07-25 02:00:00 PDT,1753434000,101.39,101.44,E,10,22,,82,11.6,14.6,,,32200,1.4,,1,,,15.2,14.5,0
2025-07-25 01:00:00 PDT,1753430400,101.36,101.41,ESE,10,19,,78,11.4,15.2,,,32200,1.5,,0,,,15.9,15.1,0
2025-07-25 00:00:00 PDT,1753426800,101.32,101.37,ESE,12,21,,78,12,15.9,,,32200,1.6,,0,,,16.4,15.9,0
2025-07-24 23:00:00 PDT,1753423200,101.3,101.35,SE,12,26,,73,11.4,16.2,,,32200,1.7,,1,,,17.4,16.2,0
2025-07-24 22:00:00 PDT,1753419600,101.31,101.36,ESE,11,19,,68,11.4,17.4,,,32200,1.8,,1,,,18.4,17.3,0
2025-07-24 21:00:00 PDT,1753416000,101.27,101.32,ESE,12,26,37,64,11.6,18.4,,,32200,1.9,,1,,,20.3,18.4,0
2025-07-24 20:00:00 PDT,1753412400,101.31,101.36,ESE,11,25,,63,13.1,20.4,,,32200,2.1,,1,,,22.7,20.4,0
2025-07-24 19:00:00 PDT,1753408800,101.33,101.38,SE,12,26,,54,13,22.5,,25,32200,2.2,,2,,,23.2,22.5,0
2025-07-24 18:00:00 PDT,1753405200,101.38,101.43,ESE,11,22,,54,13.6,23.4,,27,32200,2.2,,2,,,24.2,23.2,0
2025-07-24 17:00:00 PDT,1753401600,101.43,101.48,SE,13,20,,51,13.7,24.4,,28,32200,2.3,,2,,,25.2,24.2,0
2025-07-24 16:00:00 PDT,1753398000,101.49,101.54,SE,13,17,,51,14.1,24.7,,28,32200,2.4,,2,,,25.2,24.1,0
2025-07-24 15:00:00 PDT,1753394400,101.54,101.59,SE,12,15,,54,14.8,24.7,,29,32200,2.3,,1,,,24.7,23.3,0
2025-07-24 14:00:00 PDT,1753390800,101.6,101.65,SSE,15,16,,58,15.2,23.7,,28,32200,2,,1,,,23.9,22.6,0
2025-07-24 13:00:00 PDT,1753387200,101.63,101.68,ESE,11,15,,64,15.4,22.4,,27,32200,1.7,,2,,,23.4,21.4,0
2025-07-24 12:00:00 PDT,1753383600,101.66,101.71,SE,12,16,,64,14.6,21.5,,25,32200,1.4,,2,,,21.7,20.1,0
2025-07-24 11:00:00 PDT,1753380000,101.68,101.73,ESE,12,19,,67,13.9,20.2,,,32200,1.4,,1,,,20.6,18.4,0
2025-07-24 10:00:00 PDT,1753376400,101.69,101.74,SE,14,16,,71,13.5,18.7,,,32200,1.5,,1,,,18.7,17.2,0
2025-07-24 09:00:00 PDT,1753372800,101.68,101.73,ESE,10,19,,77,13.3,17.2,,,32200,1.5,,2,,,17.5,16,0
2025-07-24 08:00:00 PDT,1753369200,101.64,101.69,ESE,11,16,,84,13.4,16.1,,,32200,1.5,,3,,,16.3,15.4,0
2025-07-24 07:00:00 PDT,1753365600,101.61,101.66,ESE,11,14,,87,13.3,15.4,,,32200,1.5,,2,,,15.4,14.1,0
2025-07-24 06:00:00 PDT,1753362000,101.56,101.61,E,9,12,,94,13.1,14.1,,,32200,1.5,,2,,,14.4,13.9,0
2025-07-24 05:00:00 PDT,1753358400,101.55,101.6,E,9,10,,91,12.8,14.2,,,32200,1.6,,2,,,14.9,14.2,0
2025-07-24 04:00:00 PDT,1753354800,101.52,101.57,E,9,11,,90,13.1,14.7,,,32200,1.7,,0,,,15.4,14.5,0
2025-07-24 03:00:00 PDT,1753351200,101.5,101.55,E,9,12,,88,13.4,15.3,,,32200,1.8,,0,,,16.1,15.3,0
2025-07-24 02:00:00 PDT,1753347600,101.47,101.52,SE,12,8,,86,13.5,15.8,,,32200,2,,0,,,16.9,15.8,0
2025-07-24 01:00:00 PDT,1753344000,101.48,101.53,E,9,14,,83,14.1,16.9,,,32200,2.1,,0,,,17.8,16.8,0
2025-07-24 00:00:00 PDT,1753340400,101.45,101.5,E,8,11,,81,14.4,17.6,,,32200,2.4,,0,,,18.4,17.5,0
2025-07-23 23:00:00 PDT,1753336800,101.43,101.48,E,9,10,,80,14.6,18.1,,,32200,2.5,,0,,,19.9,18.1,0
2025-07-23 22:00:00 PDT,1753333200,101.43,101.48,,,0,,82,15.6,18.7,,,32200,,,0,,,20.1,18.2,0
2025-07-23 21:00:00 PDT,1753329600,101.39,101.44,,,0,,80,15.8,19.4,,,32200,2.7,,0,,,21.1,19.2,0
2025-07-23 20:00:00 PDT,1753326000,101.39,101.44,W,26,6,,73,16.2,21.2,,26,48300,2.7,,0,,,22.5,21.2,0
2025-07-23 19:00:00 PDT,1753322400,101.39,101.44,WNW,28,10,,65,15.8,22.6,,27,48300,2.6,,0,,,22.8,21.9,0
2025-07-23 18:00:00 PDT,1753318800,101.42,101.47,SW,21,17,,67,16.3,22.7,,28,48300,2.5,,1,,,23.1,22.5,0
2025-07-23 17:00:00 PDT,1753315200,101.46,101.51,SW,21,21,34,65,15.9,22.6,,27,48300,2.4,,2,,,23.4,22.6,0
2025-07-23 16:00:00 PDT,1753311600,101.47,101.52,SSW,21,21,32,69,17.3,23.3,,29,48300,2.3,,2,,,23.9,23,0
2025-07-23 15:00:00 PDT,1753308000,101.51,101.56,SW,21,19,,69,17.6,23.5,,29,48300,2.3,,1,,,24.7,23.3,0
2025-07-23 14:00:00 PDT,1753304400,101.53,101.58,SW,21,18,31,66,17.7,24.2,,30,48300,2.2,,2,,,24.8,23.4,0
2025-07-23 13:00:00 PDT,1753300800,101.57,101.62,SE,14,9,,55,15,24.6,,29,48300,2.1,,2,,,24.6,22.8,0
2025-07-23 12:00:00 PDT,1753297200,101.59,101.64,SE,12,11,,57,14,22.9,,26,48300,2,,2,,,23.1,21.6,0
2025-07-23 11:00:00 PDT,1753293600,101.6,101.65,ESE,10,13,,62,14.4,21.9,,26,48300,2,,3,,,22.1,20.6,0
2025-07-23 10:00:00 PDT,1753290000,101.58,101.63,SSE,15,15,,65,14,20.6,,,48300,1.7,,2,,,20.7,19.7,0
2025-07-23 09:00:00 PDT,1753286400,101.59,101.64,ESE,11,9,,72,14.4,19.5,,,40200,1.6,,0,,,19.7,18.4,0
2025-07-23 08:00:00 PDT,1753282800,101.56,101.61,SE,12,8,,76,14.2,18.6,,,48300,,,2,,,18.6,16.8,0
2025-07-23 07:00:00 PDT,1753279200,101.53,101.58,E,9,14,,85,14.3,16.9,,,48300,,,4,,,16.9,15.9,0
2025-07-23 06:00:00 PDT,1753275600,101.48,101.53,E,10,15,,86,13.5,15.8,,,32200,,,5,,,16.1,15.5,0
2025-07-23 05:00:00 PDT,1753272000,101.47,101.52,ESE,10,14,,86,13.6,15.8,,,32200,,,4,,,16,15.7,0
2025-07-23 04:00:00 PDT,1753268400,101.44,101.49,E,9,16,,85,13.4,16,,,32200,,,1,,,16.5,16,0
2025-07-23 03:00:00 PDT,1753264800,101.43,101.48,ESE,10,15,,83,13.5,16.3,,,32200,,,1,,,16.9,16.1,0
2025-07-23 02:00:00 PDT,1753261200,101.41,101.46,ESE,10,13,,81,13.3,16.5,,,32200,,,1,,,17.5,16.3,0
2025-07-23 01:00:00 PDT,1753257600,101.39,101.44,ESE,10,12,,78,13.6,17.4,,,32200,,,0,,,17.7,17,0
2025-07-23 00:00:00 PDT,1753254000,101.37,101.42,E,8,11,,80,14.1,17.5,,,32200,,,0,,,17.9,17,0
2025-07-22 23:00:00 PDT,1753250400,101.34,101.39,E,9,14,,80,14,17.4,,,32200,,,1,,,18,17.4,0
2025-07-22 22:00:00 PDT,1753246800,101.34,101.39,E,9,16,,76,13.6,17.8,,,32200,,,1,,,19.2,17.8,0
2025-07-22 21:00:00 PDT,1753243200,101.3,101.35,E,9,15,,67,13,19.2,,,32200,,,2,,,21,19.2,0
2025-07-22 20:00:00 PDT,1753239600,101.3,101.35,SE,13,13,,62,13.8,21.1,,,32200,,,1,,,22.6,21.1,0
2025-07-22 19:00:00 PDT,1753236000,101.29,101.34,SSE,15,10,,57,13.9,22.6,,26,32200,2.6,,1,,,22.7,22.2,0
2025-07-22 18:00:00 PDT,1753232400,101.32,101.37,SE,13,16,,57,13.9,22.6,,26,48300,2.6,,1,,,22.6,20.3,0
2025-07-22 17:00:00 PDT,1753228800,101.34,101.39,SSW,19,23,,69,14.7,20.6,,,48300,2.5,,2,,,23.3,20.5,0
2025-07-22 16:00:00 PDT,1753225200,101.38,101.43,SSE,15,16,,60,14.5,22.5,,26,48300,2.4,,1,,,22.6,21.6,0
2025-07-22 15:00:00 PDT,1753221600,101.43,101.48,SSE,16,16,,58,13.9,22.5,,26,48300,2.2,,1,,,22.7,21.4,0
2025-07-22 14:00:00 PDT,1753218000,101.47,101.52,ESE,12,17,,56,13.4,22.5,,26,48300,2,,2,,,22.5,20.6,0
2025-07-22 13:00:00 PDT,1753214400,101.51,101.56,SE,13,18,28,61,13.3,20.9,,,48300,1.9,,1,,,21.4,19.8,0
2025-07-22 12:00:00 PDT,1753210800,101.55,101.6,SE,14,21,,60,12.2,20.2,,,48300,1.7,,2,,,20.2,19.2,0
2025-07-22 11:00:00 PDT,1753207200,101.54,101.59,ESE,12,20,,65,12.6,19.3,,,48300,1.6,,3,,,19.6,17.1,0
2025-07-22 10:00:00 PDT,1753203600,101.5,101.55,SE,13,11,,67,12.2,18.4,,,,1.6,,,,,19.2,16.8,0
2025-07-22 09:00:00 PDT,1753200000,101.53,101.58,SE,13,19,,74,13.2,17.9,,,40200,1.6,,6,,,17.9,16.7,0
2025-07-22 08:00:00 PDT,1753196400,101.5,101.55,ESE,12,19,,78,13.4,17.3,,,40200,1.6,,4,,,17.3,16.2,0
2025-07-22 07:00:00 PDT,1753192800,101.45,101.5,ESE,11,23,,83,13.3,16.2,,,48300,1.6,,4,,,16.2,15.2,0
2025-07-22 06:00:00 PDT,1753189200,101.4,101.45,E,9,17,,87,13.2,15.2,,,32200,1.6,,4,,,16.1,15.2,0
2025-07-22 05:00:00 PDT,1753185600,101.35,101.4,ESE,11,19,,82,13.1,16.1,,,32200,1.6,,3,,,16.6,16.1,0
2025-07-22 04:00:00 PDT,1753182000,101.28,101.33,E,9,18,,83,13.6,16.5,,,32200,1.7,,4,,,17.4,16.4,0
2025-07-22 03:00:00 PDT,1753178400,101.25,101.3,ESE,11,16,,78,13.5,17.4,,,32200,1.7,,3,,,18.1,17.1,0
2025-07-22 02:00:00 PDT,1753174800,101.24,101.29,E,9,18,,75,13.4,17.8,,,32200,1.7,,6,,,18.4,17.8,0
2025-07-22 01:00:00 PDT,1753171200,101.25,101.3,ESE,10,18,31,72,13.1,18.3,,,32200,1.8,,6,,,19,18,0
2025-07-22 00:00:00 PDT,1753167600,101.22,101.27,E,9,21,,66,12.1,18.4,,,32200,2.1,,5,,,19.6,18.4,0
2025-07-21 23:00:00 PDT,1753164000,101.19,101.24,ESE,10,22,,70,13.8,19.4,,,32200,2.3,,7,,,19.5,19,0
2025-07-21 22:00:00 PDT,1753160400,101.16,101.21,ESE,10,23,,69,13.5,19.3,,,32200,2.5,,8,,,19.6,18.5,0
2025-07-21 21:00:00 PDT,1753156800,101.12,101.17,E,8,26,,68,13.6,19.6,,,48300,2.5,,4,,,22.2,19.6,0
2025-07-21 20:00:00 PDT,1753153200,101.09,101.14,ESE,11,19,,56,13.1,22.3,,25,48300,2.5,,6,,,23.5,22.3,0
2025-07-21 19:00:00 PDT,1753149600,101,101.05,SSE,15,15,,53,13.4,23.3,,26,48300,2.6,,5,,,24.5,23,0
2025-07-21 18:00:00 PDT,1753146000,101.03,101.08,SSW,20,16,31,54,14.1,23.8,,27,48300,2.7,,5,,,24.3,22.7,0
2025-07-21 17:00:00 PDT,1753142400,101.03,101.08,SSW,20,16,,57,14.9,23.8,,28,48300,2.8,,4,,,24,21.9,0
2025-07-21 16:00:00 PDT,1753138800,101.07,101.12,SSW,20,14,28,57,13.3,21.9,,25,48300,2.8,,3,,,22.4,21.2,0
2025-07-21 15:00:00 PDT,1753135200,101.1,101.15,SW,21,15,,62,13.7,21.2,,,48300,2.7,,5,,,21.6,20.7,0
2025-07-21 14:00:00 PDT,1753131600,101.14,101.19,SW,21,16,27,59,13.1,21.2,,,48300,2.6,,4,,,21.4,20.6,0
2025-07-21 13:00:00 PDT,1753128000,101.21,101.26,WSW,24,13,,65,14.4,21,,25,48300,2.4,,3,,,21,20.3,0
2025-07-21 12:00:00 PDT,1753124400,101.25,101.3,SW,23,17,31,67,14.5,20.8,,,48300,2.2,,2,,,21.3,20.2,0
2025-07-21 11:00:00 PDT,1753120800,101.28,101.33,SW,21,13,,70,14.7,20.4,,,48300,2.1,,2,,,20.8,19.4,0
2025-07-21 10:00:00 PDT,1753117200,101.32,101.37,SSE,16,6,,64,12.7,19.6,,,48300,2.1,,1,,,19.8,18.4,0
2025-07-21 09:00:00 PDT,1753113600,101.33,101.38,SSE,15,5,,70,12.9,18.4,,,48300,2,,1,,,18.4,16.7,0
2025-07-21 08:00:00 PDT,1753110000,101.33,101.38,ESE,11,8,,80,13.2,16.7,,,48300,1.8,,2,,,16.9,15.2,0
2025-07-21 07:00:00 PDT,1753106400,101.33,101.38,SSE,15,7,,89,13.4,15.2,,,48300,1.8,,3,,,15.2,13.7,0
2025-07-21 06:00:00 PDT,1753102800,101.3,101.35,SE,12,7,,92,12.5,13.8,,,32200,1.9,,1,,,14.2,13.5,0
2025-07-21 05:00:00 PDT,1753099200,101.26,101.31,SE,14,8,,92,13,14.3,,,32200,1.9,,1,,,15,13.9,0
2025-07-21 04:00:00 PDT,1753095600,101.23,101.28,S,16,5,,89,13.2,15,,,32200,2,,2,,,15.7,14.9,0
2025-07-21 03:00:00 PDT,1753092000,101.25,101.3,SSE,16,6,,89,13.4,15.1,,,32200,2,,2,,,15.9,14.2,0
2025-07-21 02:00:00 PDT,1753088400,101.25,101.3,ESE,11,3,,82,11.2,14.1,,,32200,2.1,,1,,,16.3,14.1,0
2025-07-21 01:00:00 PDT,1753084800,101.27,101.32,E,10,10,,81,12.4,15.6,,,32200,2.1,,2,,,16.2,15.6,0
2025-07-21 00:00:00 PDT,1753081200,101.27,101.32,E,9,12,,78,12.2,16.1,,,32200,2.2,,1,,,16.9,16,0
2025-07-20 23:00:00 PDT,1753077600,101.29,101.34,ENE,7,10,,76,12.2,16.3,,,32200,2.4,,1,,,17.6,16.1,0
2025-07-20 22:00:00 PDT,1753074000,101.3,101.35,ESE,11,12,,70,11.9,17.3,,,32200,3,,1,,,18.6,17.3,0
2025-07-20 21:00:00 PDT,1753070400,101.25,101.3,SE,13,12,,61,11,18.5,,,32200,2.5,,1,,,19.9,18.4,0
2025-07-20 20:00:00 PDT,1753066800,101.26,101.31,S,17,10,,61,12.1,19.8,,,32200,2.6,,2,,,20,19.6,0
2025-07-20 19:00:00 PDT,1753063200,101.26,101.31,S,19,14,30,58,11.7,20,,,32200,2.6,,2,,,20.1,19.6,0
2025-07-20 18:00:00 PDT,1753059600,101.29,101.34,SSW,21,12,,61,12.5,20,,,32200,2.6,,4,,,20.4,19.6,0
2025-07-20 17:00:00 PDT,1753056000,101.31,101.36,WSW,24,11,,58,11.4,19.9,,,32200,2.6,,1,,,20.3,19.5,0
2025-07-20 16:00:00 PDT,1753052400,101.36,101.41,SW,21,14,,66,13.2,19.7,,,32200,2.4,,2,,,20.1,19.4,0
2025-07-20 15:00:00 PDT,1753048800,101.4,101.45,SW,22,17,,65,13.3,19.9,,,32200,2.3,,2,,,20.1,19.3,0
2025-07-20 14:00:00 PDT,1753045200,101.45,101.5,SW,21,26,38,64,12.6,19.4,,,32200,2.1,,2,,,21.1,19.4,0
2025-07-20 13:00:00 PDT,1753041600,101.49,101.54,SE,14,11,,57,12.3,21.1,,,32200,1.9,,4,,,21.4,19.6,0
2025-07-20 12:00:00 PDT,1753038000,101.57,101.62,ESE,11,8,,58,11.7,20,,,32200,1.8,,4,,,20.2,18.3,0
2025-07-20 11:00:00 PDT,1753034400,101.6,101.65,SSE,14,12,,63,11.4,18.6,,,32200,1.7,,3,,,18.8,17.2,0
2025-07-20 10:00:00 PDT,1753030800,101.63,101.68,ESE,12,11,,69,11.5,17.2,,,32200,1.7,,7,,,18.3,16.3,0
2025-07-20 09:00:00 PDT,1753027200,101.64,101.69,ESE,12,11,,75,12.1,16.6,,,32200,1.6,,8,,,16.6,14.8,0
2025-07-20 08:00:00 PDT,1753023600,101.65,101.7,E,9,13,,81,11.6,14.9,,,32200,1.6,,7,,,15,14.3,0
2025-07-20 07:00:00 PDT,1753020000,101.65,101.7,E,9,12,,81,11.3,14.4,,,32200,1.6,,8,,,14.4,13.1,0
2025-07-20 06:00:00 PDT,1753016400,101.61,101.66,ESE,10,12,,85,10.7,13.1,,,32200,1.6,,7,,,13.5,12.8,0
2025-07-20 05:00:00 PDT,1753012800,101.62,101.67,E,9,10,,86,10.6,12.9,,,32200,1.7,,7,,,13.3,12.8,0
2025-07-20 04:00:00 PDT,1753009200,101.6,101.65,E,9,16,,85,10.5,12.9,,,24100,1.8,,7,,,13.4,12.6,0
2025-07-20 03:00:00 PDT,1753005600,101.61,101.66,ESE,10,13,,84,10.3,13,,,32200,2,,0,,,13.6,12.8,0
2025-07-20 02:00:00 PDT,1753002000,101.63,101.68,E,10,14,,81,10.3,13.4,,,24100,1.9,,0,,,14.3,13.4,0
2025-07-20 01:00:00 PDT,1752998400,101.66,101.71,ESE,10,12,,79,10.7,14.1,,,24100,1.9,,1,,,14.5,13.9,0
2025-07-20 00:00:00 PDT,1752994800,101.68,101.73,E,9,13,,79,11,14.5,,,32200,2.1,,0,,,15.2,14.2,0
2025-07-19 23:00:00 PDT,1752991200,101.69,101.74,E,9,13,,77,11.3,15.2,,,32200,2.3,,0,,,15.8,14.8,0
2025-07-19 22:00:00 PDT,1752987600,101.72,101.77,E,10,15,,75,11.2,15.5,,,32200,4,,1,,,16.7,15.5,0
2025-07-19 21:00:00 PDT,1752984000,101.66,101.71,ESE,11,13,,70,11.2,16.7,,,32200,2.6,,0,,,17.8,16.3,0
2025-07-19 20:00:00 PDT,1752980400,101.67,101.72,SE,13,13,,64,10.9,17.8,,,32200,2.8,,1,,,19.4,17.8,0
2025-07-19 19:00:00 PDT,1752976800,101.69,101.74,SE,13,17,,57,10.6,19.2,,,48300,5,,1,,,19.9,19.2,0
2025-07-19 18:00:00 PDT,1752973200,101.72,101.77,SE,14,18,,55,10.6,19.8,,,32200,2.5,,2,,,20.4,19.7,0
2025-07-19 17:00:00 PDT,1752969600,101.77,101.82,SSE,14,17,,55,11,20.2,,,32200,2.3,,3,,,20.7,19.6,0
2025-07-19 16:00:00 PDT,1752966000,101.82,101.87,ESE,12,18,,55,11.4,20.6,,,32200,2.1,,4,,,20.6,19.7,0
2025-07-19 15:00:00 PDT,1752962400,101.86,101.91,SE,12,17,,57,11.4,20.1,,,32200,2.1,,4,,,20.1,18.4,0
2025-07-19 14:00:00 PDT,1752958800,101.9,101.95,ESE,10,15,,64,11.8,18.6,,,32200,2.1,,8,,,18.6,17.6,0
2025-07-19 13:00:00 PDT,1752955200,101.88,101.93,ESE,10,23,,66,11.5,17.8,,,32200,2,,8,,,17.8,16.9,0
2025-07-19 12:00:00 PDT,1752951600,101.89,101.94,SE,13,19,30,69,11.3,16.9,,,32200,3,,8,,,17.1,16,0
2025-07-19 11:00:00 PDT,1752948000,101.88,101.93,ESE,12,23,,71,11,16.2,,,32200,2,,8,,,16.8,16.2,0
2025-07-19 10:00:00 PDT,1752944400,101.83,101.88,ESE,12,22,,69,10.9,16.6,,,32200,1.6,,8,,,16.9,15.8,0
2025-07-19 09:00:00 PDT,1752940800,101.8,101.85,E,9,26,,72,10.8,15.9,,,32200,1.6,,7,,,16,15.3,0
2025-07-19 08:00:00 PDT,1752937200,101.75,101.8,ESE,10,21,,75,11.7,16.1,,,32200,1.6,,6,,,16.1,14.2,0
2025-07-19 07:00:00 PDT,1752933600,101.72,101.77,E,10,22,,80,10.9,14.3,,,32200,1.6,,8,,,14.4,13.9,0
2025-07-19 06:00:00 PDT,1752930000,101.66,101.71,E,9,20,,83,11,13.8,,,32200,1.6,,7,,,13.9,13.6,0
2025-07-19 05:00:00 PDT,1752926400,101.61,101.66,E,8,16,,83,10.9,13.8,,,32200,1.6,,7,,,13.8,13.4,0
2025-07-19 04:00:00 PDT,1752922800,101.55,101.6,E,10,20,,84,10.8,13.5,,,24100,1.6,,7,,,13.6,13.2,0
2025-07-19 03:00:00 PDT,1752919200,101.54,101.59,E,9,15,,83,10.8,13.6,,,24100,1.6,,3,,,14,13.5,0
2025-07-19 02:00:00 PDT,1752915600,101.51,101.56,E,9,14,,84,10.9,13.6,,,24100,1.7,,4,,,14.2,13.6,0
2025-07-19 01:00:00 PDT,1752912000,101.47,101.52,ESE,10,17,,84,11.5,14.2,,,24100,1.7,,0,,,14.7,14.1,0
2025-07-19 00:00:00 PDT,1752908400,101.45,101.5,E,9,16,,86,12.3,14.5,,,24100,1.9,,0,,,15.4,14.4,0
2025-07-18 23:00:00 PDT,1752904800,101.41,101.46,ESE,11,19,,80,12,15.3,,,24100,2.4,,0,,,15.9,15.3,0
2025-07-18 22:00:00 PDT,1752901200,101.4,101.45,E,9,22,,80,12.3,15.7,,,32200,4,,1,,,17.5,15.7,0
2025-07-18 21:00:00 PDT,1752897600,101.36,101.41,SE,13,16,,72,12.3,17.4,,,32200,6,,6,,,18.7,17.4,0
2025-07-18 20:00:00 PDT,1752894000,101.33,101.38,ESE,10,17,,66,12.2,18.6,,,32200,4,,2,,,19.9,18.6,0
2025-07-18 19:00:00 PDT,1752890400,101.33,101.38,SE,13,16,,61,12.4,20,,,32200,2.4,,1,,,21.2,19.9,0
2025-07-18 18:00:00 PDT,1752886800,101.32,101.37,SE,14,23,,56,12.3,21.2,,,32200,2.4,,3,,,21.8,21.2,0
2025-07-18 17:00:00 PDT,1752883200,101.38,101.43,SE,14,23,,61,13.6,21.5,,25,32200,2.1,,3,,,22.6,21.2,0
2025-07-18 16:00:00 PDT,1752879600,101.34,101.39,SSW,20,25,35,65,14.5,21.4,,25,32200,2,,4,,,21.6,20.7,0
2025-07-18 15:00:00 PDT,1752876000,101.38,101.43,SSW,20,12,,60,12.9,20.8,,,32200,2.1,,3,,,20.8,19.3,0
2025-07-18 14:00:00 PDT,1752872400,101.41,101.46,SW,21,8,,67,13.1,19.3,,,32200,3,,3,,,19.6,18.4,0
2025-07-18 13:00:00 PDT,1752868800,101.4,101.45,SW,22,15,,75,14.4,18.8,,,32200,3,,7,,,19.3,17.3,0
2025-07-18 12:00:00 PDT,1752865200,101.38,101.43,NW,30,10,,83,14.8,17.7,,,24100,5,,8,,,18,17.3,0
2025-07-18 11:00:00 PDT,1752861600,101.36,101.41,W,27,15,,80,14.3,17.8,,,32200,2,,8,,,17.8,17.3,0
2025-07-18 10:00:00 PDT,1752858000,101.33,101.38,WNW,28,18,,83,14.3,17.3,,,32200,2,,7,,,17.7,17.2,0
2025-07-18 09:00:00 PDT,1752854400,101.28,101.33,WNW,29,12,,82,14.5,17.6,,,32200,2,,8,,,17.8,17.2,0
2025-07-18 08:00:00 PDT,1752850800,101.25,101.3,WNW,28,21,,84,14.7,17.4,,,32200,1.9,,8,,,17.7,16.6,0
2025-07-18 07:00:00 PDT,1752847200,101.21,101.26,WNW,29,15,,87,14.5,16.6,,,32200,1.9,,6,,,16.6,15.8,0
2025-07-18 06:00:00 PDT,1752843600,101.18,101.23,NW,30,14,,90,14.2,15.8,,,32200,1.9,,8,,,16,14.8,0
2025-07-18 05:00:00 PDT,1752840000,101.13,101.18,ENE,7,4,,88,13.5,15.4,,,32200,1.8,,6,,,16.8,15.1,0
2025-07-18 04:00:00 PDT,1752836400,101.11,101.16,ESE,11,9,,86,13.5,15.8,,,32200,2.1,,1,,,17,15.4,0
2025-07-18 03:00:00 PDT,1752832800,101.11,101.16,ESE,12,6,,89,14.5,16.4,,,32200,2.4,,1,,,18.1,16.4,0
2025-07-18 02:00:00 PDT,1752829200,101.12,101.17,SE,13,3,,76,13.6,17.7,,,32200,2.4,,2,,,19.4,17.6,0
2025-07-18 01:00:00 PDT,1752825600,101.11,101.16,SSE,15,7,,72,14.3,19.4,,,32200,2.5,,1,,,20.2,19,0
2025-07-18 00:00:00 PDT,1752822000,101.09,101.14,SSW,20,8,,79,16.2,19.9,,,32200,2.6,,1,,,21.1,18.5,0
2025-07-17 23:00:00 PDT,1752818400,101.08,101.13,S,18,4,,69,15.2,21.1,,25,32200,2.7,,1,,,21.6,19.8,0
2025-07-17 22:00:00 PDT,1752814800,101.04,101.09,E,9,12,,73,15.2,20.2,,,32200,2.7,,1,,,22.2,20.1,0
2025-07-17 21:00:00 PDT,1752811200,100.99,101.04,,,0,,66,15.3,21.9,,26,32200,2.7,,1,,,23.1,21.6,0
2025-07-17 20:00:00 PDT,1752807600,101,101.05,NW,31,5,,65,16.3,23.2,,28,32200,2.6,,1,,,25.1,23.2,0
2025-07-17 19:00:00 PDT,1752804000,101.01,101.06,SW,23,9,,61,15.5,23.4,,28,32200,2.7,,1,,,23.9,23.4,0
2025-07-17 18:00:00 PDT,1752800400,101.04,101.09,SW,22,10,,58,15,23.8,,28,32200,2.8,,2,,,24.2,22.9,0
2025-07-17 17:00:00 PDT,1752796800,101.1,101.15,SW,22,8,,66,16.4,23,,28,32200,2.9,,2,,,23,22,0
2025-07-17 16:00:00 PDT,1752793200,101.13,101.18,SW,22,10,,65,15.1,21.9,,26,32200,3,,3,,,22.9,21.3,0
2025-07-17 15:00:00 PDT,1752789600,101.18,101.23,SW,23,8,,66,15.3,21.8,,26,32200,3.1,,1,,,22.2,21.2,0
2025-07-17 14:00:00 PDT,1752786000,101.21,101.26,SW,22,11,,64,14.6,21.6,,25,32200,3,,1,,,22.5,21.4,0
2025-07-17 13:00:00 PDT,1752782400,101.22,101.27,W,26,8,,63,14.9,22.3,,26,32200,2.7,,1,,,22.3,20.8,0
2025-07-17 12:00:00 PDT,1752778800,101.23,101.28,WNW,28,15,,71,15.5,20.9,,25,32200,2.4,,1,,,21.1,20.1,0
2025-07-17 11:00:00 PDT,1752775200,101.22,101.27,WNW,29,19,,76,15.7,20.1,,25,32200,2.1,,1,,,20.4,19.4,0
2025-07-17 10:00:00 PDT,1752771600,101.19,101.24,WNW,29,23,,77,15.4,19.5,,,32200,1.8,,0,,,19.7,18.7,0
2025-07-17 09:00:00 PDT,1752768000,101.18,101.23,WNW,29,22,31,80,15.4,18.8,,,32200,1.6,,0,,,18.8,17.6,0
2025-07-17 08:00:00 PDT,1752764400,101.12,101.17,WNW,30,32,,83,14.7,17.5,,,32200,1.4,,0,,,17.6,16.8,0
2025-07-17 07:00:00 PDT,1752760800,101.06,101.11,WNW,29,33,,86,14.5,16.8,,,32200,1.4,,0,,,16.8,16.2,0
2025-07-17 06:00:00 PDT,1752757200,101.01,101.06,WNW,29,33,33,90,14.5,16.1,,,32200,1.5,,0,,,16.2,16,0
2025-07-17 05:00:00 PDT,1752753600,100.97,101.02,WNW,29,40,38,88,14.3,16.2,,,32200,1.7,,0,,,16.6,16.2,0
2025-07-17 04:00:00 PDT,1752750000,100.95,101,WNW,28,35,33,88,14.5,16.5,,,32200,2,,0,,,17.2,16.5,0
2025-07-17 03:00:00 PDT,1752746400,100.92,100.97,WNW,29,36,36,85,14.7,17.2,,,32200,2.2,,0,,,17.9,17.2,0
2025-07-17 02:00:00 PDT,1752742800,100.87,100.92,NW,30,31,35,84,15.1,17.9,,,32200,2.1,,0,,,18.6,17.9,0
2025-07-17 01:00:00 PDT,1752739200,100.83,100.88,WNW,29,28,,80,15.1,18.6,,,32200,2.2,,0,,,18.8,18.5,0
2025-07-17 00:00:00 PDT,1752735600,100.79,100.84,NW,32,21,,81,15.6,18.8,,,32200,2.1,,0,,,19.8,18.7,0
2025-07-16 23:00:00 PDT,1752732000,100.79,100.84,WNW,29,27,,73,14.9,19.8,,,32200,2.1,,0,,,20.2,19.7,0
2025-07-16 22:00:00 PDT,1752728400,100.78,100.83,NW,30,18,,70,14.8,20.3,,,32200,2.3,,0,,,21,20.3,0
2025-07-16 21:00:00 PDT,1752724800,100.76,100.81,WNW,29,18,,70,15.3,20.7,,25,32200,2.5,,0,,,22,20.4,0
2025-07-16 20:00:00 PDT,1752721200,100.78,100.83,NW,30,11,,67,15.7,22,,26,32200,2.9,,0,,,23.1,22,0
2025-07-16 19:00:00 PDT,1752717600,100.8,100.85,WNW,29,21,,66,16.3,22.9,,28,48300,3.1,,0,,,23.8,22.9,0
2025-07-16 18:00:00 PDT,1752714000,100.84,100.89,WNW,29,17,,65,16.8,23.6,,29,48300,3.2,,1,,,23.7,23.2,0
2025-07-16 17:00:00 PDT,1752710400,100.89,100.94,WNW,29,17,,66,16.8,23.3,,28,48300,3.1,,0,,,24.1,23.1,0
2025-07-16 16:00:00 PDT,1752706800,100.94,100.99,WNW,28,14,,63,16.3,23.7,,29,48300,3.1,,2,,,24.2,23.4,0
2025-07-16 15:00:00 PDT,1752703200,100.99,101.04,WNW,28,13,,66,17,23.7,,29,48300,3,,2,,,24.1,23.2,0
2025-07-16 14:00:00 PDT,1752699600,101.06,101.11,W,26,10,,65,17.1,24,,29,48300,2.8,,1,,,24,22.4,0
2025-07-16 13:00:00 PDT,1752696000,101.1,101.15,WSW,25,8,,65,15.5,22.4,,27,48300,2.7,,1,,,23.3,21.8,0
2025-07-16 12:00:00 PDT,1752692400,101.15,101.2,WNW,29,17,,68,16.6,22.6,,28,48300,2.6,,0,,,22.6,21.8,0
2025-07-16 11:00:00 PDT,1752688800,101.16,101.21,WNW,29,14,,73,17.2,22.3,,28,48300,2.5,,0,,,22.5,21.2,0
2025-07-16 10:00:00 PDT,1752685200,101.2,101.25,WNW,28,18,,74,16.6,21.3,,26,48300,2.2,,0,,,21.4,20.6,0
2025-07-16 09:00:00 PDT,1752681600,101.22,101.27,WNW,29,16,,77,16.6,20.7,,26,48300,2,,0,,,21,20.4,0
2025-07-16 08:00:00 PDT,1752678000,101.22,101.27,NW,30,8,,82,17.3,20.4,,26,48300,2,,0,,,20.4,18.8,0
2025-07-16 07:00:00 PDT,1752674400,101.23,101.28,NW,32,5,,77,14.7,18.8,,,48300,1.9,,0,,,18.8,16.1,0
2025-07-16 06:00:00 PDT,1752670800,101.19,101.24,N,35,7,,89,14.6,16.3,,,32200,1.9,,0,,,16.8,14.4,0
2025-07-16 05:00:00 PDT,1752667200,101.19,101.24,NNW,32,8,,90,14.6,16.2,,,32200,1.9,,0,,,17.8,15.9,0
2025-07-16 04:00:00 PDT,1752663600,101.2,101.25,WNW,30,16,,94,16.6,17.6,,,32200,2,,0,,,17.9,17,0
2025-07-16 03:00:00 PDT,1752660000,101.2,101.25,NW,30,12,,93,16.1,17.3,,,32200,2.1,,0,,,18.9,15.7,0
2025-07-16 02:00:00 PDT,1752656400,101.19,101.24,NNW,33,7,,80,12.8,16.1,,,32200,2.3,,0,,,18.9,16,0
2025-07-16 01:00:00 PDT,1752652800,101.19,101.24,NW,30,9,,97,17.7,18.2,,,32200,2.3,,0,,,19.7,17.1,0
2025-07-16 00:00:00 PDT,1752649200,101.18,101.23,WSW,23,6,,83,16.8,19.7,,,32200,2.3,,0,,,20.4,18.3,0
2025-07-15 23:00:00 PDT,1752645600,101.18,101.23,NW,31,14,,73,14.3,19.1,,,32200,2.3,,0,,,19.9,18.3,0
2025-07-15 22:00:00 PDT,1752642000,101.23,101.28,WNW,30,13,,73,14.6,19.5,,,32200,2.3,,0,,,20.6,19.1,0
2025-07-15 21:00:00 PDT,1752638400,101.24,101.29,WNW,30,14,,75,16.2,20.6,,25,32200,2.4,,0,,,22.9,20.6,0
2025-07-15 20:00:00 PDT,1752634800,101.28,101.33,WNW,29,16,,65,16.2,22.9,,28,32200,2.3,,0,,,24.9,22.9,0
2025-07-15 19:00:00 PDT,1752631200,101.28,101.33,NW,31,20,,59,16.4,24.8,,30,32200,2.4,,0,,,25.9,24.8,0
2025-07-15 18:00:00 PDT,1752627600,101.35,101.4,NW,30,22,,52,15.3,25.6,,30,48300,2.5,,0,,,26.7,25.6,0
2025-07-15 17:00:00 PDT,1752624000,101.43,101.48,WNW,29,20,30,51,15.2,26.1,,30,48300,2.7,,0,,,26.5,25.4,0
2025-07-15 16:00:00 PDT,1752620400,101.51,101.56,WNW,28,22,,52,15.4,25.8,,30,48300,2.7,,0,,,25.9,24.8,0
2025-07-15 15:00:00 PDT,1752616800,101.58,101.63,WNW,28,19,,53,15.6,25.8,,30,48300,2.6,,0,,,26,23.9,0
2025-07-15 14:00:00 PDT,1752613200,101.66,101.71,NW,30,15,,66,17.4,24,,30,48300,2.4,,0,,,24.1,22,0
2025-07-15 13:00:00 PDT,1752609600,101.73,101.78,WNW,29,14,,71,16.9,22.3,,28,48300,2.2,,0,,,22.6,20.9,0
2025-07-15 12:00:00 PDT,1752606000,101.77,101.82,WNW,28,22,,72,16.6,21.9,,27,48300,2,,0,,,21.9,20.9,0
2025-07-15 11:00:00 PDT,1752602400,101.8,101.85,WNW,29,21,,75,16.4,20.8,,26,48300,2,,0,,,21.1,20,0
2025-07-15 10:00:00 PDT,1752598800,101.85,101.9,WNW,29,25,,78,16.3,20.1,,25,48300,1.6,,0,,,20.4,19.3,0
2025-07-15 09:00:00 PDT,1752595200,101.87,101.92,WNW,29,24,,80,16,19.5,,,48300,1.4,,0,,,19.5,18.7,0
2025-07-15 08:00:00 PDT,1752591600,101.84,101.89,WNW,29,26,,87,16.5,18.7,,,48300,1.4,,0,,,18.7,17.9,0
2025-07-15 07:00:00 PDT,1752588000,101.81,101.86,WNW,29,20,,91,16.4,17.9,,,48300,1.4,,0,,,17.9,17.4,0
2025-07-15 06:00:00 PDT,1752584400,101.77,101.82,WNW,29,17,,93,16.3,17.4,,,32200,1.4,,0,,,17.5,17.1,0
2025-07-15 05:00:00 PDT,1752580800,101.73,101.78,NW,30,20,,94,16.5,17.5,,,32200,1.3,,0,,,17.5,17.3,0
2025-07-15 04:00:00 PDT,1752577200,101.74,101.79,NW,30,23,,93,16.4,17.5,,,32200,1.4,,1,,,17.5,17.2,0
2025-07-15 03:00:00 PDT,1752573600,101.76,101.81,WNW,29,16,,95,16.7,17.4,,,32200,1.6,,0,,,17.5,17.1,0
2025-07-15 02:00:00 PDT,1752570000,101.77,101.82,WNW,28,17,,97,16.7,17.1,,,32200,1.7,,0,,,17.4,15,0
2025-07-15 01:00:00 PDT,1752566400,101.76,101.81,NW,32,8,,94,15,16,,,32200,1.7,,0,,,17.2,15.4,0
2025-07-15 00:00:00 PDT,1752562800,101.77,101.82,WNW,28,10,,95,15.6,16.4,,,32200,1.7,,0,,,17.8,16.2,0
2025-07-14 23:00:00 PDT,1752559200,101.76,101.81,W,26,10,,92,16,17.4,,,32200,1.7,,0,,,17.4,16.3,0
2025-07-14 22:00:00 PDT,1752555600,101.74,101.79,W,26,10,,84,14.7,17.4,,,48300,1.8,,1,,,18.4,17.3,0
2025-07-14 21:00:00 PDT,1752552000,101.72,101.77,W,27,9,,89,15.9,17.8,,,48300,2,,1,,,20.3,17.7,0
2025-07-14 20:00:00 PDT,1752548400,101.7,101.75,W,26,7,,70,14.7,20.4,,,48300,2,,3,,,21.1,20.4,0
2025-07-14 19:00:00 PDT,1752544800,101.71,101.76,W,28,13,,68,15,21,,25,48300,2,,4,,,22.1,20.9,0
2025-07-14 18:00:00 PDT,1752541200,101.72,101.77,WSW,23,10,,63,14.8,22,,26,48300,1.9,,1,,,22.5,21.8,0
2025-07-14 17:00:00 PDT,1752537600,101.78,101.83,WSW,25,11,,62,14.7,22.3,,26,48300,1.9,,4,,,22.6,21.6,0
2025-07-14 16:00:00 PDT,1752534000,101.82,101.87,WSW,25,12,,60,14,22,,25,48300,2,,7,,,23.1,20.5,0
2025-07-14 15:00:00 PDT,1752530400,101.83,101.88,WNW,28,20,,63,15.3,22.6,,27,48300,1.9,,4,,,22.6,20.5,0
2025-07-14 14:00:00 PDT,1752526800,101.79,101.84,WNW,29,27,,66,15.2,21.8,,26,48300,1.6,,2,,,22.1,20.9,0
2025-07-14 13:00:00 PDT,1752523200,101.78,101.83,WNW,29,26,,66,14.4,20.9,,25,48300,1.4,,4,,,21.2,19.6,0
2025-07-14 12:00:00 PDT,1752519600,101.78,101.83,WNW,28,29,39,65,13.6,20.4,,,48300,1.3,,4,,,20.5,18.9,0
2025-07-14 11:00:00 PDT,1752516000,101.74,101.79,WNW,28,25,34,71,13.7,19.2,,,,1.3,,,,,20.2,18.1,0
2025-07-14 10:00:00 PDT,1752512400,101.75,101.8,WNW,29,37,51,67,13.8,19.9,,,48300,1.2,,3,,,19.9,18.5,0
2025-07-14 09:00:00 PDT,1752508800,101.71,101.76,WNW,29,45,55,70,13,18.5,,,48300,1.2,,4,,,18.7,18.1,0
2025-07-14 08:00:00 PDT,1752505200,101.69,101.74,WNW,29,38,39,74,13.4,18.1,,,48300,1.2,,1,,,18.2,17.5,0
2025-07-14 07:00:00 PDT,1752501600,101.7,101.75,WNW,28,40,54,78,13.8,17.5,,,40200,1.2,,1,,,17.5,17.1,0
2025-07-14 06:00:00 PDT,1752498000,101.7,101.75,WNW,28,35,44,83,14.1,17.1,,,32200,1.1,,1,,,17.6,17.1,0
2025-07-14 05:00:00 PDT,1752494400,101.63,101.68,WNW,29,35,49,82,14.5,17.6,,,32200,1.1,,1,,,18.2,17.6,0
2025-07-14 04:00:00 PDT,1752490800,101.62,101.67,WNW,28,36,52,83,15.4,18.3,,,32200,1.1,,1,,,19,18.3,0
2025-07-14 03:00:00 PDT,1752487200,101.57,101.62,WNW,28,44,53,82,16,19,,,32200,1.1,,1,,,19.8,19,0
2025-07-14 02:00:00 PDT,1752483600,101.61,101.66,WNW,30,37,53,80,16.3,19.9,,,32200,1.2,,1,,,20.5,19.9,0
2025-07-14 01:00:00 PDT,1752480000,101.62,101.67,NW,30,30,33,81,16.9,20.2,,25,32200,1.5,,0,,,20.9,20.2,0
2025-07-14 00:00:00 PDT,1752476400,101.62,101.67,WNW,30,29,39,81,17.5,20.9,,27,32200,1.8,,0,,,21.6,20.9,0
2025-07-13 23:00:00 PDT,1752472800,101.65,101.7,WNW,28,38,52,78,17.7,21.6,,27,32200,1.9,,1,,,21.9,21.6,0
2025-07-13 22:00:00 PDT,1752469200,101.68,101.73,WNW,28,28,40,83,18.9,21.9,,29,32200,1.8,,1,,,24.8,21.8,0
2025-07-13 21:00:00 PDT,1752465600,101.66,101.71,SW,23,13,,65,17.7,24.6,,30,32200,1.9,,3,,,26,24.4,0
2025-07-13 20:00:00 PDT,1752462000,101.66,101.71,NW,30,8,,62,18.2,26,,32,32200,1.8,,4,,,26.9,25.7,0
2025-07-13 19:00:00 PDT,1752458400,101.66,101.71,WSW,23,4,,62,18.1,25.8,,32,32200,1.5,,2,,,26.1,25.2,0
2025-07-13 18:00:00 PDT,1752454800,101.69,101.74,SW,22,14,,62,18.5,26.1,,32,32200,1.7,,2,,,26.6,25.9,0
2025-07-13 17:00:00 PDT,1752451200,101.75,101.8,SW,23,15,27,63,18.7,26.2,,33,32200,2,,3,,,26.9,26.2,0
2025-07-13 16:00:00 PDT,1752447600,101.81,101.86,SW,23,17,35,60,18.1,26.3,,32,32200,2.3,,1,,,27.4,25.7,0
2025-07-13 15:00:00 PDT,1752444000,101.84,101.89,WNW,28,19,,61,18.6,26.6,,33,32200,2.5,,1,,,26.9,25.2,0
2025-07-13 14:00:00 PDT,1752440400,101.89,101.94,WNW,28,18,,70,19.8,25.7,,33,32200,2.5,,3,,,25.9,24.4,0
2025-07-13 13:00:00 PDT,1752436800,101.92,101.97,WNW,28,20,,69,18.8,24.9,,32,32200,2,,2,,,25.3,24.1,0
2025-07-13 12:00:00 PDT,1752433200,101.97,102.02,WNW,28,23,,71,18.7,24.2,,31,32200,1.9,,2,,,24.4,23.3,0
2025-07-13 11:00:00 PDT,1752429600,102,102.05,WNW,29,18,28,70,18.5,24.1,,30,32200,1.6,,2,,,24.1,22,0
2025-07-13 10:00:00 PDT,1752426000,102.02,102.07,WNW,30,19,,81,18.7,22,,29,32200,1.4,,5,,,23.1,21.9,0
2025-07-13 09:00:00 PDT,1752422400,102.05,102.1,W,26,12,,79,18,21.8,,28,32200,1.3,,2,,,22.3,21.1,0
2025-07-13 08:00:00 PDT,1752418800,102.01,102.06,SSE,16,7,,70,15.7,21.2,,26,32200,1.3,,2,,,21.2,19.2,0
2025-07-13 07:00:00 PDT,1752415200,101.99,102.04,ESE,10,8,,81,16,19.3,,,32200,,,2,,,19.3,17.2,0
2025-07-13 06:00:00 PDT,1752411600,101.96,102.01,E,9,5,,84,14.9,17.5,,,48300,,,5,,,18.1,16.8,0
2025-07-13 05:00:00 PDT,1752408000,101.94,101.99,E,9,9,,88,14.8,16.8,,,32200,,,7,,,17.4,16.8,0
2025-07-13 04:00:00 PDT,1752404400,101.95,102,ESE,11,6,,83,14.6,17.5,,,24100,,,7,,,18.3,17.2,0
2025-07-13 03:00:00 PDT,1752400800,101.92,101.97,ESE,10,8,,84,14.9,17.5,,,24100,,,6,,,17.7,17.4,0
2025-07-13 02:00:00 PDT,1752397200,101.91,101.96,E,9,15,,84,14.9,17.5,,,24100,,,7,,,18.6,17.5,0
2025-07-13 01:00:00 PDT,1752393600,101.9,101.95,ESE,10,14,,82,15.4,18.6,,,24100,,,4,,,19.4,18.5,0
2025-07-13 00:00:00 PDT,1752390000,101.91,101.96,E,9,13,,76,15.1,19.3,,,24100,1.8,,5,,,19.6,19.1,0
2025-07-12 23:00:00 PDT,1752386400,101.89,101.94,E,10,15,,77,15.3,19.4,,,32200,1.8,,2,,,21.8,19.3,0
2025-07-12 22:00:00 PDT,1752382800,101.88,101.93,SE,14,9,,68,14.9,20.9,,25,32200,1.8,,6,,,22.6,20.9,0
2025-07-12 21:00:00 PDT,1752379200,101.84,101.89,S,18,8,,65,15.9,22.6,,27,48300,1.6,,5,,,23.4,22.3,0
2025-07-12 20:00:00 PDT,1752375600,101.83,101.88,SSW,19,12,,62,15.7,23.3,,28,48300,1.6,,2,,,24.2,23.3,0
2025-07-12 19:00:00 PDT,1752372000,101.84,101.89,S,18,9,,61,15.9,23.8,,28,48300,1.6,,2,,,23.8,23.2,0
2025-07-12 18:00:00 PDT,1752368400,101.86,101.91,SSW,20,11,,62,15.8,23.4,,28,32200,1.7,,0,,,24.1,23.4,0
2025-07-12 17:00:00 PDT,1752364800,101.9,101.95,SW,23,14,,68,17.4,23.7,,29,32200,1.8,,1,,,23.8,23.1,0
2025-07-12 16:00:00 PDT,1752361200,101.94,101.99,WSW,24,12,,67,16.9,23.3,,29,32200,2,,1,,,24.3,23.2,0
2025-07-12 15:00:00 PDT,1752357600,101.97,102.02,W,26,15,,69,17.7,23.6,,29,32200,2,,2,,,24.7,22.7,0
2025-07-12 14:00:00 PDT,1752354000,101.96,102.01,WNW,29,10,,64,17.3,24.4,,30,32200,1.8,,2,,,24.4,22.6,0
2025-07-12 13:00:00 PDT,1752350400,102,102.05,WNW,28,11,,69,17.5,23.3,,29,32200,1.6,,2,,,23.4,22.1,0
2025-07-12 12:00:00 PDT,1752346800,102.02,102.07,W,27,17,,76,17.9,22.3,,28,32200,1.5,,2,,,22.8,21.9,0
2025-07-12 11:00:00 PDT,1752343200,102.01,102.06,WNW,28,22,,78,18.3,22.2,,28,32200,1.4,,3,,,22.2,20.9,0
2025-07-12 10:00:00 PDT,1752339600,102,102.05,W,26,10,,81,17.6,20.8,,27,32200,1.2,,3,,,20.8,19,0
2025-07-12 09:00:00 PDT,1752336000,102.01,102.06,S,18,6,,83,16.2,19.2,,,32200,1,,8,,,19.2,17.8,0
2025-07-12 08:00:00 PDT,1752332400,101.97,102.02,SE,12,13,,84,15.3,18,,,32200,1,,7,,,18,16.8,0
2025-07-12 07:00:00 PDT,1752328800,101.97,102.02,E,9,15,,89,15,16.8,,,32200,1,,7,,,16.8,15.6,0
2025-07-12 06:00:00 PDT,1752325200,101.92,101.97,E,10,16,,92,14.4,15.6,,,32200,1.1,,5,,,15.6,15.4,0
2025-07-12 05:00:00 PDT,1752321600,101.92,101.97,E,9,14,,92,14.1,15.4,,,32200,1.3,,6,,,16,15.2,0
2025-07-12 04:00:00 PDT,1752318000,101.88,101.93,E,9,14,,89,14.2,16,,,32200,1.4,,5,,,16.6,16,0
2025-07-12 03:00:00 PDT,1752314400,101.89,101.94,E,9,17,,86,14.3,16.6,,,32200,1.5,,7,,,16.8,16.2,0
2025-07-12 02:00:00 PDT,1752310800,101.9,101.95,E,9,17,,85,14.3,16.7,,,32200,1.7,,6,,,17.9,16.6,0
2025-07-12 01:00:00 PDT,1752307200,101.89,101.94,ESE,10,8,,78,13.4,17.3,,,32200,1.9,,7,,,19.5,17.2,0
2025-07-12 00:00:00 PDT,1752303600,101.9,101.95,,,0,,78,15.7,19.4,,,32200,2.2,,3,,,19.7,17.9,0
2025-07-11 23:00:00 PDT,1752300000,101.92,101.97,WSW,25,8,,83,16.6,19.4,,,32200,2.3,,6,,,19.6,17.9,0
2025-07-11 22:00:00 PDT,1752296400,101.93,101.98,WNW,30,8,,88,16.9,18.9,,,32200,2.4,,6,,,20.5,18.9,0
2025-07-11 21:00:00 PDT,1752292800,101.86,101.91,WNW,29,8,,80,17.2,20.6,,26,32200,2.4,,8,,,22.2,20.6,0
2025-07-11 20:00:00 PDT,1752289200,101.89,101.94,,12,0,,72,17.2,22.4,,28,32200,2.4,,7,,,24.9,22.4,0
2025-07-11 19:00:00 PDT,1752285600,101.9,101.95,SE,12,11,,46,12.7,24.8,,27,32200,2.4,,7,,,25.9,24.6,0
2025-07-11 18:00:00 PDT,1752282000,101.93,101.98,SE,13,13,,47,13.5,25.6,,29,32200,2.6,,7,,,26.4,25.4,0
2025-07-11 17:00:00 PDT,1752278400,101.97,102.02,S,18,8,,47,13.9,25.8,,29,32200,2.7,,6,,,26,24.5,0
2025-07-11 16:00:00 PDT,1752274800,102.03,102.08,SSW,20,17,31,48,13.3,24.9,,28,32200,2.7,,5,,,25.7,24.5,0
2025-07-11 15:00:00 PDT,1752271200,102.08,102.13,S,18,16,,58,16.4,25.2,,30,32200,2.6,,7,,,25.2,23.1,0
2025-07-11 14:00:00 PDT,1752267600,102.11,102.16,SSW,20,16,31,65,16.3,23.2,,28,32200,2.5,,5,,,23.2,22.4,0
2025-07-11 13:00:00 PDT,1752264000,102.15,102.2,SW,22,10,,66,16,22.7,,27,32200,2.2,,3,,,22.7,20.8,0
2025-07-11 12:00:00 PDT,1752260400,102.21,102.26,SW,22,12,,72,15.7,20.8,,25,32200,2,,3,,,21,19.9,0
2025-07-11 11:00:00 PDT,1752256800,102.26,102.31,WSW,24,13,,72,15,20,,,32200,2,,2,,,20.1,19.2,0
2025-07-11 10:00:00 PDT,1752253200,102.27,102.32,WSW,23,12,,80,15.8,19.3,,,32200,1.8,,2,,,19.5,18.4,0
2025-07-11 09:00:00 PDT,1752249600,102.31,102.36,WSW,24,11,,81,15.2,18.5,,,32200,1.6,,3,,,19.2,18.2,0
2025-07-11 08:00:00 PDT,1752246000,102.31,102.36,SE,12,3,,79,14.4,18.1,,,32200,1.5,,4,,,18.3,16.7,0
2025-07-11 07:00:00 PDT,1752242400,102.32,102.37,,,0,,88,14.8,16.8,,,32200,1.5,,4,,,16.8,13.4,0
2025-07-11 06:00:00 PDT,1752238800,102.31,102.36,,9,0,,97,12.7,13.2,,,32200,1.6,,3,,,14.7,12.8,0
2025-07-11 05:00:00 PDT,1752235200,102.31,102.36,,,0,,99,13.8,13.9,,,32200,1.6,,1,,,15.7,13,0
2025-07-11 04:00:00 PDT,1752231600,102.32,102.37,ENE,6,5,,86,13.1,15.5,,,32200,1.7,,1,,,16,14.6,0
2025-07-11 03:00:00 PDT,1752228000,102.3,102.35,E,8,6,,86,13.4,15.7,,,32200,1.8,,1,,,16.5,14.7,0
2025-07-11 02:00:00 PDT,1752224400,102.3,102.35,E,9,5,,84,13.6,16.3,,,32200,1.9,,0,,,16.7,14.7,0
2025-07-11 01:00:00 PDT,1752220800,102.3,102.35,,,0,,84,12.7,15.3,,,32200,2,,1,,,17.7,14.8,0
2025-07-11 00:00:00 PDT,1752217200,102.3,102.35,,,0,,75,13.2,17.5,,,32200,2.1,,1,,,17.6,16.6,0
2025-07-10 23:00:00 PDT,1752213600,102.3,102.35,,,0,,80,13.7,17.2,,,32200,2.2,,0,,,17.6,15.6,0
2025-07-10 22:00:00 PDT,1752210000,102.28,102.33,W,26,5,,80,13.5,16.8,,,32200,2.4,,1,,,18.7,16.2,0
2025-07-10 21:00:00 PDT,1752206400,102.27,102.32,SW,21,7,,76,13.9,18.2,,,32200,2.4,,3,,,19.1,18.2,0
2025-07-10 20:00:00 PDT,1752202800,102.3,102.35,WSW,24,8,,69,13.4,19,,,32200,2.4,,1,,,19.8,19,0
2025-07-10 19:00:00 PDT,1752199200,102.32,102.37,WSW,24,10,,70,14.3,19.7,,,32200,2.4,,2,,,20.1,19.6,0
2025-07-10 18:00:00 PDT,1752195600,102.36,102.41,SW,21,11,,65,13.3,20,,,32200,2.3,,2,,,20.6,20,0
2025-07-10 17:00:00 PDT,1752192000,102.38,102.43,SW,22,16,27,62,13,20.5,,,32200,2.2,,3,,,21,20.4,0
2025-07-10 16:00:00 PDT,1752188400,102.4,102.45,SW,22,17,33,61,12.8,20.5,,,32200,2.1,,3,,,21.6,20.4,0
2025-07-10 15:00:00 PDT,1752184800,102.42,102.47,SSW,20,16,32,62,13.8,21.2,,,32200,2,,4,,,21.5,20.5,0
2025-07-10 14:00:00 PDT,1752181200,102.42,102.47,SSW,19,11,,67,14.1,20.4,,,32200,1.9,,4,,,21,18.6,0
2025-07-10 13:00:00 PDT,1752177600,102.41,102.46,SE,12,14,,69,12.9,18.7,,,32200,1.8,,7,,,20.1,18.7,0
2025-07-10 12:00:00 PDT,1752174000,102.41,102.46,SSE,15,9,,65,12.5,19.1,,,32200,1.7,,7,,,20.4,18.2,0
2025-07-10 11:00:00 PDT,1752170400,102.38,102.43,ENE,6,5,,65,12.7,19.3,,,32200,1.7,,8,,,19.3,17.2,0
2025-07-10 10:00:00 PDT,1752166800,102.36,102.41,ESE,11,14,,70,11.7,17.2,,,32200,1.7,,8,,,18.1,17.1,0
2025-07-10 09:00:00 PDT,1752163200,102.32,102.37,ENE,7,16,,66,11.4,17.8,,,32200,1.7,,6,,,17.8,15.6,0
2025-07-10 08:00:00 PDT,1752159600,102.29,102.34,E,9,12,,71,10.3,15.5,,,32200,1.7,,8,,,15.5,15.2,0
2025-07-10 07:00:00 PDT,1752156000,102.23,102.28,E,8,10,,70,10.1,15.4,,,32200,1.7,,7,,,15.8,14.7,0
2025-07-10 06:00:00 PDT,1752152400,102.17,102.22,ESE,10,14,,72,9.7,14.7,,,32200,1.6,,7,,,14.8,14.2,0
2025-07-10 05:00:00 PDT,1752148800,102.11,102.16,E,9,22,,71,9.6,14.8,,,32200,1.6,,7,,,15.1,14.6,0
2025-07-10 04:00:00 PDT,1752145200,102.07,102.12,E,9,20,,71,9.8,15.1,,,32200,1.6,,8,,,15.4,15,0
2025-07-10 03:00:00 PDT,1752141600,102.03,102.08,E,7,18,,70,10.1,15.4,,,32200,1.5,,7,,,15.5,15.2,0
2025-07-10 02:00:00 PDT,1752138000,102.02,102.07,E,9,25,,72,10.3,15.3,,,32200,1.4,,7,,,15.6,15.3,0
2025-07-10 01:00:00 PDT,1752134400,101.99,102.04,E,9,23,,82,12.5,15.5,,,32200,1.4,,8,,,15.8,15.4,0.1
2025-07-10 00:00:00 PDT,1752130800,101.99,102.04,E,9,22,,83,12.7,15.6,,,32200,1.4,,8,,,16.7,15.6,0
2025-07-09 23:00:00 PDT,1752127200,101.96,102.01,E,9,23,,76,12.5,16.6,,,32200,1.4,,8,,,17.2,16.6,0
2025-07-09 22:00:00 PDT,1752123600,101.96,102.01,E,9,25,,72,12.2,17.1,,,32200,1.4,,8,,,17.2,17.1,0
2025-07-09 21:00:00 PDT,1752120000,101.92,101.97,E,9,25,,74,12.5,17.1,,,32200,1.3,,8,,,17.8,17.1,0
2025-07-09 20:00:00 PDT,1752116400,101.92,101.97,ESE,10,26,,70,12.4,17.7,,,48300,1.2,,8,,,18.9,17.7,0
2025-07-09 19:00:00 PDT,1752112800,101.9,101.95,ESE,11,23,,70,13.4,18.9,,,48300,1.1,,8,,,20.7,18.9,0
2025-07-09 18:00:00 PDT,1752109200,101.88,101.93,ESE,11,22,32,71,15.2,20.6,,25,48300,1.1,,5,,,21.4,20.5,0
2025-07-09 17:00:00 PDT,1752105600,101.94,101.99,ESE,11,16,,74,16.1,20.9,,26,48300,1.1,,5,,,21.8,20.5,0
2025-07-09 16:00:00 PDT,1752102000,101.94,101.99,ESE,11,19,,77,16.8,20.9,,26,40200,1,,7,,,21.2,20.1,0
2025-07-09 15:00:00 PDT,1752098400,101.96,102.01,SSE,15,18,,75,16.8,21.2,,26,40200,1,,6,,,21.2,19.6,0
2025-07-09 14:00:00 PDT,1752094800,101.96,102.01,SSE,14,17,,83,16.6,19.5,,,32200,1,,8,,,20.3,19.4,0
2025-07-09 13:00:00 PDT,1752091200,101.94,101.99,SE,14,12,,83,16.9,19.8,,,24100,1,,8,,,19.9,17.7,0
2025-07-09 12:00:00 PDT,1752087600,101.94,101.99,SSW,20,5,,94,16.9,17.9,,,12900,1,,8,,,18.2,17.4,0
2025-07-09 11:00:00 PDT,1752084000,101.89,101.94,SSE,14,5,,96,16.9,17.5,,,12900,1,,8,,,17.5,16.5,0.5
2025-07-09 10:00:00 PDT,1752080400,101.86,101.91,E,8,4,,97,16.2,16.8,,,4000,1,,8,,,16.9,16,2
2025-07-09 09:00:00 PDT,1752076800,101.81,101.86,ESE,10,3,,97,15.8,16.3,,,,1,,,,,16.3,15.9,2.1
2025-07-09 08:00:00 PDT,1752073200,101.79,101.84,ESE,11,10,,99,15.8,16,,,4000,1,,8,,,16.5,16,1.7
2025-07-09 07:00:00 PDT,1752069600,101.75,101.8,ESE,11,9,,98,16.2,16.4,,,9700,1,,8,,,16.5,16.1,0.1
2025-07-09 06:00:00 PDT,1752066000,101.71,101.76,E,9,13,,99,16.1,16.3,,,16100,1,,8,,,16.5,16.1,0.8
2025-07-09 05:00:00 PDT,1752062400,101.7,101.75,ESE,12,14,,99,16.3,16.5,,,12900,1,,8,,,16.7,16.4,0.8
2025-07-09 04:00:00 PDT,1752058800,101.67,101.72,ESE,12,13,,98,16.4,16.7,,,24100,1,,8,,,17,16.6,0.3
2025-07-09 03:00:00 PDT,1752055200,101.67,101.72,ESE,11,14,,98,16.5,16.9,,,12900,1,,8,,,17.8,16.8,0.8
2025-07-09 02:00:00 PDT,1752051600,101.66,101.71,SE,13,10,,96,16.8,17.5,,,32200,1,,8,,,18.2,17.4,0
2025-07-09 01:00:00 PDT,1752048000,101.66,101.71,ESE,11,14,,93,17,18.2,,,32200,1,,8,,,18.4,18,0
2025-07-09 00:00:00 PDT,1752044400,101.65,101.7,ESE,12,9,,92,16.9,18.2,,,32200,1.1,,8,,,18.3,18,0
2025-07-08 23:00:00 PDT,1752040800,101.64,101.69,SE,12,8,,94,17.1,18.1,,,24100,1.4,,8,,,18.6,18,0
2025-07-08 22:00:00 PDT,1752037200,101.65,101.7,SE,13,10,,94,17.1,18.1,,,24100,1.6,,8,,,18.7,18,1
2025-07-08 21:00:00 PDT,1752033600,101.62,101.67,E,9,3,,90,16.9,18.6,,,24100,1.5,,8,,,18.9,18.4,1.9
2025-07-08 20:00:00 PDT,1752030000,101.62,101.67,ENE,6,5,,89,17.2,19,,,16100,,,8,,,19.7,18.9,1.4
2025-07-08 19:00:00 PDT,1752026400,101.63,101.68,NNW,33,3,,83,16.8,19.7,,,9700,,,8,,,20.3,19.4,2.2
2025-07-08 18:00:00 PDT,1752022800,101.55,101.6,NW,31,10,,91,18.9,20.4,,27,24100,1.7,,7,,,21.2,20.4,0
2025-07-08 17:00:00 PDT,1752019200,101.53,101.58,WNW,28,10,,82,17.9,21,,27,24100,1.7,,7,,,23.7,21,0
2025-07-08 16:00:00 PDT,1752015600,101.52,101.57,SW,22,9,,70,17.3,22.9,,28,32200,1.6,,7,,,25.1,22.7,0
2025-07-08 15:00:00 PDT,1752012000,101.54,101.59,SW,22,10,,53,14.8,25,,29,40200,1.6,,7,,,25.5,24.7,0
2025-07-08 14:00:00 PDT,1752008400,101.53,101.58,SE,12,16,,49,13.6,24.9,,28,48300,1.6,,8,,,25.9,24.4,0
2025-07-08 13:00:00 PDT,1752004800,101.51,101.56,ESE,10,16,,50,14.1,25.2,,29,48300,1.5,,7,,,25.8,22.9,0
2025-07-08 12:00:00 PDT,1752001200,101.52,101.57,SE,13,21,,52,13.2,23.5,,26,48300,1.4,,5,,,23.8,21.1,0
2025-07-08 11:00:00 PDT,1751997600,101.52,101.57,SE,12,22,,58,12.7,21,,,48300,1.4,,5,,,22.2,20.2,0
2025-07-08 10:00:00 PDT,1751994000,101.52,101.57,ESE,12,22,,64,13.4,20.2,,,48300,1.4,,4,,,20.4,19.1,0
2025-07-08 09:00:00 PDT,1751990400,101.49,101.54,ESE,10,19,31,70,13.8,19.5,,,48300,,,4,,,19.5,17.4,0
2025-07-08 08:00:00 PDT,1751986800,101.44,101.49,ESE,11,21,,71,12.4,17.6,,,48300,,,2,,,17.8,15.8,0
2025-07-08 07:00:00 PDT,1751983200,101.42,101.47,E,9,25,,84,13.1,15.8,,,48300,1.7,,3,,,15.8,14.6,0
2025-07-08 06:00:00 PDT,1751979600,101.41,101.46,ESE,10,19,,79,11.1,14.7,,,32200,1.8,,2,,,14.7,14,0
2025-07-08 05:00:00 PDT,1751976000,101.35,101.4,E,9,23,,76,10.3,14.4,,,32200,1.9,,2,,,15.5,14.4,0
2025-07-08 04:00:00 PDT,1751972400,101.31,101.36,E,9,15,,80,12.1,15.4,,,32200,2,,2,,,16.1,14.9,0
2025-07-08 03:00:00 PDT,1751968800,101.32,101.37,ESE,10,11,,84,13.2,16,,,32200,2.1,,0,,,17.1,15.8,0
2025-07-08 02:00:00 PDT,1751965200,101.29,101.34,ESE,12,12,,84,14.1,16.8,,,32200,2.1,,1,,,17.8,16.8,0
2025-07-08 01:00:00 PDT,1751961600,101.27,101.32,E,9,18,,86,15.2,17.6,,,32200,2.2,,1,,,18.9,17.4,0
2025-07-08 00:00:00 PDT,1751958000,101.27,101.32,E,9,18,,78,14.6,18.5,,,32200,2.2,,1,,,19.9,18.5,0
2025-07-07 23:00:00 PDT,1751954400,101.28,101.33,E,9,16,,69,13.8,19.7,,,32200,2.3,,1,,,20.2,19.4,0
2025-07-07 22:00:00 PDT,1751950800,101.27,101.32,E,9,16,,68,13.9,20,,,32200,2.5,,2,,,22.8,20,0
2025-07-07 21:00:00 PDT,1751947200,101.25,101.3,SE,13,9,,57,13.7,22.5,,26,32200,2.6,,3,,,23.4,21.9,0
2025-07-07 20:00:00 PDT,1751943600,101.26,101.31,SW,22,7,,61,15.3,23.1,,27,32200,2.7,,4,,,24,23,0
2025-07-07 19:00:00 PDT,1751940000,101.29,101.34,SSW,20,5,,53,14,24.1,,27,32200,2.9,,4,,,24.6,23.1,0
2025-07-07 18:00:00 PDT,1751936400,101.34,101.39,SSW,20,8,,60,15.2,23.1,,27,48300,2.9,,5,,,24.3,23,0
2025-07-07 17:00:00 PDT,1751932800,101.41,101.46,SW,22,10,,60,14.9,23,,27,48300,3,,3,,,23.2,22.2,0
2025-07-07 16:00:00 PDT,1751929200,101.45,101.5,SW,23,13,,65,15.9,22.8,,27,48300,2.9,,4,,,23.2,21.6,0
2025-07-07 15:00:00 PDT,1751925600,101.49,101.54,WSW,24,11,,75,16.9,21.4,,27,48300,2.9,,5,,,22.7,20.6,0
2025-07-07 14:00:00 PDT,1751922000,101.54,101.59,SW,21,11,,69,16,21.9,,27,48300,2.8,,5,,,22.8,20.9,0
2025-07-07 13:00:00 PDT,1751918400,101.59,101.64,WSW,24,13,,63,15.2,22.4,,26,48300,2.5,,4,,,22.8,21.9,0
2025-07-07 12:00:00 PDT,1751914800,101.64,101.69,SW,23,11,,67,15.7,21.9,,26,48300,2.3,,4,,,22.4,20.9,0
2025-07-07 11:00:00 PDT,1751911200,101.67,101.72,WSW,25,12,,65,14.4,21.2,,25,48300,2.1,,3,,,21.3,20.4,0
2025-07-07 10:00:00 PDT,1751907600,101.7,101.75,WSW,24,12,,65,13.7,20.4,,,48300,1.9,,1,,,20.6,19.9,0
2025-07-07 09:00:00 PDT,1751904000,101.72,101.77,SSW,19,7,,64,13.2,20.2,,,48300,1.8,,1,,,20.2,18.9,0
2025-07-07 08:00:00 PDT,1751900400,101.73,101.78,SW,22,5,,64,12,18.9,,,48300,1.6,,1,,,18.9,17.4,0
2025-07-07 07:00:00 PDT,1751896800,101.74,101.79,W,27,4,,81,14.2,17.5,,,48300,1.6,,1,,,17.5,13.9,0
2025-07-07 06:00:00 PDT,1751893200,101.73,101.78,,,0,,86,12.9,15.2,,,32200,1.6,,1,,,15.9,14.6,0
2025-07-07 05:00:00 PDT,1751889600,101.73,101.78,S,18,6,,88,13.5,15.3,,,32200,1.7,,0,,,15.8,14.5,0
2025-07-07 04:00:00 PDT,1751886000,101.69,101.74,E,8,10,,89,13.8,15.5,,,24100,1.7,,0,,,16.1,14.7,0
2025-07-07 03:00:00 PDT,1751882400,101.71,101.76,E,9,10,,90,13.6,15.2,,,24100,1.8,,0,,,16.3,15,0
2025-07-07 02:00:00 PDT,1751878800,101.72,101.77,E,9,15,,86,13.9,16.2,,,24100,1.8,,0,,,16.8,16.2,0
2025-07-07 01:00:00 PDT,1751875200,101.74,101.79,E,9,17,,86,14.4,16.8,,,24100,1.9,,0,,,18.3,16.8,0
2025-07-07 00:00:00 PDT,1751871600,101.75,101.8,SSW,20,9,,87,15.9,18,,,32200,2,,0,,,19.7,18,0
2025-07-06 23:00:00 PDT,1751868000,101.75,101.8,SW,22,11,,75,15,19.4,,,24100,2.1,,0,,,19.4,17.9,0
2025-07-06 22:00:00 PDT,1751864400,101.77,101.82,W,27,8,,83,15.4,18.4,,,32200,2.2,,2,,,19.2,17.9,0
2025-07-06 21:00:00 PDT,1751860800,101.76,101.81,W,27,7,,76,14.8,19.1,,,48300,2.3,,3,,,20.6,19.1,0
2025-07-06 20:00:00 PDT,1751857200,101.8,101.85,WSW,25,15,,73,15.6,20.6,,25,48300,2.3,,5,,,21.3,20.6,0
2025-07-06 19:00:00 PDT,1751853600,101.84,101.89,W,26,14,,71,15.7,21.2,,26,48300,,,6,,,22,21,0
2025-07-06 18:00:00 PDT,1751850000,101.9,101.95,W,28,14,,68,15.7,21.7,,26,32200,2.7,,6,,,21.8,20.9,0
2025-07-06 17:00:00 PDT,1751846400,101.95,102,WSW,25,19,,66,14.6,21.1,,25,32200,2.7,,6,,,21.8,20.6,0
2025-07-06 16:00:00 PDT,1751842800,102.02,102.07,WSW,24,14,,64,14.1,20.9,,,32200,2.7,,3,,,21.6,20.8,0
2025-07-06 15:00:00 PDT,1751839200,102.07,102.12,WSW,24,14,,62,13.7,21.2,,,32200,2.6,,3,,,21.3,20.1,0
2025-07-06 14:00:00 PDT,1751835600,102.11,102.16,SW,23,17,,62,12.8,20.1,,,32200,2.5,,2,,,20.6,19.8,0
2025-07-06 13:00:00 PDT,1751832000,102.16,102.21,SW,23,17,27,65,12.9,19.7,,,32200,2.3,,3,,,20.2,19.6,0
2025-07-06 12:00:00 PDT,1751828400,102.21,102.26,WSW,24,15,,65,13.3,20.1,,,32200,2.1,,3,,,20.4,19.6,0
2025-07-06 11:00:00 PDT,1751824800,102.26,102.31,WSW,24,12,,60,12.4,20.2,,,32200,2,,3,,,20.3,19.3,0
2025-07-06 10:00:00 PDT,1751821200,102.28,102.33,SSW,20,9,,66,13.1,19.5,,,32200,1.8,,3,,,19.9,18.2,0
2025-07-06 09:00:00 PDT,1751817600,102.31,102.36,S,17,8,,65,11.6,18.2,,,32200,1.7,,5,,,18.3,16.8,0
2025-07-06 08:00:00 PDT,1751814000,102.32,102.37,SE,13,6,,73,12.1,17,,,32200,1.6,,5,,,17,15.3,0
2025-07-06 07:00:00 PDT,1751810400,102.33,102.38,SE,12,10,,83,12.4,15.3,,,32200,1.6,,2,,,15.3,13,0
2025-07-06 06:00:00 PDT,1751806800,102.31,102.36,E,9,9,,90,11.5,13.1,,,32200,1.6,,3,,,13.4,12.9,0
2025-07-06 05:00:00 PDT,1751803200,102.3,102.35,ESE,11,8,,90,11.5,13.1,,,32200,1.7,,4,,,14.2,13.1,0
2025-07-06 04:00:00 PDT,1751799600,102.27,102.32,ESE,10,6,,88,12.2,14.1,,,32200,1.7,,1,,,14.1,13.4,0
2025-07-06 03:00:00 PDT,1751796000,102.26,102.31,E,9,9,,88,11.8,13.7,,,32200,1.7,,0,,,14.2,13.7,0
2025-07-06 02:00:00 PDT,1751792400,102.28,102.33,E,10,9,,89,12.5,14.2,,,32200,1.8,,0,,,16,14.1,0
2025-07-06 01:00:00 PDT,1751788800,102.29,102.34,ENE,6,4,,76,11.6,15.8,,,32200,1.9,,1,,,15.9,14.7,0
2025-07-06 00:00:00 PDT,1751785200,102.28,102.33,ESE,10,10,,77,10.8,14.8,,,32200,2.1,,1,,,16.7,14.6,0
2025-07-05 23:00:00 PDT,1751781600,102.31,102.36,,,0,,76,11.5,15.7,,,32200,2.2,,0,,,17.2,15.1,0
2025-07-05 22:00:00 PDT,1751778000,102.3,102.35,SSE,14,3,,69,11.3,16.9,,,32200,2.2,,2,,,18.5,16.9,0
2025-07-05 21:00:00 PDT,1751774400,102.27,102.32,SW,22,7,,77,13.7,17.8,,,32200,2.3,,3,,,19.3,17.8,0
2025-07-05 20:00:00 PDT,1751770800,102.29,102.34,SSW,20,9,,65,12.5,19.3,,,32200,2.3,,6,,,19.8,19.3,0
2025-07-05 19:00:00 PDT,1751767200,102.31,102.36,SSW,21,13,28,58,11.3,19.7,,,32200,2.3,,7,,,20.3,19,0
2025-07-05 18:00:00 PDT,1751763600,102.32,102.37,SSW,21,14,30,60,12,19.9,,,32200,2.3,,8,,,20.3,19.7,0
2025-07-05 17:00:00 PDT,1751760000,102.36,102.41,SSW,21,13,,60,12.2,20.1,,,32200,2.2,,7,,,20.5,19.5,0
2025-07-05 16:00:00 PDT,1751756400,102.38,102.43,S,16,6,,59,11.9,20.2,,,32200,2.1,,7,,,20.8,19.9,0
2025-07-05 15:00:00 PDT,1751752800,102.39,102.44,S,16,15,,54,11.1,20.6,,,32200,2,,6,,,20.9,19.6,0
2025-07-05 14:00:00 PDT,1751749200,102.39,102.44,SSE,16,8,,58,11.3,19.7,,,32200,1.8,,8,,,20,19.2,0
2025-07-05 13:00:00 PDT,1751745600,102.4,102.45,SSE,15,9,,58,11.2,19.7,,,32200,1.7,,8,,,19.9,18.3,0
2025-07-05 12:00:00 PDT,1751742000,102.38,102.43,ESE,12,14,,60,10.4,18.3,,,32200,1.6,,8,,,19,18.2,0
2025-07-05 11:00:00 PDT,1751738400,102.35,102.4,SE,13,21,,63,11.3,18.3,,,32200,1.5,,8,,,18.6,17.4,0
2025-07-05 10:00:00 PDT,1751734800,102.33,102.38,SE,13,20,,64,10.8,17.5,,,32200,1.5,,5,,,17.8,15.8,0
2025-07-05 09:00:00 PDT,1751731200,102.32,102.37,E,8,18,,73,11.2,16,,,32200,1.5,,8,,,16,14.4,0
2025-07-05 08:00:00 PDT,1751727600,102.25,102.3,E,9,21,,78,10.8,14.6,,,32200,1.5,,8,,,14.7,13.9,0
2025-07-05 07:00:00 PDT,1751724000,102.2,102.25,E,10,25,,80,10.5,13.9,,,32200,1.6,,8,,,14,13.2,0
2025-07-05 06:00:00 PDT,1751720400,102.14,102.19,E,9,17,,82,10.2,13.2,,,32200,1.6,,7,,,13.2,12.6,0
2025-07-05 05:00:00 PDT,1751716800,102.09,102.14,E,9,18,,81,9.8,12.9,,,32200,1.7,,2,,,13.6,12.9,0
2025-07-05 04:00:00 PDT,1751713200,102.05,102.1,E,9,18,,75,9.1,13.4,,,32200,1.8,,6,,,14.2,13.4,0
2025-07-05 03:00:00 PDT,1751709600,102,102.05,E,9,17,,66,8.1,14.3,,,32200,1.8,,7,,,15.1,14.3,0
2025-07-05 02:00:00 PDT,1751706000,101.95,102,ESE,10,23,,63,8.1,15.1,,,32200,1.8,,2,,,16.2,15.1,0
2025-07-05 01:00:00 PDT,1751702400,101.94,101.99,ESE,11,23,33,61,8.8,16.3,,,32200,1.8,,7,,,16.3,15.9,0
2025-07-05 00:00:00 PDT,1751698800,101.92,101.97,ESE,10,31,,64,9.4,16.2,,,32200,1.9,,2,,,17.3,16.2,0
2025-07-04 23:00:00 PDT,1751695200,101.86,101.91,ESE,11,24,,58,9,17.3,,,32200,2,,2,,,17.9,17.2,0
2025-07-04 22:00:00 PDT,1751691600,101.8,101.85,ESE,11,28,,59,9.9,17.9,,,32200,2.1,,2,,,18.4,17.8,0
2025-07-04 21:00:00 PDT,1751688000,101.73,101.78,E,9,22,,62,11,18.4,,,32200,2.2,,7,,,21.6,18.4,0
2025-07-04 20:00:00 PDT,1751684400,101.68,101.73,ESE,11,17,,48,10.3,21.6,,,32200,2.3,,8,,,23,21.6,0
2025-07-04 19:00:00 PDT,1751680800,101.64,101.69,SE,14,17,,45,10.2,22.8,,,32200,2.3,,7,,,23.4,22.5,0
2025-07-04 18:00:00 PDT,1751677200,101.61,101.66,S,17,16,28,48,10.9,22.4,,,32200,2.4,,8,,,22.9,22.2,0
2025-07-04 17:00:00 PDT,1751673600,101.59,101.64,SSW,20,21,31,55,13,22.5,,25,32200,2.4,,8,,,23,21.9,0
2025-07-04 16:00:00 PDT,1751670000,101.61,101.66,SSW,20,13,,48,10.4,21.8,,,32200,2.5,,8,,,22,20.1,0
2025-07-04 15:00:00 PDT,1751666400,101.6,101.65,SW,21,15,,57,11.2,19.9,,,32200,2.5,,5,,,20.3,19.2,0
2025-07-04 14:00:00 PDT,1751662800,101.6,101.65,SSW,21,13,,65,12.6,19.4,,,32200,2.6,,6,,,19.9,19.1,0
2025-07-04 13:00:00 PDT,1751659200,101.58,101.63,SW,21,18,,63,12.6,19.6,,,32200,2.4,,2,,,19.8,18.6,0
2025-07-04 12:00:00 PDT,1751655600,101.59,101.64,SW,23,14,28,70,13.4,18.8,,,32200,2.3,,2,,,19.1,18.1,0
2025-07-04 11:00:00 PDT,1751652000,101.6,101.65,WSW,24,12,,71,12.8,18.1,,,32200,1.9,,2,,,18.6,17.5,0
2025-07-04 10:00:00 PDT,1751648400,101.61,101.66,SW,22,14,,72,12.8,17.8,,,32200,1.9,,4,,,18.7,17.7,0
2025-07-04 09:00:00 PDT,1751644800,101.6,101.65,S,18,3,,66,11.2,17.5,,,32200,1.7,,4,,,18,16.1,0
2025-07-04 08:00:00 PDT,1751641200,101.58,101.63,ESE,11,5,,72,11.2,16.1,,,32200,1.7,,2,,,16.1,14.7,0
2025-07-04 07:00:00 PDT,1751637600,101.61,101.66,SE,13,8,,86,12.4,14.8,,,32200,1.6,,3,,,14.8,12.8,0
2025-07-04 06:00:00 PDT,1751634000,101.56,101.61,E,9,5,,88,10.9,12.9,,,32200,1.6,,2,,,12.9,12,0
2025-07-04 05:00:00 PDT,1751630400,101.53,101.58,SSE,14,6,,90,11.1,12.7,,,32200,1.7,,1,,,13,12.4,0
2025-07-04 04:00:00 PDT,1751626800,101.49,101.54,SE,14,9,,93,11.7,12.8,,,32200,1.7,,0,,,14.4,12.4,0
2025-07-04 03:00:00 PDT,1751623200,101.53,101.58,ENE,7,8,,88,12.1,14,,,32200,1.8,,0,,,14.6,14,0
2025-07-04 02:00:00 PDT,1751619600,101.57,101.62,E,8,11,,88,12.1,14,,,32200,1.9,,0,,,15,13.9,0
2025-07-04 01:00:00 PDT,1751616000,101.54,101.59,ESE,10,11,,85,11.6,14.1,,,32200,2.1,,0,,,16.1,14,0
2025-07-04 00:00:00 PDT,1751612400,101.49,101.54,SE,13,5,,76,11.6,15.7,,,32200,2.2,,0,,,17.3,15.3,0
2025-07-03 23:00:00 PDT,1751608800,101.48,101.53,S,17,4,,69,11.1,16.8,,,32200,2.2,,1,,,16.8,15.2,0
2025-07-03 22:00:00 PDT,1751605200,101.5,101.55,SSW,21,6,,77,12.7,16.6,,,32200,2.3,,1,,,16.6,15.3,0
2025-07-03 21:00:00 PDT,1751601600,101.49,101.54,W,26,5,,69,10.5,16.1,,,40200,2.3,,2,,,18.1,16.1,0
2025-07-03 20:00:00 PDT,1751598000,101.51,101.56,SW,21,10,,62,10.8,18.2,,,40200,2.4,,7,,,18.6,18.2,0
2025-07-03 19:00:00 PDT,1751594400,101.53,101.58,SW,23,9,,63,11.5,18.6,,,40200,2.4,,7,,,19.3,18.5,0
2025-07-03 18:00:00 PDT,1751590800,101.56,101.61,SW,21,15,,57,10.5,19.1,,,40200,2.3,,7,,,20.3,18.9,0
2025-07-03 17:00:00 PDT,1751587200,101.58,101.63,SW,22,18,31,49,8.9,19.7,,,32200,2.2,,5,,,20.2,19.5,0
2025-07-03 16:00:00 PDT,1751583600,101.62,101.67,SW,21,17,34,56,10.9,19.7,,,32200,2.1,,4,,,19.9,19.3,0
2025-07-03 15:00:00 PDT,1751580000,101.63,101.68,SW,21,22,,61,12.1,19.7,,,32200,2,,4,,,19.9,18.8,0
2025-07-03 14:00:00 PDT,1751576400,101.66,101.71,SW,22,19,,69,12.9,18.7,,,32200,1.9,,7,,,19.2,17.3,0
2025-07-03 13:00:00 PDT,1751572800,101.67,101.72,SW,22,16,,65,12.5,19.2,,,32200,1.8,,6,,,19.2,16.7,0
2025-07-03 12:00:00 PDT,1751569200,101.68,101.73,SW,23,14,,70,11.9,17.4,,,32200,1.7,,7,,,19.1,17.2,0
2025-07-03 11:00:00 PDT,1751565600,101.67,101.72,E,9,9,,62,11,18.2,,,32200,1.7,,5,,,18.4,16.6,0
2025-07-03 10:00:00 PDT,1751562000,101.64,101.69,SE,12,14,,70,10.8,16.4,,,32200,1.7,,5,,,17.4,15.6,0
2025-07-03 09:00:00 PDT,1751558400,101.62,101.67,ESE,11,16,,73,11,15.7,,,32200,1.7,,7,,,15.7,15,0
2025-07-03 08:00:00 PDT,1751554800,101.58,101.63,ESE,10,21,,74,10.7,15.2,,,32200,1.6,,6,,,15.7,14.4,0
2025-07-03 07:00:00 PDT,1751551200,101.53,101.58,E,9,17,,79,10.8,14.4,,,32200,1.6,,6,,,14.4,12.8,0
2025-07-03 06:00:00 PDT,1751547600,101.48,101.53,E,9,19,,84,10.2,12.9,,,32200,1.6,,3,,,13.2,12.8,0
2025-07-03 05:00:00 PDT,1751544000,101.44,101.49,E,9,17,,81,9.9,13.1,,,32200,1.6,,3,,,13.6,13.1,0
2025-07-03 04:00:00 PDT,1751540400,101.42,101.47,E,9,17,,77,9.3,13.3,,,32200,1.7,,7,,,14.2,13.2,0
2025-07-03 03:00:00 PDT,1751536800,101.38,101.43,ESE,10,16,,70,8.8,14.2,,,32200,1.8,,7,,,14.5,14,0
2025-07-03 02:00:00 PDT,1751533200,101.35,101.4,E,9,17,,71,9.1,14.2,,,32200,1.9,,4,,,14.7,14.1,0
2025-07-03 01:00:00 PDT,1751529600,101.32,101.37,E,9,17,,76,9.9,14.1,,,32200,2.1,,5,,,14.7,14.1,0
2025-07-03 00:00:00 PDT,1751526000,101.31,101.36,E,9,17,,72,9.8,14.7,,,32200,2.1,,2,,,15.9,14.7,0
2025-07-02 23:00:00 PDT,1751522400,101.27,101.32,E,9,18,,65,9.4,15.8,,,32200,2.1,,1,,,16.7,15.8,0
2025-07-02 22:00:00 PDT,1751518800,101.29,101.34,ESE,11,18,,64,9.7,16.5,,,32200,2,,2,,,17.9,16,0
2025-07-02 21:00:00 PDT,1751515200,101.23,101.28,ESE,11,16,,59,9.8,17.7,,,48300,2,,2,,,20,17.6,0
2025-07-02 20:00:00 PDT,1751511600,101.22,101.27,E,9,11,,60,12,20,,,48300,2,,7,,,21.5,20,0
2025-07-02 19:00:00 PDT,1751508000,101.22,101.27,SE,13,11,,54,11.9,21.5,,,48300,2,,3,,,22.9,21.5,0
2025-07-02 18:00:00 PDT,1751504400,101.26,101.31,SSE,16,10,,49,11.8,22.8,,25,48300,2,,2,,,23.4,22.4,0
2025-07-02 17:00:00 PDT,1751500800,101.3,101.35,SE,14,15,,50,12.4,23.4,,26,48300,2,,2,,,23.4,22.4,0
2025-07-02 16:00:00 PDT,1751497200,101.35,101.4,SE,14,11,,51,12.4,22.7,,25,48300,2,,2,,,23.1,21.9,0
2025-07-02 15:00:00 PDT,1751493600,101.38,101.43,S,17,10,,52,12,22.3,,25,48300,1.9,,2,,,22.4,20.7,0
2025-07-02 14:00:00 PDT,1751490000,101.38,101.43,SE,13,17,,55,11.8,21,,,48300,1.8,,5,,,21.5,20,0
2025-07-02 13:00:00 PDT,1751486400,101.39,101.44,SE,13,13,,58,12,20.4,,,48300,1.7,,7,,,20.8,19,0
2025-07-02 12:00:00 PDT,1751482800,101.4,101.45,SE,12,13,,67,12.7,19,,,48300,1.7,,7,,,19,16.8,0
2025-07-02 11:00:00 PDT,1751479200,101.38,101.43,SE,13,18,,72,12.1,17,,,48300,1.6,,7,,,17.6,16.9,0
2025-07-02 10:00:00 PDT,1751475600,101.36,101.41,ESE,12,23,,73,12.5,17.3,,,48300,1.6,,7,,,18.2,16.2,0
2025-07-02 09:00:00 PDT,1751472000,101.33,101.38,ESE,10,25,,76,12.3,16.4,,,40200,1.5,,6,,,16.9,15.5,0
2025-07-02 08:00:00 PDT,1751468400,101.29,101.34,ESE,10,22,,83,12.6,15.5,,,48300,1.5,,8,,,15.6,14.8,0
2025-07-02 07:00:00 PDT,1751464800,101.26,101.31,E,9,23,,81,12.1,15.3,,,48300,1.5,,5,,,15.4,14.1,0
2025-07-02 06:00:00 PDT,1751461200,101.22,101.27,E,9,21,,84,11.4,14,,,32200,1.5,,3,,,14,13.5,0
2025-07-02 05:00:00 PDT,1751457600,101.18,101.23,E,9,21,,91,12.1,13.5,,,32200,1.5,,1,,,13.8,13.3,0
2025-07-02 04:00:00 PDT,1751454000,101.13,101.18,E,9,22,,89,12.1,13.8,,,32200,1.5,,1,,,13.9,13.6,0
2025-07-02 03:00:00 PDT,1751450400,101.13,101.18,E,9,17,,87,11.9,14,,,32200,1.5,,0,,,14.9,13.8,0
2025-07-02 02:00:00 PDT,1751446800,101.09,101.14,ESE,11,18,,85,12.3,14.7,,,32200,1.6,,0,,,15.5,14.1,0
2025-07-02 01:00:00 PDT,1751443200,101.09,101.14,ESE,11,9,,83,12.6,15.3,,,32200,1.7,,0,,,16.2,14.8,0
2025-07-02 00:00:00 PDT,1751439600,101.06,101.11,ESE,10,15,,84,13.3,16.1,,,32200,2,,0,,,17,15.7,0
2025-07-01 23:00:00 PDT,1751436000,101.05,101.1,E,8,15,,77,13,17,,,32200,2.2,,0,,,18.5,16.8,0
2025-07-01 22:00:00 PDT,1751432400,101.04,101.09,E,9,18,,73,13.6,18.5,,,48300,2.3,,1,,,21.7,18.5,0
2025-07-01 21:00:00 PDT,1751428800,100.99,101.04,SSE,16,8,,76,16.8,21.1,,26,48300,2.3,,0,,,22,20.5,0
2025-07-01 20:00:00 PDT,1751425200,101.03,101.08,SW,23,9,,63,14.6,21.9,,26,48300,2.3,,0,,,23.4,21.9,0
2025-07-01 19:00:00 PDT,1751421600,101.06,101.11,WSW,24,9,,57,14.7,23.4,,27,48300,2.4,,0,,,24.4,23.1,0
2025-07-01 18:00:00 PDT,1751418000,101.1,101.15,WSW,24,8,,57,15,23.9,,28,48300,2.6,,2,,,24.7,23.7,0
2025-07-01 17:00:00 PDT,1751414400,101.18,101.23,WSW,25,7,,61,16.3,24.1,,29,48300,2.9,,1,,,24.1,22.6,0
2025-07-01 16:00:00 PDT,1751410800,101.25,101.3,WSW,23,13,,74,17.9,22.7,,29,48300,2.9,,1,,,22.9,21.8,0
2025-07-01 15:00:00 PDT,1751407200,101.28,101.33,SW,22,15,,68,17,23.2,,28,48300,2.5,,1,,,24.9,23.2,0
2025-07-01 14:00:00 PDT,1751403600,101.33,101.38,WNW,29,16,,60,15.8,24,,28,48300,2.2,,1,,,24,22.5,0
2025-07-01 13:00:00 PDT,1751400000,101.4,101.45,W,27,15,,70,17.2,22.9,,28,48300,1.9,,2,,,23.3,22.2,0
2025-07-01 12:00:00 PDT,1751396400,101.43,101.48,WNW,29,9,,68,16.5,22.5,,27,48300,1.7,,2,,,22.9,21.2,0
2025-07-01 11:00:00 PDT,1751392800,101.48,101.53,W,27,14,,73,16.1,21.1,,26,48300,1.6,,1,,,21.6,20.6,0
2025-07-01 10:00:00 PDT,1751389200,101.48,101.53,WNW,29,10,,75,16.6,21.1,,26,48300,1.5,,0,,,21.1,19.9,0
2025-07-01 09:00:00 PDT,1751385600,101.52,101.57,W,28,18,,76,16,20.3,,25,48300,1.4,,0,,,20.6,19.4,0
2025-07-01 08:00:00 PDT,1751382000,101.5,101.55,WNW,30,18,,82,16.2,19.4,,,48300,1.3,,0,,,19.5,18.9,0
2025-07-01 07:00:00 PDT,1751378400,101.49,101.54,NW,30,6,,86,16.5,18.9,,,48300,1.3,,0,,,18.9,17.1,0
2025-07-01 06:00:00 PDT,1751374800,101.46,101.51,NW,31,16,,92,15.8,17,,,48300,1.4,,0,,,17,16.2,0
2025-07-01 05:00:00 PDT,1751371200,101.45,101.5,WNW,29,16,,96,16,16.7,,,32200,1.5,,0,,,17.1,15,0
2025-07-01 04:00:00 PDT,1751367600,101.45,101.5,ESE,10,4,,91,14.3,15.7,,,32200,1.5,,0,,,17.2,15.7,0
2025-07-01 03:00:00 PDT,1751364000,101.42,101.47,,,0,,88,14.4,16.4,,,32200,1.6,,0,,,18.1,16.4,0
2025-07-01 02:00:00 PDT,1751360400,101.35,101.4,WNW,28,15,,93,17,18.1,,,32200,1,,0,,,19.3,18,0
2025-07-01 01:00:00 PDT,1751356800,101.34,101.39,SW,21,13,,87,16.4,18.5,,,32200,,,0,,,20.4,18.5,0
2025-07-01 00:00:00 PDT,1751353200,101.31,101.36,WSW,25,17,,77,15.6,19.7,,,32200,1.9,,0,,,21,19.4,0
2025-06-30 23:00:00 PDT,1751349600,101.31,101.36,WSW,24,16,,69,15,20.7,,25,32200,1.9,,0,,,20.7,17.9,0
2025-06-30 22:00:00 PDT,1751346000,101.3,101.35,NW,31,5,,73,15.1,20,,,48300,1.9,,0,,,21.2,18.9,0
2025-06-30 21:00:00 PDT,1751342400,101.27,101.32,SW,22,12,,73,15.6,20.5,,25,48300,2,,0,,,22.1,20,0
2025-06-30 20:00:00 PDT,1751338800,101.27,101.32,W,26,17,,65,15.3,22.2,,26,48300,2.1,,0,,,23.3,22.1,0
2025-06-30 19:00:00 PDT,1751335200,101.32,101.37,SW,22,10,,62,15.2,22.7,,27,48300,2.4,,0,,,23.4,22.6,0
2025-06-30 18:00:00 PDT,1751331600,101.35,101.4,WSW,23,9,,64,16,23.1,,28,48300,2.6,,1,,,24.2,22.7,0
2025-06-30 17:00:00 PDT,1751328000,101.38,101.43,W,26,16,,60,15.5,23.5,,28,48300,2.9,,2,,,24.6,23.5,0
2025-06-30 16:00:00 PDT,1751324400,101.43,101.48,WNW,29,17,,63,16.5,23.9,,29,48300,3,,1,,,24.2,23.4,0
2025-06-30 15:00:00 PDT,1751320800,101.48,101.53,WNW,29,19,,64,16.7,23.9,,29,48300,3.1,,1,,,24.2,22.9,0
2025-06-30 14:00:00 PDT,1751317200,101.52,101.57,WNW,30,21,,64,16.4,23.4,,28,48300,2.9,,1,,,23.6,21.3,0
2025-06-30 13:00:00 PDT,1751313600,101.57,101.62,NW,30,18,,71,16.9,22.5,,28,48300,2.6,,0,,,22.6,21.3,0
2025-06-30 12:00:00 PDT,1751310000,101.61,101.66,WNW,29,19,,72,16.2,21.5,,26,48300,2.2,,0,,,21.8,20.6,0
2025-06-30 11:00:00 PDT,1751306400,101.65,101.7,WNW,29,24,,75,16.4,20.8,,26,48300,1.9,,0,,,21,20,0
2025-06-30 10:00:00 PDT,1751302800,101.67,101.72,WNW,29,25,,77,16.1,20.1,,25,48300,1.8,,0,,,20.3,19.4,0
2025-06-30 09:00:00 PDT,1751299200,101.7,101.75,WNW,29,22,,78,15.9,19.7,,,48300,1.5,,0,,,19.7,18.9,0
2025-06-30 08:00:00 PDT,1751295600,101.72,101.77,NW,30,17,,84,16.3,19,,,48300,1.6,,1,,,19,17.8,0
2025-06-30 07:00:00 PDT,1751292000,101.71,101.76,NW,32,9,,92,16.4,17.8,,,48300,1.6,,1,,,17.8,13.9,0
2025-06-30 06:00:00 PDT,1751288400,101.69,101.74,WNW,29,4,,93,12.9,14.1,,,32200,1.6,,2,,,15.2,13.6,0
2025-06-30 05:00:00 PDT,1751284800,101.68,101.73,,,0,,86,12.6,14.9,,,32200,1.6,,3,,,16.2,14.4,0
2025-06-30 04:00:00 PDT,1751281200,101.69,101.74,,,0,,86,13.4,15.8,,,32200,1.7,,0,,,16.7,14.5,0
2025-06-30 03:00:00 PDT,1751277600,101.68,101.73,,,0,,82,13.2,16.1,,,32200,1.8,,0,,,17.1,13.4,0
2025-06-30 02:00:00 PDT,1751274000,101.65,101.7,ENE,7,8,,76,12.8,16.9,,,32200,1.9,,0,,,18.8,16.5,0
2025-06-30 01:00:00 PDT,1751270400,101.65,101.7,E,7,5,,70,13,18.6,,,32200,1.9,,0,,,19.2,16,0
2025-06-30 00:00:00 PDT,1751266800,101.66,101.71,NNW,32,4,,94,15.3,16.2,,,32200,1.9,,0,,,17.5,16.2,0
2025-06-29 23:00:00 PDT,1751263200,101.66,101.71,NW,31,12,,86,15.2,17.6,,,32200,1.9,,0,,,18.9,17.6,0
2025-06-29 22:00:00 PDT,1751259600,101.68,101.73,NW,30,15,,81,15.2,18.5,,,32200,2,,0,,,18.9,18,0
2025-06-29 21:00:00 PDT,1751256000,101.69,101.74,NW,31,19,,77,14.7,18.9,,,32200,2.1,,0,,,20.3,18.9,0
2025-06-29 20:00:00 PDT,1751252400,101.74,101.79,NW,30,16,,70,14.8,20.3,,,32200,2.1,,0,,,21.7,20.3,0
2025-06-29 19:00:00 PDT,1751248800,101.79,101.84,NW,30,16,,66,15.2,21.6,,26,32200,2.2,,0,,,22.6,21.6,0
2025-06-29 18:00:00 PDT,1751245200,101.86,101.91,NW,30,19,,62,15,22.4,,26,32200,2.3,,0,,,23.1,22.2,0
2025-06-29 17:00:00 PDT,1751241600,101.95,102,WNW,29,19,,62,15.5,23,,27,32200,2.4,,0,,,23.1,22.4,0
2025-06-29 16:00:00 PDT,1751238000,102.03,102.08,WNW,30,23,,63,15.5,22.7,,27,32200,2.3,,1,,,23.2,22.2,0
2025-06-29 15:00:00 PDT,1751234400,102.11,102.16,WNW,28,18,,67,15.9,22.3,,27,32200,2.2,,1,,,22.5,21.2,0
2025-06-29 14:00:00 PDT,1751230800,102.18,102.23,WNW,29,14,,71,16,21.4,,26,32200,2,,0,,,21.8,20.3,0
2025-06-29 13:00:00 PDT,1751227200,102.23,102.28,W,27,19,,73,15.3,20.3,,,32200,1.9,,0,,,20.5,19.7,0
2025-06-29 12:00:00 PDT,1751223600,102.29,102.34,WNW,28,19,,76,15.7,20,,,32200,1.8,,0,,,20,19,0
2025-06-29 11:00:00 PDT,1751220000,102.32,102.37,WNW,29,16,,74,14.7,19.3,,,32200,1.5,,0,,,19.7,18.5,0
2025-06-29 10:00:00 PDT,1751216400,102.35,102.4,W,27,18,,80,14.8,18.2,,,32200,1.4,,0,,,18.7,17.7,0
2025-06-29 09:00:00 PDT,1751212800,102.4,102.45,W,27,16,,78,14.1,17.9,,,32200,1.3,,1,,,18.2,17.2,0
2025-06-29 08:00:00 PDT,1751209200,102.42,102.47,W,27,13,,79,13.7,17.3,,,32200,1.2,,1,,,17.5,15.9,0
2025-06-29 07:00:00 PDT,1751205600,102.42,102.47,WSW,25,6,,83,13,15.8,,,32200,1.2,,1,,,15.8,13.4,0
2025-06-29 06:00:00 PDT,1751202000,102.4,102.45,NNE,2,4,,90,11.7,13.2,,,32200,1.3,,1,,,13.2,11,0
2025-06-29 05:00:00 PDT,1751198400,102.35,102.4,NW,31,0,,94,11.5,12.4,,,,1.4,,,,,13.2,11.6,0
2025-06-29 04:00:00 PDT,1751194800,102.32,102.37,E,8,5,,92,11.6,12.8,,,,1.6,,,,,13.1,12.4,0
2025-06-29 03:00:00 PDT,1751191200,102.33,102.38,E,9,7,,84,11.3,13.9,,,32200,1.7,,0,,,14.6,12.5,0
2025-06-29 02:00:00 PDT,1751187600,102.32,102.37,ESE,10,4,,91,13.2,14.6,,,32200,1.9,,0,,,15.4,14.3,0
2025-06-29 01:00:00 PDT,1751184000,102.32,102.37,,,0,,90,13.4,15,,,32200,2,,0,,,15.5,13.2,0
2025-06-29 00:00:00 PDT,1751180400,102.3,102.35,NW,31,4,,79,11,14.6,,,32200,2,,0,,,16.2,13.7,0
2025-06-28 23:00:00 PDT,1751176800,102.28,102.33,N,0,4,,89,13.7,15.4,,,32200,2,,0,,,16.2,14.2,0
2025-06-28 22:00:00 PDT,1751173200,102.28,102.33,W,25,6,,87,11.9,14.1,,,32200,2,,1,,,17,14.1,0
2025-06-28 21:00:00 PDT,1751169600,102.26,102.31,WNW,28,4,,81,12.9,16.1,,,32200,1.9,,1,,,18.5,16.1,0
2025-06-28 20:00:00 PDT,1751166000,102.25,102.3,WSW,25,5,,68,12.4,18.4,,,32200,1.9,,1,,,18.9,18.2,0
2025-06-28 19:00:00 PDT,1751162400,102.26,102.31,SW,23,9,,72,13.9,18.9,,,32200,1.9,,1,,,19.1,18.7,0
2025-06-28 18:00:00 PDT,1751158800,102.27,102.32,WSW,23,12,,71,13.6,18.7,,,32200,1.9,,2,,,19.3,18.7,0
2025-06-28 17:00:00 PDT,1751155200,102.29,102.34,WSW,24,13,,73,14.1,18.9,,,32200,1.9,,2,,,19.8,18.9,0
2025-06-28 16:00:00 PDT,1751151600,102.3,102.35,W,25,14,,72,14.4,19.4,,,32200,1.8,,4,,,20.1,18.7,0
2025-06-28 15:00:00 PDT,1751148000,102.32,102.37,W,27,13,,73,14.7,19.7,,,32200,1.7,,7,,,19.8,18.4,0
2025-06-28 14:00:00 PDT,1751144400,102.32,102.37,SW,23,14,,81,15.3,18.6,,,32200,1.6,,6,,,18.9,18,0
2025-06-28 13:00:00 PDT,1751140800,102.31,102.36,WSW,24,16,27,75,14.2,18.6,,,32200,1.5,,6,,,19,17.6,0
2025-06-28 12:00:00 PDT,1751137200,102.29,102.34,WSW,24,13,,81,14.2,17.5,,,32200,1.4,,6,,,18.1,15.9,0
2025-06-28 11:00:00 PDT,1751133600,102.27,102.32,WSW,23,10,,87,13.6,15.8,,,32200,1.2,,7,,,17.5,15.6,0
2025-06-28 10:00:00 PDT,1751130000,102.28,102.33,E,9,7,,72,12.2,17.2,,,32200,1.2,,8,,,18.2,16.7,0
2025-06-28 09:00:00 PDT,1751126400,102.28,102.33,ESE,11,8,,73,13.1,18,,,32200,1.1,,6,,,18,16.3,0
2025-06-28 08:00:00 PDT,1751122800,102.23,102.28,E,9,13,,78,12.5,16.3,,,32200,1.1,,7,,,16.3,14.9,0
2025-06-28 07:00:00 PDT,1751119200,102.19,102.24,E,9,9,,85,12.4,14.9,,,32200,1.1,,8,,,14.9,13.3,0
2025-06-28 06:00:00 PDT,1751115600,102.17,102.22,ESE,11,9,,91,11.9,13.2,,,32200,1.2,,7,,,14.4,13.1,0
2025-06-28 05:00:00 PDT,1751112000,102.13,102.18,ENE,7,10,,88,12.3,14.2,,,32200,1.2,,6,,,14.2,13.5,0
2025-06-28 04:00:00 PDT,1751108400,102.1,102.15,E,9,10,,89,11.9,13.7,,,24100,1.2,,8,,,15,13.7,0
2025-06-28 03:00:00 PDT,1751104800,102.06,102.11,E,9,5,,82,11.5,14.5,,,,1.2,,,,,14.7,14.4,0
2025-06-28 02:00:00 PDT,1751101200,102.08,102.13,E,8,12,,80,11.5,14.9,,,24100,1.3,,8,,,15,14.6,0
2025-06-28 01:00:00 PDT,1751097600,102.07,102.12,E,10,15,,81,11.4,14.7,,,24100,1.3,,8,,,14.7,14.4,0
2025-06-28 00:00:00 PDT,1751094000,102.07,102.12,ESE,10,17,,82,11.7,14.6,,,32200,1.4,,8,,,14.6,14.3,0
2025-06-27 23:00:00 PDT,1751090400,102.06,102.11,E,10,12,,84,11.9,14.5,,,32200,1.5,,8,,,14.6,14.4,0
2025-06-27 22:00:00 PDT,1751086800,102.04,102.09,ESE,10,13,,84,11.8,14.6,,,32200,1.6,,8,,,14.7,14.4,0
2025-06-27 21:00:00 PDT,1751083200,102,102.05,ESE,10,13,,84,11.9,14.5,,,32200,1.6,,8,,,15.3,14.5,0
2025-06-27 20:00:00 PDT,1751079600,102,102.05,SE,13,10,,80,11.5,14.9,,,32200,1.6,,8,,,15.4,14.8,0
2025-06-27 19:00:00 PDT,1751076000,101.99,102.04,SE,12,9,,79,11.8,15.5,,,32200,1.6,,8,,,16,15.5,0
2025-06-27 18:00:00 PDT,1751072400,101.98,102.03,SE,14,10,,80,12.4,15.8,,,32200,1.5,,8,,,16,15.7,0
2025-06-27 17:00:00 PDT,1751068800,101.98,102.03,SSE,15,10,,74,11.2,15.8,,,32200,1.5,,8,,,16.3,15.8,0
2025-06-27 16:00:00 PDT,1751065200,101.95,102,SE,13,15,,75,12,16.3,,,32200,1.4,,8,,,16.3,15.7,0
2025-06-27 15:00:00 PDT,1751061600,101.93,101.98,SE,13,16,,76,11.5,15.8,,,32200,1.4,,7,,,16.2,15.7,0
2025-06-27 14:00:00 PDT,1751058000,101.9,101.95,SSE,14,19,,75,11.4,15.8,,,32200,1.4,,8,,,16.1,15.7,0
2025-06-27 13:00:00 PDT,1751054400,101.85,101.9,SE,14,16,,78,11.9,15.7,,,32200,1.4,,8,,,16.1,15.5,0
2025-06-27 12:00:00 PDT,1751050800,101.82,101.87,SE,13,16,,76,11.6,15.8,,,32200,1.4,,8,,,17.5,15.7,0
2025-06-27 11:00:00 PDT,1751047200,101.79,101.84,ESE,12,15,,70,11.1,16.6,,,32200,1.4,,8,,,17.2,15.2,0
2025-06-27 10:00:00 PDT,1751043600,101.76,101.81,ESE,11,16,,77,11.4,15.3,,,32200,1.3,,8,,,15.4,14.7,0
2025-06-27 09:00:00 PDT,1751040000,101.71,101.76,ESE,11,16,,79,11.4,15.1,,,32200,1.3,,8,,,15.5,13.7,0
2025-06-27 08:00:00 PDT,1751036400,101.64,101.69,E,9,14,,90,12.2,13.8,,,24100,1.3,,7,,,13.8,13,0
2025-06-27 07:00:00 PDT,1751032800,101.58,101.63,SE,12,11,,92,11.7,13,,,24100,1.3,,8,,,13.1,12.7,0
2025-06-27 06:00:00 PDT,1751029200,101.54,101.59,E,9,13,,95,11.9,12.7,,,32200,1.2,,8,,,12.8,12.6,0
2025-06-27 05:00:00 PDT,1751025600,101.49,101.54,ESE,11,11,,95,11.9,12.7,,,32200,1.2,,8,,,12.9,12.7,0
2025-06-27 04:00:00 PDT,1751022000,101.46,101.51,SE,12,12,,96,12.2,12.9,,,32200,1.4,,8,,,13.2,12.9,0
2025-06-27 03:00:00 PDT,1751018400,101.46,101.51,SE,13,10,,98,13,13.2,,,32200,1.4,,8,,,13.5,13.2,0
2025-06-27 02:00:00 PDT,1751014800,101.45,101.5,ESE,10,13,,99,13.1,13.3,,,32200,1.5,,8,,,13.6,13.3,0
2025-06-27 01:00:00 PDT,1751011200,101.46,101.51,E,9,9,,99,13.1,13.3,,,32200,1.6,,8,,,13.6,13.3,0
2025-06-27 00:00:00 PDT,1751007600,101.47,101.52,ESE,10,11,,97,13.2,13.6,,,32200,1.8,,8,,,13.7,13.5,0
2025-06-26 23:00:00 PDT,1751004000,101.51,101.56,SE,13,8,,97,13.2,13.7,,,32200,1.9,,8,,,14.4,13.6,0
2025-06-26 22:00:00 PDT,1751000400,101.5,101.55,SSE,15,8,,97,13.9,14.4,,,24100,1.9,,8,,,15,14.3,0
2025-06-26 21:00:00 PDT,1750996800,101.48,101.53,ESE,12,6,,91,13,14.5,,,32200,1.9,,8,,,15.2,14.5,0.3
2025-06-26 20:00:00 PDT,1750993200,101.5,101.55,ESE,12,5,,86,12.7,15,,,24100,1.8,,8,,,15.4,14.9,0.3
2025-06-26 19:00:00 PDT,1750989600,101.52,101.57,SE,13,8,,91,13.8,15.3,,,19300,1.8,,8,,,15.4,15,0.2
2025-06-26 18:00:00 PDT,1750986000,101.53,101.58,E,8,7,,90,13.5,15.1,,,16100,1.8,,8,,,15.3,14.5,0.5
2025-06-26 17:00:00 PDT,1750982400,101.56,101.61,S,18,12,,88,13.4,15.4,,,24100,1.8,,8,,,17.4,15.4,0.2
2025-06-26 16:00:00 PDT,1750978800,101.54,101.59,SSE,15,14,,75,12.3,16.8,,,32200,1.7,,8,,,17.4,16.8,0
2025-06-26 15:00:00 PDT,1750975200,101.55,101.6,ESE,11,14,,67,11.4,17.5,,,32200,1.7,,8,,,17.6,17,0
2025-06-26 14:00:00 PDT,1750971600,101.57,101.62,ESE,12,15,,66,11.2,17.6,,,32200,1.6,,8,,,17.7,16.9,0
2025-06-26 13:00:00 PDT,1750968000,101.6,101.65,SE,14,18,,68,11.2,17,,,32200,1.5,,8,,,17.3,16.5,0
2025-06-26 12:00:00 PDT,1750964400,101.61,101.66,ESE,12,19,,70,11.3,16.6,,,32200,1.5,,8,,,16.6,16.1,0
2025-06-26 11:00:00 PDT,1750960800,101.62,101.67,SE,12,17,,71,11.3,16.4,,,32200,1.4,,8,,,16.4,15.7,0
2025-06-26 10:00:00 PDT,1750957200,101.6,101.65,SSE,15,18,,71,11.1,16.2,,,32200,1.4,,8,,,16.3,15.2,0
2025-06-26 09:00:00 PDT,1750953600,101.6,101.65,ESE,11,23,,74,10.7,15.2,,,32200,1.4,,8,,,15.3,14.8,0
2025-06-26 08:00:00 PDT,1750950000,101.58,101.63,E,8,20,,78,11.1,14.9,,,32200,1.3,,8,,,15,14.2,0
2025-06-26 07:00:00 PDT,1750946400,101.58,101.63,ESE,11,18,,81,11.2,14.3,,,24100,,,7,,,14.3,13.7,0
2025-06-26 06:00:00 PDT,1750942800,101.58,101.63,E,9,16,,86,11.4,13.7,,,32200,,,8,,,14.1,13.7,0
2025-06-26 05:00:00 PDT,1750939200,101.57,101.62,ESE,10,14,,83,11.3,14.1,,,32200,,,8,,,14.3,13.9,0
2025-06-26 04:00:00 PDT,1750935600,101.55,101.6,ESE,10,13,,83,11.5,14.4,,,32200,,,8,,,14.4,14,0
2025-06-26 03:00:00 PDT,1750932000,101.58,101.63,E,9,12,,85,11.6,14.2,,,32200,,,7,,,14.6,14.1,0
2025-06-26 02:00:00 PDT,1750928400,101.57,101.62,ESE,10,14,,81,11.5,14.6,,,32200,,,7,,,14.7,14.1,0
2025-06-26 01:00:00 PDT,1750924800,101.6,101.65,ESE,11,13,,80,11.2,14.7,,,32200,1.5,,8,,,15.1,14,0
2025-06-26 00:00:00 PDT,1750921200,101.62,101.67,E,9,16,,78,11,14.8,,,32200,1.6,,7,,,16,14.8,0
2025-06-25 23:00:00 PDT,1750917600,101.62,101.67,ESE,10,17,,73,11.2,16,,,32200,1.7,,7,,,16,15.7,0
2025-06-25 22:00:00 PDT,1750914000,101.63,101.68,E,9,17,,75,11.4,15.8,,,32200,1.8,,7,,,17.1,15.8,0
2025-06-25 21:00:00 PDT,1750910400,101.63,101.68,SE,12,14,,69,11.4,17,,,32200,1.8,,8,,,17.4,16.9,0
2025-06-25 20:00:00 PDT,1750906800,101.63,101.68,SE,13,13,,69,11.7,17.5,,,32200,1.8,,8,,,18.3,17.5,0
2025-06-25 19:00:00 PDT,1750903200,101.63,101.68,SE,12,17,,65,11.6,18.2,,,32200,1.8,,8,,,18.7,18.1,0
2025-06-25 18:00:00 PDT,1750899600,101.64,101.69,SE,13,18,,66,11.8,18.2,,,48300,1.8,,8,,,18.8,18,0
2025-06-25 17:00:00 PDT,1750896000,101.67,101.72,ESE,12,19,36,65,12,18.8,,,48300,1.8,,7,,,19.4,18.6,0
2025-06-25 16:00:00 PDT,1750892400,101.69,101.74,SE,12,20,30,62,12,19.3,,,48300,1.7,,7,,,19.3,18.4,0
2025-06-25 15:00:00 PDT,1750888800,101.7,101.75,ESE,11,22,31,64,12,18.9,,,48300,1.7,,7,,,19.3,17.9,0
2025-06-25 14:00:00 PDT,1750885200,101.7,101.75,ESE,10,27,,69,12.1,17.9,,,40200,1.5,,7,,,17.9,16.8,0
2025-06-25 13:00:00 PDT,1750881600,101.7,101.75,E,9,22,,72,11.8,16.8,,,40200,1.3,,8,,,17.3,16.2,0
2025-06-25 12:00:00 PDT,1750878000,101.68,101.73,ESE,12,18,28,76,12,16.2,,,40200,1.4,,8,,,16.2,14.2,0
2025-06-25 11:00:00 PDT,1750874400,101.67,101.72,E,10,22,,85,11.8,14.2,,,24100,1.5,,8,,,14.6,14,0
2025-06-25 10:00:00 PDT,1750870800,101.63,101.68,ESE,11,27,,83,11.7,14.6,,,40200,1.7,,8,,,14.6,14.1,0
2025-06-25 09:00:00 PDT,1750867200,101.58,101.63,ESE,11,29,,85,11.8,14.2,,,40200,1.8,,8,,,14.2,13.8,0
2025-06-25 08:00:00 PDT,1750863600,101.53,101.58,ESE,11,23,,88,11.8,13.8,,,40200,1.9,,8,,,13.9,13.3,0
2025-06-25 07:00:00 PDT,1750860000,101.49,101.54,ESE,11,22,32,90,11.7,13.3,,,40200,2,,8,,,13.3,12.9,0
2025-06-25 06:00:00 PDT,1750856400,101.44,101.49,E,10,17,,94,11.9,12.9,,,32200,2,,8,,,13.2,12.9,0
2025-06-25 05:00:00 PDT,1750852800,101.4,101.45,ESE,11,13,,92,11.9,13.2,,,32200,2,,8,,,14.5,13.1,0
2025-06-25 04:00:00 PDT,1750849200,101.36,101.41,ESE,12,12,,82,11.5,14.5,,,32200,2.1,,8,,,15.1,14.4,0
2025-06-25 03:00:00 PDT,1750845600,101.32,101.37,E,9,13,,80,11.7,15.1,,,32200,2.2,,8,,,15.7,15.1,0
2025-06-25 02:00:00 PDT,1750842000,101.31,101.36,E,9,13,,77,11.7,15.7,,,32200,2.3,,8,,,16.3,15.7,0
2025-06-25 01:00:00 PDT,1750838400,101.32,101.37,SE,12,14,,75,11.9,16.3,,,32200,2.5,,8,,,16.4,15.8,0
2025-06-25 00:00:00 PDT,1750834800,101.34,101.39,E,9,16,,79,12.6,16.1,,,32200,2.6,,8,,,17,16.1,0
2025-06-24 23:00:00 PDT,1750831200,101.33,101.38,E,9,11,,77,12.9,17,,,32200,2.7,,8,,,17.9,16.7,0
2025-06-24 22:00:00 PDT,1750827600,101.33,101.38,E,9,14,,72,12.9,18,,,32200,2.8,,8,,,18.6,17.9,0
2025-06-24 21:00:00 PDT,1750824000,101.31,101.36,E,9,16,,71,13.3,18.7,,,32200,3,,8,,,20.9,18.7,0
2025-06-24 20:00:00 PDT,1750820400,101.29,101.34,SE,14,8,,62,13.5,20.8,,,32200,3.1,,8,,,21.9,20.8,0
2025-06-24 19:00:00 PDT,1750816800,101.26,101.31,S,17,8,,54,12.4,21.9,,,48300,3.2,,8,,,22.1,21.8,0
2025-06-24 18:00:00 PDT,1750813200,101.27,101.32,S,17,7,,53,12.2,22.1,,,48300,3.2,,8,,,22.1,21.3,0
2025-06-24 17:00:00 PDT,1750809600,101.33,101.38,SSW,20,13,,60,13.4,21.5,,25,48300,3.2,,8,,,21.5,19.6,0
2025-06-24 16:00:00 PDT,1750806000,101.34,101.39,SW,23,13,,70,14.7,20.3,,,48300,3.1,,8,,,23.1,20.1,0
2025-06-24 15:00:00 PDT,1750802400,101.38,101.43,W,27,5,,65,15.1,21.9,,26,48300,3.1,,8,,,22.6,21.5,0
2025-06-24 14:00:00 PDT,1750798800,101.39,101.44,SW,22,7,,58,13.7,22.1,,25,48300,2.8,,8,,,22.1,20.9,0
2025-06-24 13:00:00 PDT,1750795200,101.45,101.5,SW,23,9,,63,14.1,21.4,,25,48300,2.5,,8,,,21.4,20.3,0
2025-06-24 12:00:00 PDT,1750791600,101.49,101.54,W,26,12,,68,14.6,20.6,,,48300,2.3,,6,,,20.6,19.1,0
2025-06-24 11:00:00 PDT,1750788000,101.5,101.55,SSW,21,9,,69,13.6,19.4,,,48300,2,,5,,,19.4,18.4,0
2025-06-24 10:00:00 PDT,1750784400,101.5,101.55,SW,22,10,,72,13.5,18.5,,,48300,2,,4,,,18.6,17.8,0
2025-06-24 09:00:00 PDT,1750780800,101.53,101.58,SW,22,10,,79,14.2,17.8,,,48300,2,,5,,,17.8,16.6,0
2025-06-24 08:00:00 PDT,1750777200,101.52,101.57,SSW,20,6,,84,14.3,16.9,,,48300,1.4,,2,,,16.9,15.4,0
2025-06-24 07:00:00 PDT,1750773600,101.52,101.57,S,18,7,,90,13.7,15.3,,,48300,1.4,,4,,,15.3,12.9,0
2025-06-24 06:00:00 PDT,1750770000,101.51,101.56,SW,22,3,,98,12.9,13.2,,,32200,1.4,,4,,,13.7,12.7,0
2025-06-24 05:00:00 PDT,1750766400,101.5,101.55,SSE,16,3,,98,12.5,12.7,,,32200,1.5,,4,,,13.8,12.3,0
2025-06-24 04:00:00 PDT,1750762800,101.5,101.55,S,18,7,,91,12.2,13.7,,,32200,1.6,,0,,,14.8,13.1,0
2025-06-24 03:00:00 PDT,1750759200,101.5,101.55,E,8,8,,84,11.8,14.3,,,32200,1.8,,3,,,15.7,14.1,0
2025-06-24 02:00:00 PDT,1750755600,101.53,101.58,E,8,8,,83,11.9,14.7,,,32200,2,,3,,,16.1,14.7,0
2025-06-24 01:00:00 PDT,1750752000,101.56,101.61,E,8,7,,77,11.8,15.9,,,32200,2.3,,3,,,16.9,15.4,0
2025-06-24 00:00:00 PDT,1750748400,101.54,101.59,E,9,5,,76,12.1,16.3,,,32200,2.4,,3,,,17,15.9,0
2025-06-23 23:00:00 PDT,1750744800,101.57,101.62,NNE,1,8,,73,11.9,16.7,,,32200,2.4,,5,,,16.8,15.2,0
2025-06-23 22:00:00 PDT,1750741200,101.59,101.64,N,36,7,,78,12.5,16.4,,,32200,2.4,,6,,,17.2,15.1,0
2025-06-23 21:00:00 PDT,1750737600,101.55,101.6,NNW,32,5,,76,12.2,16.4,,,32200,2.4,,7,,,17.6,16.2,0
2025-06-23 20:00:00 PDT,1750734000,101.56,101.61,NNW,33,4,,77,13.4,17.4,,,32200,2.4,,7,,,18.7,17.4,0
2025-06-23 19:00:00 PDT,1750730400,101.59,101.64,WNW,28,5,,72,13.6,18.7,,,48300,2.4,,8,,,18.9,18.5,0
2025-06-23 18:00:00 PDT,1750726800,101.64,101.69,W,26,10,,73,13.9,18.8,,,48300,2.4,,8,,,18.8,18.1,0
2025-06-23 17:00:00 PDT,1750723200,101.69,101.74,SW,21,21,35,71,13.1,18.4,,,48300,2.3,,6,,,18.9,18.4,0
2025-06-23 16:00:00 PDT,1750719600,101.74,101.79,SSW,20,22,,71,13.3,18.7,,,48300,2.2,,6,,,19.2,18.3,0
2025-06-23 15:00:00 PDT,1750716000,101.78,101.83,SW,21,21,,74,14,18.6,,,48300,2,,5,,,21.3,18.6,0
2025-06-23 14:00:00 PDT,1750712400,101.82,101.87,SE,13,12,,59,12.6,20.7,,,48300,1.8,,5,,,21.1,19.8,0
2025-06-23 13:00:00 PDT,1750708800,101.86,101.91,SE,13,12,,64,13.1,20,,,48300,1.7,,4,,,20.1,18.2,0
2025-06-23 12:00:00 PDT,1750705200,101.89,101.94,SSE,14,7,,68,13,18.9,,,48300,1.6,,5,,,19.2,17.5,0
2025-06-23 11:00:00 PDT,1750701600,101.92,101.97,E,9,10,,68,12.4,18.3,,,40200,1.6,,7,,,18.4,16.5,0
2025-06-23 10:00:00 PDT,1750698000,101.92,101.97,SE,13,15,,76,12.2,16.5,,,40200,1.5,,7,,,16.5,15.3,0
2025-06-23 09:00:00 PDT,1750694400,101.93,101.98,E,10,13,,82,12.3,15.3,,,40200,1.5,,7,,,15.3,14.5,0
2025-06-23 08:00:00 PDT,1750690800,101.96,102.01,ESE,10,15,,84,11.9,14.5,,,40200,1.4,,8,,,14.6,14.2,0
2025-06-23 07:00:00 PDT,1750687200,101.96,102.01,ESE,10,17,,85,11.8,14.2,,,40200,1.4,,8,,,14.4,14.1,0
2025-06-23 06:00:00 PDT,1750683600,101.96,102.01,E,9,16,,86,11.8,14.1,,,32200,1.3,,8,,,14.2,14,0
2025-06-23 05:00:00 PDT,1750680000,101.97,102.02,ESE,10,16,,86,11.8,14.2,,,32200,1.3,,8,,,14.3,14.1,0
2025-06-23 04:00:00 PDT,1750676400,101.98,102.03,E,10,14,,86,11.9,14.2,,,32200,1.3,,8,,,14.3,14,0
2025-06-23 03:00:00 PDT,1750672800,102,102.05,ESE,10,17,,85,11.9,14.3,,,32200,1.4,,8,,,15,14.3,0
2025-06-23 02:00:00 PDT,1750669200,102,102.05,E,9,13,,86,12.3,14.6,,,32200,1.4,,8,,,14.9,14.4,0
2025-06-23 01:00:00 PDT,1750665600,102,102.05,ESE,10,12,,84,12.2,14.8,,,32200,1.4,,8,,,14.9,14.6,0
2025-06-23 00:00:00 PDT,1750662000,102.03,102.08,E,8,12,,83,11.9,14.7,,,32200,1.6,,7,,,14.9,14.3,0
2025-06-22 23:00:00 PDT,1750658400,102.04,102.09,E,9,13,,82,11.5,14.5,,,32200,1.6,,7,,,14.5,13.8,0
2025-06-22 22:00:00 PDT,1750654800,102.04,102.09,E,9,14,,84,11.3,13.9,,,32200,1.7,,4,,,15.1,13.8,0
2025-06-22 21:00:00 PDT,1750651200,102.06,102.11,E,10,14,,78,11.3,15.1,,,32200,1.7,,7,,,15.8,15,0
2025-06-22 20:00:00 PDT,1750647600,102.05,102.1,ESE,12,15,,75,11.5,15.8,,,32200,1.7,,8,,,17.1,15.8,0
2025-06-22 19:00:00 PDT,1750644000,102.04,102.09,SE,12,13,,73,12.3,17.1,,,32200,1.7,,7,,,17.1,16.4,0
2025-06-22 18:00:00 PDT,1750640400,102.06,102.11,SE,12,15,,73,12,16.8,,,32200,1.7,,8,,,17,16.4,0
2025-06-22 17:00:00 PDT,1750636800,102.06,102.11,SE,12,14,,74,12.3,16.9,,,32200,1.7,,8,,,17.2,16.9,0
2025-06-22 16:00:00 PDT,1750633200,102.06,102.11,SE,13,14,,74,12.4,17.1,,,32200,1.7,,8,,,17.3,16.8,0
2025-06-22 15:00:00 PDT,1750629600,102.08,102.13,SSE,15,14,,72,12.3,17.3,,,24100,1.7,,8,,,17.5,16.8,0
2025-06-22 14:00:00 PDT,1750626000,102.08,102.13,SSE,15,12,,75,12.8,17.3,,,24100,1.6,,8,,,17.4,16.5,0
2025-06-22 13:00:00 PDT,1750622400,102.08,102.13,SSE,16,13,,72,11.4,16.5,,,24100,1.5,,8,,,16.8,16.2,0
2025-06-22 12:00:00 PDT,1750618800,102.06,102.11,ESE,11,12,,77,12.2,16.3,,,24100,1.4,,8,,,16.5,15.4,0
2025-06-22 11:00:00 PDT,1750615200,102.05,102.1,ESE,12,14,,85,12.8,15.3,,,24100,1.3,,8,,,15.3,14.7,0
2025-06-22 10:00:00 PDT,1750611600,102.01,102.06,ESE,11,14,,87,12.7,14.9,,,24100,1.3,,8,,,15.1,14.4,0
2025-06-22 09:00:00 PDT,1750608000,101.98,102.03,E,10,12,,90,12.9,14.5,,,24100,1.3,,8,,,14.7,14,0
2025-06-22 08:00:00 PDT,1750604400,101.92,101.97,E,9,11,,91,12.6,14,,,24100,1.3,,8,,,14.1,13.3,0
2025-06-22 07:00:00 PDT,1750600800,101.89,101.94,ESE,10,10,,97,12.9,13.3,,,24100,1.3,,8,,,13.3,12.6,0
2025-06-22 06:00:00 PDT,1750597200,101.86,101.91,E,8,10,,99,12.4,12.6,,,24100,1.3,,8,,,12.6,11.8,0
2025-06-22 05:00:00 PDT,1750593600,101.83,101.88,ESE,11,8,,100,11.7,11.7,,,24100,1.3,,8,,,12.6,11.2,0
2025-06-22 04:00:00 PDT,1750590000,101.79,101.84,ENE,5,3,,99,11.5,11.6,,,32200,1.4,,5,,,12.7,11.4,0
2025-06-22 03:00:00 PDT,1750586400,101.8,101.85,,,0,,96,11.6,12.2,,,24100,1.5,,7,,,14,12.1,0
2025-06-22 02:00:00 PDT,1750582800,101.79,101.84,ENE,7,6,,91,12.1,13.5,,,24100,1.6,,8,,,14,13.5,0.7
2025-06-22 01:00:00 PDT,1750579200,101.77,101.82,SSE,15,4,,88,11.7,13.7,,,24100,1.7,,8,,,13.8,13.1,0
2025-06-22 00:00:00 PDT,1750575600,101.77,101.82,ESE,11,7,,85,10.9,13.4,,,32200,1.7,,8,,,13.6,13.1,0
2025-06-21 23:00:00 PDT,1750572000,101.73,101.78,SE,12,9,,83,10.3,13.1,,,32200,1.7,,7,,,13.5,13.1,0
2025-06-21 22:00:00 PDT,1750568400,101.67,101.72,SE,13,10,,80,10.1,13.4,,,32200,1.8,,8,,,15,13.3,0
2025-06-21 21:00:00 PDT,1750564800,101.6,101.65,ESE,11,15,,69,9.3,15,,,32200,1.7,,8,,,15.5,14.9,0
2025-06-21 20:00:00 PDT,1750561200,101.57,101.62,ESE,11,10,,74,10.8,15.4,,,32200,1.8,,8,,,15.6,14.8,0
2025-06-21 19:00:00 PDT,1750557600,101.56,101.61,,,0,,79,11.5,15.2,,,32200,1.9,,8,,,15.3,14.7,0
2025-06-21 18:00:00 PDT,1750554000,101.56,101.61,SW,21,9,,74,10.8,15.3,,,32200,1.8,,8,,,15.6,14.8,0
2025-06-21 17:00:00 PDT,1750550400,101.53,101.58,SW,22,10,,82,12.2,15.2,,,32200,1.7,,8,,,15.4,14,0
2025-06-21 16:00:00 PDT,1750546800,101.5,101.55,SW,23,11,,85,11.5,14.1,,,32200,1.7,,7,,,15,13.8,0
2025-06-21 15:00:00 PDT,1750543200,101.46,101.51,SSW,21,19,,83,11.2,14.1,,,32200,1.6,,7,,,15.6,14.1,0
2025-06-21 14:00:00 PDT,1750539600,101.42,101.47,S,18,14,,80,11.7,15.2,,,24100,1.5,,8,,,16.2,14.2,0
2025-06-21 13:00:00 PDT,1750536000,101.4,101.45,SSE,14,14,,82,11.2,14.2,,,19300,1.4,,8,,,14.5,13.1,0
2025-06-21 12:00:00 PDT,1750532400,101.36,101.41,ESE,11,20,,90,11.4,13.1,,,16100,1.3,,8,,,13.4,12.3,0
2025-06-21 11:00:00 PDT,1750528800,101.31,101.36,ESE,11,23,,94,11.9,12.8,,,16100,1.3,,8,,,13.2,12.1,0
2025-06-21 10:00:00 PDT,1750525200,101.27,101.32,ESE,10,22,,96,11.5,12.1,,,8100,1.3,,8,,,12.2,11.8,0
2025-06-21 09:00:00 PDT,1750521600,101.22,101.27,ESE,10,23,,96,11.4,12,,,12900,1.3,,8,,,12.3,11.9,0
2025-06-21 08:00:00 PDT,1750518000,101.15,101.2,ESE,10,24,,98,11.6,12,,,4800,1.3,,8,,,12.2,12,0
2025-06-21 07:00:00 PDT,1750514400,101.08,101.13,ENE,7,14,,99,11.8,12,,,4000,1.3,,8,,,12.2,11.9,0.2
2025-06-21 06:00:00 PDT,1750510800,101.03,101.08,ENE,7,14,,99,11.8,12,,,4000,1.3,,8,,,12,11.6,1.9
2025-06-21 05:00:00 PDT,1750507200,100.99,101.04,ENE,7,16,,98,11.3,11.6,,,4800,1.3,,8,,,12.1,11.6,3.8
2025-06-21 04:00:00 PDT,1750503600,100.93,100.98,ENE,5,16,,99,11.7,11.9,,,4000,1.4,,8,,,12.2,11.9,1.9
2025-06-21 03:00:00 PDT,1750500000,100.92,100.97,ENE,7,12,,98,11.8,12.2,,,8100,1.4,,8,,,12.2,12.1,0.7
2025-06-21 02:00:00 PDT,1750496400,100.91,100.96,E,7,14,,98,11.8,12.2,,,9700,1.5,,8,,,12.8,12.1,2.1
2025-06-21 01:00:00 PDT,1750492800,100.93,100.98,E,8,18,,95,11.6,12.4,,,6400,1.7,,8,,,13.1,12.4,2
2025-06-21 00:00:00 PDT,1750489200,100.91,100.96,E,8,11,,88,11.2,13.1,,,12900,1.8,,8,,,14.6,13.1,0.1
2025-06-20 23:00:00 PDT,1750485600,100.9,100.95,E,8,9,,70,9,14.3,,,24100,1.9,,8,,,14.6,14.1,0
2025-06-20 22:00:00 PDT,1750482000,100.94,100.99,E,10,10,,70,8.7,14.1,,,24100,1.9,,8,,,14.7,14,0
2025-06-20 21:00:00 PDT,1750478400,100.92,100.97,SE,12,7,,66,8.4,14.6,,,24100,1.9,,8,,,15.1,14.5,0
2025-06-20 20:00:00 PDT,1750474800,100.96,101.01,SE,14,7,,69,9.3,14.9,,,24100,2,,8,,,15.2,14.9,0
2025-06-20 19:00:00 PDT,1750471200,100.97,101.02,ESE,11,13,,67,9.1,15.1,,,24100,2,,8,,,15.6,15.1,0
2025-06-20 18:00:00 PDT,1750467600,100.96,101.01,SE,14,12,,66,9.4,15.5,,,32200,1.9,,8,,,15.5,15.2,0
2025-06-20 17:00:00 PDT,1750464000,100.98,101.03,SE,13,13,,69,9.9,15.5,,,32200,1.9,,8,,,15.9,15,0
2025-06-20 16:00:00 PDT,1750460400,100.97,101.02,SSW,21,10,,75,10.8,15.1,,,32200,1.9,,7,,,16.2,14.9,0
2025-06-20 15:00:00 PDT,1750456800,100.95,101,ESE,10,4,,73,10.9,15.8,,,32200,1.9,,7,,,16,15.3,0
2025-06-20 14:00:00 PDT,1750453200,100.94,100.99,SE,12,12,,77,11.3,15.3,,,24100,1.9,,7,,,15.9,14.2,0
2025-06-20 13:00:00 PDT,1750449600,100.92,100.97,SE,12,12,,88,12.3,14.3,,,16100,1.9,,8,,,14.5,12.4,0.2
2025-06-20 12:00:00 PDT,1750446000,100.93,100.98,SE,12,14,,96,12.3,13,,,14500,1.8,,8,,,13,11.8,2.1
2025-06-20 11:00:00 PDT,1750442400,100.9,100.95,SE,13,16,,94,11.2,12.2,,,12900,1.8,,8,,,14.6,11.8,0.2
2025-06-20 10:00:00 PDT,1750438800,100.9,100.95,ESE,10,16,,92,12.2,13.5,,,24100,1.8,,8,,,14.7,13.3,0
2025-06-20 09:00:00 PDT,1750435200,100.89,100.94,W,26,12,,83,11.8,14.6,,,32200,1.7,,8,,,14.7,13.2,0
2025-06-20 08:00:00 PDT,1750431600,100.89,100.94,SE,13,7,,92,11.9,13.1,,,32200,1.7,,8,,,13.2,12.1,0
2025-06-20 07:00:00 PDT,1750428000,100.91,100.96,NNW,34,6,,89,11.4,13.1,,,19300,1.7,,8,,,13.3,12.8,3.1
2025-06-20 06:00:00 PDT,1750424400,100.93,100.98,WSW,24,10,,90,11.2,12.9,,,32200,1.8,,8,,,13.2,12.6,5.8
2025-06-20 05:00:00 PDT,1750420800,100.93,100.98,E,9,13,,79,9.1,12.6,,,32200,1.9,,7,,,13.6,12.6,0
2025-06-20 04:00:00 PDT,1750417200,100.93,100.98,E,8,10,,78,9.7,13.5,,,32200,2,,7,,,14,12.3,0
2025-06-20 03:00:00 PDT,1750413600,100.95,101,NNE,1,7,,81,10.2,13.3,,,32200,2,,7,,,14.5,13.3,0
2025-06-20 02:00:00 PDT,1750410000,100.95,101,WNW,29,17,,77,10.3,14.3,,,32200,2,,5,,,14.5,13.9,0
2025-06-20 01:00:00 PDT,1750406400,100.99,101.04,WNW,28,18,,80,10.6,14,,,32200,2.1,,4,,,14.3,12.7,0
2025-06-20 00:00:00 PDT,1750402800,101.02,101.07,,,0,,68,7.8,13.6,,,32200,2.2,,4,,,14.9,12.1,0
2025-06-19 23:00:00 PDT,1750399200,101.06,101.11,,,0,,64,8.1,14.8,,,32200,2.3,,6,,,15.2,12.7,0
2025-06-19 22:00:00 PDT,1750395600,101.13,101.18,NW,31,3,,63,7.4,14.2,,,32200,2.3,,7,,,15.4,13.7,0
2025-06-19 21:00:00 PDT,1750392000,101.15,101.2,WSW,24,5,,62,8.1,15.2,,,32200,2.3,,8,,,16.9,14.7,0
2025-06-19 20:00:00 PDT,1750388400,101.18,101.23,WSW,24,9,,61,8.9,16.4,,,32200,2.3,,8,,,18.1,16.4,0
2025-06-19 19:00:00 PDT,1750384800,101.2,101.25,SW,23,11,,51,7.6,17.8,,,32200,2.4,,6,,,19.2,17.8,0
2025-06-19 18:00:00 PDT,1750381200,101.27,101.32,WNW,28,11,,48,7.4,18.3,,,32200,2.4,,7,,,18.3,17.4,0
2025-06-19 17:00:00 PDT,1750377600,101.34,101.39,SW,23,14,,58,9.4,17.8,,,32200,2.4,,8,,,18.3,17.4,0
2025-06-19 16:00:00 PDT,1750374000,101.42,101.47,SW,22,14,,62,11,18.4,,,32200,2.3,,8,,,18.4,17.2,0
2025-06-19 15:00:00 PDT,1750370400,101.48,101.53,SW,23,16,,62,10.3,17.5,,,32200,2.2,,7,,,17.8,17.1,0
2025-06-19 14:00:00 PDT,1750366800,101.52,101.57,SW,22,18,37,61,10,17.4,,,32200,2.1,,7,,,18,16.9,0
2025-06-19 13:00:00 PDT,1750363200,101.57,101.62,SW,22,19,31,70,11.8,17.3,,,32200,2,,7,,,17.6,15.4,0
2025-06-19 12:00:00 PDT,1750359600,101.61,101.66,SSW,21,18,34,76,11.2,15.3,,,32200,1.9,,8,,,17.1,15.3,0
2025-06-19 11:00:00 PDT,1750356000,101.63,101.68,SW,22,15,,67,10.8,17,,,32200,1.8,,6,,,17.2,16.1,0
2025-06-19 10:00:00 PDT,1750352400,101.69,101.74,SW,23,11,,68,10.3,16.2,,,32200,1.7,,3,,,16.9,15.5,0
2025-06-19 09:00:00 PDT,1750348800,101.74,101.79,SSE,14,10,,62,8.4,15.5,,,32200,1.6,,3,,,15.9,14.5,0
2025-06-19 08:00:00 PDT,1750345200,101.77,101.82,E,9,12,,68,8.7,14.5,,,32200,1.4,,2,,,14.5,13.1,0
2025-06-19 07:00:00 PDT,1750341600,101.79,101.84,ESE,10,13,,74,8.7,13.1,,,32200,1.4,,1,,,13.1,11.2,0
2025-06-19 06:00:00 PDT,1750338000,101.8,101.85,SE,12,10,,84,8.6,11.2,,,32200,1.5,,1,,,11.2,10.1,0
2025-06-19 05:00:00 PDT,1750334400,101.79,101.84,E,8,9,,81,7.4,10.5,,,32200,1.6,,1,,,11.2,10.2,0
2025-06-19 04:00:00 PDT,1750330800,101.81,101.86,E,10,10,,81,7.5,10.6,,,32200,1.6,,1,,,12.4,10.6,0
2025-06-19 03:00:00 PDT,1750327200,101.81,101.86,E,9,12,,77,8.5,12.3,,,32200,1.7,,3,,,13.2,12.3,0
2025-06-19 02:00:00 PDT,1750323600,101.83,101.88,E,9,16,,79,9.3,12.8,,,32200,1.7,,5,,,15.1,12.8,0
2025-06-19 01:00:00 PDT,1750320000,101.83,101.88,NNW,34,4,,67,8.5,14.4,,,32200,1.7,,7,,,14.8,14,0
2025-06-19 00:00:00 PDT,1750316400,101.81,101.86,NW,32,9,,77,10.2,14.2,,,32200,1.8,,8,,,14.2,12.4,0
2025-06-18 23:00:00 PDT,1750312800,101.8,101.85,NW,30,11,,78,9.5,13.3,,,32200,1.9,,4,,,15.2,13.3,0
2025-06-18 22:00:00 PDT,1750309200,101.8,101.85,SW,22,13,,73,10.1,14.8,,,32200,2,,6,,,15.8,14.8,0
2025-06-18 21:00:00 PDT,1750305600,101.76,101.81,SSW,21,12,,67,9.2,15.3,,,32200,2,,3,,,16.9,15.2,0
2025-06-18 20:00:00 PDT,1750302000,101.77,101.82,SW,22,16,29,63,9.9,16.9,,,48300,2,,4,,,17.9,16.5,0
2025-06-18 19:00:00 PDT,1750298400,101.73,101.78,WSW,25,15,,57,9.5,17.9,,,48300,2,,2,,,18.4,17.9,0
2025-06-18 18:00:00 PDT,1750294800,101.73,101.78,SW,21,16,29,55,9.2,18.3,,,48300,2,,4,,,18.8,18.1,0
2025-06-18 17:00:00 PDT,1750291200,101.7,101.75,SW,21,28,,54,9.4,18.7,,,48300,2,,3,,,19.9,18.5,0
2025-06-18 16:00:00 PDT,1750287600,101.67,101.72,SW,23,27,29,53,9,18.8,,,48300,1.9,,7,,,20.4,18.8,0
2025-06-18 15:00:00 PDT,1750284000,101.63,101.68,SW,22,16,,51,9.8,20,,,48300,1.7,,8,,,20.3,18.9,
2025-06-18 14:00:00 PDT,1750280400,101.6,101.65,S,18,24,34,48,7.7,18.9,,,48300,1.5,,8,,,19.2,17.4,
2025-06-18 13:00:00 PDT,1750276800,101.59,101.64,SSW,20,19,32,62,10.3,17.7,,,48300,1.4,,8,,,18.5,17.7,
2025-06-18 12:00:00 PDT,1750273200,101.52,101.57,SSW,21,18,,62,11.2,18.4,,,48300,1.5,,5,,,18.8,15.7,
2025-06-18 11:00:00 PDT,1750269600,101.53,101.58,S,18,14,,79,12,15.7,,,40200,1.6,,8,,,16.6,15.6,
2025-06-18 10:00:00 PDT,1750266000,101.5,101.55,SE,13,17,,77,12.5,16.5,,,48300,1.7,,7,,,17.1,16,0
2025-06-18 09:00:00 PDT,1750262400,101.48,101.53,ESE,11,18,,78,12.1,16,,,48300,1.6,,7,,,16,15.2,0
2025-06-18 08:00:00 PDT,1750258800,101.46,101.51,ESE,11,24,,83,12.5,15.3,,,48300,1.7,,7,,,15.5,14.6,0
2025-06-18 07:00:00 PDT,1750255200,101.45,101.5,SE,13,13,,84,12.3,14.9,,,40200,1.7,,7,,,15,14.2,0
2025-06-18 06:00:00 PDT,1750251600,101.44,101.49,E,9,16,,92,13,14.2,,,32200,1.8,,7,,,15.1,14.1,0
2025-06-18 05:00:00 PDT,1750248000,101.42,101.47,ESE,10,8,,88,13,15,,,32200,1.8,,8,,,15.2,14.7,0
2025-06-18 04:00:00 PDT,1750244400,101.43,101.48,NE,4,9,,87,13,15.1,,,32200,1.9,,8,,,15.2,14.9,0
2025-06-18 03:00:00 PDT,1750240800,101.46,101.51,N,0,8,,93,13.8,15,,,32200,2.1,,8,,,15.1,14.6,0.4
2025-06-18 02:00:00 PDT,1750237200,101.47,101.52,NNW,33,3,,89,13.1,14.9,,,24100,2.3,,8,,,16.4,14.8,0.5
2025-06-18 01:00:00 PDT,1750233600,101.47,101.52,SE,12,7,,66,10,16.2,,,32200,2.3,,8,,,16.7,16.1,0
2025-06-18 00:00:00 PDT,1750230000,101.48,101.53,SW,22,7,,79,12.5,16.1,,,32200,2.3,,8,,,17.1,15.7,0
2025-06-17 23:00:00 PDT,1750226400,101.48,101.53,SSE,16,5,,61,9.8,17.2,,,32200,2.3,,7,,,18.2,15.5,0
2025-06-17 22:00:00 PDT,1750222800,101.48,101.53,,,0,,55,8.7,17.7,,,32200,2.3,,3,,,18.5,17.3,0
2025-06-17 21:00:00 PDT,1750219200,101.48,101.53,SSW,19,5,,57,10,18.5,,,32200,2.3,,7,,,19.5,18.1,0
2025-06-17 20:00:00 PDT,1750215600,101.52,101.57,S,17,11,,52,9.5,19.5,,,32200,2.4,,7,,,19.9,19,0
2025-06-17 19:00:00 PDT,1750212000,101.54,101.59,S,18,12,,57,11,19.6,,,48300,2.5,,8,,,19.8,19.1,0
2025-06-17 18:00:00 PDT,1750208400,101.58,101.63,SSW,20,14,28,62,11.9,19.1,,,48300,2.5,,8,,,21.4,19.1,0
2025-06-17 17:00:00 PDT,1750204800,101.63,101.68,SSW,21,14,,59,11.6,19.9,,,48300,2.5,,7,,,20.7,19.4,0
2025-06-17 16:00:00 PDT,1750201200,101.68,101.73,SSW,21,16,,54,11.1,20.4,,,48300,2.5,,7,,,20.4,18.5,0
2025-06-17 15:00:00 PDT,1750197600,101.73,101.78,SSW,20,20,,59,10.7,18.7,,,48300,2.3,,7,,,20.7,18.6,0
2025-06-17 14:00:00 PDT,1750194000,101.75,101.8,SSE,16,10,,48,9.4,20.7,,,48300,2.2,,7,,,20.7,19,0
2025-06-17 13:00:00 PDT,1750190400,101.8,101.85,SE,12,11,,52,8.9,18.9,,,48300,2,,8,,,19.9,17.5,0
2025-06-17 12:00:00 PDT,1750186800,101.81,101.86,SE,12,11,,58,9.1,17.4,,,48300,2,,7,,,17.6,16.8,0
2025-06-17 11:00:00 PDT,1750183200,101.8,101.85,E,9,24,,59,9,16.9,,,48300,1.9,,7,,,18.2,16.3,0
2025-06-17 10:00:00 PDT,1750179600,101.8,101.85,ESE,11,20,,65,9.6,16,,,48300,1.9,,6,,,16.9,15.1,0
2025-06-17 09:00:00 PDT,1750176000,101.79,101.84,E,9,24,,69,9.5,15.1,,,48300,1.9,,7,,,15.2,13.4,0
2025-06-17 08:00:00 PDT,1750172400,101.8,101.85,E,9,25,,73,8.7,13.3,,,48300,1.9,,8,,,13.4,12.5,0
2025-06-17 07:00:00 PDT,1750168800,101.77,101.82,E,9,22,,73,7.9,12.5,,,48300,1.9,,8,,,12.5,12,0
2025-06-17 06:00:00 PDT,1750165200,101.75,101.8,E,10,16,,71,7,12.1,,,32200,1.9,,8,,,12.1,11.1,0
2025-06-17 05:00:00 PDT,1750161600,101.73,101.78,E,9,19,,73,6.5,11.2,,,32200,2,,6,,,11.7,11.1,0
2025-06-17 04:00:00 PDT,1750158000,101.7,101.75,E,9,17,,71,6.1,11.2,,,32200,2,,6,,,11.9,11.1,0
2025-06-17 03:00:00 PDT,1750154400,101.7,101.75,E,9,18,,67,6,11.9,,,32200,2.2,,1,,,12.6,11.6,0
2025-06-17 02:00:00 PDT,1750150800,101.68,101.73,E,9,18,,66,6.4,12.6,,,32200,2.3,,1,,,12.8,11.6,0
2025-06-17 01:00:00 PDT,1750147200,101.67,101.72,ESE,10,14,,75,7.9,12.1,,,32200,2.4,,0,,,13.6,11.9,0
2025-06-17 00:00:00 PDT,1750143600,101.67,101.72,E,9,14,,78,9.5,13.3,,,32200,2.4,,0,,,15.4,12.8,0
2025-06-16 23:00:00 PDT,1750140000,101.66,101.71,ESE,11,13,,64,8.7,15.4,,,32200,2.5,,0,,,15.7,14.8,0
2025-06-16 22:00:00 PDT,1750136400,101.66,101.71,E,9,13,,61,7.9,15.4,,,32200,2.5,,1,,,17.3,15.4,0
2025-06-16 21:00:00 PDT,1750132800,101.65,101.7,ESE,10,12,,56,8.2,16.8,,,48300,2.5,,2,,,19.5,16.8,0
2025-06-16 20:00:00 PDT,1750129200,101.65,101.7,ESE,11,14,,44,7.1,19.5,,,32200,2.7,,2,,,20.8,19.5,0
2025-06-16 19:00:00 PDT,1750125600,101.68,101.73,SSE,15,11,,39,6.3,20.7,,,48300,2.7,,8,,,21.6,20.6,0
2025-06-16 18:00:00 PDT,1750122000,101.71,101.76,SSE,16,13,,35,5.2,21,,,48300,2.7,,6,,,22.2,20.3,0
2025-06-16 17:00:00 PDT,1750118400,101.73,101.78,S,18,14,,28,3.1,22.1,,,48300,2.6,,6,,,22.6,21.6,0
2025-06-16 16:00:00 PDT,1750114800,101.77,101.82,SSE,15,17,,28,3,22.1,,,48300,2.4,,7,,,22.6,21.7,0
2025-06-16 15:00:00 PDT,1750111200,101.81,101.86,SE,13,7,,34,5.7,21.9,,,48300,2.3,,4,,,22.1,20.6,0
2025-06-16 14:00:00 PDT,1750107600,101.83,101.88,ESE,12,14,,47,9.3,20.9,,,48300,2.2,,6,,,21.2,18.5,0
2025-06-16 13:00:00 PDT,1750104000,101.85,101.9,SE,13,16,,52,8.8,18.6,,,48300,2.2,,7,,,19.7,18.2,0
2025-06-16 12:00:00 PDT,1750100400,101.81,101.86,SSE,14,18,,50,8.8,19.3,,,48300,2.2,,6,,,19.3,16.7,0
2025-06-16 11:00:00 PDT,1750096800,101.78,101.83,SE,13,21,,65,10,16.6,,,48300,2.2,,7,,,17.9,16.6,0
2025-06-16 10:00:00 PDT,1750093200,101.76,101.81,ESE,11,18,,62,9.6,16.9,,,48300,2.1,,7,,,16.9,14.8,0
2025-06-16 09:00:00 PDT,1750089600,101.77,101.82,SE,13,18,,67,9.2,15.1,,,48300,2,,8,,,15.2,13.8,0
2025-06-16 08:00:00 PDT,1750086000,101.72,101.77,ESE,10,22,,70,8.7,14,,,48300,2,,8,,,14.1,12.9,0
2025-06-16 07:00:00 PDT,1750082400,101.68,101.73,ESE,11,16,,77,9.3,13.1,,,48300,2.1,,7,,,13.2,11.4,0
2025-06-16 06:00:00 PDT,1750078800,101.64,101.69,E,10,15,,85,9,11.4,,,32200,2.2,,8,,,11.5,10.7,0
2025-06-16 05:00:00 PDT,1750075200,101.61,101.66,E,9,12,,88,8.8,10.7,,,32200,2.2,,6,,,12.3,10.5,0
2025-06-16 04:00:00 PDT,1750071600,101.59,101.64,SE,12,8,,81,9.3,12.4,,,32200,2.3,,4,,,12.4,10.8,0
2025-06-16 03:00:00 PDT,1750068000,101.57,101.62,ESE,10,12,,84,9.2,11.8,,,32200,2.3,,2,,,12.8,11.8,0
2025-06-16 02:00:00 PDT,1750064400,101.6,101.65,E,9,15,,84,9.8,12.3,,,32200,2.3,,2,,,14.1,12.3,0
2025-06-16 01:00:00 PDT,1750060800,101.61,101.66,ENE,7,16,,82,10.9,14,,,32200,2.3,,2,,,14.2,12.8,0
2025-06-16 00:00:00 PDT,1750057200,101.65,101.7,E,9,14,,80,9.8,13.2,,,32200,2.4,,2,,,15.1,12.3,0
2025-06-15 23:00:00 PDT,1750053600,101.65,101.7,N,0,5,,74,8.3,12.8,,,32200,2.4,,1,,,16.2,12.8,0
2025-06-15 22:00:00 PDT,1750050000,101.67,101.72,SW,21,7,,80,11.8,15.1,,,32200,2.6,,2,,,17,15.1,0
2025-06-15 21:00:00 PDT,1750046400,101.65,101.7,WSW,23,4,,56,8,16.7,,,32200,2.7,,3,,,18.5,16.7,0
2025-06-15 20:00:00 PDT,1750042800,101.66,101.71,,,0,,58,10.1,18.5,,,32200,2.7,,3,,,19.6,18.3,0
2025-06-15 19:00:00 PDT,1750039200,101.72,101.77,W,27,9,,52,9.6,19.6,,,32200,2.7,,4,,,19.7,19,0
2025-06-15 18:00:00 PDT,1750035600,101.77,101.82,WSW,25,9,,47,8.2,19.6,,,32200,2.8,,2,,,20.2,19.5,0
2025-06-15 17:00:00 PDT,1750032000,101.85,101.9,WSW,25,8,,48,8.6,19.8,,,32200,2.7,,1,,,20,19.2,0
2025-06-15 16:00:00 PDT,1750028400,101.93,101.98,WSW,24,12,,54,10.1,19.5,,,32200,2.6,,3,,,19.9,18.9,0
2025-06-15 15:00:00 PDT,1750024800,101.98,102.03,SSW,21,14,,57,10.4,19.1,,,32200,2.5,,2,,,19.3,18.2,0
2025-06-15 14:00:00 PDT,1750021200,102.02,102.07,SW,21,18,28,74,13.7,18.3,,,32200,2.4,,1,,,18.4,16.4,0
2025-06-15 13:00:00 PDT,1750017600,102.07,102.12,SW,22,16,,77,12.4,16.5,,,32200,2.2,,1,,,16.8,15.9,0
2025-06-15 12:00:00 PDT,1750014000,102.13,102.18,SW,22,16,,75,11.8,16.1,,,32200,2.1,,1,,,17.4,15.5,0
2025-06-15 11:00:00 PDT,1750010400,102.16,102.21,SSE,15,8,,64,10.2,17,,,32200,2,,2,,,17.2,15.5,0
2025-06-15 10:00:00 PDT,1750006800,102.18,102.23,E,9,5,,68,9.7,15.4,,,32200,2,,3,,,16,14.2,0
2025-06-15 09:00:00 PDT,1750003200,102.16,102.21,SE,13,11,,78,10.5,14.3,,,32200,1.9,,2,,,14.3,12.7,0
2025-06-15 08:00:00 PDT,1749999600,102.18,102.23,ESE,10,12,,80,9.4,12.7,,,40200,1.8,,3,,,12.8,11.6,0
2025-06-15 07:00:00 PDT,1749996000,102.15,102.2,E,9,16,,84,9,11.6,,,32200,1.7,,2,,,11.6,9.7,0
2025-06-15 06:00:00 PDT,1749992400,102.13,102.18,E,9,10,,88,7.8,9.7,,,32200,1.8,,1,,,9.7,9.2,0
2025-06-15 05:00:00 PDT,1749988800,102.1,102.15,E,9,9,,89,7.6,9.4,,,32200,1.8,,1,,,10.1,9.2,0
2025-06-15 04:00:00 PDT,1749985200,102.09,102.14,ESE,11,10,,88,7.9,9.9,,,32200,1.9,,2,,,10.1,9.4,0
2025-06-15 03:00:00 PDT,1749981600,102.06,102.11,ESE,10,10,,90,8.2,9.8,,,32200,2,,1,,,10.8,9.5,0
2025-06-15 02:00:00 PDT,1749978000,102.03,102.08,E,9,14,,88,8.7,10.7,,,32200,2.1,,1,,,11.9,10.2,0
2025-06-15 01:00:00 PDT,1749974400,102.03,102.08,SE,13,11,,85,9,11.4,,,32200,2.1,,1,,,12.4,11.4,0
2025-06-15 00:00:00 PDT,1749970800,102.04,102.09,ESE,10,12,,80,9.2,12.4,,,32200,2.1,,1,,,13.1,12.2,0
2025-06-14 23:00:00 PDT,1749967200,102.03,102.08,E,9,13,,75,8.8,13.1,,,32200,2.1,,1,,,13.6,13,0
2025-06-14 22:00:00 PDT,1749963600,102.02,102.07,E,9,9,,74,8.9,13.4,,,32200,2.2,,3,,,15.4,13.2,0
2025-06-14 21:00:00 PDT,1749960000,102,102.05,SE,14,11,,64,8.6,15.4,,,32200,2.2,,3,,,16.1,14.8,0
2025-06-14 20:00:00 PDT,1749956400,102,102.05,SSW,19,9,,68,10.1,15.9,,,32200,2.3,,5,,,17,15.9,0
2025-06-14 19:00:00 PDT,1749952800,101.99,102.04,SSW,20,14,28,64,10.1,17,,,32200,2.4,,3,,,17.8,17,0
2025-06-14 18:00:00 PDT,1749949200,101.98,102.03,SSW,20,19,34,61,10.3,17.7,,,32200,2.4,,3,,,18.3,17.7,0
2025-06-14 17:00:00 PDT,1749945600,101.99,102.04,SSW,20,17,30,59,10.1,18.2,,,32200,2.3,,2,,,19.5,18.1,0
2025-06-14 16:00:00 PDT,1749942000,102.01,102.06,SW,21,17,,58,10.2,18.6,,,32200,2.2,,2,,,18.8,17.6,0
2025-06-14 15:00:00 PDT,1749938400,102.01,102.06,SSW,20,17,,65,11.3,17.9,,,32200,2.1,,3,,,18.8,17.4,0
2025-06-14 14:00:00 PDT,1749934800,102.04,102.09,ESE,11,11,,55,8.8,17.8,,,32200,2,,8,,,17.9,16.4,0
2025-06-14 13:00:00 PDT,1749931200,102.06,102.11,SE,12,12,,60,9.4,17.1,,,32200,2,,8,,,17.1,16,0
2025-06-14 12:00:00 PDT,1749927600,102.05,102.1,ESE,12,18,28,60,8.4,16.2,,,32200,2,,7,,,16.3,14.3,0
2025-06-14 11:00:00 PDT,1749924000,102.04,102.09,SE,13,17,28,67,8.5,14.4,,,32200,1.9,,8,,,14.6,13.7,0
2025-06-14 10:00:00 PDT,1749920400,102.02,102.07,ESE,10,18,,71,8.7,13.8,,,32200,1.8,,8,,,14,13,0
2025-06-14 09:00:00 PDT,1749916800,102,102.05,ESE,10,16,,74,8.5,13,,,32200,1.9,,8,,,13.1,12.7,0
2025-06-14 08:00:00 PDT,1749913200,101.96,102.01,ESE,12,17,,74,8.3,12.8,,,32200,1.9,,8,,,12.8,12.5,0
2025-06-14 07:00:00 PDT,1749909600,101.93,101.98,ESE,12,18,,76,8.5,12.6,,,32200,1.9,,8,,,13.1,12.5,0
2025-06-14 06:00:00 PDT,1749906000,101.89,101.94,SE,12,15,,78,9.3,13.1,,,24100,1.9,,8,,,13.4,13.1,0
2025-06-14 05:00:00 PDT,1749902400,101.86,101.91,ESE,10,16,,73,8.7,13.4,,,24100,2,,8,,,13.5,13.3,0
2025-06-14 04:00:00 PDT,1749898800,101.83,101.88,ESE,12,15,,73,8.7,13.4,,,24100,2.1,,8,,,13.6,13.3,0
2025-06-14 03:00:00 PDT,1749895200,101.83,101.88,ESE,10,17,,73,8.8,13.5,,,24100,2.1,,8,,,13.6,13.4,0
2025-06-14 02:00:00 PDT,1749891600,101.82,101.87,E,9,14,,76,9.2,13.4,,,24100,2.2,,8,,,13.6,13.4,0
2025-06-14 01:00:00 PDT,1749888000,101.81,101.86,E,9,15,,75,9.4,13.6,,,24100,2.2,,7,,,14.3,13.6,0
2025-06-14 00:00:00 PDT,1749884400,101.79,101.84,E,9,10,,70,8.6,14,,,24100,2.3,,7,,,14.6,14,0
2025-06-13 23:00:00 PDT,1749880800,101.78,101.83,SE,13,8,,68,8.5,14.3,,,24100,2.3,,8,,,14.7,14.2,0
2025-06-13 22:00:00 PDT,1749877200,101.75,101.8,SSE,15,10,,68,8.6,14.4,,,24100,2.3,,8,,,15.2,14.3,0
2025-06-13 21:00:00 PDT,1749873600,101.73,101.78,SE,14,12,,63,8.4,15.3,,,24100,2.3,,8,,,15.8,15,0
2025-06-13 20:00:00 PDT,1749870000,101.72,101.77,SSE,15,10,,65,9.3,15.8,,,24100,2.2,,8,,,15.9,15.5,0
2025-06-13 19:00:00 PDT,1749866400,101.7,101.75,SSW,19,16,,68,10.1,15.9,,,24100,2.2,,8,,,16.5,15.9,0
2025-06-13 18:00:00 PDT,1749862800,101.7,101.75,SSW,20,14,,65,10.1,16.5,,,32200,2.2,,7,,,17.3,16.3,0
2025-06-13 17:00:00 PDT,1749859200,101.71,101.76,SW,22,17,,58,8.9,17.1,,,32200,2.2,,5,,,18.4,17,0
2025-06-13 16:00:00 PDT,1749855600,101.74,101.79,SSW,19,19,,58,9.3,17.7,,,32200,2.1,,5,,,18,16.6,0
2025-06-13 15:00:00 PDT,1749852000,101.75,101.8,SW,22,15,,65,10.4,17,,,32200,2.1,,3,,,17.2,15.7,0
2025-06-13 14:00:00 PDT,1749848400,101.74,101.79,WSW,23,10,,63,9.2,16.1,,,32200,2.1,,7,,,17.4,15.7,0
2025-06-13 13:00:00 PDT,1749844800,101.72,101.77,WSW,25,9,,72,10.6,15.5,,,32200,2.1,,7,,,15.5,14,0
2025-06-13 12:00:00 PDT,1749841200,101.72,101.77,W,27,10,,67,8.9,15,,,32200,2.1,,8,,,15.5,13.5,0
2025-06-13 11:00:00 PDT,1749837600,101.73,101.78,WSW,24,15,,72,8.7,13.6,,,32200,2,,8,,,14.2,13.5,0
2025-06-13 10:00:00 PDT,1749834000,101.73,101.78,W,27,12,,68,7.9,13.7,,,32200,2,,8,,,13.9,13.1,0
2025-06-13 09:00:00 PDT,1749830400,101.7,101.75,WNW,29,12,,73,8.4,13.1,,,32200,2,,8,,,13.3,12.8,0
2025-06-13 08:00:00 PDT,1749826800,101.64,101.69,WNW,29,17,,73,8.1,12.8,,,32200,2,,8,,,12.9,12.6,0
2025-06-13 07:00:00 PDT,1749823200,101.61,101.66,WNW,29,22,,73,7.8,12.6,,,32200,2.1,,7,,,12.6,12.4,0
2025-06-13 06:00:00 PDT,1749819600,101.58,101.63,W,28,22,,76,8.4,12.5,,,32200,2.1,,7,,,12.7,12.4,0
2025-06-13 05:00:00 PDT,1749816000,101.56,101.61,WNW,28,20,,79,9.1,12.6,,,32200,2.2,,7,,,13,12.4,0
2025-06-13 04:00:00 PDT,1749812400,101.54,101.59,SE,14,4,,81,9.3,12.5,,,32200,2.2,,8,,,12.8,12.4,0
2025-06-13 03:00:00 PDT,1749808800,101.54,101.59,,,0,,78,9.1,12.7,,,32200,2.2,,8,,,12.9,12.5,0
2025-06-13 02:00:00 PDT,1749805200,101.52,101.57,SW,22,5,,79,9.1,12.5,,,32200,2.2,,8,,,13,12.3,0
2025-06-13 01:00:00 PDT,1749801600,101.52,101.57,SE,14,7,,75,7.9,12.2,,,32200,2.2,,8,,,12.8,11.2,0
2025-06-13 00:00:00 PDT,1749798000,101.53,101.58,SE,13,7,,75,8.5,12.7,,,32200,2.2,,7,,,13.6,12.7,0
2025-06-12 23:00:00 PDT,1749794400,101.52,101.57,ESE,11,9,,73,8.2,12.9,,,32200,2.3,,7,,,13.1,12.7,0
2025-06-12 22:00:00 PDT,1749790800,101.55,101.6,ESE,11,8,,73,8.2,12.9,,,32200,2.3,,7,,,13.6,12.3,0
2025-06-12 21:00:00 PDT,1749787200,101.53,101.58,ESE,10,11,,70,8.1,13.4,,,32200,2.3,,3,,,14.7,13.4,0
2025-06-12 20:00:00 PDT,1749783600,101.54,101.59,E,9,12,,66,8.5,14.7,,,32200,2.3,,7,,,15.5,14.7,0
2025-06-12 19:00:00 PDT,1749780000,101.55,101.6,SE,13,10,,64,8.8,15.5,,,32200,2.3,,7,,,15.5,14.7,0
2025-06-12 18:00:00 PDT,1749776400,101.59,101.64,SW,21,12,,73,9.8,14.6,,,32200,2.3,,7,,,15.6,14.6,0
2025-06-12 17:00:00 PDT,1749772800,101.62,101.67,SE,14,10,,64,8.8,15.5,,,32200,2.3,,7,,,15.6,15.1,0
2025-06-12 16:00:00 PDT,1749769200,101.67,101.72,SE,13,10,,69,9.5,15.2,,,32200,2.2,,8,,,15.4,14.2,0
2025-06-12 15:00:00 PDT,1749765600,101.69,101.74,SE,12,9,,71,9.1,14.4,,,32200,2.2,,8,,,14.6,13.8,0
2025-06-12 14:00:00 PDT,1749762000,101.72,101.77,SE,12,15,,70,8.5,13.9,,,32200,2.2,,8,,,13.9,13.3,0
2025-06-12 13:00:00 PDT,1749758400,101.73,101.78,SE,13,18,,74,9.1,13.6,,,24100,2.2,,8,,,13.8,13.2,0
2025-06-12 12:00:00 PDT,1749754800,101.7,101.75,SE,14,19,,78,9.5,13.3,,,24100,2.2,,8,,,13.8,13.2,0
2025-06-12 11:00:00 PDT,1749751200,101.69,101.74,SE,12,19,,74,9.1,13.6,,,24100,2.2,,8,,,13.6,12.1,0
2025-06-12 10:00:00 PDT,1749747600,101.68,101.73,SE,13,22,32,84,9.4,12,,,24100,2.1,,8,,,13,11.9,0
2025-06-12 09:00:00 PDT,1749744000,101.65,101.7,ESE,11,21,,81,9.7,12.8,,,24100,2.1,,8,,,13.4,12.8,0
2025-06-12 08:00:00 PDT,1749740400,101.61,101.66,ESE,10,29,,77,9.4,13.3,,,24100,2.1,,8,,,13.5,12.7,0
2025-06-12 07:00:00 PDT,1749736800,101.58,101.63,E,9,26,,79,9.2,12.7,,,24100,2.1,,7,,,12.7,12.3,0
2025-06-12 06:00:00 PDT,1749733200,101.55,101.6,E,9,29,,83,9.6,12.3,,,24100,2.1,,8,,,12.8,12.3,0
2025-06-12 05:00:00 PDT,1749729600,101.48,101.53,E,9,25,,81,9.4,12.6,,,32200,2.2,,8,,,13.1,12.2,0
2025-06-12 04:00:00 PDT,1749726000,101.45,101.5,E,8,25,,77,9.3,13.1,,,32200,2.2,,6,,,13.6,13.1,0
2025-06-12 03:00:00 PDT,1749722400,101.41,101.46,E,9,16,,75,9.3,13.6,,,32200,2.2,,7,,,13.8,12.7,0
2025-06-12 02:00:00 PDT,1749718800,101.4,101.45,E,10,18,,67,7.9,13.9,,,32200,2.3,,4,,,15,13.4,0
2025-06-12 01:00:00 PDT,1749715200,101.39,101.44,E,9,14,,66,8.7,14.9,,,32200,2.4,,7,,,15.6,14.9,0
2025-06-12 00:00:00 PDT,1749711600,101.35,101.4,ESE,11,11,,65,8.9,15.4,,,32200,2.6,,7,,,15.7,15,0
2025-06-11 23:00:00 PDT,1749708000,101.36,101.41,SE,12,16,,67,9.6,15.7,,,32200,2.7,,6,,,16.4,15.6,0
2025-06-11 22:00:00 PDT,1749704400,101.36,101.41,SE,13,10,,71,11.2,16.5,,,32200,2.8,,8,,,17.4,16.5,0
2025-06-11 21:00:00 PDT,1749700800,101.33,101.38,E,9,11,,72,12.2,17.3,,,32200,2.8,,7,,,18.1,17.1,0
2025-06-11 20:00:00 PDT,1749697200,101.32,101.37,S,17,7,,69,12.2,17.9,,,32200,2.9,,8,,,18,17.4,0
2025-06-11 19:00:00 PDT,1749693600,101.31,101.36,WSW,24,7,,69,12,17.7,,,32200,2.8,,8,,,18,17.6,0
2025-06-11 18:00:00 PDT,1749690000,101.33,101.38,SW,22,8,,69,12.2,17.9,,,48300,2.8,,7,,,18.6,17.9,0
2025-06-11 17:00:00 PDT,1749686400,101.36,101.41,SW,23,9,,70,12.9,18.5,,,48300,2.7,,7,,,18.7,18.2,0
2025-06-11 16:00:00 PDT,1749682800,101.38,101.43,WSW,24,8,,68,12.4,18.4,,,48300,2.5,,7,,,19.3,18,0
2025-06-11 15:00:00 PDT,1749679200,101.39,101.44,WSW,24,7,,63,11.9,18.9,,,48300,2.4,,5,,,18.9,17.3,0
2025-06-11 14:00:00 PDT,1749675600,101.42,101.47,SW,22,10,,63,10.2,17.2,,,48300,2.3,,7,,,17.6,16.7,0
2025-06-11 13:00:00 PDT,1749672000,101.4,101.45,WNW,30,8,,69,11.6,17.3,,,48300,2.3,,8,,,17.6,16.1,0
2025-06-11 12:00:00 PDT,1749668400,101.42,101.47,WNW,28,14,,71,11.8,17,,,48300,2.1,,7,,,17.2,16.2,0
2025-06-11 11:00:00 PDT,1749664800,101.42,101.47,WNW,28,19,,68,10.8,16.6,,,48300,2,,7,,,16.8,15.7,0
2025-06-11 10:00:00 PDT,1749661200,101.39,101.44,W,28,24,,71,10.9,16.2,,,48300,1.9,,5,,,16.2,15.5,0
2025-06-11 09:00:00 PDT,1749657600,101.37,101.42,WNW,29,23,28,75,11.3,15.7,,,48300,1.9,,4,,,15.7,14.8,0
2025-06-11 08:00:00 PDT,1749654000,101.34,101.39,WNW,28,26,,79,11.3,14.9,,,48300,1.9,,2,,,14.9,14,0
2025-06-11 07:00:00 PDT,1749650400,101.32,101.37,WNW,29,26,,82,10.9,13.9,,,48300,1.8,,2,,,14,13.3,0
2025-06-11 06:00:00 PDT,1749646800,101.3,101.35,WNW,29,22,,86,11.1,13.3,,,32200,1.8,,2,,,13.3,12.9,0
2025-06-11 05:00:00 PDT,1749643200,101.26,101.31,NW,30,23,,86,10.9,13.2,,,32200,1.9,,0,,,13.5,13.1,0
2025-06-11 04:00:00 PDT,1749639600,101.24,101.29,WNW,29,27,30,84,11,13.5,,,32200,1.9,,0,,,13.9,13.4,0
2025-06-11 03:00:00 PDT,1749636000,101.22,101.27,WNW,28,33,,81,10.6,13.7,,,32200,1.9,,0,,,14.2,13.7,0
2025-06-11 02:00:00 PDT,1749632400,101.21,101.26,WNW,28,31,28,81,10.9,14.2,,,32200,2,,0,,,14.5,14,0
2025-06-11 01:00:00 PDT,1749628800,101.2,101.25,WNW,28,30,,82,11.5,14.5,,,32200,2.1,,0,,,14.5,12.5,0
2025-06-11 00:00:00 PDT,1749625200,101.16,101.21,WNW,28,7,,88,12.4,14.5,,,32200,2.1,,0,,,14.6,12.9,0
2025-06-10 23:00:00 PDT,1749621600,101.15,101.2,W,27,6,,88,12.5,14.4,,,32200,2.2,,0,,,15.3,12.8,0
2025-06-10 22:00:00 PDT,1749618000,101.14,101.19,WNW,29,8,,81,11.4,14.6,,,32200,2.3,,1,,,16.4,14.3,0
2025-06-10 21:00:00 PDT,1749614400,101.13,101.18,NW,30,3,,76,11.8,16.1,,,32200,2.3,,1,,,17.4,15.8,0
2025-06-10 20:00:00 PDT,1749610800,101.13,101.18,NW,31,11,,70,11.9,17.4,,,32200,2.4,,4,,,18.5,17.4,0
2025-06-10 19:00:00 PDT,1749607200,101.15,101.2,NW,30,10,,68,12.3,18.3,,,32200,2.7,,7,,,18.6,17.7,0
2025-06-10 18:00:00 PDT,1749603600,101.2,101.25,WNW,29,19,,65,12,18.6,,,48300,2.9,,6,,,19.3,18.5,0
2025-06-10 17:00:00 PDT,1749600000,101.23,101.28,WNW,28,19,,64,12.6,19.4,,,48300,3.1,,2,,,19.7,18.5,0
2025-06-10 16:00:00 PDT,1749596400,101.27,101.32,WNW,29,22,,63,12.3,19.5,,,48300,3.1,,7,,,19.8,18.4,0
2025-06-10 15:00:00 PDT,1749592800,101.29,101.34,WNW,29,23,,64,12.7,19.4,,,48300,3,,6,,,19.8,17.9,0
2025-06-10 14:00:00 PDT,1749589200,101.34,101.39,WNW,28,21,,70,12.6,18,,,48300,2.8,,5,,,19.2,17.7,0
2025-06-10 13:00:00 PDT,1749585600,101.36,101.41,WNW,29,22,,68,12.7,18.5,,,48300,2.6,,5,,,18.6,17.3,0
2025-06-10 12:00:00 PDT,1749582000,101.4,101.45,WNW,28,25,,69,11.9,17.4,,,48300,2.2,,3,,,17.6,16.5,0
2025-06-10 11:00:00 PDT,1749578400,101.42,101.47,WNW,29,27,,70,11.6,17,,,48300,2.1,,2,,,17.3,16.4,0
2025-06-10 10:00:00 PDT,1749574800,101.42,101.47,WNW,29,26,,73,11.9,16.8,,,48300,2,,2,,,16.9,16,0
2025-06-10 09:00:00 PDT,1749571200,101.42,101.47,WNW,29,24,,73,11.4,16.2,,,48300,1.9,,2,,,16.4,15.1,0
2025-06-10 08:00:00 PDT,1749567600,101.41,101.46,WNW,30,26,,76,11,15.2,,,48300,1.9,,3,,,15.2,14.1,0
2025-06-10 07:00:00 PDT,1749564000,101.39,101.44,WNW,29,30,29,80,10.7,14,,,48300,1.9,,2,,,14.2,13.6,0
2025-06-10 06:00:00 PDT,1749560400,101.36,101.41,WNW,29,29,31,82,10.5,13.6,,,32200,1.9,,2,,,13.7,13.2,0
2025-06-10 05:00:00 PDT,1749556800,101.32,101.37,WNW,29,33,,81,10.5,13.6,,,32200,2,,3,,,13.9,13.4,0
2025-06-10 04:00:00 PDT,1749553200,101.31,101.36,NW,30,33,32,80,10.6,13.9,,,32200,2,,1,,,14.3,13.9,0
2025-06-10 03:00:00 PDT,1749549600,101.27,101.32,NW,30,27,37,82,11.2,14.2,,,32200,2,,1,,,14.5,14.1,0
2025-06-10 02:00:00 PDT,1749546000,101.27,101.32,WNW,29,30,32,81,11.2,14.4,,,32200,2.1,,1,,,14.9,14.3,0
2025-06-10 01:00:00 PDT,1749542400,101.24,101.29,WNW,29,27,39,81,11.6,14.8,,,32200,2.2,,0,,,15,14.7,0
2025-06-10 00:00:00 PDT,1749538800,101.22,101.27,WNW,28,24,34,81,11.8,15,,,32200,2.3,,0,,,15.1,14.4,0
2025-06-09 23:00:00 PDT,1749535200,101.22,101.27,WNW,29,15,,85,12.3,14.7,,,32200,2.3,,0,,,14.9,13.3,0
2025-06-09 22:00:00 PDT,1749531600,101.2,101.25,WNW,29,12,,84,12,14.6,,,32200,2.3,,0,,,16.9,14.6,0
2025-06-09 21:00:00 PDT,1749528000,101.16,101.21,NW,31,17,,72,11.8,16.8,,,32200,2.4,,0,,,18.4,16.8,0
2025-06-09 20:00:00 PDT,1749524400,101.19,101.24,NW,32,17,,66,12,18.4,,,48300,2.6,,0,,,19.7,18.4,0
2025-06-09 19:00:00 PDT,1749520800,101.22,101.27,NW,30,12,,62,12.2,19.7,,,48300,2.8,,0,,,20,19.6,0
2025-06-09 18:00:00 PDT,1749517200,101.26,101.31,NW,31,16,,62,12.4,19.7,,,48300,3,,1,,,20.8,19.7,0
2025-06-09 17:00:00 PDT,1749513600,101.3,101.35,NW,31,18,,62,12.6,20.1,,,48300,3,,0,,,20.4,19.6,0
2025-06-09 16:00:00 PDT,1749510000,101.32,101.37,WNW,29,21,32,61,12.1,19.9,,,40200,3,,0,,,20.3,19.6,0
2025-06-09 15:00:00 PDT,1749506400,101.36,101.41,WNW,30,22,,62,12.2,19.6,,,,2.8,,,,,20.2,18.9,0
2025-06-09 14:00:00 PDT,1749502800,101.4,101.45,WNW,29,26,29,65,13.2,19.8,,,48300,2.7,,0,,,19.8,18.8,0
2025-06-09 13:00:00 PDT,1749499200,101.44,101.49,WNW,29,32,32,66,12.4,18.8,,,48300,2.4,,0,,,19.4,18.1,0
2025-06-09 12:00:00 PDT,1749495600,101.48,101.53,WNW,29,32,35,68,12.2,18.2,,,48300,2.1,,0,,,18.3,17.4,0
2025-06-09 11:00:00 PDT,1749492000,101.48,101.53,WNW,28,35,33,68,11.7,17.6,,,48300,2.1,,0,,,17.6,16.7,0
2025-06-09 10:00:00 PDT,1749488400,101.5,101.55,WNW,29,39,36,73,11.9,16.6,,,48300,2,,0,,,17.2,16.3,0
2025-06-09 09:00:00 PDT,1749484800,101.51,101.56,WNW,29,31,42,76,12.1,16.3,,,48300,2,,0,,,16.4,15.6,0
2025-06-09 08:00:00 PDT,1749481200,101.49,101.54,WNW,29,29,42,74,11.4,15.8,,,48300,2,,0,,,15.8,15.1,0
2025-06-09 07:00:00 PDT,1749477600,101.5,101.55,WNW,29,30,42,77,11.1,15.1,,,48300,1.9,,0,,,15.2,14.8,0
2025-06-09 06:00:00 PDT,1749474000,101.45,101.5,WNW,29,30,30,80,11.4,14.8,,,32200,1.8,,0,,,14.9,14.4,0
2025-06-09 05:00:00 PDT,1749470400,101.45,101.5,WNW,29,31,41,79,11.1,14.6,,,32200,1.7,,0,,,15.5,14.6,0
2025-06-09 04:00:00 PDT,1749466800,101.43,101.48,WNW,30,30,41,80,12.1,15.4,,,32200,1.6,,0,,,16,15.3,0
2025-06-09 03:00:00 PDT,1749463200,101.42,101.47,WNW,30,35,,79,12.5,16,,,32200,1.6,,0,,,16.6,16,0
2025-06-09 02:00:00 PDT,1749459600,101.39,101.44,WNW,30,32,43,80,13.2,16.6,,,32200,1.7,,0,,,17.4,16.6,0
2025-06-09 01:00:00 PDT,1749456000,101.37,101.42,WNW,30,32,,78,13.6,17.4,,,32200,1.9,,0,,,18.5,17.4,0
2025-06-09 00:00:00 PDT,1749452400,101.37,101.42,NNW,33,13,,76,14.2,18.4,,,32200,2,,0,,,18.5,17.9,0
2025-06-08 23:00:00 PDT,1749448800,101.38,101.43,WNW,30,15,,83,15.1,17.9,,,32200,2,,0,,,18.7,17.5,0
2025-06-08 22:00:00 PDT,1749445200,101.33,101.38,WNW,29,15,,82,14.8,17.8,,,32200,2,,0,,,20.7,17.6,0
2025-06-08 21:00:00 PDT,1749441600,101.27,101.32,W,26,6,,70,14.7,20.2,,,32200,2,,0,,,22.6,20.2,0
2025-06-08 20:00:00 PDT,1749438000,101.3,101.35,W,26,8,,60,14.5,22.6,,26,32200,2.1,,0,,,23,21.3,0
2025-06-08 19:00:00 PDT,1749434400,101.34,101.39,W,27,8,,59,14.6,22.8,,27,32200,2.3,,0,,,23.2,21.4,0
2025-06-08 18:00:00 PDT,1749430800,101.39,101.44,SW,23,9,,66,14.9,21.3,,25,48300,2.5,,0,,,23.6,21.3,0
2025-06-08 17:00:00 PDT,1749427200,101.46,101.51,WNW,29,12,,61,15.3,23.1,,27,48300,2.8,,0,,,23.6,22.3,0
2025-06-08 16:00:00 PDT,1749423600,101.51,101.56,WNW,29,18,,61,14.9,22.7,,27,48300,2.9,,0,,,23.2,22.4,0
2025-06-08 15:00:00 PDT,1749420000,101.58,101.63,W,27,21,,63,15.2,22.4,,26,48300,2.9,,0,,,23.2,21.9,0
2025-06-08 14:00:00 PDT,1749416400,101.62,101.67,NW,30,22,,63,15,22.2,,26,48300,2.9,,0,,,22.6,21.5,0
2025-06-08 13:00:00 PDT,1749412800,101.67,101.72,WNW,29,25,,65,14.7,21.5,,25,48300,2.6,,1,,,21.8,20.9,0
2025-06-08 12:00:00 PDT,1749409200,101.7,101.75,WNW,29,21,,64,14.7,21.6,,25,48300,2.3,,3,,,21.6,20.1,0
2025-06-08 11:00:00 PDT,1749405600,101.73,101.78,WNW,30,25,,65,13.9,20.5,,,48300,1.9,,0,,,20.7,19.3,0
2025-06-08 10:00:00 PDT,1749402000,101.74,101.79,WNW,30,23,28,71,14.2,19.4,,,48300,1.7,,0,,,19.7,18.9,0
2025-06-08 09:00:00 PDT,1749398400,101.71,101.76,WNW,29,26,,72,14,19.1,,,48300,1.7,,0,,,19.1,18.1,0
2025-06-08 08:00:00 PDT,1749394800,101.7,101.75,WNW,29,25,,76,13.9,18.1,,,32200,1.6,,0,,,18.3,17.5,0
2025-06-08 07:00:00 PDT,1749391200,101.68,101.73,NW,31,16,,85,15,17.5,,,32200,1.6,,0,,,17.5,15.8,0
2025-06-08 06:00:00 PDT,1749387600,101.67,101.72,NW,30,14,,93,14.8,15.8,,,32200,1.6,,0,,,15.8,13.7,0
2025-06-08 05:00:00 PDT,1749384000,101.66,101.71,NW,30,5,,98,14,14.3,,,32200,1.6,,0,,,14.3,13.7,0
2025-06-08 04:00:00 PDT,1749380400,101.66,101.71,NW,32,12,,96,13.7,14.3,,,32200,1.6,,0,,,15.1,13.5,0
2025-06-08 03:00:00 PDT,1749376800,101.66,101.71,WSW,23,3,,89,13,14.7,,,32200,1.6,,0,,,16.2,14.7,0
2025-06-08 02:00:00 PDT,1749373200,101.65,101.7,WNW,30,4,,92,13.6,15,,,32200,1.7,,0,,,18.7,14.6,0
2025-06-08 01:00:00 PDT,1749369600,101.61,101.66,ENE,6,4,,75,13,17.6,,,32200,1.9,,0,,,19,17,0
2025-06-08 00:00:00 PDT,1749366000,101.59,101.64,ENE,7,7,,71,12.7,17.9,,,32200,2,,0,,,19.6,16.5,0
2025-06-07 23:00:00 PDT,1749362400,101.55,101.6,W,26,14,,71,13.2,18.5,,,32200,2,,0,,,21.1,18.5,0
2025-06-07 22:00:00 PDT,1749358800,101.53,101.58,NW,32,17,,66,12.8,19.2,,,32200,1.9,,0,,,19.2,18.3,0
2025-06-07 21:00:00 PDT,1749355200,101.48,101.53,NW,31,23,,77,14.4,18.5,,,32200,2,,0,,,19.1,18.4,0
2025-06-07 20:00:00 PDT,1749351600,101.5,101.55,NW,30,25,,74,14.4,19,,,32200,2.1,,0,,,20.2,18.9,0
2025-06-07 19:00:00 PDT,1749348000,101.54,101.59,NW,31,22,,71,15,20.3,,,32200,2.2,,0,,,20.4,20,0
2025-06-07 18:00:00 PDT,1749344400,101.58,101.63,NW,30,22,,69,14.5,20.3,,,32200,2.3,,0,,,20.8,20.1,0
2025-06-07 17:00:00 PDT,1749340800,101.64,101.69,NW,30,23,27,73,15.4,20.5,,25,32200,2.4,,0,,,20.8,20.1,0
2025-06-07 16:00:00 PDT,1749337200,101.67,101.72,WNW,30,26,,68,14.4,20.4,,,32200,2.4,,0,,,21,20,0
2025-06-07 15:00:00 PDT,1749333600,101.74,101.79,WNW,29,25,,66,13.9,20.3,,,32200,2.4,,0,,,20.4,19.8,0
2025-06-07 14:00:00 PDT,1749330000,101.79,101.84,WNW,29,25,,71,14.7,20,,,32200,2.3,,1,,,20.3,19.2,0
2025-06-07 13:00:00 PDT,1749326400,101.8,101.85,WNW,29,28,,69,13.8,19.6,,,32200,2.2,,2,,,19.7,18.5,0
2025-06-07 12:00:00 PDT,1749322800,101.83,101.88,NW,30,32,,69,13.1,18.9,,,32200,2,,1,,,19.4,17.7,0
2025-06-07 11:00:00 PDT,1749319200,101.85,101.9,WNW,30,33,,74,13,17.6,,,32200,1.9,,1,,,18.4,17.6,0
2025-06-07 10:00:00 PDT,1749315600,101.86,101.91,WNW,29,28,,76,13.7,17.9,,,32200,1.7,,2,,,17.9,16.3,0
2025-06-07 09:00:00 PDT,1749312000,101.86,101.91,WNW,30,25,,79,13.6,17.2,,,32200,1.6,,5,,,17.4,16,0
2025-06-07 08:00:00 PDT,1749308400,101.79,101.84,WNW,29,21,,85,13.7,16.3,,,32200,1.6,,2,,,16.4,15.6,0
2025-06-07 07:00:00 PDT,1749304800,101.79,101.84,NW,30,20,,86,13.4,15.7,,,32200,1.7,,3,,,15.7,14.7,0
2025-06-07 06:00:00 PDT,1749301200,101.76,101.81,NW,31,13,,90,13,14.7,,,32200,1.7,,2,,,14.8,14,0
2025-06-07 05:00:00 PDT,1749297600,101.71,101.76,WNW,30,18,,90,12.7,14.3,,,32200,1.6,,1,,,14.4,13.6,0
2025-06-07 04:00:00 PDT,1749294000,101.69,101.74,WNW,29,14,,95,13.2,14,,,32200,1.6,,2,,,14.6,13.9,0
2025-06-07 03:00:00 PDT,1749290400,101.68,101.73,WNW,28,16,,94,13.3,14.2,,,32200,1.6,,3,,,15.4,13.7,0
2025-06-07 02:00:00 PDT,1749286800,101.67,101.72,NNW,33,13,,88,13.7,15.6,,,32200,1.8,,3,,,15.7,14.8,0
2025-06-07 01:00:00 PDT,1749283200,101.63,101.68,WNW,29,11,,89,13.1,14.9,,,32200,2,,3,,,15.9,14.5,0
2025-06-07 00:00:00 PDT,1749279600,101.62,101.67,WSW,25,14,,81,12.8,16.1,,,32200,2.1,,4,,,17.3,15.4,0
2025-06-06 23:00:00 PDT,1749276000,101.59,101.64,W,26,9,,77,12.1,16.1,,,32200,2.2,,4,,,18,16,0
2025-06-06 22:00:00 PDT,1749272400,101.56,101.61,SW,23,5,,77,11.9,15.8,,,32200,2.2,,5,,,18.8,15.8,0
2025-06-06 21:00:00 PDT,1749268800,101.51,101.56,WNW,28,7,,72,12.1,17.2,,,32200,2.2,,5,,,18.4,17.1,0
2025-06-06 20:00:00 PDT,1749265200,101.52,101.57,W,27,5,,70,12.9,18.5,,,32200,2.2,,6,,,20.4,18.5,0
2025-06-06 19:00:00 PDT,1749261600,101.52,101.57,WNW,29,7,,65,13.4,20.1,,,32200,2.2,,7,,,20.6,19.7,0
2025-06-06 18:00:00 PDT,1749258000,101.53,101.58,WSW,24,9,,69,13.9,19.7,,,32200,2.2,,4,,,21.1,19.5,0
2025-06-06 17:00:00 PDT,1749254400,101.56,101.61,W,27,13,,60,12.9,20.8,,,32200,2.2,,6,,,21.7,19.8,0
2025-06-06 16:00:00 PDT,1749250800,101.59,101.64,W,26,12,,62,12.5,19.8,,,32200,2.2,,6,,,20.9,19.7,0
2025-06-06 15:00:00 PDT,1749247200,101.61,101.66,WNW,28,15,,61,12.9,20.6,,,32200,2.2,,7,,,20.7,19.8,0
2025-06-06 14:00:00 PDT,1749243600,101.64,101.69,WNW,29,18,,63,12.8,19.9,,,32200,2,,2,,,19.9,19.3,0
2025-06-06 13:00:00 PDT,1749240000,101.66,101.71,WNW,28,26,,65,12.7,19.4,,,32200,1.8,,4,,,19.8,18.8,0
2025-06-06 12:00:00 PDT,1749236400,101.66,101.71,WNW,29,28,30,65,12.3,19,,,32200,1.7,,1,,,19.3,18.2,0
2025-06-06 11:00:00 PDT,1749232800,101.66,101.71,WNW,29,27,,69,12.4,18.2,,,32200,1.7,,2,,,18.6,17.7,0
2025-06-06 10:00:00 PDT,1749229200,101.67,101.72,WNW,28,28,,71,12.6,17.9,,,32200,1.6,,7,,,17.9,17,0
2025-06-06 09:00:00 PDT,1749225600,101.64,101.69,WNW,29,33,34,73,12.3,17.2,,,32200,1.5,,5,,,17.4,16.6,0
2025-06-06 08:00:00 PDT,1749222000,101.63,101.68,WNW,30,29,41,76,12.5,16.7,,,32200,1.5,,4,,,16.7,15.8,0
2025-06-06 07:00:00 PDT,1749218400,101.62,101.67,NW,30,21,34,79,12.5,16.1,,,32200,1.6,,6,,,16.1,15.1,0
2025-06-06 06:00:00 PDT,1749214800,101.62,101.67,WNW,29,14,,83,12.3,15.1,,,32200,1.6,,8,,,15.1,14.5,0
2025-06-06 05:00:00 PDT,1749211200,101.55,101.6,NW,30,20,,84,12,14.6,,,32200,1.7,,2,,,14.9,14.5,0
2025-06-06 04:00:00 PDT,1749207600,101.53,101.58,NW,31,13,,84,12.2,14.7,,,32200,1.8,,2,,,16.1,14.7,0
2025-06-06 03:00:00 PDT,1749204000,101.55,101.6,WNW,29,27,38,78,12.2,15.9,,,32200,1.8,,1,,,16,15.2,0
2025-06-06 02:00:00 PDT,1749200400,101.53,101.58,NW,31,22,27,79,12.4,15.9,,,32200,1.8,,3,,,16.4,15.9,0
2025-06-06 01:00:00 PDT,1749196800,101.56,101.61,WNW,30,23,31,77,12.4,16.4,,,32200,1.9,,0,,,16.8,15.9,0
2025-06-06 00:00:00 PDT,1749193200,101.57,101.62,WNW,29,25,42,75,12.4,16.9,,,32200,1.9,,3,,,17.2,16.7,0
2025-06-05 23:00:00 PDT,1749189600,101.55,101.6,WNW,28,27,42,74,12.5,17.1,,,32200,1.9,,8,,,17.4,16.9,0
2025-06-05 22:00:00 PDT,1749186000,101.54,101.59,WNW,29,27,,77,13.2,17.2,,,32200,1.9,,7,,,17.3,17,0
2025-06-05 21:00:00 PDT,1749182400,101.55,101.6,W,28,20,,77,13.2,17.2,,,32200,1.9,,8,,,17.7,17.1,0
2025-06-05 20:00:00 PDT,1749178800,101.59,101.64,NW,31,8,,74,12.8,17.4,,,32200,2,,8,,,17.7,16.9,0
2025-06-05 19:00:00 PDT,1749175200,101.61,101.66,WSW,23,12,,72,12.3,17.3,,,32200,2.2,,7,,,19.1,17.2,0
2025-06-05 18:00:00 PDT,1749171600,101.64,101.69,W,26,9,,73,13.9,18.8,,,32200,2.4,,4,,,19.3,18.2,0
2025-06-05 17:00:00 PDT,1749168000,101.68,101.73,W,27,16,,68,12.3,18.3,,,32200,2.6,,2,,,20.2,17.9,0
2025-06-05 16:00:00 PDT,1749164400,101.73,101.78,WNW,28,13,,68,13.9,20.1,,,32200,2.6,,2,,,20.1,19.3,0
2025-06-05 15:00:00 PDT,1749160800,101.78,101.83,WNW,29,16,,66,12.9,19.3,,,32200,2.5,,2,,,20,18.9,0
2025-06-05 14:00:00 PDT,1749157200,101.84,101.89,WNW,29,19,,69,13.1,18.9,,,32200,2.4,,2,,,19.1,18.1,0
2025-06-05 13:00:00 PDT,1749153600,101.89,101.94,WNW,28,14,,70,13.2,18.8,,,32200,2.3,,1,,,19.2,17.7,0
2025-06-05 12:00:00 PDT,1749150000,101.94,101.99,WNW,30,21,,73,13.3,18.1,,,32200,2.1,,2,,,18.2,17.1,0
2025-06-05 11:00:00 PDT,1749146400,101.95,102,WNW,29,23,,76,13.1,17.3,,,32200,1.8,,2,,,17.3,16.4,0
2025-06-05 10:00:00 PDT,1749142800,101.97,102.02,WNW,29,18,,78,12.8,16.6,,,32200,1.6,,2,,,16.8,15.8,0
2025-06-05 09:00:00 PDT,1749139200,101.98,102.03,WNW,29,22,,82,12.8,15.9,,,32200,1.6,,2,,,16.1,15,0
2025-06-05 08:00:00 PDT,1749135600,101.97,102.02,WNW,29,22,,85,12.5,15,,,32200,1.6,,2,,,15.4,14.9,0
2025-06-05 07:00:00 PDT,1749132000,101.95,102,WNW,29,9,,93,13.9,15.1,,,32200,1.6,,1,,,15.1,11.8,0
2025-06-05 06:00:00 PDT,1749128400,101.93,101.98,N,0,3,,91,10.6,12.1,,,32200,1.7,,1,,,12.3,10.9,0
2025-06-05 05:00:00 PDT,1749124800,101.88,101.93,NW,31,7,,97,10.8,11.3,,,32200,1.7,,0,,,11.3,10,0
2025-06-05 04:00:00 PDT,1749121200,101.86,101.91,NNW,34,5,,93,10.2,11.2,,,32200,1.8,,0,,,13.6,11.2,0
2025-06-05 03:00:00 PDT,1749117600,101.83,101.88,ENE,7,11,,88,11.3,13.3,,,32200,1.9,,0,,,13.9,12.6,0
2025-06-05 02:00:00 PDT,1749114000,101.81,101.86,ESE,10,7,,85,10.8,13.3,,,32200,2,,0,,,14.1,12.8,0
2025-06-05 01:00:00 PDT,1749110400,101.82,101.87,SE,14,5,,87,11.9,14,,,32200,2.2,,0,,,14.2,13.1,0
2025-06-05 00:00:00 PDT,1749106800,101.8,101.85,E,9,11,,85,11.7,14.1,,,32200,2.2,,0,,,14.4,13.8,0
2025-06-04 23:00:00 PDT,1749103200,101.8,101.85,E,9,11,,85,11.5,14,,,32200,2.2,,0,,,15.2,14,0
2025-06-04 22:00:00 PDT,1749099600,101.78,101.83,ESE,10,12,,81,11.2,14.4,,,32200,2,,2,,,16.5,14.4,0
2025-06-04 21:00:00 PDT,1749096000,101.74,101.79,SE,14,7,,73,10.9,15.6,,,32200,2,,2,,,16.9,15.6,0
2025-06-04 20:00:00 PDT,1749092400,101.69,101.74,S,18,8,,73,11.9,16.8,,,32200,2,,2,,,17,16.8,0
2025-06-04 19:00:00 PDT,1749088800,101.69,101.74,SW,21,11,,73,12,16.9,,,32200,2.1,,1,,,17.1,15.9,0
2025-06-04 18:00:00 PDT,1749085200,101.75,101.8,SW,23,11,,82,12.7,15.8,,,48300,2.2,,7,,,16.8,15.8,0
2025-06-04 17:00:00 PDT,1749081600,101.78,101.83,WSW,25,12,,81,12.6,15.8,,,48300,2.2,,5,,,16.7,15.6,0
2025-06-04 16:00:00 PDT,1749078000,101.84,101.89,WSW,24,12,,81,12.9,16,,,48300,2.2,,8,,,16.3,15.3,0
2025-06-04 15:00:00 PDT,1749074400,101.88,101.93,WSW,23,13,,80,12.6,16,,,48300,2,,8,,,16.8,16,
2025-06-04 14:00:00 PDT,1749070800,101.93,101.98,WSW,25,15,,76,12,16.2,,,48300,1.9,,8,,,16.6,16,0
2025-06-04 13:00:00 PDT,1749067200,101.95,102,WSW,23,11,,74,11.8,16.4,,,48300,1.8,,8,,,16.4,15.5,0
2025-06-04 12:00:00 PDT,1749063600,101.98,102.03,SW,23,15,,77,11.8,15.8,,,48300,1.8,,8,,,16.1,14.4,0
2025-06-04 11:00:00 PDT,1749060000,101.98,102.03,WSW,23,16,,85,12,14.4,,,48300,1.8,,7,,,15.7,14.4,0
2025-06-04 10:00:00 PDT,1749056400,101.98,102.03,SSW,21,6,,75,11,15.4,,,48300,1.7,,8,,,15.5,14.6,0
2025-06-04 09:00:00 PDT,1749052800,101.98,102.03,SW,22,9,,81,11.6,14.9,,,48300,1.6,,8,,,15.1,14.4,0
2025-06-04 08:00:00 PDT,1749049200,101.98,102.03,S,19,5,,80,11.3,14.7,,,48300,1.5,,7,,,14.8,13.6,0
2025-06-04 07:00:00 PDT,1749045600,101.96,102.01,SSE,15,8,,85,11.3,13.8,,,48300,1.5,,8,,,13.8,13.2,0
2025-06-04 06:00:00 PDT,1749042000,101.95,102,E,9,9,,86,11.1,13.3,,,32200,1.5,,8,,,13.3,12.6,0
2025-06-04 05:00:00 PDT,1749038400,101.93,101.98,SSE,15,4,,89,11,12.8,,,32200,1.5,,7,,,12.9,12.6,0
2025-06-04 04:00:00 PDT,1749034800,101.9,101.95,ESE,10,11,,85,10.6,12.9,,,32200,1.6,,6,,,13.4,12.9,0
2025-06-04 03:00:00 PDT,1749031200,101.9,101.95,SE,13,12,,85,10.9,13.4,,,32200,1.8,,8,,,13.9,13.4,0
2025-06-04 02:00:00 PDT,1749027600,101.89,101.94,SE,13,11,,84,11,13.7,,,32200,1.9,,8,,,14.8,13.7,0
2025-06-04 01:00:00 PDT,1749024000,101.87,101.92,SE,13,13,,74,10.3,14.8,,,32200,2.1,,8,,,15.2,14.6,0
2025-06-04 00:00:00 PDT,1749020400,101.87,101.92,SE,13,12,,69,9.4,15.1,,,32200,2.2,,8,,,16,15,0
2025-06-03 23:00:00 PDT,1749016800,101.88,101.93,E,9,15,,68,10.2,16,,,32200,2.3,,8,,,16.6,16,0
2025-06-03 22:00:00 PDT,1749013200,101.87,101.92,E,9,12,,62,9.3,16.6,,,32200,2.4,,7,,,17.3,16,0
2025-06-03 21:00:00 PDT,1749009600,101.86,101.91,SE,14,9,,55,8.3,17.2,,,32200,2.4,,2,,,18,16.5,0
2025-06-03 20:00:00 PDT,1749006000,101.9,101.95,S,18,7,,53,8.2,18,,,32200,2.4,,1,,,18.6,17.7,0
2025-06-03 19:00:00 PDT,1749002400,101.92,101.97,WSW,24,9,,66,11.4,17.9,,,32200,2.3,,2,,,18.3,17.9,0
2025-06-03 18:00:00 PDT,1748998800,101.97,102.02,SSW,21,9,,62,10.7,18,,,48300,2.4,,4,,,18.1,17.2,0
2025-06-03 17:00:00 PDT,1748995200,102.05,102.1,SSW,21,7,,62,10.2,17.5,,,48300,2.5,,2,,,17.6,16.4,0
2025-06-03 16:00:00 PDT,1748991600,102.14,102.19,WSW,24,8,,61,9.7,17.1,,,48300,2.5,,2,,,17.5,16.3,0
2025-06-03 15:00:00 PDT,1748988000,102.19,102.24,W,25,13,,64,9.4,16.2,,,48300,2.4,,1,,,17,15.8,0
2025-06-03 14:00:00 PDT,1748984400,102.26,102.31,W,28,15,,63,9.8,16.8,,,48300,2.2,,1,,,17.4,15.8,0
2025-06-03 13:00:00 PDT,1748980800,102.31,102.36,WNW,28,17,,63,9.6,16.7,,,48300,2.1,,2,,,16.8,15.6,0
2025-06-03 12:00:00 PDT,1748977200,102.34,102.39,WNW,29,23,,69,10.3,16,,,48300,2,,3,,,16.2,15.1,0
2025-06-03 11:00:00 PDT,1748973600,102.39,102.44,WNW,28,28,,70,9.7,15.1,,,48300,2,,2,,,15.6,14.9,0
2025-06-03 10:00:00 PDT,1748970000,102.39,102.44,WNW,29,25,,71,10,15.2,,,48300,1.9,,1,,,15.2,14.3,0
2025-06-03 09:00:00 PDT,1748966400,102.4,102.45,WNW,28,26,,72,9.4,14.3,,,48300,1.9,,1,,,14.6,13.6,0
2025-06-03 08:00:00 PDT,1748962800,102.38,102.43,WNW,30,18,,76,9.4,13.6,,,48300,1.9,,1,,,13.6,12.6,0
2025-06-03 07:00:00 PDT,1748959200,102.38,102.43,WNW,30,22,,79,9.1,12.6,,,48300,1.9,,0,,,12.6,11.6,0
2025-06-03 06:00:00 PDT,1748955600,102.36,102.41,NW,30,21,32,83,8.9,11.6,,,32200,1.9,,3,,,11.7,11.5,0
2025-06-03 05:00:00 PDT,1748952000,102.35,102.4,WNW,29,27,30,83,8.7,11.5,,,32200,1.9,,1,,,11.9,11.4,0
2025-06-03 04:00:00 PDT,1748948400,102.34,102.39,NW,30,25,,81,8.8,11.8,,,32200,2,,0,,,12.3,11.7,0
2025-06-03 03:00:00 PDT,1748944800,102.3,102.35,WNW,29,28,,80,8.9,12.2,,,32200,2,,0,,,12.6,12.2,0
2025-06-03 02:00:00 PDT,1748941200,102.31,102.36,NW,30,23,,80,9.1,12.6,,,32200,2,,0,,,13.1,12.4,0
2025-06-03 01:00:00 PDT,1748937600,102.3,102.35,WNW,30,27,29,81,9.8,13,,,32200,2.1,,0,,,13.4,12.9,0
2025-06-03 00:00:00 PDT,1748934000,102.32,102.37,WNW,30,24,,82,10.4,13.4,,,32200,2.2,,0,,,13.9,13.3,0
2025-06-02 23:00:00 PDT,1748930400,102.28,102.33,WNW,30,23,34,83,11.1,13.8,,,32200,3,,0,,,14.3,13.8,0
2025-06-02 22:00:00 PDT,1748926800,102.26,102.31,WNW,29,22,32,80,10.8,14.2,,,32200,3,,0,,,14.6,13.9,0
2025-06-02 21:00:00 PDT,1748923200,102.21,102.26,WNW,29,19,,79,10.6,14.1,,,48300,2.4,,1,,,15.3,14,0
2025-06-02 20:00:00 PDT,1748919600,102.24,102.29,WNW,29,18,27,73,10.7,15.4,,,48300,2.4,,2,,,16.4,15.4,0
2025-06-02 19:00:00 PDT,1748916000,102.25,102.3,WNW,29,12,,71,11,16.2,,,48300,2.5,,1,,,17,16.2,0
2025-06-02 18:00:00 PDT,1748912400,102.29,102.34,WNW,29,22,,67,10.9,17,,,48300,2.5,,3,,,17.2,16.6,0
2025-06-02 17:00:00 PDT,1748908800,102.32,102.37,NW,31,24,,65,10.7,17.2,,,48300,2.4,,2,,,17.7,16.9,0
2025-06-02 16:00:00 PDT,1748905200,102.34,102.39,WNW,29,29,29,65,10.7,17.3,,,48300,2.3,,2,,,17.8,17.2,0
2025-06-02 15:00:00 PDT,1748901600,102.39,102.44,WNW,29,22,29,60,9.6,17.3,,,48300,2.2,,2,,,17.9,16.6,0
2025-06-02 14:00:00 PDT,1748898000,102.46,102.51,WNW,29,29,29,64,9.8,16.5,,,48300,2.1,,1,,,17,15.8,0
2025-06-02 13:00:00 PDT,1748894400,102.49,102.54,WNW,29,29,,66,9.5,15.8,,,48300,2.1,,1,,,16.2,15.2,0
2025-06-02 12:00:00 PDT,1748890800,102.5,102.55,WNW,29,32,31,65,9.3,15.7,,,48300,2,,1,,,15.9,14.9,0
2025-06-02 11:00:00 PDT,1748887200,102.52,102.57,WNW,28,29,,68,9.6,15.3,,,48300,1.9,,2,,,15.4,14.5,0
2025-06-02 10:00:00 PDT,1748883600,102.55,102.6,WNW,29,26,35,70,9.5,14.7,,,48300,1.9,,4,,,14.7,13.8,0
2025-06-02 09:00:00 PDT,1748880000,102.54,102.59,WNW,29,27,,70,8.5,13.8,,,48300,1.9,,2,,,14,12.6,0
2025-06-02 08:00:00 PDT,1748876400,102.51,102.56,WNW,29,22,,74,8.5,12.9,,,48300,1.8,,8,,,13.6,12.2,0
2025-06-02 07:00:00 PDT,1748872800,102.52,102.57,WNW,29,22,,78,8.4,12.1,,,48300,1.8,,6,,,12.1,11.1,0
2025-06-02 06:00:00 PDT,1748869200,102.48,102.53,WNW,29,18,,82,8.2,11.3,,,32200,1.8,,4,,,11.8,11.3,0
2025-06-02 05:00:00 PDT,1748865600,102.48,102.53,WNW,29,21,,78,8.2,11.8,,,32200,1.8,,8,,,12,11.7,0
2025-06-02 04:00:00 PDT,1748862000,102.5,102.55,NW,30,19,28,78,8.2,11.9,,,32200,1.9,,6,,,12.5,11.9,0
2025-06-02 03:00:00 PDT,1748858400,102.47,102.52,WNW,29,23,,77,8.6,12.4,,,32200,1.9,,4,,,12.5,12.2,0
2025-06-02 02:00:00 PDT,1748854800,102.48,102.53,WNW,29,18,30,84,9.6,12.2,,,32200,1.9,,1,,,12.7,12.2,0
2025-06-02 01:00:00 PDT,1748851200,102.47,102.52,WNW,29,19,,82,9.6,12.5,,,32200,2,,1,,,12.7,12.3,0
2025-06-02 00:00:00 PDT,1748847600,102.44,102.49,WNW,29,21,,83,9.9,12.7,,,32200,2,,0,,,13.2,12.5,0
2025-06-01 23:00:00 PDT,1748844000,102.43,102.48,WNW,28,22,31,87,11,13.1,,,32200,2.1,,0,,,13.8,13.1,0
2025-06-01 22:00:00 PDT,1748840400,102.38,102.43,WNW,28,30,,78,10.1,13.8,,,32200,2.1,,0,,,14,13.6,0
2025-06-01 21:00:00 PDT,1748836800,102.34,102.39,WNW,29,24,,76,9.8,14,,,32200,2.2,,0,,,15,14,0
2025-06-01 20:00:00 PDT,1748833200,102.32,102.37,WNW,29,24,35,70,9.6,15,,,32200,2.3,,0,,,16.1,15,0
2025-06-01 19:00:00 PDT,1748829600,102.34,102.39,WNW,28,23,,67,9.9,16,,,32200,2.3,,1,,,16.8,16,0
2025-06-01 18:00:00 PDT,1748826000,102.39,102.44,WNW,28,28,29,59,8.6,16.6,,,32200,2.3,,1,,,17.2,16.6,0
2025-06-01 17:00:00 PDT,1748822400,102.43,102.48,WNW,29,24,,56,8.4,17.2,,,32200,2.3,,1,,,17.6,16.9,0
2025-06-01 16:00:00 PDT,1748818800,102.47,102.52,WNW,29,27,,57,8.4,16.9,,,32200,2.3,,1,,,17.7,16.6,0
2025-06-01 15:00:00 PDT,1748815200,102.53,102.58,WNW,29,23,,58,8.8,17.2,,,32200,2.2,,1,,,17.3,15.8,0
2025-06-01 14:00:00 PDT,1748811600,102.58,102.63,WNW,29,18,,63,9.2,16.2,,,32200,2.1,,1,,,16.4,15.1,0
2025-06-01 13:00:00 PDT,1748808000,102.62,102.67,WNW,29,18,,67,9.3,15.4,,,32200,2,,1,,,15.8,14.6,0
2025-06-01 12:00:00 PDT,1748804400,102.67,102.72,WNW,28,17,,62,8.2,15.4,,,32200,1.9,,2,,,15.6,14.5,0
2025-06-01 11:00:00 PDT,1748800800,102.68,102.73,WNW,29,21,,65,8.4,14.8,,,32200,1.8,,1,,,14.8,14.1,0
2025-06-01 10:00:00 PDT,1748797200,102.69,102.74,WNW,29,21,,66,8.2,14.5,,,32200,1.8,,3,,,14.5,13,0
2025-06-01 09:00:00 PDT,1748793600,102.69,102.74,WNW,30,21,,72,8.4,13.3,,,32200,1.8,,5,,,13.8,12.3,0
2025-06-01 08:00:00 PDT,1748790000,102.67,102.72,WNW,29,24,33,78,8.4,12.1,,,32200,1.8,,6,,,12.5,11,0
2025-06-01 07:00:00 PDT,1748786400,102.65,102.7,WNW,29,27,,81,7.8,11,,,32200,1.9,,6,,,11.4,10.6,0
2025-06-01 06:00:00 PDT,1748782800,102.61,102.66,WNW,29,26,,83,7.8,10.6,,,32200,1.9,,1,,,10.6,10.2,0
2025-06-01 05:00:00 PDT,1748779200,102.55,102.6,WNW,29,29,,82,7.4,10.4,,,32200,2,,2,,,10.8,10.3,0
2025-06-01 04:00:00 PDT,1748775600,102.48,102.53,WNW,28,26,39,84,8,10.6,,,32200,2,,0,,,11.2,10.6,0
2025-06-01 03:00:00 PDT,1748772000,102.44,102.49,WNW,28,30,40,81,8,11.1,,,32200,2.1,,0,,,11.3,11,0
2025-06-01 02:00:00 PDT,1748768400,102.4,102.45,WNW,29,32,32,79,7.9,11.3,,,32200,1,,0,,,12.1,11.2,0
2025-06-01 01:00:00 PDT,1748764800,102.33,102.38,WNW,28,35,45,77,8.2,12,,,32200,,,0,,,12.5,12,0
2025-06-01 00:00:00 PDT,1748761200,102.28,102.33,W,27,36,45,75,8.3,12.4,,,32200,2,,1,,,13.3,12.4,0
2025-05-31 23:00:00 PDT,1748757600,102.24,102.29,W,26,42,,73,8.6,13.2,,,32200,2,,2,,,13.7,13.1,0
2025-05-31 22:00:00 PDT,1748754000,102.2,102.25,W,26,37,,75,9.3,13.7,,,32200,2,,2,,,14.1,13.5,0
2025-05-31 21:00:00 PDT,1748750400,102.2,102.25,W,27,29,40,73,9.3,13.9,,,32200,2,,2,,,14.7,13.9,0
2025-05-31 20:00:00 PDT,1748746800,102.14,102.19,W,27,33,,70,9.2,14.6,,,32200,2,,3,,,15.5,14.6,0
2025-05-31 19:00:00 PDT,1748743200,102.08,102.13,W,27,33,43,69,9.8,15.5,,,32200,1.9,,5,,,15.8,14.9,0
2025-05-31 18:00:00 PDT,1748739600,102.06,102.11,W,26,33,43,74,10.8,15.4,,,32200,1.8,,3,,,16.6,15.4,0
2025-05-31 17:00:00 PDT,1748736000,102.07,102.12,WNW,28,22,30,74,11.4,15.9,,,32200,1.9,,7,,,16.8,15.2,0
2025-05-31 16:00:00 PDT,1748732400,102.04,102.09,W,28,30,,78,11.5,15.1,,,32200,1.9,,8,,,16.7,15,0
2025-05-31 15:00:00 PDT,1748728800,102.03,102.08,W,27,26,,81,12.1,15.3,,,32200,2.1,,8,,,15.4,13.7,0
2025-05-31 14:00:00 PDT,1748725200,102,102.05,W,27,28,,92,12.5,13.7,,,16100,2.2,,7,,,14.6,12.9,0
2025-05-31 13:00:00 PDT,1748721600,101.99,102.04,W,26,28,,94,12.5,13.4,,,12900,2.3,,8,,,13.7,12.9,2.6
2025-05-31 12:00:00 PDT,1748718000,101.89,101.94,W,27,13,,95,12.3,13.1,,,9700,2.3,,8,,,13.7,13.1,1.4
2025-05-31 11:00:00 PDT,1748714400,101.86,101.91,W,27,22,,96,13,13.5,,,9700,2.3,,8,,,13.7,13,1.4
2025-05-31 10:00:00 PDT,1748710800,101.85,101.9,WNW,28,7,,93,12.3,13.5,,,16100,2.3,,8,,,13.5,12.9,1.3
2025-05-31 09:00:00 PDT,1748707200,101.8,101.85,WNW,29,10,,97,12.7,13.2,,,12900,2.2,,8,,,13.9,13.1,0.6
2025-05-31 08:00:00 PDT,1748703600,101.72,101.77,N,0,3,,89,12.2,13.9,,,24100,2.1,,8,,,13.9,13.3,0.5
2025-05-31 07:00:00 PDT,1748700000,101.7,101.75,NW,31,13,,97,12.8,13.3,,,24100,2.1,,8,,,13.4,12.9,1
2025-05-31 06:00:00 PDT,1748696400,101.68,101.73,NW,30,27,41,97,12.9,13.5,,,24100,2.1,,7,,,14,13.2,0.1
2025-05-31 05:00:00 PDT,1748692800,101.66,101.71,NW,30,32,42,93,12.8,13.9,,,24100,2.1,,7,,,14.4,13.8,0
2025-05-31 04:00:00 PDT,1748689200,101.62,101.67,WNW,29,23,,92,12.7,14,,,24100,2.1,,8,,,14.2,14,0
2025-05-31 03:00:00 PDT,1748685600,101.68,101.73,WNW,29,27,,90,12.5,14.2,,,24100,2.2,,8,,,15,14.2,0
2025-05-31 02:00:00 PDT,1748682000,101.68,101.73,WNW,29,34,,78,11.1,14.9,,,24100,2.3,,8,,,15.5,14.7,0
2025-05-31 01:00:00 PDT,1748678400,101.7,101.75,WNW,29,22,34,81,12,15.2,,,24100,2.3,,8,,,15.8,15.1,0
2025-05-31 00:00:00 PDT,1748674800,101.77,101.82,WNW,29,23,,80,12.2,15.6,,,32200,2.4,,8,,,15.8,15.6,0
2025-05-30 23:00:00 PDT,1748671200,101.78,101.83,W,28,19,,79,12.3,15.9,,,32200,2.5,,7,,,16.5,15.8,0
2025-05-30 22:00:00 PDT,1748667600,101.76,101.81,WNW,29,15,,80,12.6,16,,,32200,2.6,,8,,,16.5,16,0
2025-05-30 21:00:00 PDT,1748664000,101.78,101.83,W,26,16,,79,12.4,16,,,32200,2.7,,8,,,16.8,15.7,0
2025-05-30 20:00:00 PDT,1748660400,101.85,101.9,NW,30,26,,70,11.3,16.8,,,32200,2.8,,8,,,20,16.8,0
2025-05-30 19:00:00 PDT,1748656800,101.9,101.95,WNW,29,4,,63,12.8,20,,,32200,2.8,,7,,,21,19.6,0
2025-05-30 18:00:00 PDT,1748653200,102,102.05,WNW,28,7,,51,10.7,21,,,32200,3,,7,,,21.6,19.8,0
2025-05-30 17:00:00 PDT,1748649600,102.07,102.12,NW,31,9,,56,11,19.9,,,32200,3,,7,,,20.3,19.8,0
2025-05-30 16:00:00 PDT,1748646000,102.16,102.21,WNW,30,9,,54,10.6,19.9,,,32200,2.8,,7,,,20.3,19,0
2025-05-30 15:00:00 PDT,1748642400,102.25,102.3,NW,30,12,,63,11.7,18.9,,,32200,2.6,,7,,,19.4,17.8,0
2025-05-30 14:00:00 PDT,1748638800,102.33,102.38,WNW,30,10,,72,12.5,17.5,,,32200,2.5,,8,,,18.2,16.9,0
2025-05-30 13:00:00 PDT,1748635200,102.36,102.41,SW,23,11,,64,10.9,17.7,,,32200,,,7,,,18.6,16.8,0
2025-05-30 12:00:00 PDT,1748631600,102.4,102.45,W,27,7,,68,10.7,16.6,,,32200,,,8,,,17,14.5,0
2025-05-30 11:00:00 PDT,1748628000,102.42,102.47,WSW,24,12,,76,10.7,14.8,,,32200,,,7,,,14.8,14.1,0
2025-05-30 10:00:00 PDT,1748624400,102.39,102.44,SW,22,15,,74,9.7,14.3,,,32200,,,7,,,17.1,14.1,0
2025-05-30 09:00:00 PDT,1748620800,102.4,102.45,SSE,15,6,,57,7.7,16,,,32200,,,7,,,16,14.7,0
2025-05-30 08:00:00 PDT,1748617200,102.38,102.43,E,9,16,,68,8.8,14.7,,,32200,,,8,,,14.8,13.8,0
2025-05-30 07:00:00 PDT,1748613600,102.39,102.44,E,9,15,,74,9.5,13.9,,,32200,,,8,,,13.9,12.4,0
2025-05-30 06:00:00 PDT,1748610000,102.42,102.47,ESE,10,9,,74,8,12.4,,,32200,,,7,,,12.8,11.9,0
2025-05-30 05:00:00 PDT,1748606400,102.42,102.47,ESE,10,14,,71,6.9,12,,,32200,,,7,,,12.1,11.4,0
2025-05-30 04:00:00 PDT,1748602800,102.47,102.52,ESE,10,16,,74,7.1,11.5,,,32200,,,6,,,12.2,11,0
2025-05-30 03:00:00 PDT,1748599200,102.48,102.53,E,8,14,,68,5.8,11.5,,,32200,,,6,,,12.7,11.2,0
2025-05-30 02:00:00 PDT,1748595600,102.44,102.49,E,8,20,,60,4.8,12.4,,,32200,,,7,,,12.4,11,0
2025-05-30 01:00:00 PDT,1748592000,102.45,102.5,E,9,20,,69,6.4,12,,,32200,,,6,,,12.7,11.1,0
2025-05-30 00:00:00 PDT,1748588400,102.42,102.47,ESE,10,18,,72,7,11.8,,,32200,,,0,,,12.6,11.5,0
2025-05-29 23:00:00 PDT,1748584800,102.41,102.46,E,9,14,,70,6.8,12.1,,,32200,,,0,,,13.4,12,0
2025-05-29 22:00:00 PDT,1748581200,102.34,102.39,SE,13,12,,83,10,12.8,,,32200,,,0,,,15,12.7,0
2025-05-29 21:00:00 PDT,1748577600,102.27,102.32,S,17,5,,76,10.5,14.7,,,32200,,,0,,,15.3,13.9,0
2025-05-29 20:00:00 PDT,1748574000,102.24,102.29,SW,22,11,,74,10.7,15.2,,,32200,,,1,,,16.2,15.2,0
2025-05-29 19:00:00 PDT,1748570400,102.22,102.27,WSW,23,13,,75,11.7,16.1,,,32200,,,1,,,17,16.1,0
2025-05-29 18:00:00 PDT,1748566800,102.21,102.26,SW,21,10,,71,11.4,16.6,,,32200,,,1,,,18.5,16.6,0
2025-05-29 17:00:00 PDT,1748563200,102.16,102.21,W,28,17,,61,10.8,18.4,,,32200,1.9,,3,,,18.9,17.9,0
2025-05-29 16:00:00 PDT,1748559600,102.15,102.2,WNW,29,21,27,71,13.4,18.8,,,32200,1.7,,2,,,19.5,17.4,0
2025-05-29 15:00:00 PDT,1748556000,102.04,102.09,SSW,21,8,,68,13.4,19.4,,,32200,1.5,,3,,,19.6,17.9,0
2025-05-29 14:00:00 PDT,1748552400,101.97,102.02,SSE,14,15,,75,13.3,17.8,,,32200,1.3,,5,,,18.8,17.3,0
2025-05-29 13:00:00 PDT,1748548800,101.9,101.95,E,10,14,,79,14.2,17.9,,,32200,1.3,,5,,,17.9,16.3,0
2025-05-29 12:00:00 PDT,1748545200,101.82,101.87,ESE,10,16,,82,14.3,17.3,,,32200,1.3,,6,,,17.5,14.4,0
2025-05-29 11:00:00 PDT,1748541600,101.83,101.88,S,17,17,,90,13,14.6,,,24100,1.3,,8,,,14.8,13.6,0
2025-05-29 10:00:00 PDT,1748538000,101.77,101.82,SE,13,13,,94,12.8,13.7,,,16100,1.3,,8,,,13.8,13.1,0.1
2025-05-29 09:00:00 PDT,1748534400,101.69,101.74,ESE,11,14,,97,12.7,13.2,,,16100,1.3,,8,,,13.2,12.8,1.4
2025-05-29 08:00:00 PDT,1748530800,101.67,101.72,SE,12,21,30,95,12.3,13.1,,,16100,1.3,,8,,,13.2,12.5,0
2025-05-29 07:00:00 PDT,1748527200,101.63,101.68,ESE,10,17,,97,12.2,12.7,,,12900,1.4,,8,,,12.8,12.5,0
2025-05-29 06:00:00 PDT,1748523600,101.55,101.6,E,9,18,,96,12,12.5,,,32200,1.4,,8,,,12.6,12.2,0.6
2025-05-29 05:00:00 PDT,1748520000,101.58,101.63,ENE,7,18,,96,11.7,12.3,,,12900,1.5,,8,,,14,12.3,3.4
2025-05-29 04:00:00 PDT,1748516400,101.55,101.6,E,9,13,,80,10.4,13.9,,,16100,1.6,,8,,,14.6,13.8,0
2025-05-29 03:00:00 PDT,1748512800,101.44,101.49,SE,12,23,33,77,10.2,14.1,,,32200,1.7,,8,,,14.6,14.1,0
2025-05-29 02:00:00 PDT,1748509200,101.35,101.4,E,9,19,,76,10.2,14.3,,,32200,1.9,,8,,,14.7,14.3,0
2025-05-29 01:00:00 PDT,1748505600,101.3,101.35,E,9,18,,76,10.2,14.4,,,32200,2.3,,8,,,16.7,14.4,0
2025-05-29 00:00:00 PDT,1748502000,101.22,101.27,SSW,19,25,,64,9.7,16.4,,,32200,2.7,,7,,,17.7,16.4,0
2025-05-28 23:00:00 PDT,1748498400,101.12,101.17,SSW,19,25,,67,11.3,17.4,,,32200,3.1,,4,,,18.2,17.3,0
2025-05-28 22:00:00 PDT,1748494800,101.03,101.08,SE,14,15,,65,11.2,17.7,,,32200,3.3,,4,,,18.6,17.4,0
2025-05-28 21:00:00 PDT,1748491200,100.97,101.02,E,9,15,,67,12.4,18.6,,,32200,3.4,,3,,,22.3,18.5,0
2025-05-28 20:00:00 PDT,1748487600,100.95,101,SE,14,10,,50,11.7,22.4,,25,32200,3.4,,1,,,24.1,21.8,0
2025-05-28 19:00:00 PDT,1748484000,100.92,100.97,SE,12,14,,50,13.3,24.1,,27,32200,3.3,,1,,,26.1,24.1,0
2025-05-28 18:00:00 PDT,1748480400,100.89,100.94,SSW,20,10,,46,12.8,25,,28,48300,3.2,,3,,,26.5,24.1,0
2025-05-28 17:00:00 PDT,1748476800,100.92,100.97,SSW,19,19,,50,13.8,24.7,,28,48300,3,,4,,,26.8,24.6,0
2025-05-28 16:00:00 PDT,1748473200,100.94,100.99,SSW,19,19,,50,14.4,25.5,,29,48300,2.9,,3,,,25.5,22.2,0
2025-05-28 15:00:00 PDT,1748469600,100.98,101.03,WSW,25,15,,64,15.7,22.7,,27,48300,2.8,,6,,,23.6,21.3,0
2025-05-28 14:00:00 PDT,1748466000,101.01,101.06,WSW,24,19,,67,16.4,22.7,,28,48300,2.6,,4,,,27.9,21.9,0
2025-05-28 13:00:00 PDT,1748462400,101.06,101.11,,27,0,,57,14.7,23.5,,27,48300,2.5,,1,,,23.5,20.4,0
2025-05-28 12:00:00 PDT,1748458800,101.09,101.14,WNW,28,10,,73,15.8,20.8,,25,48300,2.4,,0,,,21.5,19.7,0
2025-05-28 11:00:00 PDT,1748455200,101.11,101.16,WNW,30,8,,70,14.3,19.8,,,48300,2.3,,0,,,19.9,17.8,0
2025-05-28 10:00:00 PDT,1748451600,101.12,101.17,WNW,28,12,,80,14.7,18.2,,,48300,2.2,,1,,,19.1,17.9,0
2025-05-28 09:00:00 PDT,1748448000,101.11,101.16,WNW,28,8,,77,14.2,18.3,,,48300,2,,1,,,18.4,16.1,0
2025-05-28 08:00:00 PDT,1748444400,101.16,101.21,WNW,29,14,,89,14.3,16.1,,,48300,2,,1,,,16.2,15.1,0
2025-05-28 07:00:00 PDT,1748440800,101.16,101.21,WNW,29,4,,87,13,15,,,48300,1.9,,1,,,15,12.7,0
2025-05-28 06:00:00 PDT,1748437200,101.16,101.21,NW,31,7,,96,12.3,12.9,,,32200,1.8,,2,,,13.7,12.2,0
2025-05-28 05:00:00 PDT,1748433600,101.2,101.25,WNW,29,10,,98,12.1,12.4,,,32200,2,,2,,,13.6,10.6,0
2025-05-28 04:00:00 PDT,1748430000,101.25,101.3,,,0,,95,12.5,13.3,,,32200,2.1,,0,,,14,12.7,0
2025-05-28 03:00:00 PDT,1748426400,101.32,101.37,NW,30,16,,95,12.7,13.6,,,32200,2.3,,0,,,14,13.2,0
2025-05-28 02:00:00 PDT,1748422800,101.39,101.44,WNW,29,19,,92,12.7,13.9,,,32200,2.3,,0,,,14.1,13.9,0
2025-05-28 01:00:00 PDT,1748419200,101.48,101.53,WNW,28,18,,92,12.7,13.9,,,32200,2.7,,0,,,14.7,13.9,0
2025-05-28 00:00:00 PDT,1748415600,101.5,101.55,WNW,29,19,,92,13,14.3,,,32200,2.9,,0,,,14.9,14.1,0
2025-05-27 23:00:00 PDT,1748412000,101.54,101.59,WNW,30,18,,90,13.2,14.9,,,32200,2.9,,0,,,14.9,14.4,0
2025-05-27 22:00:00 PDT,1748408400,101.59,101.64,WNW,29,15,,88,12.6,14.5,,,32200,2.9,,0,,,15.3,14.5,0
2025-05-27 21:00:00 PDT,1748404800,101.61,101.66,WNW,29,17,,85,12.8,15.2,,,32200,3,,0,,,16.3,15.2,0
2025-05-27 20:00:00 PDT,1748401200,101.66,101.71,NW,30,16,,69,10.7,16.3,,,32200,2.9,,0,,,17,16.3,0
2025-05-27 19:00:00 PDT,1748397600,101.75,101.8,WNW,29,17,,68,11.1,17.1,,,32200,2.8,,0,,,17.5,16.9,0
2025-05-27 18:00:00 PDT,1748394000,101.83,101.88,WNW,29,18,,72,12.6,17.6,,,48300,2.7,,1,,,18.9,17.6,0
2025-05-27 17:00:00 PDT,1748390400,101.92,101.97,W,27,17,,57,10.2,18.8,,,48300,2.6,,1,,,19.3,18.2,0
2025-05-27 16:00:00 PDT,1748386800,102.05,102.1,WSW,25,17,,56,9.8,18.6,,,48300,2.5,,1,,,18.8,18.1,0
2025-05-27 15:00:00 PDT,1748383200,102.15,102.2,WSW,24,17,,59,10.3,18.2,,,48300,2.4,,2,,,18.5,17.7,0
2025-05-27 14:00:00 PDT,1748379600,102.26,102.31,WNW,28,17,,67,12.1,18.2,,,48300,2.2,,4,,,18.2,16.9,0
2025-05-27 13:00:00 PDT,1748376000,102.32,102.37,WSW,25,16,,70,11.1,16.6,,,48300,2.1,,6,,,17.4,16.2,0
2025-05-27 12:00:00 PDT,1748372400,102.36,102.41,WSW,25,16,,71,11.5,16.8,,,48300,2,,7,,,18.1,15.8,0
2025-05-27 11:00:00 PDT,1748368800,102.41,102.46,SE,14,5,,54,8.3,17.6,,,48300,1.9,,6,,,17.8,15.7,0
2025-05-27 10:00:00 PDT,1748365200,102.46,102.51,SE,13,9,,60,8.2,15.8,,,48300,1.8,,7,,,16.1,14.3,0
2025-05-27 09:00:00 PDT,1748361600,102.46,102.51,SE,12,12,,70,8.9,14.3,,,48300,1.7,,7,,,14.8,13.4,0
2025-05-27 08:00:00 PDT,1748358000,102.45,102.5,ESE,10,13,,70,8.2,13.4,,,48300,1.7,,8,,,13.5,12.8,0
2025-05-27 07:00:00 PDT,1748354400,102.45,102.5,E,9,10,,73,8.2,12.8,,,40200,1.7,,8,,,13.1,12.7,0
2025-05-27 06:00:00 PDT,1748350800,102.4,102.45,E,8,7,,69,7.3,12.8,,,32200,1.7,,8,,,13.2,12.6,0
2025-05-27 05:00:00 PDT,1748347200,102.37,102.42,ESE,11,3,,67,6.5,12.5,,,32200,1.8,,8,,,12.8,12.1,0
2025-05-27 04:00:00 PDT,1748343600,102.33,102.38,SE,13,5,,70,7.3,12.6,,,32200,1.9,,8,,,13.3,12,0
2025-05-27 03:00:00 PDT,1748340000,102.31,102.36,NW,30,3,,74,7.4,11.8,,,32200,2,,8,,,13.3,11.7,0
2025-05-27 02:00:00 PDT,1748336400,102.29,102.34,W,27,7,,71,7,12.1,,,32200,2,,8,,,12.7,11.6,0
2025-05-27 01:00:00 PDT,1748332800,102.3,102.35,W,27,10,,63,5.9,12.8,,,32200,2,,8,,,13.4,12.2,0
2025-05-27 00:00:00 PDT,1748329200,102.28,102.33,W,26,13,,62,6.2,13.2,,,32200,2,,8,,,13.9,13.2,0
2025-05-26 23:00:00 PDT,1748325600,102.26,102.31,WSW,23,16,27,57,5.3,13.5,,,32200,2.1,,7,,,14,13.4,0
2025-05-26 22:00:00 PDT,1748322000,102.26,102.31,SW,23,20,30,57,5.3,13.6,,,32200,2.3,,7,,,14.3,13.4,0
2025-05-26 21:00:00 PDT,1748318400,102.2,102.25,SSW,21,17,30,59,6.2,14.1,,,32200,2.4,,6,,,14.9,14,0
2025-05-26 20:00:00 PDT,1748314800,102.16,102.21,SSW,20,17,28,53,5.6,15,,,32200,2.4,,8,,,15.7,14.9,0
2025-05-26 19:00:00 PDT,1748311200,102.12,102.17,SW,21,15,,53,6.2,15.7,,,48300,2.5,,8,,,16.5,15.7,0
2025-05-26 18:00:00 PDT,1748307600,102.11,102.16,SW,23,17,,49,5.9,16.5,,,48300,2.5,,7,,,17.5,16.4,0
2025-05-26 17:00:00 PDT,1748304000,102.07,102.12,SW,23,17,34,46,5.7,17.2,,,48300,2.5,,7,,,17.6,16.6,0
2025-05-26 16:00:00 PDT,1748300400,102.04,102.09,SW,22,12,,48,6.5,17.4,,,48300,2.5,,6,,,17.6,16.4,0
2025-05-26 15:00:00 PDT,1748296800,102.02,102.07,SW,23,16,33,49,6.3,16.9,,,48300,2.5,,7,,,18,16.6,0
2025-05-26 14:00:00 PDT,1748293200,101.97,102.02,SW,22,18,37,53,7.4,17.1,,,48300,2.3,,8,,,18.5,16.1,
2025-05-26 13:00:00 PDT,1748289600,101.88,101.93,SW,21,14,,62,9.7,17.1,,,,2.2,,,,,17.6,16.5,0
2025-05-26 12:00:00 PDT,1748286000,101.84,101.89,SSE,16,23,27,64,10.4,17.2,,,48300,2.1,,6,,,17.4,15.4,0
2025-05-26 11:00:00 PDT,1748282400,101.75,101.8,SE,12,17,,83,12.6,15.4,,,40200,2.1,,7,,,15.6,13.5,0
2025-05-26 10:00:00 PDT,1748278800,101.7,101.75,SE,12,15,,92,12.6,13.8,,,40200,2.1,,8,,,13.8,12.5,0.8
2025-05-26 09:00:00 PDT,1748275200,101.64,101.69,E,9,14,,94,11.7,12.6,,,12900,2,,8,,,12.6,11.9,1.5
2025-05-26 08:00:00 PDT,1748271600,101.61,101.66,SSE,16,11,,93,11.1,12.1,,,9700,1.9,,8,,,12.7,12.1,1.4
2025-05-26 07:00:00 PDT,1748268000,101.56,101.61,SE,13,20,,90,11.2,12.7,,,32200,2,,8,,,13.2,12.7,0.3
2025-05-26 06:00:00 PDT,1748264400,101.48,101.53,E,9,18,,92,11.6,12.9,,,32200,2,,7,,,12.9,12.5,0
2025-05-26 05:00:00 PDT,1748260800,101.46,101.51,ENE,7,12,,95,11.7,12.5,,,32200,2,,7,,,12.7,12.5,0
2025-05-26 04:00:00 PDT,1748257200,101.47,101.52,NE,4,11,,95,11.8,12.5,,,32200,2.1,,8,,,12.5,12.3,0.2
2025-05-26 03:00:00 PDT,1748253600,101.51,101.56,NNE,2,8,,97,11.9,12.3,,,9700,2.2,,8,,,12.9,12.3,0.6
2025-05-26 02:00:00 PDT,1748250000,101.51,101.56,,,0,,91,11.2,12.6,,,16100,2.3,,8,,,13.4,12.6,0
2025-05-26 01:00:00 PDT,1748246400,101.47,101.52,,,0,,92,11.9,13.1,,,24100,2.3,,8,,,13.5,13.1,0.2
2025-05-26 00:00:00 PDT,1748242800,101.42,101.47,WNW,30,8,,90,11.9,13.4,,,24100,2.3,,8,,,14.4,13.1,0
2025-05-25 23:00:00 PDT,1748239200,101.41,101.46,W,26,18,,77,10.4,14.5,,,32200,2.4,,8,,,15.7,14.4,0
2025-05-25 22:00:00 PDT,1748235600,101.34,101.39,S,17,4,,64,9,15.7,,,32200,2.4,,8,,,16,15,0
2025-05-25 21:00:00 PDT,1748232000,101.31,101.36,SE,12,4,,63,8.7,15.6,,,32200,2.5,,8,,,15.8,15.2,0
2025-05-25 20:00:00 PDT,1748228400,101.31,101.36,S,18,9,,64,9,15.7,,,32200,2.5,,8,,,16.6,15.7,0
2025-05-25 19:00:00 PDT,1748224800,101.29,101.34,S,18,13,,61,8.9,16.5,,,32200,2.5,,8,,,17.4,16.5,0
2025-05-25 18:00:00 PDT,1748221200,101.3,101.35,SSW,19,19,,61,9.5,17.1,,,32200,2.4,,8,,,18.5,17,0
2025-05-25 17:00:00 PDT,1748217600,101.31,101.36,SSW,19,17,,60,10.6,18.2,,,32200,2.4,,8,,,18.4,17.1,0
2025-05-25 16:00:00 PDT,1748214000,101.34,101.39,SSW,19,22,,63,10.3,17.2,,,32200,2.4,,8,,,20,17,0
2025-05-25 15:00:00 PDT,1748210400,101.37,101.42,S,16,12,,54,10.1,19.6,,,32200,2.4,,8,,,20.1,18.9,0
2025-05-25 14:00:00 PDT,1748206800,101.43,101.48,SE,14,15,,50,8.8,19.4,,,32200,2.4,,8,,,19.7,18.1,0
2025-05-25 13:00:00 PDT,1748203200,101.47,101.52,ESE,11,9,,53,8.5,18.2,,,32200,2.3,,8,,,18.6,17.4,0
2025-05-25 12:00:00 PDT,1748199600,101.48,101.53,SE,13,14,,55,8.5,17.4,,,32200,2.2,,8,,,17.7,16.1,0
2025-05-25 11:00:00 PDT,1748196000,101.49,101.54,ESE,11,18,,63,9.1,16.1,,,32200,2.2,,8,,,16.7,15.1,0
2025-05-25 10:00:00 PDT,1748192400,101.5,101.55,ESE,11,23,,67,9.2,15.2,,,32200,2.1,,6,,,15.2,14.5,0
2025-05-25 09:00:00 PDT,1748188800,101.49,101.54,ESE,10,19,,69,9.1,14.6,,,32200,2.1,,7,,,14.8,13.7,0
2025-05-25 08:00:00 PDT,1748185200,101.43,101.48,E,9,23,,74,9.2,13.7,,,32200,2,,7,,,13.7,12.3,0
2025-05-25 07:00:00 PDT,1748181600,101.39,101.44,ESE,10,23,,78,8.7,12.3,,,32200,2.1,,5,,,12.3,10.9,0
2025-05-25 06:00:00 PDT,1748178000,101.35,101.4,E,9,16,,86,8.7,10.9,,,32200,2.1,,2,,,11,9.2,0
2025-05-25 05:00:00 PDT,1748174400,101.32,101.37,E,10,14,,84,7.7,10.2,,,32200,2.2,,2,,,11.2,10.2,0
2025-05-25 04:00:00 PDT,1748170800,101.3,101.35,E,9,15,,88,8.7,10.7,,,32200,2.4,,2,,,11,10,0
2025-05-25 03:00:00 PDT,1748167200,101.3,101.35,E,9,11,,81,8,11,,,32200,2.5,,1,,,12.6,10.8,0
2025-05-25 02:00:00 PDT,1748163600,101.28,101.33,E,8,9,,73,7.9,12.6,,,32200,2.6,,2,,,12.7,11.8,0
2025-05-25 01:00:00 PDT,1748160000,101.3,101.35,E,9,11,,80,8.9,12.3,,,32200,2.7,,2,,,12.8,12.3,0
2025-05-25 00:00:00 PDT,1748156400,101.31,101.36,E,9,15,,76,8.7,12.7,,,32200,2.7,,2,,,13.6,12.5,0
2025-05-24 23:00:00 PDT,1748152800,101.34,101.39,E,10,10,,70,8.2,13.5,,,32200,2.9,,2,,,15.8,13,0
2025-05-24 22:00:00 PDT,1748149200,101.35,101.4,SE,13,8,,60,7.8,15.5,,,24100,3.1,,2,,,16.9,15.2,0
2025-05-24 21:00:00 PDT,1748145600,101.31,101.36,SSE,16,6,,56,8.2,16.9,,,32200,3.2,,2,,,17.2,15.6,0
2025-05-24 20:00:00 PDT,1748142000,101.33,101.38,SW,22,6,,66,10.2,16.4,,,32200,3.1,,2,,,18.4,16.4,0
2025-05-24 19:00:00 PDT,1748138400,101.36,101.41,WSW,25,8,,56,9.5,18.4,,,32200,3,,2,,,19.4,18.4,0
2025-05-24 18:00:00 PDT,1748134800,101.39,101.44,W,25,9,,50,8.5,19.1,,,32200,3,,2,,,19.6,18.8,0
2025-05-24 17:00:00 PDT,1748131200,101.44,101.49,WSW,25,8,,45,7.2,19.4,,,32200,2.9,,3,,,19.6,18.6,0
2025-05-24 16:00:00 PDT,1748127600,101.51,101.56,WSW,25,8,,52,9.1,19.1,,,32200,2.9,,1,,,19.4,17.5,0
2025-05-24 15:00:00 PDT,1748124000,101.6,101.65,WSW,24,14,,64,10.7,17.5,,,32200,2.8,,1,,,18.2,17,0
2025-05-24 14:00:00 PDT,1748120400,101.6,101.65,W,26,11,,69,11.7,17.3,,,32200,2.7,,2,,,18.2,16.2,0
2025-05-24 13:00:00 PDT,1748116800,101.68,101.73,SW,23,13,,70,11,16.4,,,32200,2.5,,4,,,16.5,15.6,0
2025-05-24 12:00:00 PDT,1748113200,101.72,101.77,WSW,23,16,30,74,11.3,16,,,32200,2.4,,2,,,16.4,15.2,0
2025-05-24 11:00:00 PDT,1748109600,101.73,101.78,SW,23,10,,72,10.3,15.3,,,32200,2.2,,3,,,16.1,14.8,0
2025-05-24 10:00:00 PDT,1748106000,101.78,101.83,WSW,24,8,,68,9.1,14.8,,,32200,2,,4,,,15.2,14,0
2025-05-24 09:00:00 PDT,1748102400,101.82,101.87,SSE,14,7,,65,7.7,14,,,32200,1.9,,5,,,14,13.2,0
2025-05-24 08:00:00 PDT,1748098800,101.84,101.89,ESE,10,8,,70,7.9,13.2,,,32200,1.9,,7,,,13.2,11.6,0
2025-05-24 07:00:00 PDT,1748095200,101.86,101.91,ESE,10,8,,76,7.6,11.6,,,32200,2,,8,,,11.6,9.6,0
2025-05-24 06:00:00 PDT,1748091600,101.85,101.9,E,9,9,,83,6.8,9.6,,,32200,2.1,,8,,,10.5,9.4,0
2025-05-24 05:00:00 PDT,1748088000,101.86,101.91,E,9,14,,78,6.9,10.4,,,32200,2.1,,7,,,10.7,10,0
2025-05-24 04:00:00 PDT,1748084400,101.9,101.95,E,9,13,,79,6.6,10,,,32200,2.2,,7,,,10,9.5,0
2025-05-24 03:00:00 PDT,1748080800,101.9,101.95,E,9,14,,77,6.3,10.1,,,32200,2.3,,6,,,11.1,9.9,0
2025-05-24 02:00:00 PDT,1748077200,101.9,101.95,E,8,10,,77,6.3,10.1,,,32200,2.4,,6,,,10.8,10.1,0
2025-05-24 01:00:00 PDT,1748073600,101.9,101.95,ESE,10,10,,73,6.3,10.8,,,32200,2.4,,4,,,12.2,10.8,0
2025-05-24 00:00:00 PDT,1748070000,101.89,101.94,E,8,8,,73,6.5,11.1,,,32200,2.5,,4,,,12.2,11.1,0
2025-05-23 23:00:00 PDT,1748066400,101.91,101.96,E,8,9,,70,6.8,12,,,32200,2.6,,5,,,12.4,11.4,0
2025-05-23 22:00:00 PDT,1748062800,101.91,101.96,E,9,9,,69,6.2,11.6,,,32200,2.6,,6,,,13.8,11.6,0
2025-05-23 21:00:00 PDT,1748059200,101.88,101.93,S,17,7,,63,6.4,13.2,,,32200,2.7,,7,,,14.3,13.1,0
2025-05-23 20:00:00 PDT,1748055600,101.86,101.91,SSE,16,11,,58,6.1,14.2,,,32200,2.8,,8,,,15.5,14.2,0
2025-05-23 19:00:00 PDT,1748052000,101.85,101.9,SSE,16,13,,55,6.5,15.4,,,32200,2.8,,8,,,16.2,15.3,0
2025-05-23 18:00:00 PDT,1748048400,101.87,101.92,SE,13,11,,53,6.3,15.7,,,32200,2.8,,8,,,16.2,15.7,0
2025-05-23 17:00:00 PDT,1748044800,101.9,101.95,SSE,15,14,,53,6.5,16.1,,,32200,2.7,,8,,,16.8,15.6,0
2025-05-23 16:00:00 PDT,1748041200,101.9,101.95,SSE,16,13,,54,7.2,16.4,,,32200,2.6,,7,,,17.3,15.6,0
2025-05-23 15:00:00 PDT,1748037600,101.93,101.98,SE,13,6,,50,5.7,15.9,,,32200,2.6,,7,,,16.5,15.6,0
2025-05-23 14:00:00 PDT,1748034000,101.96,102.01,SE,13,18,,55,7,15.9,,,32200,2.5,,8,,,16.1,15.2,0
2025-05-23 13:00:00 PDT,1748030400,101.97,102.02,SE,13,16,30,53,6.2,15.6,,,32200,2.4,,8,,,15.9,14.8,0
2025-05-23 12:00:00 PDT,1748026800,101.98,102.03,SE,13,22,37,57,6.4,14.9,,,32200,2.3,,7,,,15.3,14.3,0
2025-05-23 11:00:00 PDT,1748023200,101.99,102.04,ESE,12,23,34,58,6.3,14.4,,,32200,2.2,,6,,,14.8,13.7,0
2025-05-23 10:00:00 PDT,1748019600,101.96,102.01,ESE,11,22,31,62,6.8,13.8,,,32200,2,,6,,,14.2,13.4,0
2025-05-23 09:00:00 PDT,1748016000,101.93,101.98,ESE,12,21,,68,7.9,13.7,,,32200,1.9,,4,,,13.9,12.8,0
2025-05-23 08:00:00 PDT,1748012400,101.88,101.93,ENE,7,19,,69,7.7,13.2,,,32200,1.9,,2,,,13.2,11.6,0
2025-05-23 07:00:00 PDT,1748008800,101.87,101.92,E,9,16,,77,7.7,11.6,,,32200,1.8,,2,,,11.6,10.1,0
2025-05-23 06:00:00 PDT,1748005200,101.86,101.91,E,9,17,,82,7.8,10.7,,,32200,1.8,,7,,,11.2,10.7,0
2025-05-23 05:00:00 PDT,1748001600,101.79,101.84,E,9,17,,77,7.5,11.2,,,32200,1.9,,7,,,11.8,11.2,0
2025-05-23 04:00:00 PDT,1747998000,101.79,101.84,E,9,12,,73,7.3,11.8,,,32200,2,,8,,,12,11.5,0
2025-05-23 03:00:00 PDT,1747994400,101.78,101.83,E,10,16,,79,8.1,11.5,,,32200,2.1,,8,,,12.1,11.5,0
2025-05-23 02:00:00 PDT,1747990800,101.76,101.81,E,8,9,,78,8,11.7,,,32200,2.1,,8,,,12.4,11.5,0
2025-05-23 01:00:00 PDT,1747987200,101.77,101.82,ESE,10,9,,80,8,11.4,,,32200,2.1,,8,,,12.2,11.2,0
2025-05-23 00:00:00 PDT,1747983600,101.79,101.84,ENE,7,11,,74,7.9,12.4,,,32200,2.2,,8,,,13.1,11.4,0
2025-05-22 23:00:00 PDT,1747980000,101.79,101.84,SE,12,9,,64,6.5,13.2,,,32200,2.3,,6,,,14.3,12.4,0
2025-05-22 22:00:00 PDT,1747976400,101.79,101.84,E,9,7,,63,7.1,13.8,,,32200,2.4,,7,,,14.7,13.5,0
2025-05-22 21:00:00 PDT,1747972800,101.76,101.81,SE,13,13,,58,6.6,14.7,,,32200,2.5,,6,,,15.4,14.5,0
2025-05-22 20:00:00 PDT,1747969200,101.76,101.81,SSE,15,19,,54,6.2,15.3,,,32200,2.6,,7,,,17.2,15.3,0
2025-05-22 19:00:00 PDT,1747965600,101.75,101.8,S,17,14,,44,5,17.1,,,32200,2.7,,7,,,17.6,16.4,0
2025-05-22 18:00:00 PDT,1747962000,101.78,101.83,SSW,19,17,,54,7.8,17.2,,,32200,2.7,,6,,,17.4,16.6,0
2025-05-22 17:00:00 PDT,1747958400,101.78,101.83,SW,21,16,32,61,9,16.4,,,32200,2.6,,5,,,16.5,15.5,0
2025-05-22 16:00:00 PDT,1747954800,101.79,101.84,WSW,23,12,,70,10.2,15.6,,,32200,2.5,,5,,,16.2,15.4,0
2025-05-22 15:00:00 PDT,1747951200,101.8,101.85,WSW,23,8,,68,9.7,15.5,,,32200,2.4,,4,,,15.7,14.7,0
2025-05-22 14:00:00 PDT,1747947600,101.8,101.85,WSW,25,11,,71,10.5,15.6,,,32200,2.2,,3,,,16.1,15,0
2025-05-22 13:00:00 PDT,1747944000,101.79,101.84,W,26,10,,75,11,15.4,,,32200,2.2,,3,,,16.1,14.5,0
2025-05-22 12:00:00 PDT,1747940400,101.79,101.84,WSW,25,12,,76,10.6,14.8,,,32200,2.1,,2,,,15.1,14,0
2025-05-22 11:00:00 PDT,1747936800,101.79,101.84,WNW,28,11,,75,10.4,14.8,,,32200,2,,2,,,14.8,13.8,0
2025-05-22 10:00:00 PDT,1747933200,101.78,101.83,WNW,28,16,,78,10.2,13.9,,,32200,1.8,,2,,,14.3,13.5,0
2025-05-22 09:00:00 PDT,1747929600,101.76,101.81,NW,30,13,,76,9.3,13.4,,,32200,1.6,,3,,,13.4,12.2,0
2025-05-22 08:00:00 PDT,1747926000,101.73,101.78,WNW,29,16,,75,8,12.3,,,32200,1.5,,4,,,12.3,11.2,
2025-05-22 07:00:00 PDT,1747922400,101.71,101.76,NNW,33,5,,82,8.4,11.4,,,32200,1.5,,8,,,11.5,8.1,0
2025-05-22 06:00:00 PDT,1747918800,101.68,101.73,NNW,34,9,,90,6.6,8.2,,,32200,1.6,,4,,,9.4,8.2,0
2025-05-22 05:00:00 PDT,1747915200,101.67,101.72,NNW,34,8,,90,6.8,8.4,,,32200,1.7,,6,,,9.6,7.8,0
2025-05-22 04:00:00 PDT,1747911600,101.65,101.7,NW,32,8,,86,6.6,8.8,,,32200,1.8,,4,,,10.7,8.7,0
2025-05-22 03:00:00 PDT,1747908000,101.64,101.69,WNW,29,19,,85,8.1,10.5,,,32200,2,,1,,,10.9,9.8,0
2025-05-22 02:00:00 PDT,1747904400,101.66,101.71,WNW,29,14,,90,8.4,9.9,,,32200,2.2,,3,,,10.4,8.5,0
2025-05-22 01:00:00 PDT,1747900800,101.66,101.71,NW,31,14,,91,9,10.4,,,32200,2.3,,5,,,11.6,10.3,0
2025-05-22 00:00:00 PDT,1747897200,101.7,101.75,NW,31,14,,80,8.2,11.5,,,32200,2.4,,7,,,12.4,11.5,0
2025-05-21 23:00:00 PDT,1747893600,101.74,101.79,WNW,29,26,,81,8.9,12.1,,,32200,2.5,,6,,,12.1,10.9,0
2025-05-21 22:00:00 PDT,1747890000,101.79,101.84,WNW,28,16,,82,8.1,11,,,32200,2.7,,6,,,12.3,11,0
2025-05-21 21:00:00 PDT,1747886400,101.81,101.86,WNW,29,20,,69,6.8,12.2,,,32200,2.7,,5,,,13,12.1,0
2025-05-21 20:00:00 PDT,1747882800,101.84,101.89,WNW,29,17,,73,8.1,12.8,,,32200,2.7,,7,,,14.3,12.6,0
2025-05-21 19:00:00 PDT,1747879200,101.9,101.95,WNW,30,16,,68,8.6,14.3,,,32200,2.7,,7,,,15.1,14.1,0
2025-05-21 18:00:00 PDT,1747875600,101.98,102.03,WNW,28,17,,62,8,15.1,,,32200,2.6,,7,,,15.7,14.9,0
2025-05-21 17:00:00 PDT,1747872000,102.05,102.1,WNW,29,19,,63,8.3,15.3,,,32200,2.5,,4,,,15.8,14.9,0
2025-05-21 16:00:00 PDT,1747868400,102.16,102.21,W,26,15,,67,9.3,15.3,,,32200,2.4,,6,,,16.1,15.1,0
2025-05-21 15:00:00 PDT,1747864800,102.21,102.26,WNW,29,11,,69,9.8,15.5,,,32200,2.3,,7,,,16.1,14.1,0
2025-05-21 14:00:00 PDT,1747861200,102.26,102.31,W,25,15,,72,9.6,14.6,,,32200,2.2,,2,,,14.9,13.2,0
2025-05-21 13:00:00 PDT,1747857600,102.31,102.36,WSW,23,19,,70,8.6,13.9,,,32200,2.2,,6,,,14.1,12.6,0
2025-05-21 12:00:00 PDT,1747854000,102.38,102.43,E,9,8,,63,7.2,14,,,32200,2.1,,5,,,14.9,12.9,0
2025-05-21 11:00:00 PDT,1747850400,102.4,102.45,E,8,13,,69,7.5,13,,,32200,2,,8,,,14.6,12.7,0
2025-05-21 10:00:00 PDT,1747846800,102.43,102.48,E,8,14,,71,7.5,12.6,,,32200,1.9,,6,,,13.7,12.2,0
2025-05-21 09:00:00 PDT,1747843200,102.44,102.49,ESE,10,18,,70,7.6,13,,,32200,1.9,,6,,,13,10.8,0
2025-05-21 08:00:00 PDT,1747839600,102.42,102.47,E,8,13,,77,7.1,10.8,,,32200,1.8,,6,,,11.7,10.4,0
2025-05-21 07:00:00 PDT,1747836000,102.42,102.47,E,8,14,,77,7.1,11,,,32200,1.8,,7,,,11.1,10,0
2025-05-21 06:00:00 PDT,1747832400,102.4,102.45,ENE,7,17,,84,7.5,10,,,32200,1.8,,7,,,10.1,9.9,0
2025-05-21 05:00:00 PDT,1747828800,102.38,102.43,E,8,16,,84,7.3,9.9,,,32200,1.7,,7,,,10.1,9.8,0
2025-05-21 04:00:00 PDT,1747825200,102.37,102.42,E,9,18,,86,7.7,9.9,,,32200,1.8,,8,,,10.4,9.9,0
2025-05-21 03:00:00 PDT,1747821600,102.33,102.38,E,8,16,,86,8.2,10.4,,,32200,1.8,,8,,,10.5,10.4,0
2025-05-21 02:00:00 PDT,1747818000,102.31,102.36,E,8,14,,87,8.4,10.5,,,32200,1.8,,8,,,10.5,10.3,0
2025-05-21 01:00:00 PDT,1747814400,102.29,102.34,E,8,12,,86,8,10.3,,,32200,1.9,,7,,,10.3,9.6,0
2025-05-21 00:00:00 PDT,1747810800,102.25,102.3,E,8,15,,84,7.8,10.3,,,32200,2,,6,,,11.1,10.3,0
2025-05-20 23:00:00 PDT,1747807200,102.23,102.28,E,8,13,,82,8.2,11.2,,,32200,2.1,,5,,,11.4,11.1,0
2025-05-20 22:00:00 PDT,1747803600,102.21,102.26,E,8,13,,82,8.4,11.3,,,32200,2.1,,6,,,12.3,11.3,0
2025-05-20 21:00:00 PDT,1747800000,102.16,102.21,ENE,7,19,,77,8.4,12.3,,,32200,2.2,,7,,,13.2,12.2,0
2025-05-20 20:00:00 PDT,1747796400,102.12,102.17,ENE,7,16,,73,8.6,13.2,,,32200,2.2,,7,,,14.3,13.2,0
2025-05-20 19:00:00 PDT,1747792800,102.12,102.17,S,17,8,,66,8,14.1,,,32200,2.3,,7,,,15.2,13.7,0
2025-05-20 18:00:00 PDT,1747789200,102.13,102.18,S,17,11,,60,7.6,15.3,,,48300,2.3,,7,,,16.2,14,0
2025-05-20 17:00:00 PDT,1747785600,102.13,102.18,SW,22,16,,66,8.6,14.8,,,48300,2.3,,7,,,16.2,14.1,0
2025-05-20 16:00:00 PDT,1747782000,102.12,102.17,S,17,19,,60,8.7,16.3,,,48300,2.2,,8,,,16.6,14.2,0
2025-05-20 15:00:00 PDT,1747778400,102.14,102.19,S,17,19,,72,9.3,14.3,,,48300,2.2,,6,,,16.4,14.2,0
2025-05-20 14:00:00 PDT,1747774800,102.16,102.21,S,18,23,,64,8.2,15,,,48300,2.1,,4,,,15.7,14.2,0
2025-05-20 13:00:00 PDT,1747771200,102.13,102.18,S,18,19,31,66,8.8,15,,,40200,2,,5,,,15.4,13.6,0
2025-05-20 12:00:00 PDT,1747767600,102.11,102.16,SSE,15,21,,73,8.8,13.6,,,48300,2,,6,,,14.5,13.4,0
2025-05-20 11:00:00 PDT,1747764000,102.08,102.13,S,17,23,,72,8.7,13.6,,,40200,2.1,,5,,,14,11.2,0
2025-05-20 10:00:00 PDT,1747760400,102.07,102.12,SSE,16,17,29,83,8.6,11.4,,,40200,2.1,,7,,,12.2,11.2,0
2025-05-20 09:00:00 PDT,1747756800,102.04,102.09,S,17,16,,78,8.1,11.8,,,40200,2,,8,,,11.9,11,0
2025-05-20 08:00:00 PDT,1747753200,101.98,102.03,SSE,15,9,,76,7.2,11.2,,,40200,1.9,,8,,,11.4,10.1,0
2025-05-20 07:00:00 PDT,1747749600,101.91,101.96,E,9,13,,87,8,10.1,,,40200,1.8,,7,,,10.1,9.2,0
2025-05-20 06:00:00 PDT,1747746000,101.87,101.92,E,9,10,,91,8,9.3,,,32200,1.8,,8,,,9.5,8.9,0
2025-05-20 05:00:00 PDT,1747742400,101.84,101.89,E,10,8,,93,7.8,8.9,,,32200,1.8,,8,,,9.3,8.9,0
2025-05-20 04:00:00 PDT,1747738800,101.81,101.86,E,8,10,,90,7.4,8.9,,,32200,1.8,,8,,,9.2,8.4,0
2025-05-20 03:00:00 PDT,1747735200,101.78,101.83,E,8,9,,88,7.3,9.3,,,32200,1.8,,7,,,10.2,8.9,0
2025-05-20 02:00:00 PDT,1747731600,101.72,101.77,S,18,10,,81,7.1,10.2,,,32200,1.9,,7,,,11.1,9.8,0.1
2025-05-20 01:00:00 PDT,1747728000,101.69,101.74,SW,21,28,,75,6.7,10.9,,,32200,1.9,,8,,,11.1,10.6,0
2025-05-20 00:00:00 PDT,1747724400,101.68,101.73,S,18,12,,76,7,10.9,,,32200,2,,8,,,11.2,10.6,0
2025-05-19 23:00:00 PDT,1747720800,101.65,101.7,SE,13,11,,82,8,10.9,,,32200,2,,8,,,11.9,10.8,0.1
2025-05-19 22:00:00 PDT,1747717200,101.63,101.68,S,17,17,,78,7.9,11.7,,,32200,2,,8,,,12.1,11.7,0
2025-05-19 21:00:00 PDT,1747713600,101.57,101.62,SSE,16,13,,74,7.6,12,,,32200,2.1,,8,,,12.4,12,0
2025-05-19 20:00:00 PDT,1747710000,101.56,101.61,SSE,15,16,,72,7.4,12.4,,,32200,2.2,,8,,,12.6,12.2,0
2025-05-19 19:00:00 PDT,1747706400,101.53,101.58,S,17,16,,73,8,12.6,,,40200,2.2,,8,,,12.9,12.6,0
2025-05-19 18:00:00 PDT,1747702800,101.54,101.59,SE,13,18,,76,8.6,12.7,,,40200,2.3,,8,,,12.9,12.5,0
2025-05-19 17:00:00 PDT,1747699200,101.54,101.59,SE,13,18,27,79,9.1,12.7,,,40200,2.3,,8,,,13.4,12.5,0.1
2025-05-19 16:00:00 PDT,1747695600,101.54,101.59,SSE,15,16,,74,9,13.4,,,40200,2.2,,8,,,14.1,13.4,0
2025-05-19 15:00:00 PDT,1747692000,101.51,101.56,S,17,14,,69,8.2,13.9,,,40200,2.1,,8,,,15,13.9,0
2025-05-19 14:00:00 PDT,1747688400,101.49,101.54,S,18,18,,61,7.5,14.9,,,40200,2,,7,,,15.2,14.1,0
2025-05-19 13:00:00 PDT,1747684800,101.45,101.5,SSE,16,19,,65,8.2,14.8,,,40200,1.9,,7,,,15,13.7,0
2025-05-19 12:00:00 PDT,1747681200,101.4,101.45,SSE,16,25,29,72,9,13.9,,,40200,1.9,,8,,,15.1,12.8,0
2025-05-19 11:00:00 PDT,1747677600,101.35,101.4,SE,14,32,,82,10.3,13.3,,,32200,1.9,,7,,,13.6,10.2,0
2025-05-19 10:00:00 PDT,1747674000,101.32,101.37,ESE,10,22,,94,9.2,10.2,,,16100,2,,8,,,10.2,8.5,0
2025-05-19 09:00:00 PDT,1747670400,101.31,101.36,E,8,18,27,97,8.4,8.8,,,6400,2,,8,,,8.8,8.5,0.4
2025-05-19 08:00:00 PDT,1747666800,101.29,101.34,E,9,27,36,95,8,8.7,,,3600,2,,8,,,8.8,8.6,0.5
2025-05-19 07:00:00 PDT,1747663200,101.24,101.29,ENE,7,26,42,91,7.4,8.7,,,4800,2,,8,,,8.8,8.6,2.8
2025-05-19 06:00:00 PDT,1747659600,101.33,101.38,ENE,7,21,,92,7.5,8.6,,,4800,2,,8,,,9.1,8.6,4.4
2025-05-19 05:00:00 PDT,1747656000,101.38,101.43,E,9,20,,85,6.8,9.1,,,6400,1.9,,8,,,10.4,9.1,1.2
2025-05-19 04:00:00 PDT,1747652400,101.33,101.38,E,8,28,38,69,5,10.4,,,19300,1.9,,8,,,10.4,10.1,0
2025-05-19 03:00:00 PDT,1747648800,101.46,101.51,E,9,27,,71,5.4,10.4,,,24100,2,,8,,,10.4,10.2,0
2025-05-19 02:00:00 PDT,1747645200,101.54,101.59,E,9,22,,73,5.5,10.2,,,24100,2.1,,8,,,10.6,10.1,0
2025-05-19 01:00:00 PDT,1747641600,101.68,101.73,E,9,17,,70,5.2,10.4,,,24100,2.1,,7,,,10.9,10.1,0
2025-05-19 00:00:00 PDT,1747638000,101.77,101.82,E,8,10,,64,3.5,9.9,,,24100,2.2,,8,,,11.2,9.4,0
2025-05-18 23:00:00 PDT,1747634400,101.81,101.86,ESE,12,13,,55,2.3,10.9,,,24100,2.4,,7,,,11.4,10.3,0
2025-05-18 22:00:00 PDT,1747630800,101.85,101.9,S,17,14,,57,3.4,11.5,,,24100,2.5,,5,,,12.5,11.3,0
2025-05-18 21:00:00 PDT,1747627200,101.86,101.91,SSW,21,16,,64,5.6,12.2,,,32200,2.5,,4,,,13.8,11.9,0
2025-05-18 20:00:00 PDT,1747623600,101.84,101.89,SSE,15,16,27,51,3.9,13.9,,,32200,2.5,,3,,,15,13.4,0
2025-05-18 19:00:00 PDT,1747620000,101.83,101.88,SSE,15,22,,48,4.1,15.1,,,32200,2.4,,3,,,15.8,15.1,0
2025-05-18 18:00:00 PDT,1747616400,101.84,101.89,SSW,20,15,,50,5.2,15.6,,,32200,2.4,,2,,,16.2,15.4,0
2025-05-18 17:00:00 PDT,1747612800,101.85,101.9,SSW,20,8,,48,4.3,15.3,,,32200,2.4,,4,,,16.5,15,0
2025-05-18 16:00:00 PDT,1747609200,101.86,101.91,WSW,23,10,,59,7.9,15.8,,,32200,2.3,,4,,,16.3,13.7,0
2025-05-18 15:00:00 PDT,1747605600,101.87,101.92,WSW,24,6,,58,6.4,14.4,,,32200,2.2,,2,,,15.1,13.7,0
2025-05-18 14:00:00 PDT,1747602000,101.85,101.9,W,26,11,,57,6.1,14.4,,,32200,2.1,,1,,,15.2,13.6,0
2025-05-18 13:00:00 PDT,1747598400,101.83,101.88,W,27,13,,49,3.7,14.2,,,32200,2.1,,2,,,15.2,13.5,0
2025-05-18 12:00:00 PDT,1747594800,101.8,101.85,WSW,25,20,,63,6.6,13.5,,,32200,2.2,,2,,,13.9,13.2,0
2025-05-18 11:00:00 PDT,1747591200,101.75,101.8,WSW,25,21,30,63,6.4,13.3,,,32200,,,2,,,13.8,12.9,0
2025-05-18 10:00:00 PDT,1747587600,101.7,101.75,W,26,23,,66,6.7,12.9,,,32200,2,,2,,,13.2,11.9,0
2025-05-18 09:00:00 PDT,1747584000,101.64,101.69,WNW,28,25,,69,6.5,11.9,,,32200,2,,4,,,12.5,10.6,0
2025-05-18 08:00:00 PDT,1747580400,101.59,101.64,WSW,25,21,34,83,7.8,10.6,,,32200,2,,7,,,10.6,9.7,0
2025-05-18 07:00:00 PDT,1747576800,101.55,101.6,WSW,24,26,,81,6.8,9.9,,,32200,2.1,,7,,,10.1,9.5,0
2025-05-18 06:00:00 PDT,1747573200,101.5,101.55,WSW,25,24,,85,7.1,9.5,,,24100,2.2,,8,,,9.7,9.3,0
2025-05-18 05:00:00 PDT,1747569600,101.45,101.5,W,27,28,38,79,6.3,9.7,,,19300,2.2,,8,,,9.8,9.4,0
2025-05-18 04:00:00 PDT,1747566000,101.45,101.5,W,27,36,,80,6.4,9.8,,,19300,2.2,,8,,,9.9,9.7,0
2025-05-18 03:00:00 PDT,1747562400,101.41,101.46,WNW,28,29,30,85,7.3,9.8,,,24100,2.2,,8,,,9.8,9.4,0
2025-05-18 02:00:00 PDT,1747558800,101.38,101.43,W,26,29,,89,7.9,9.7,,,24100,2.1,,8,,,10.7,9.6,0
2025-05-18 01:00:00 PDT,1747555200,101.37,101.42,WSW,25,29,41,77,6.6,10.4,,,20900,2.1,,8,,,10.7,10.1,0
2025-05-18 00:00:00 PDT,1747551600,101.32,101.37,W,26,25,,83,7.7,10.3,,,24100,2.1,,8,,,10.6,10.1,0
2025-05-17 23:00:00 PDT,1747548000,101.3,101.35,WSW,25,30,,82,7.5,10.4,,,24100,2,,8,,,10.7,10.2,0
2025-05-17 22:00:00 PDT,1747544400,101.28,101.33,W,27,28,,85,8.2,10.5,,,16100,2,,8,,,11.1,10.5,0
2025-05-17 21:00:00 PDT,1747540800,101.23,101.28,W,27,32,36,88,8.9,10.8,,,16100,2,,8,,,12.1,10.8,0
2025-05-17 20:00:00 PDT,1747537200,101.19,101.24,WNW,28,30,,91,9.7,11,,,24100,2,,8,,,12.8,11,0
2025-05-17 19:00:00 PDT,1747533600,101.13,101.18,WNW,29,28,,83,10.2,12.9,,,24100,2.1,,8,,,13.2,11.8,0.3
2025-05-17 18:00:00 PDT,1747530000,101.11,101.16,WNW,29,27,,92,10.7,11.8,,,12900,2.1,,8,,,14.4,11.6,1.2
2025-05-17 17:00:00 PDT,1747526400,101.11,101.16,WSW,25,21,,91,10.8,12.3,,,19300,2,,8,,,14.4,12.3,0
2025-05-17 16:00:00 PDT,1747522800,101.09,101.14,SW,21,10,,81,10.6,13.9,,,24100,1.9,,8,,,15.3,13.6,0
2025-05-17 15:00:00 PDT,1747519200,101.08,101.13,SW,23,15,,86,11.8,14.2,,,32200,1.8,,8,,,15,13.5,0
2025-05-17 14:00:00 PDT,1747515600,101.08,101.13,WSW,24,18,,89,11.8,13.6,,,24100,1.8,,7,,,14,13.2,0
2025-05-17 13:00:00 PDT,1747512000,101.08,101.13,SW,23,7,,88,11.4,13.3,,,24100,1.8,,8,,,13.6,12.3,0
2025-05-17 12:00:00 PDT,1747508400,101.09,101.14,WSW,24,6,,94,11.4,12.4,,,16100,1.8,,8,,,12.7,11.3,0.1
2025-05-17 11:00:00 PDT,1747504800,101.07,101.12,N,35,6,,97,11,11.5,,,16100,1.7,,8,,,11.7,10.6,0
2025-05-17 10:00:00 PDT,1747501200,101.07,101.12,N,35,6,,96,10.3,10.9,,,4800,1.5,,8,,,11.1,10.6,0.6
2025-05-17 09:00:00 PDT,1747497600,101.09,101.14,NW,31,7,,98,10.5,10.7,,,4800,1.4,,8,,,11,10.5,0.8
2025-05-17 08:00:00 PDT,1747494000,101.08,101.13,NNW,32,4,,96,10.2,10.8,,,8100,1.3,,8,,,10.9,10.5,0.4
2025-05-17 07:00:00 PDT,1747490400,101.06,101.11,NE,5,7,,96,9.9,10.5,,,11300,1.3,,8,,,10.6,10.3,1.8
2025-05-17 06:00:00 PDT,1747486800,101.09,101.14,,,0,,97,9.9,10.3,,,24100,1.4,,8,,,10.5,10.3,0.6
2025-05-17 05:00:00 PDT,1747483200,101.11,101.16,WNW,28,4,,95,9.7,10.5,,,24100,1.4,,8,,,10.9,10.4,0.1
2025-05-17 04:00:00 PDT,1747479600,101.13,101.18,ENE,6,7,,94,9.9,10.9,,,19300,1.5,,8,,,11,10.7,0
2025-05-17 03:00:00 PDT,1747476000,101.16,101.21,E,9,13,,94,9.8,10.8,,,20900,1.6,,8,,,11.1,10.8,0.1
2025-05-17 02:00:00 PDT,1747472400,101.2,101.25,ENE,7,9,,91,9.7,11.1,,,24100,1.7,,8,,,11.1,10.9,0
2025-05-17 01:00:00 PDT,1747468800,101.24,101.29,ENE,7,9,,94,9.9,10.9,,,24100,1.8,,8,,,11,10.8,0
2025-05-17 00:00:00 PDT,1747465200,101.26,101.31,ENE,5,12,,93,9.8,10.8,,,20900,2,,8,,,11.2,10.7,0.1
2025-05-16 23:00:00 PDT,1747461600,101.28,101.33,NE,4,12,,94,10.1,11,,,14500,2,,8,,,11,10.9,1.4
2025-05-16 22:00:00 PDT,1747458000,101.36,101.41,ENE,5,10,,94,10,10.9,,,12900,2.2,,8,,,11,10.9,0.7
2025-05-16 21:00:00 PDT,1747454400,101.35,101.4,ENE,6,13,,95,10.1,10.9,,,16100,2.2,,8,,,11.1,10.9,1.9
2025-05-16 20:00:00 PDT,1747450800,101.39,101.44,NE,5,17,,94,10.2,11.1,,,12900,2.3,,8,,,11.5,11.1,0.8
2025-05-16 19:00:00 PDT,1747447200,101.45,101.5,ENE,7,15,,93,10.5,11.5,,,11300,2.3,,8,,,12.3,11.4,0.3
2025-05-16 18:00:00 PDT,1747443600,101.53,101.58,SE,12,13,,83,9.3,12.1,,,24100,2.3,,8,,,12.4,12.1,0
2025-05-16 17:00:00 PDT,1747440000,101.57,101.62,ESE,12,12,,78,8.8,12.4,,,24100,2.2,,8,,,12.6,12.2,0
2025-05-16 16:00:00 PDT,1747436400,101.61,101.66,SE,14,11,,79,8.7,12.2,,,32200,2.1,,8,,,12.9,12.2,0
2025-05-16 15:00:00 PDT,1747432800,101.66,101.71,SE,12,18,,78,8.9,12.6,,,19300,2.1,,8,,,12.9,12,0
2025-05-16 14:00:00 PDT,1747429200,101.69,101.74,SE,13,19,,81,9.1,12.3,,,19300,2.1,,8,,,12.6,11.9,0
2025-05-16 13:00:00 PDT,1747425600,101.72,101.77,SE,13,18,,79,8.5,11.9,,,19300,2,,8,,,12.4,11.9,0
2025-05-16 12:00:00 PDT,1747422000,101.74,101.79,SE,13,13,,86,9.6,11.9,,,12900,2,,8,,,12.2,10.7,0
2025-05-16 11:00:00 PDT,1747418400,101.76,101.81,ENE,6,11,,93,10.2,11.3,,,16100,2.1,,8,,,11.3,10.6,0
2025-05-16 10:00:00 PDT,1747414800,101.79,101.84,SE,13,10,,91,9.1,10.5,,,12900,2.1,,8,,,10.6,9.9,0
2025-05-16 09:00:00 PDT,1747411200,101.79,101.84,ENE,7,14,,93,9.6,10.6,,,12900,1.9,,8,,,10.7,9.9,0.1
2025-05-16 08:00:00 PDT,1747407600,101.8,101.85,E,8,11,,94,9,9.9,,,12900,1.8,,8,,,10,9.5,0.1
2025-05-16 07:00:00 PDT,1747404000,101.79,101.84,E,9,10,,98,9.2,9.6,,,9700,1.8,,8,,,9.6,9.2,0.3
2025-05-16 06:00:00 PDT,1747400400,101.8,101.85,E,9,13,,98,8.8,9.2,,,12900,1.8,,8,,,9.2,9.1,0.5
2025-05-16 05:00:00 PDT,1747396800,101.82,101.87,E,9,14,,97,8.6,9.2,,,12900,1.9,,8,,,9.2,9.1,0
2025-05-16 04:00:00 PDT,1747393200,101.83,101.88,E,9,14,,96,8.6,9.1,,,24100,1.9,,8,,,9.3,9.1,0
2025-05-16 03:00:00 PDT,1747389600,101.85,101.9,E,9,12,,95,8.5,9.2,,,32200,1.9,,8,,,9.6,9.2,0
2025-05-16 02:00:00 PDT,1747386000,101.85,101.9,E,9,14,,95,8.6,9.4,,,24100,1.9,,8,,,9.6,9.4,0
2025-05-16 01:00:00 PDT,1747382400,101.87,101.92,E,9,14,,92,8.4,9.6,,,24100,2,,8,,,9.7,9.5,0
2025-05-16 00:00:00 PDT,1747378800,101.88,101.93,E,9,11,,93,8.4,9.5,,,24100,2.1,,8,,,9.8,9.5,0
2025-05-15 23:00:00 PDT,1747375200,101.88,101.93,ESE,12,9,,90,8.2,9.7,,,24100,2.2,,8,,,9.9,9.6,0
2025-05-15 22:00:00 PDT,1747371600,101.89,101.94,SE,13,10,,90,8.2,9.7,,,24100,2.3,,8,,,10,9.7,0
2025-05-15 21:00:00 PDT,1747368000,101.87,101.92,SE,13,13,,91,8.5,9.9,,,24100,2.3,,8,,,10.2,9.8,0
2025-05-15 20:00:00 PDT,1747364400,101.88,101.93,SSE,16,11,,88,8.4,10.2,,,24100,2.4,,8,,,10.8,10.2,0
2025-05-15 19:00:00 PDT,1747360800,101.91,101.96,SSE,15,14,,93,9.4,10.6,,,19300,2.5,,8,,,10.6,10,0.3
2025-05-15 18:00:00 PDT,1747357200,101.93,101.98,SE,14,14,,91,8.7,10.1,,,16100,2.5,,8,,,10.7,10.1,0
2025-05-15 17:00:00 PDT,1747353600,101.96,102.01,SSE,16,13,,90,9,10.6,,,12900,2.5,,8,,,11,10.6,0.2
2025-05-15 16:00:00 PDT,1747350000,101.98,102.03,SE,14,10,,86,8.6,10.8,,,16100,2.5,,8,,,11.2,10.8,0.2
2025-05-15 15:00:00 PDT,1747346400,101.99,102.04,SE,13,16,,90,9.5,11.1,,,16100,2.5,,8,,,11.2,10.4,0.5
2025-05-15 14:00:00 PDT,1747342800,102,102.05,SE,14,17,,93,9.5,10.6,,,12900,2.5,,8,,,10.6,10.2,0.7
2025-05-15 13:00:00 PDT,1747339200,101.99,102.04,SE,13,17,,86,8.4,10.6,,,16100,2.4,,8,,,10.9,10.3,0.2
2025-05-15 12:00:00 PDT,1747335600,101.97,102.02,SSE,16,26,,79,7.3,10.7,,,24100,2.4,,8,,,11.8,10.7,0
2025-05-15 11:00:00 PDT,1747332000,101.95,102,SE,12,26,36,70,6.5,11.7,,,32200,2.3,,8,,,12.2,11.5,0
2025-05-15 10:00:00 PDT,1747328400,101.94,101.99,SE,14,20,,71,6.7,11.8,,,24100,2.3,,8,,,12.2,11.1,0
2025-05-15 09:00:00 PDT,1747324800,101.97,102.02,E,9,26,,76,7.1,11.2,,,32200,2.2,,8,,,11.3,10.7,0
2025-05-15 08:00:00 PDT,1747321200,101.96,102.01,E,9,19,,81,7.5,10.7,,,32200,2.2,,7,,,10.7,10.3,0
2025-05-15 07:00:00 PDT,1747317600,101.93,101.98,E,9,23,,81,7.2,10.3,,,32200,2.2,,8,,,10.4,9.9,0
2025-05-15 06:00:00 PDT,1747314000,101.92,101.97,E,8,18,,82,7,9.9,,,24100,2.2,,8,,,10,9.8,0
2025-05-15 05:00:00 PDT,1747310400,101.94,101.99,E,8,18,,80,6.6,9.9,,,24100,2.2,,8,,,9.9,9.6,0
2025-05-15 04:00:00 PDT,1747306800,101.93,101.98,ENE,7,17,,77,6.2,9.9,,,32200,2.3,,8,,,10.1,9.9,0
2025-05-15 03:00:00 PDT,1747303200,101.91,101.96,ENE,7,13,,77,6.1,9.8,,,32200,2.3,,8,,,10.3,9.6,0
2025-05-15 02:00:00 PDT,1747299600,101.88,101.93,E,9,22,,79,6.5,10,,,32200,2.3,,6,,,10.3,9.7,0
2025-05-15 01:00:00 PDT,1747296000,101.85,101.9,E,8,18,,80,6.8,10.1,,,32200,2.4,,5,,,10.6,10.1,0
2025-05-15 00:00:00 PDT,1747292400,101.81,101.86,E,9,23,,81,7.3,10.5,,,32200,2.4,,5,,,11.3,10.5,0
2025-05-14 23:00:00 PDT,1747288800,101.8,101.85,ENE,7,17,,77,7.4,11.4,,,32200,2.5,,4,,,12,10.8,0
2025-05-14 22:00:00 PDT,1747285200,101.81,101.86,E,8,13,,74,7.3,11.8,,,32200,2.5,,5,,,13.1,11.8,0
2025-05-14 21:00:00 PDT,1747281600,101.79,101.84,E,9,16,,72,8.2,13,,,32200,2.5,,7,,,14.4,12.9,0
2025-05-14 20:00:00 PDT,1747278000,101.77,101.82,SE,14,9,,64,7.7,14.4,,,32200,2.4,,8,,,15.1,14.3,0
2025-05-14 19:00:00 PDT,1747274400,101.75,101.8,SSE,15,14,,59,7.3,15.2,,,48300,2.4,,6,,,16.7,15,0
2025-05-14 18:00:00 PDT,1747270800,101.76,101.81,SSW,19,15,,58,8.6,16.7,,,48300,2.4,,6,,,17.1,16.5,0
2025-05-14 17:00:00 PDT,1747267200,101.77,101.82,S,16,14,,57,8.1,16.5,,,48300,2.3,,2,,,17.2,16.4,0
2025-05-14 16:00:00 PDT,1747263600,101.81,101.86,SSE,16,16,,60,9.1,16.8,,,48300,2.3,,3,,,16.8,15.4,0
2025-05-14 15:00:00 PDT,1747260000,101.83,101.88,S,18,12,,67,9.5,15.6,,,48300,2.3,,5,,,15.7,14.4,0
2025-05-14 14:00:00 PDT,1747256400,101.81,101.86,SW,23,10,,61,7.6,14.9,,,48300,2.3,,7,,,15.5,13.6,0
2025-05-14 13:00:00 PDT,1747252800,101.8,101.85,WSW,25,14,,72,8.9,13.9,,,48300,2.3,,6,,,14.1,13.3,0
2025-05-14 12:00:00 PDT,1747249200,101.79,101.84,W,27,18,,72,8.4,13.3,,,48300,2.1,,7,,,13.6,13,0
2025-05-14 11:00:00 PDT,1747245600,101.74,101.79,W,27,25,,75,8.7,13,,,48300,2.1,,7,,,13.2,12.7,0
2025-05-14 10:00:00 PDT,1747242000,101.72,101.77,WNW,28,25,,79,9,12.6,,,48300,2,,7,,,12.9,12,0
2025-05-14 09:00:00 PDT,1747238400,101.72,101.77,S,17,7,,82,9,12,,,40200,2,,8,,,12,11.8,0
2025-05-14 08:00:00 PDT,1747234800,101.68,101.73,ESE,10,5,,82,9.1,11.9,,,40200,2,,7,,,12.1,11.4,0
2025-05-14 07:00:00 PDT,1747231200,101.64,101.69,E,8,10,,83,8.7,11.4,,,40200,2,,8,,,11.4,11.2,0
2025-05-14 06:00:00 PDT,1747227600,101.63,101.68,ENE,7,10,,84,8.6,11.2,,,24100,2,,8,,,11.2,11,0
2025-05-14 05:00:00 PDT,1747224000,101.59,101.64,E,8,12,,85,8.5,11,,,32200,2,,8,,,11.1,10.3,0
2025-05-14 04:00:00 PDT,1747220400,101.57,101.62,E,9,15,,87,8.2,10.3,,,32200,2,,7,,,10.7,10.3,0
2025-05-14 03:00:00 PDT,1747216800,101.55,101.6,E,9,15,,88,8.5,10.5,,,32200,2,,8,,,11,10.4,0
2025-05-14 02:00:00 PDT,1747213200,101.53,101.58,E,9,15,,87,8.8,10.9,,,32200,2.1,,8,,,11.3,10.8,0
2025-05-14 01:00:00 PDT,1747209600,101.53,101.58,E,9,17,,85,8.8,11.3,,,32200,2.1,,8,,,11.5,11.1,0
2025-05-14 00:00:00 PDT,1747206000,101.53,101.58,E,9,19,,83,8.6,11.3,,,32200,2.2,,8,,,12.6,11.3,0
2025-05-13 23:00:00 PDT,1747202400,101.54,101.59,E,10,18,,86,10.2,12.5,,,32200,2.3,,8,,,13.2,12.5,0.2
2025-05-13 22:00:00 PDT,1747198800,101.56,101.61,E,9,17,,89,11.2,12.9,,,24100,2.4,,8,,,14,12.9,0.4
2025-05-13 21:00:00 PDT,1747195200,101.55,101.6,ESE,11,9,,78,10.3,14,,,32200,2.4,,8,,,15.3,13.8,0.1
2025-05-13 20:00:00 PDT,1747191600,101.52,101.57,SE,14,14,,69,9.3,14.9,,,32200,2.5,,7,,,15.4,14.8,0
2025-05-13 19:00:00 PDT,1747188000,101.54,101.59,SE,14,17,,66,9.1,15.3,,,32200,2.7,,7,,,16.7,15.2,0
2025-05-13 18:00:00 PDT,1747184400,101.54,101.59,SSE,16,21,31,62,9.4,16.7,,,48300,2.7,,8,,,17.6,16.2,0
2025-05-13 17:00:00 PDT,1747180800,101.54,101.59,SSW,19,21,,63,9.9,17,,,48300,2.6,,8,,,17.8,16.5,0
2025-05-13 16:00:00 PDT,1747177200,101.57,101.62,SSW,19,16,,66,10.1,16.4,,,48300,2.5,,7,,,16.4,15.4,0
2025-05-13 15:00:00 PDT,1747173600,101.58,101.63,SSE,14,3,,64,9.3,15.9,,,48300,2.4,,8,,,16.9,15.5,0
2025-05-13 14:00:00 PDT,1747170000,101.59,101.64,S,16,9,,67,10,16,,,48300,2.3,,8,,,16.8,14.8,0
2025-05-13 13:00:00 PDT,1747166400,101.58,101.63,ESE,12,13,,70,9.4,14.8,,,48300,2.3,,7,,,15.7,14.5,0
2025-05-13 12:00:00 PDT,1747162800,101.57,101.62,SE,12,18,30,65,9.3,15.8,,,48300,2.2,,7,,,15.8,14.5,0
2025-05-13 11:00:00 PDT,1747159200,101.56,101.61,E,10,17,,70,9.3,14.6,,,48300,2.2,,7,,,14.9,13.8,0
2025-05-13 10:00:00 PDT,1747155600,101.57,101.62,E,10,16,,74,9.3,13.8,,,48300,2.1,,7,,,13.8,12.4,0
2025-05-13 09:00:00 PDT,1747152000,101.56,101.61,E,9,10,,78,8.9,12.6,,,48300,2.2,,7,,,12.7,12.2,0
2025-05-13 08:00:00 PDT,1747148400,101.48,101.53,ESE,10,13,,75,8.4,12.6,,,48300,2.2,,8,,,12.8,11.6,0
2025-05-13 07:00:00 PDT,1747144800,101.42,101.47,E,8,12,,81,8.4,11.5,,,48300,2.1,,5,,,11.5,10.3,0
2025-05-13 06:00:00 PDT,1747141200,101.33,101.38,E,8,11,,82,7.4,10.3,,,32200,2.1,,5,,,10.3,7.4,0
2025-05-13 05:00:00 PDT,1747137600,101.31,101.36,NE,3,4,,88,6.4,8.3,,,32200,2.1,,2,,,10.4,8.2,0
2025-05-13 04:00:00 PDT,1747134000,101.25,101.3,ESE,10,10,,84,6.5,9,,,32200,2.2,,1,,,9.8,8.6,0
2025-05-13 03:00:00 PDT,1747130400,101.17,101.22,ESE,10,12,,82,6.6,9.6,,,32200,2.3,,1,,,10.6,9.6,0
2025-05-13 02:00:00 PDT,1747126800,101.12,101.17,E,9,16,,79,6.9,10.4,,,32200,2.4,,1,,,11.6,10,0
2025-05-13 01:00:00 PDT,1747123200,101.08,101.13,E,8,12,,74,7,11.4,,,32200,2.4,,0,,,12.9,10.8,0
2025-05-13 00:00:00 PDT,1747119600,101.04,101.09,ENE,6,12,,68,7.1,12.9,,,32200,2.5,,0,,,13.3,12.7,0
2025-05-12 23:00:00 PDT,1747116000,100.99,101.04,NE,5,10,,70,7.9,13.2,,,32200,2.6,,1,,,13.3,12.1,0
2025-05-12 22:00:00 PDT,1747112400,100.97,101.02,E,8,10,,67,7.4,13.3,,,32200,2.7,,2,,,14.4,12.4,0
2025-05-12 21:00:00 PDT,1747108800,100.91,100.96,SE,14,8,,61,6.8,14.1,,,48300,2.7,,2,,,15.2,13.5,0
2025-05-12 20:00:00 PDT,1747105200,100.87,100.92,S,17,9,,60,7.4,15.2,,,48300,2.7,,2,,,16.2,15.2,0
2025-05-12 19:00:00 PDT,1747101600,100.83,100.88,S,18,11,,60,8.4,16,,,48300,2.7,,2,,,16.6,14.8,0
2025-05-12 18:00:00 PDT,1747098000,100.84,100.89,SW,21,10,,57,7.7,16.2,,,48300,2.7,,5,,,16.7,15.9,0
2025-05-12 17:00:00 PDT,1747094400,100.86,100.91,SSW,20,13,,59,8.6,16.6,,,48300,2.7,,3,,,16.6,15.7,0
2025-05-12 16:00:00 PDT,1747090800,100.84,100.89,SW,21,16,,62,9,16.1,,,48300,2.7,,4,,,16.3,15,0
2025-05-12 15:00:00 PDT,1747087200,100.85,100.9,SW,22,14,,70,9.5,14.9,,,48300,2.8,,4,,,15.6,14.9,0
2025-05-12 14:00:00 PDT,1747083600,100.84,100.89,WSW,24,14,,66,9.3,15.7,,,48300,2.8,,4,,,16,15.2,0
2025-05-12 13:00:00 PDT,1747080000,100.83,100.88,WNW,28,16,,67,9.4,15.5,,,48300,2.7,,3,,,15.8,14.6,0
2025-05-12 12:00:00 PDT,1747076400,100.83,100.88,WNW,29,15,,68,9.4,15.1,,,48300,2.5,,3,,,15.4,12.1,0
2025-05-12 11:00:00 PDT,1747072800,100.83,100.88,WNW,29,16,,74,8.9,13.5,,,48300,2.4,,3,,,14.6,12.1,0
2025-05-12 10:00:00 PDT,1747069200,100.8,100.85,W,28,12,,79,9.2,12.8,,,48300,2.4,,7,,,12.8,11.9,0
2025-05-12 09:00:00 PDT,1747065600,100.79,100.84,SSW,20,4,,77,8.1,12,,,48300,2.3,,7,,,12,11.2,0
2025-05-12 08:00:00 PDT,1747062000,100.78,100.83,E,9,8,,80,7.9,11.2,,,48300,2.2,,7,,,11.3,10.4,0
2025-05-12 07:00:00 PDT,1747058400,100.77,100.82,ENE,7,5,,80,7,10.4,,,32200,2.2,,8,,,10.4,9.2,0
2025-05-12 06:00:00 PDT,1747054800,100.74,100.79,NNE,2,6,,83,6.7,9.3,,,32200,2.1,,8,,,9.3,8.2,0
2025-05-12 05:00:00 PDT,1747051200,100.73,100.78,E,7,5,,87,6.9,8.9,,,32200,2.1,,4,,,8.9,7.8,0
2025-05-12 04:00:00 PDT,1747047600,100.72,100.77,NNE,2,7,,89,7,8.6,,,32200,2.2,,4,,,9.7,8.1,0
2025-05-12 03:00:00 PDT,1747044000,100.7,100.75,E,8,12,,90,7.3,8.9,,,32200,2.3,,4,,,10.5,8.7,0
2025-05-12 02:00:00 PDT,1747040400,100.72,100.77,E,8,10,,90,8.2,9.8,,,32200,2.5,,7,,,10.5,9.1,0
2025-05-12 01:00:00 PDT,1747036800,100.73,100.78,E,9,11,,90,8.7,10.4,,,32200,2.6,,6,,,10.6,9.5,0
2025-05-12 00:00:00 PDT,1747033200,100.74,100.79,ESE,12,8,,81,6.9,9.9,,,32200,2.8,,7,,,11.5,9.9,0
2025-05-11 23:00:00 PDT,1747029600,100.74,100.79,S,17,7,,79,7.7,11.2,,,32200,3,,5,,,11.9,10.6,0
2025-05-11 22:00:00 PDT,1747026000,100.74,100.79,WSW,24,5,,80,7.7,11,,,32200,3.1,,4,,,11.8,10.5,0
2025-05-11 21:00:00 PDT,1747022400,100.7,100.75,W,26,7,,77,7.3,11.2,,,32200,3.1,,6,,,11.7,10.1,0
2025-05-11 20:00:00 PDT,1747018800,100.66,100.71,WNW,28,9,,78,8,11.8,,,32200,3.1,,7,,,13.6,11.8,0
2025-05-11 19:00:00 PDT,1747015200,100.65,100.7,WSW,24,12,,65,7.2,13.6,,,32200,3,,7,,,14.3,13.6,0
2025-05-11 18:00:00 PDT,1747011600,100.68,100.73,WSW,23,12,,65,7.9,14.2,,,32200,2.9,,8,,,14.6,14.1,0
2025-05-11 17:00:00 PDT,1747008000,100.69,100.74,WSW,23,11,,62,7.1,14.3,,,32200,2.9,,8,,,15.2,14.3,0
2025-05-11 16:00:00 PDT,1747004400,100.71,100.76,SW,22,17,,61,7.7,15,,,32200,2.8,,8,,,15.9,14.8,0
2025-05-11 15:00:00 PDT,1747000800,100.73,100.78,SW,21,21,,60,8.3,15.9,,,32200,2.7,,7,,,16.8,15.5,0
2025-05-11 14:00:00 PDT,1746997200,100.77,100.82,SSE,15,17,27,46,5,16.6,,,32200,2.6,,7,,,17.9,16.1,0
2025-05-11 13:00:00 PDT,1746993600,100.8,100.85,ESE,10,19,,45,4.5,16.4,,,32200,2.4,,7,,,17.2,15.6,0
2025-05-11 12:00:00 PDT,1746990000,100.83,100.88,ENE,6,8,,58,7.6,15.8,,,32200,2.3,,6,,,16.8,14.8,0
2025-05-11 11:00:00 PDT,1746986400,100.87,100.92,SE,12,13,,65,8.3,14.7,,,32200,2.2,,6,,,14.8,13.4,0
2025-05-11 10:00:00 PDT,1746982800,100.9,100.95,E,10,22,,63,7.7,14.6,,,32200,2.1,,6,,,14.8,12.9,0
2025-05-11 09:00:00 PDT,1746979200,100.91,100.96,E,9,21,,73,8.3,13.1,,,32200,2,,7,,,13.1,11.3,0
2025-05-11 08:00:00 PDT,1746975600,100.95,101,ESE,11,19,,79,7.7,11.3,,,32200,2,,8,,,11.3,10.9,0
2025-05-11 07:00:00 PDT,1746972000,100.96,101.01,E,9,17,,77,7.1,11,,,24100,1.9,,6,,,11,10.4,0
2025-05-11 06:00:00 PDT,1746968400,100.97,101.02,E,8,13,,78,7.1,10.7,,,24100,1.9,,8,,,10.8,9.7,0
2025-05-11 05:00:00 PDT,1746964800,101.03,101.08,E,9,12,,82,7.1,10,,,32200,2,,8,,,10.9,10,0
2025-05-11 04:00:00 PDT,1746961200,101.03,101.08,ESE,12,5,,79,7.3,10.8,,,24100,3,,8,,,11,10.2,0
2025-05-11 03:00:00 PDT,1746957600,101.06,101.11,,,0,,75,6,10.1,,,24100,3,,8,,,11.4,9.6,0
2025-05-11 02:00:00 PDT,1746954000,101.13,101.18,,,0,,80,6.7,9.9,,,24100,2,,7,,,11.3,9.9,0
2025-05-11 01:00:00 PDT,1746950400,101.19,101.24,E,8,7,,72,6.3,11.1,,,24100,2.2,,8,,,12,10.6,0
2025-05-11 00:00:00 PDT,1746946800,101.24,101.29,E,9,9,,76,6.9,10.9,,,32200,2.3,,7,,,12.4,10.9,0
2025-05-10 23:00:00 PDT,1746943200,101.31,101.36,NE,4,7,,72,7.3,12.1,,,32200,2.5,,5,,,13.5,11.6,0
2025-05-10 22:00:00 PDT,1746939600,101.38,101.43,NE,5,8,,66,7.4,13.5,,,32200,2.6,,7,,,14.1,13.2,0
2025-05-10 21:00:00 PDT,1746936000,101.39,101.44,E,9,9,,59,5.7,13.6,,,32200,2.7,,6,,,14.3,13,0
2025-05-10 20:00:00 PDT,1746932400,101.4,101.45,ESE,11,17,,58,5.9,14.1,,,32200,2.8,,8,,,15.1,13.9,0
2025-05-10 19:00:00 PDT,1746928800,101.45,101.5,SE,13,16,,52,5.5,15,,,32200,2.9,,8,,,16.6,15,0
2025-05-10 18:00:00 PDT,1746925200,101.48,101.53,SE,14,21,,50,5,15.2,,,32200,2.9,,8,,,15.4,14.8,0
2025-05-10 17:00:00 PDT,1746921600,101.5,101.55,SE,13,18,,58,6.9,15.1,,,32200,2.9,,8,,,16.2,15.1,0
2025-05-10 16:00:00 PDT,1746918000,101.49,101.54,SE,12,22,,53,6.8,16.2,,,32200,2.9,,8,,,17.4,16,0
2025-05-10 15:00:00 PDT,1746914400,101.51,101.56,E,10,22,,55,7.5,16.4,,,32200,2.8,,8,,,16.9,14.8,0
2025-05-10 14:00:00 PDT,1746910800,101.54,101.59,ESE,10,13,,60,7.5,15.1,,,32200,2.7,,7,,,15.6,14.7,0
2025-05-10 13:00:00 PDT,1746907200,101.53,101.58,E,8,17,,60,7.5,15.2,,,32200,2.6,,8,,,15.5,14.4,0
2025-05-10 12:00:00 PDT,1746903600,101.52,101.57,E,8,17,,61,7.4,14.7,,,32200,2.6,,8,,,14.8,12.7,0
2025-05-10 11:00:00 PDT,1746900000,101.54,101.59,ENE,6,16,,67,7.8,13.7,,,32200,2.6,,8,,,14,12.7,0
2025-05-10 10:00:00 PDT,1746896400,101.55,101.6,NE,3,10,,77,8.9,12.9,,,32200,2.5,,8,,,13.2,12.7,0
2025-05-10 09:00:00 PDT,1746892800,101.6,101.65,ESE,12,5,,69,7.3,12.9,,,24100,2.4,,8,,,12.9,12.2,0
2025-05-10 08:00:00 PDT,1746889200,101.6,101.65,N,35,3,,63,5.9,12.8,,,24100,2.4,,8,,,13.4,11,0
2025-05-10 07:00:00 PDT,1746885600,101.53,101.58,NNW,33,7,,76,6.9,10.9,,,32200,2.4,,8,,,12.1,10.9,0
2025-05-10 06:00:00 PDT,1746882000,101.57,101.62,NNW,34,4,,76,7,11,,,32200,2.5,,8,,,11.4,10.3,0
2025-05-10 05:00:00 PDT,1746878400,101.57,101.62,,,0,,80,7.7,11,,,24100,2.5,,8,,,11.8,10.9,0
2025-05-10 04:00:00 PDT,1746874800,101.61,101.66,,,0,,88,9,10.8,,,32200,2.6,,8,,,11.9,10.4,0
2025-05-10 03:00:00 PDT,1746871200,101.63,101.68,,,0,,77,7.7,11.5,,,32200,2.7,,8,,,11.9,9.8,0
2025-05-10 02:00:00 PDT,1746867600,101.68,101.73,,,0,,85,7.2,9.6,,,32200,2.8,,8,,,11.9,9.3,0
2025-05-10 01:00:00 PDT,1746864000,101.75,101.8,,,0,,74,7.2,11.7,,,32200,2.9,,7,,,12.3,10.4,0
2025-05-10 00:00:00 PDT,1746860400,101.77,101.82,,,0,,80,7.5,10.7,,,32200,2.9,,7,,,13.2,10.7,0
2025-05-09 23:00:00 PDT,1746856800,101.82,101.87,NW,32,4,,74,7.5,11.9,,,32200,3,,8,,,12.9,10.9,0
2025-05-09 22:00:00 PDT,1746853200,101.87,101.92,WNW,28,8,,78,7.5,11.1,,,32200,3.2,,7,,,11.9,10.2,0
2025-05-09 21:00:00 PDT,1746849600,101.87,101.92,WNW,29,8,,68,6.2,11.9,,,32200,3.2,,7,,,12.8,11.4,0
2025-05-09 20:00:00 PDT,1746846000,101.9,101.95,W,27,14,,61,5.7,12.9,,,32200,3.2,,7,,,13.8,12.7,0
2025-05-09 19:00:00 PDT,1746842400,101.91,101.96,W,28,15,,63,6.9,13.9,,,32200,3.1,,7,,,14.7,13.9,0
2025-05-09 18:00:00 PDT,1746838800,101.99,102.04,WNW,29,16,,69,9,14.6,,,32200,3.1,,7,,,15.7,14.6,0
2025-05-09 17:00:00 PDT,1746835200,102.04,102.09,WNW,28,16,,59,7.2,15.2,,,32200,3,,7,,,15.6,15.1,0
2025-05-09 16:00:00 PDT,1746831600,102.08,102.13,WNW,29,17,,62,8.1,15.2,,,32200,2.9,,8,,,16.4,15.1,0
2025-05-09 15:00:00 PDT,1746828000,102.14,102.19,WNW,29,13,,54,6.8,16,,,32200,2.8,,8,,,17.2,15.8,0
2025-05-09 14:00:00 PDT,1746824400,102.18,102.23,WNW,28,12,,55,7.7,16.6,,,32200,2.7,,8,,,17,14.9,0
2025-05-09 13:00:00 PDT,1746820800,102.23,102.28,WSW,25,12,,60,7.6,15.3,,,32200,2.6,,8,,,15.6,14.8,0
2025-05-09 12:00:00 PDT,1746817200,102.25,102.3,WSW,23,13,,63,8.3,15.3,,,32200,2.4,,8,,,15.6,14.3,0
2025-05-09 11:00:00 PDT,1746813600,102.28,102.33,WSW,25,10,,60,7.2,14.8,,,32200,2.3,,8,,,15.2,13.9,0
2025-05-09 10:00:00 PDT,1746810000,102.31,102.36,ENE,7,3,,53,4.6,14.1,,,32200,2.3,,8,,,14.4,12.9,0
2025-05-09 09:00:00 PDT,1746806400,102.32,102.37,ESE,11,5,,63,6.1,12.8,,,32200,2.2,,7,,,12.8,11.6,0
2025-05-09 08:00:00 PDT,1746802800,102.32,102.37,,,0,,67,5.8,11.6,,,32200,2.1,,7,,,11.6,10.1,0
2025-05-09 07:00:00 PDT,1746799200,102.29,102.34,ENE,6,5,,75,5.9,10,,,32200,2,,8,,,10,7.3,0
2025-05-09 06:00:00 PDT,1746795600,102.3,102.35,,9,0,,80,4.8,8,,,32200,2,,8,,,10,8,0
2025-05-09 05:00:00 PDT,1746792000,102.3,102.35,ESE,11,5,,66,3.6,9.6,,,32200,2.1,,8,,,10.4,8.5,0
2025-05-09 04:00:00 PDT,1746788400,102.31,102.36,NNE,2,4,,71,4.8,9.8,,,32200,2.3,,8,,,10.8,9.2,0
2025-05-09 03:00:00 PDT,1746784800,102.29,102.34,,10,0,,70,5,10.2,,,32200,2.5,,8,,,11.4,9.2,0
2025-05-09 02:00:00 PDT,1746781200,102.33,102.38,,,0,,74,5.1,9.5,,,32200,2.7,,8,,,10,8.6,0
2025-05-09 01:00:00 PDT,1746777600,102.34,102.39,NNW,34,4,,67,4.1,9.8,,,32200,2.9,,8,,,11.2,9.7,0
2025-05-09 00:00:00 PDT,1746774000,102.35,102.4,N,35,4,,72,5.1,9.9,,,32200,2.9,,7,,,11.1,9.6,0
2025-05-08 23:00:00 PDT,1746770400,102.35,102.4,NNW,34,5,,77,6.5,10.4,,,32200,2.9,,8,,,10.6,9.1,0
2025-05-08 22:00:00 PDT,1746766800,102.35,102.4,W,27,8,,74,5.6,10,,,32200,3,,8,,,10.9,9.8,0
2025-05-08 21:00:00 PDT,1746763200,102.33,102.38,W,27,10,,73,5.9,10.5,,,32200,3,,6,,,11.8,10.4,0
2025-05-08 20:00:00 PDT,1746759600,102.36,102.41,WSW,25,9,,75,7.6,11.9,,,32200,3,,8,,,12.9,11.9,0
2025-05-08 19:00:00 PDT,1746756000,102.4,102.45,WNW,30,9,,60,5.4,12.9,,,32200,3,,7,,,13.9,12.9,0
2025-05-08 18:00:00 PDT,1746752400,102.47,102.52,WNW,28,10,,55,4.9,13.8,,,32200,2.9,,7,,,14.2,13.6,0
2025-05-08 17:00:00 PDT,1746748800,102.53,102.58,WNW,28,12,,52,4.5,14.2,,,32200,2.8,,7,,,15.4,14.2,0
2025-05-08 16:00:00 PDT,1746745200,102.58,102.63,W,27,13,,52,5.4,15.1,,,32200,2.8,,7,,,15.3,13.6,0
2025-05-08 15:00:00 PDT,1746741600,102.63,102.68,WSW,24,18,,57,5.3,13.6,,,32200,2.7,,7,,,14.5,13.5,0
2025-05-08 14:00:00 PDT,1746738000,102.66,102.71,SW,21,21,,54,5.3,14.4,,,32200,2.6,,7,,,15.1,14.1,0
2025-05-08 13:00:00 PDT,1746734400,102.71,102.76,S,17,17,28,48,3.9,14.7,,,32200,2.6,,6,,,15.3,13.8,0
2025-05-08 12:00:00 PDT,1746730800,102.72,102.77,SSE,15,22,,48,3.9,14.8,,,32200,2.5,,4,,,14.9,13.4,0
2025-05-08 11:00:00 PDT,1746727200,102.72,102.77,SSE,15,11,,60,5.8,13.4,,,32200,2.5,,4,,,13.7,11.5,0
2025-05-08 10:00:00 PDT,1746723600,102.7,102.75,SE,12,8,,59,5.2,12.8,,,32200,2.4,,3,,,13.1,11,0
2025-05-08 09:00:00 PDT,1746720000,102.66,102.71,SE,14,6,,62,4.9,11.9,,,32200,2.4,,1,,,11.9,10.3,0
2025-05-08 08:00:00 PDT,1746716400,102.6,102.65,E,9,13,,68,4.8,10.3,,,32200,2.4,,1,,,10.3,8.2,0
2025-05-08 07:00:00 PDT,1746712800,102.51,102.56,E,9,16,,75,4.1,8.2,,,32200,2.4,,2,,,8.2,5.7,0
2025-05-08 06:00:00 PDT,1746709200,102.46,102.51,E,9,11,,82,2.9,5.8,,,32200,2.4,,1,,,8.9,5.7,0
2025-05-08 05:00:00 PDT,1746705600,102.43,102.48,SW,22,7,,68,2.8,8.4,,,32200,2.4,,2,,,9.4,8.4,0
2025-05-08 04:00:00 PDT,1746702000,102.37,102.42,SW,21,13,,67,3.4,9.2,,,32200,2.5,,4,,,9.7,9.2,0
2025-05-08 03:00:00 PDT,1746698400,102.28,102.33,SW,22,17,,60,2.2,9.6,,,32200,2.5,,2,,,10.3,9.6,0
2025-05-08 02:00:00 PDT,1746694800,102.2,102.25,SW,22,22,,57,1.7,9.9,,,32200,2.6,,3,,,10.3,9.8,0
2025-05-08 01:00:00 PDT,1746691200,102.1,102.15,WSW,23,28,37,54,1.5,10.2,,,32200,2.6,,2,,,10.7,10.1,0
2025-05-08 00:00:00 PDT,1746687600,101.97,102.02,WSW,24,31,38,55,1.7,10.3,,,32200,2.6,,1,,,10.7,10.1,0
2025-05-07 23:00:00 PDT,1746684000,101.88,101.93,WSW,24,30,39,50,0.7,10.7,,,32200,2.7,,1,,,11.8,10.7,0
2025-05-07 22:00:00 PDT,1746680400,101.76,101.81,WSW,24,34,,46,0.6,11.7,,,32200,2.8,,1,,,12.3,11.7,0
2025-05-07 21:00:00 PDT,1746676800,101.55,101.6,WSW,23,26,,54,3.3,12.3,,,32200,2.8,,1,,,13.9,12.3,0
2025-05-07 20:00:00 PDT,1746673200,101.42,101.47,SW,23,28,,50,3.8,13.9,,,48300,2.7,,2,,,15.2,13.8,0
2025-05-07 19:00:00 PDT,1746669600,101.34,101.39,SSW,19,26,38,48,4.5,15.3,,,48300,2.5,,2,,,17.1,15.3,0
2025-05-07 18:00:00 PDT,1746666000,101.33,101.38,S,18,18,34,63,9.6,16.5,,,48300,2.5,,8,,,18.4,16.3,0
2025-05-07 17:00:00 PDT,1746662400,101.32,101.37,SW,23,16,,67,11,17.1,,,48300,2.6,,6,,,17.4,16,0
2025-05-07 16:00:00 PDT,1746658800,101.34,101.39,WSW,24,10,,70,11.5,16.8,,,48300,2.7,,4,,,17.1,16.1,0
2025-05-07 15:00:00 PDT,1746655200,101.37,101.42,WSW,24,14,,75,11.6,16.1,,,48300,2.6,,5,,,16.3,15.6,0
2025-05-07 14:00:00 PDT,1746651600,101.39,101.44,WSW,23,13,,76,12.1,16.4,,,48300,2.5,,4,,,16.9,15.8,0
2025-05-07 13:00:00 PDT,1746648000,101.42,101.47,WNW,28,13,,72,11.3,16.4,,,48300,2.6,,6,,,17.1,15.7,0
2025-05-07 12:00:00 PDT,1746644400,101.43,101.48,WNW,29,8,,81,12.9,16.1,,,48300,2.5,,6,,,16.9,14.4,0
2025-05-07 11:00:00 PDT,1746640800,101.45,101.5,W,28,15,,85,12.1,14.6,,,48300,2.5,,6,,,15.6,13.7,0
2025-05-07 10:00:00 PDT,1746637200,101.43,101.48,WSW,23,11,,86,11.6,13.9,,,48300,2.4,,7,,,15,13.5,0
2025-05-07 09:00:00 PDT,1746633600,101.4,101.45,WSW,24,9,,79,10.3,13.7,,,40200,2.3,,7,,,13.8,12.8,0
2025-05-07 08:00:00 PDT,1746630000,101.35,101.4,SSW,20,8,,89,11.4,13.2,,,40200,2.2,,7,,,13.5,12.7,0.1
2025-05-07 07:00:00 PDT,1746626400,101.3,101.35,W,27,7,,92,11.5,12.7,,,40200,2.2,,7,,,13.5,12.7,0
2025-05-07 06:00:00 PDT,1746622800,101.23,101.28,ENE,7,4,,87,10.8,12.9,,,24100,2.3,,8,,,13.5,12.8,0.2
2025-05-07 05:00:00 PDT,1746619200,101.21,101.26,NE,4,11,,83,10.6,13.3,,,32200,2.4,,8,,,13.8,12.8,0.4
2025-05-07 04:00:00 PDT,1746615600,101.18,101.23,NW,32,7,,86,11.1,13.3,,,32200,2.6,,8,,,15.3,13,0.6
2025-05-07 03:00:00 PDT,1746612000,101.18,101.23,ESE,11,10,,76,10,14.2,,,32200,2.7,,8,,,17.1,14.2,0.5
2025-05-07 02:00:00 PDT,1746608400,101.12,101.17,SE,13,9,,70,9.7,15,,,32200,2.9,,8,,,16.5,14.8,0
2025-05-07 01:00:00 PDT,1746604800,101.08,101.13,WNW,29,13,,60,8.1,15.8,,,32200,3,,8,,,18,15.4,0
2025-05-07 00:00:00 PDT,1746601200,101.09,101.14,SSE,16,12,,61,8.2,15.6,,,32200,3.1,,8,,,18.4,15.6,0
2025-05-06 23:00:00 PDT,1746597600,101.06,101.11,E,8,8,,46,5.4,17.1,,,32200,3.1,,8,,,18.1,16.5,0
2025-05-06 22:00:00 PDT,1746594000,101.11,101.16,NE,4,8,,44,5.3,17.6,,,32200,3.3,,8,,,18.2,16.6,0
2025-05-06 21:00:00 PDT,1746590400,101.12,101.17,NNE,1,4,,42,4.8,17.9,,,32200,3.5,,8,,,18.1,15.9,0
2025-05-06 20:00:00 PDT,1746586800,101.15,101.2,W,28,10,,75,11.7,16.1,,,32200,3.4,,7,,,19.7,16.1,0
2025-05-06 19:00:00 PDT,1746583200,101.17,101.22,,,0,,47,7.6,19.2,,,32200,3.3,,6,,,19.8,18.9,0
2025-05-06 18:00:00 PDT,1746579600,101.25,101.3,NW,30,7,,56,10.1,19,,,48300,3.2,,8,,,19.2,17.8,0
2025-05-06 17:00:00 PDT,1746576000,101.35,101.4,WSW,24,9,,60,10,17.8,,,48300,3.2,,8,,,18.4,17.7,0
2025-05-06 16:00:00 PDT,1746572400,101.42,101.47,SW,22,16,,61,10.5,17.9,,,48300,3.1,,7,,,19.8,17.7,0
2025-05-06 15:00:00 PDT,1746568800,101.51,101.56,SW,23,14,,58,9.9,18.1,,,48300,2.9,,7,,,19.4,17.8,0
2025-05-06 14:00:00 PDT,1746565200,101.59,101.64,SW,23,10,,60,10.8,18.6,,,48300,2.8,,6,,,19.6,17.8,0
2025-05-06 13:00:00 PDT,1746561600,101.69,101.74,WSW,25,9,,62,10.6,17.8,,,48300,2.7,,6,,,18.2,15.8,0
2025-05-06 12:00:00 PDT,1746558000,101.78,101.83,SW,23,15,,77,11.6,15.6,,,48300,2.6,,5,,,16.5,15.6,0
2025-05-06 11:00:00 PDT,1746554400,101.83,101.88,WSW,24,11,,67,10.4,16.4,,,48300,2.4,,5,,,17.7,15.4,0
2025-05-06 10:00:00 PDT,1746550800,101.87,101.92,WSW,24,10,,68,9.8,15.6,,,48300,2.3,,1,,,15.8,15.1,0
2025-05-06 09:00:00 PDT,1746547200,101.92,101.97,ESE,12,5,,57,7.1,15.4,,,48300,2.2,,1,,,15.4,13.8,0
2025-05-06 08:00:00 PDT,1746543600,101.94,101.99,ESE,10,10,,65,7.3,13.7,,,48300,2.1,,1,,,13.7,10.8,0
2025-05-06 07:00:00 PDT,1746540000,101.94,101.99,,,0,,81,7.4,10.6,,,48300,2,,1,,,10.6,7.8,0
2025-05-06 06:00:00 PDT,1746536400,101.95,102,NE,4,3,,86,5.9,8,,,32200,2,,1,,,10,8,0
2025-05-06 05:00:00 PDT,1746532800,102,102.05,E,8,9,,86,6,8.2,,,32200,2.1,,1,,,10.5,8.1,0
2025-05-06 04:00:00 PDT,1746529200,102.04,102.09,,,0,,89,8.7,10.4,,,32200,2.1,,1,,,10.7,7.2,0
2025-05-06 03:00:00 PDT,1746525600,102.04,102.09,SE,12,4,,82,7.7,10.7,,,32200,2.3,,2,,,11.1,8.2,0
2025-05-06 02:00:00 PDT,1746522000,102.08,102.13,N,35,4,,87,7.2,9.2,,,32200,2.4,,2,,,12.1,8,0
2025-05-06 01:00:00 PDT,1746518400,102.09,102.14,NNE,2,3,,81,7.7,10.8,,,32200,2.6,,1,,,11.1,8.5,0
2025-05-06 00:00:00 PDT,1746514800,102.12,102.17,NNW,34,4,,88,7,8.9,,,32200,2.6,,1,,,12.5,8.1,0
2025-05-05 23:00:00 PDT,1746511200,102.13,102.18,S,18,3,,74,7.9,12.3,,,32200,2.7,,1,,,12.6,11.1,0
2025-05-05 22:00:00 PDT,1746507600,102.16,102.21,,,0,,78,7.9,11.7,,,32200,2.8,,1,,,12.8,11,0
2025-05-05 21:00:00 PDT,1746504000,102.13,102.18,W,26,6,,71,6.9,12,,,32200,2.8,,1,,,13.1,11.4,0
2025-05-05 20:00:00 PDT,1746500400,102.14,102.19,WSW,24,9,,75,8.4,12.8,,,48300,2.7,,4,,,15.2,12.8,0
2025-05-05 19:00:00 PDT,1746496800,102.16,102.21,W,27,9,,64,8.2,15,,,48300,2.8,,7,,,15.9,14.8,0
2025-05-05 18:00:00 PDT,1746493200,102.22,102.27,WNW,29,15,,59,7.7,15.7,,,48300,2.7,,5,,,16.2,15.5,0
2025-05-05 17:00:00 PDT,1746489600,102.27,102.32,W,27,12,,56,7.2,15.8,,,48300,2.7,,5,,,16.2,15.3,0
2025-05-05 16:00:00 PDT,1746486000,102.35,102.4,W,26,16,,56,7,15.8,,,48300,2.6,,3,,,16.4,14.7,0
2025-05-05 15:00:00 PDT,1746482400,102.4,102.45,WSW,24,11,,57,7.1,15.5,,,48300,2.6,,5,,,16.5,14.4,0
2025-05-05 14:00:00 PDT,1746478800,102.49,102.54,W,26,11,,58,7.3,15.4,,,48300,2.5,,5,,,15.4,13.8,0
2025-05-05 13:00:00 PDT,1746475200,102.56,102.61,WSW,25,14,,61,6.9,14.1,,,48300,2.4,,5,,,14.4,13.1,0
2025-05-05 12:00:00 PDT,1746471600,102.6,102.65,WSW,25,10,,60,5.6,13.1,,,48300,2.4,,5,,,14.3,12.4,0
2025-05-05 11:00:00 PDT,1746468000,102.65,102.7,W,26,11,,65,6.4,12.7,,,48300,2.3,,6,,,13.1,11.7,0
2025-05-05 10:00:00 PDT,1746464400,102.64,102.69,W,26,11,,68,6.6,12.4,,,,2,,,,,12.6,12.1,0
2025-05-05 09:00:00 PDT,1746460800,102.68,102.73,WSW,23,8,,60,4.8,12.4,,,48300,2,,1,,,12.6,11.1,0
2025-05-05 08:00:00 PDT,1746457200,102.68,102.73,,,0,,56,2.5,10.9,,,48300,1.9,,1,,,11.1,9.7,0
2025-05-05 07:00:00 PDT,1746453600,102.67,102.72,SSE,15,5,,66,3.7,9.7,,,48300,1.9,,2,,,9.8,7.8,0
2025-05-05 06:00:00 PDT,1746450000,102.63,102.68,ESE,11,6,,79,4.4,7.8,,,32200,1.8,,7,,,8.3,7.5,0
2025-05-05 05:00:00 PDT,1746446400,102.63,102.68,E,8,5,,73,3.6,8,,,32200,1.9,,7,,,8.1,5.6,0
2025-05-05 04:00:00 PDT,1746442800,102.61,102.66,ESE,10,11,,79,2.6,6,,,32200,2,,1,,,7.5,5.7,0
2025-05-05 03:00:00 PDT,1746439200,102.58,102.63,E,8,7,,69,2.2,7.5,,,32200,2,,1,,,8.6,6.8,0
2025-05-05 02:00:00 PDT,1746435600,102.55,102.6,NE,4,8,,69,2.8,8.2,,,32200,2.1,,0,,,9.2,7.7,0
2025-05-05 01:00:00 PDT,1746432000,102.52,102.57,ENE,7,7,,68,3.7,9.3,,,32200,2.1,,0,,,10.7,7.3,0
2025-05-05 00:00:00 PDT,1746428400,102.5,102.55,ENE,5,4,,67,4.5,10.2,,,32200,2.2,,0,,,10.2,8.9,0
2025-05-04 23:00:00 PDT,1746424800,102.46,102.51,ESE,11,6,,66,4.2,10.2,,,32200,2.3,,0,,,10.8,9.1,0
2025-05-04 22:00:00 PDT,1746421200,102.45,102.5,SW,21,3,,63,4.8,11.6,,,32200,2.4,,1,,,11.6,9.9,0
2025-05-04 21:00:00 PDT,1746417600,102.41,102.46,W,27,4,,70,5,10.3,,,32200,2.5,,1,,,11.9,9.9,0
2025-05-04 20:00:00 PDT,1746414000,102.38,102.43,SW,23,11,,66,5.8,11.9,,,32200,2.4,,1,,,13.4,11.9,0
2025-05-04 19:00:00 PDT,1746410400,102.35,102.4,WSW,25,13,,58,5.3,13.4,,,32200,2.4,,0,,,14.1,13.4,0
2025-05-04 18:00:00 PDT,1746406800,102.37,102.42,W,27,16,,54,4.8,13.9,,,32200,2.4,,2,,,14.7,13.7,0
2025-05-04 17:00:00 PDT,1746403200,102.36,102.41,WSW,25,17,,55,5.3,14.3,,,32200,2.4,,1,,,15.2,13.9,0
2025-05-04 16:00:00 PDT,1746399600,102.4,102.45,WNW,28,20,,53,5.6,14.9,,,32200,2.3,,1,,,15.2,14.2,0
2025-05-04 15:00:00 PDT,1746396000,102.42,102.47,WNW,29,21,,55,5.4,14.3,,,32200,2.2,,1,,,14.7,13.5,0
2025-05-04 14:00:00 PDT,1746392400,102.44,102.49,W,27,26,,64,7.2,13.8,,,32200,2.1,,1,,,14,13.2,0
2025-05-04 13:00:00 PDT,1746388800,102.41,102.46,WNW,29,28,,64,6.7,13.3,,,32200,2,,1,,,13.6,12.8,0
2025-05-04 12:00:00 PDT,1746385200,102.42,102.47,WNW,28,26,,64,6.5,13.1,,,32200,2,,2,,,13.2,12.2,0
2025-05-04 11:00:00 PDT,1746381600,102.39,102.44,WNW,28,24,,67,6.7,12.5,,,32200,1.9,,2,,,12.8,11.6,0
2025-05-04 10:00:00 PDT,1746378000,102.36,102.41,WNW,29,20,,67,6.1,11.9,,,32200,1.8,,1,,,11.9,10.6,0
2025-05-04 09:00:00 PDT,1746374400,102.38,102.43,WNW,30,22,,69,5.4,10.8,,,32200,1.8,,1,,,11,9.9,0
2025-05-04 08:00:00 PDT,1746370800,102.34,102.39,NW,31,20,32,72,5.2,9.9,,,32200,1.7,,1,,,9.9,9,0
2025-05-04 07:00:00 PDT,1746367200,102.29,102.34,NW,31,21,,80,5.7,9,,,32200,1.7,,1,,,9,6.7,0
2025-05-04 06:00:00 PDT,1746363600,102.27,102.32,N,35,11,,80,3.8,7,,,32200,1.8,,1,,,8.3,6.2,0
2025-05-04 05:00:00 PDT,1746360000,102.24,102.29,NW,31,22,34,79,5,8.3,,,32200,1.9,,1,,,8.7,8.1,0
2025-05-04 04:00:00 PDT,1746356400,102.2,102.25,NW,31,21,,85,5.8,8.2,,,32200,2,,2,,,8.9,8,0
2025-05-04 03:00:00 PDT,1746352800,102.16,102.21,NW,31,21,,81,5.9,8.8,,,32200,2.1,,3,,,9.9,8.4,0
2025-05-04 02:00:00 PDT,1746349200,102.11,102.16,NW,30,16,,78,5.8,9.3,,,,2.1,,,,,11.1,9.3,0
2025-05-04 01:00:00 PDT,1746345600,102.08,102.13,WNW,28,27,,72,5.1,9.8,,,32200,2.2,,0,,,10,9.7,0
2025-05-04 00:00:00 PDT,1746342000,102.06,102.11,WNW,29,22,34,75,5.5,9.7,,,32200,2.2,,0,,,10.2,9.7,0
2025-05-03 23:00:00 PDT,1746338400,102.02,102.07,WNW,29,24,34,73,5.5,10.1,,,32200,2.2,,0,,,10.4,9.9,0
2025-05-03 22:00:00 PDT,1746334800,102.02,102.07,W,26,20,,71,5.3,10.3,,,32200,2.3,,1,,,10.5,9.4,0
2025-05-03 21:00:00 PDT,1746331200,102,102.05,WNW,28,19,,72,4.7,9.5,,,32200,2.4,,2,,,9.9,9,0
2025-05-03 20:00:00 PDT,1746327600,101.97,102.02,WNW,29,13,,72,5,9.8,,,32200,2.4,,2,,,11.9,9.8,0
2025-05-03 19:00:00 PDT,1746324000,101.98,102.03,WNW,28,21,31,63,5.3,12.1,,,32200,2.4,,3,,,12.8,12.1,0
2025-05-03 18:00:00 PDT,1746320400,101.98,102.03,WSW,24,17,,56,4.2,12.7,,,32200,2.4,,4,,,13.4,12.4,0
2025-05-03 17:00:00 PDT,1746316800,101.94,101.99,SW,22,20,,54,4.5,13.5,,,32200,2.4,,7,,,13.9,12.6,0
2025-05-03 16:00:00 PDT,1746313200,101.96,102.01,SW,23,16,,60,5.3,12.9,,,32200,2.4,,6,,,13.6,12.4,0
2025-05-03 15:00:00 PDT,1746309600,101.94,101.99,SSW,20,18,,59,5,12.8,,,32200,2.3,,6,,,14,12.3,0
2025-05-03 14:00:00 PDT,1746306000,101.9,101.95,SW,22,10,,59,5.3,12.9,,,32200,2.3,,3,,,13.3,12.2,0
2025-05-03 13:00:00 PDT,1746302400,101.9,101.95,SW,23,11,,61,5.2,12.4,,,32200,2.2,,3,,,13,12.2,0
2025-05-03 12:00:00 PDT,1746298800,101.9,101.95,W,26,16,,66,6.5,12.6,,,32200,2.2,,3,,,12.9,12,0
2025-05-03 11:00:00 PDT,1746295200,101.86,101.91,W,26,21,,66,6,12,,,32200,2.1,,4,,,12.4,11.2,0
2025-05-03 10:00:00 PDT,1746291600,101.82,101.87,W,26,27,,70,6.2,11.5,,,32200,2.1,,6,,,11.5,10.3,0
2025-05-03 09:00:00 PDT,1746288000,101.77,101.82,W,26,28,,71,5.4,10.4,,,32200,2.2,,5,,,11.4,10.2,0
2025-05-03 08:00:00 PDT,1746284400,101.73,101.78,W,26,31,,72,5.5,10.2,,,32200,2.1,,8,,,10.5,9.8,0
2025-05-03 07:00:00 PDT,1746280800,101.65,101.7,WSW,25,30,,77,6.2,9.9,,,32200,2.2,,6,,,9.9,9.3,0
2025-05-03 06:00:00 PDT,1746277200,101.6,101.65,W,26,37,47,79,6,9.4,,,32200,2.2,,5,,,9.7,9.3,0
2025-05-03 05:00:00 PDT,1746273600,101.52,101.57,W,27,37,48,80,6.4,9.6,,,24100,2.2,,8,,,10,9.6,0
2025-05-03 04:00:00 PDT,1746270000,101.49,101.54,W,27,35,,81,6.9,9.9,,,22500,2,,8,,,10.1,9.9,0
2025-05-03 03:00:00 PDT,1746266400,101.49,101.54,W,27,34,44,88,8.2,10.1,,,16100,1.8,,8,,,10.2,10,0.3
2025-05-03 02:00:00 PDT,1746262800,101.46,101.51,W,27,27,36,93,9,10.1,,,16100,1.6,,8,,,11.9,10.1,1.1
2025-05-03 01:00:00 PDT,1746259200,101.41,101.46,SSE,16,16,,97,11.3,11.9,,,16100,1.6,,8,,,12.5,11.8,0.2
2025-05-03 00:00:00 PDT,1746255600,101.38,101.43,SE,13,9,,95,11.6,12.4,,,24100,1.7,,8,,,12.7,12.2,0.1
2025-05-02 23:00:00 PDT,1746252000,101.39,101.44,SSE,15,13,,97,12.1,12.6,,,24100,1.9,,8,,,12.7,12.4,0.5
2025-05-02 22:00:00 PDT,1746248400,101.35,101.4,E,9,11,,90,11.1,12.6,,,20900,1.9,,8,,,12.8,12.4,0.6
2025-05-02 21:00:00 PDT,1746244800,101.34,101.39,NW,32,9,,94,11.4,12.4,,,20900,2.1,,8,,,13.2,12.4,1.2
2025-05-02 20:00:00 PDT,1746241200,101.31,101.36,WNW,28,14,,88,11.4,13.2,,,24100,2.5,,8,,,15,13.2,0
2025-05-02 19:00:00 PDT,1746237600,101.24,101.29,WNW,29,21,,77,10.9,14.9,,,32200,2.8,,8,,,16.6,14.8,0
2025-05-02 18:00:00 PDT,1746234000,101.22,101.27,W,28,21,30,77,11.9,15.9,,,32200,3,,2,,,17.2,15.9,0
2025-05-02 17:00:00 PDT,1746230400,101.15,101.2,WSW,24,24,,71,11.6,16.9,,,32200,3.1,,2,,,21.2,16.9,0
2025-05-02 16:00:00 PDT,1746226800,101.1,101.15,SSW,19,21,,44,8.8,21.2,,,32200,3.2,,1,,,22.2,21.2,0
2025-05-02 15:00:00 PDT,1746223200,101.09,101.14,SSW,19,16,,45,9.8,22.1,,,32200,3.2,,2,,,22.4,21.3,0
2025-05-02 14:00:00 PDT,1746219600,101.11,101.16,SE,12,13,,42,8.3,21.4,,,32200,2.9,,1,,,21.4,20.2,0
2025-05-02 13:00:00 PDT,1746216000,101.13,101.18,SE,13,17,,46,8.5,20.2,,,32200,2.8,,2,,,20.5,19.2,0
2025-05-02 12:00:00 PDT,1746212400,101.14,101.19,SE,13,22,,54,9.9,19.2,,,32200,2.6,,2,,,19.5,18.1,0
2025-05-02 11:00:00 PDT,1746208800,101.14,101.19,ESE,12,21,,59,10.5,18.5,,,32200,2.4,,1,,,18.6,17.7,0
2025-05-02 10:00:00 PDT,1746205200,101.13,101.18,ESE,11,22,,62,10.7,18,,,32200,2.4,,0,,,18,15.8,0
2025-05-02 09:00:00 PDT,1746201600,101.12,101.17,E,8,18,,68,9.9,15.7,,,32200,2.4,,0,,,15.8,13.8,0
2025-05-02 08:00:00 PDT,1746198000,101.12,101.17,E,9,13,,80,10.4,13.7,,,32200,2.4,,0,,,13.7,11.7,0
2025-05-02 07:00:00 PDT,1746194400,101.09,101.14,E,9,8,,91,10.2,11.6,,,32200,2.3,,0,,,11.6,9,0
2025-05-02 06:00:00 PDT,1746190800,101.03,101.08,E,8,9,,92,8.4,9.7,,,24100,2.3,,0,,,10.2,8.8,0
2025-05-02 05:00:00 PDT,1746187200,101.06,101.11,ESE,11,7,,87,7.7,9.6,,,32200,2.4,,0,,,10.6,8.5,0
2025-05-02 04:00:00 PDT,1746183600,101.06,101.11,S,17,9,,80,5.8,9,,,32200,2.5,,0,,,10.8,8.6,0
2025-05-02 03:00:00 PDT,1746180000,101.03,101.08,ESE,12,8,,81,5.9,9.1,,,32200,2.7,,0,,,12,9.1,0
2025-05-02 02:00:00 PDT,1746176400,101.07,101.12,SE,13,3,,82,8.9,11.8,,,32200,2.9,,0,,,12.7,10.8,0
2025-05-02 01:00:00 PDT,1746172800,101.09,101.14,SE,13,4,,70,7.1,12.4,,,32200,3.1,,0,,,15.2,11.5,0
2025-05-02 00:00:00 PDT,1746169200,101.08,101.13,WNW,30,4,,73,7.3,11.9,,,32200,3.3,,0,,,15.9,10.9,0
2025-05-01 23:00:00 PDT,1746165600,101.09,101.14,,,0,,66,7.4,13.5,,,32200,3.3,,0,,,14.3,10.9,0
2025-05-01 22:00:00 PDT,1746162000,101.1,101.15,NNW,32,5,,73,7.5,12.2,,,32200,3.4,,0,,,13.6,9.9,0
2025-05-01 21:00:00 PDT,1746158400,101.12,101.17,N,35,9,,78,9.3,12.9,,,32200,3.5,,0,,,13.7,12,0
2025-05-01 20:00:00 PDT,1746154800,101.12,101.17,NW,31,10,,89,11.8,13.5,,,32200,3.4,,0,,,16.4,13.5,0
2025-05-01 19:00:00 PDT,1746151200,101.18,101.23,WSW,25,10,,69,10.9,16.4,,,32200,3.2,,0,,,18,16.4,0
2025-05-01 18:00:00 PDT,1746147600,101.25,101.3,WNW,28,9,,61,10.5,18.1,,,32200,3.1,,0,,,18.5,18,0
2025-05-01 17:00:00 PDT,1746144000,101.33,101.38,WNW,28,12,,61,10.6,18.3,,,32200,3,,0,,,18.4,17.9,0
2025-05-01 16:00:00 PDT,1746140400,101.41,101.46,WNW,28,13,,61,10.4,18,,,32200,2.9,,0,,,18,17.3,0
2025-05-01 15:00:00 PDT,1746136800,101.52,101.57,W,27,10,,57,8.9,17.4,,,32200,2.8,,0,,,17.5,16.5,0
2025-05-01 14:00:00 PDT,1746133200,101.6,101.65,WNW,29,9,,73,11.8,16.6,,,32200,2.8,,0,,,16.6,14.4,0
2025-05-01 13:00:00 PDT,1746129600,101.68,101.73,WSW,24,13,,73,9.7,14.5,,,32200,2.6,,0,,,14.7,13.5,0
2025-05-01 12:00:00 PDT,1746126000,101.75,101.8,WSW,24,13,,78,10.3,14.1,,,32200,2.4,,0,,,14.4,13.6,0
2025-05-01 11:00:00 PDT,1746122400,101.78,101.83,WSW,24,11,,77,9.7,13.6,,,32200,2.2,,0,,,13.7,13.1,0
2025-05-01 10:00:00 PDT,1746118800,101.8,101.85,WSW,25,10,,80,10.2,13.4,,,32200,2,,0,,,14,12.8,0
2025-05-01 09:00:00 PDT,1746115200,101.85,101.9,E,10,4,,75,8.7,13,,,32200,2,,0,,,13,11.1,0
2025-05-01 08:00:00 PDT,1746111600,101.9,101.95,SSE,15,5,,84,8.5,11,,,32200,1.6,,0,,,11,9,0
2025-05-01 07:00:00 PDT,1746108000,101.9,101.95,NE,4,4,,90,7.3,8.9,,,32200,1.6,,0,,,8.9,6,0
2025-05-01 06:00:00 PDT,1746104400,101.91,101.96,NE,3,4,,96,6,6.5,,,32200,1.7,,0,,,7.3,5.3,0
2025-05-01 05:00:00 PDT,1746100800,101.95,102,N,1,7,,95,4.5,5.2,,,32200,1.9,,0,,,8.7,5.2,0
2025-05-01 04:00:00 PDT,1746097200,101.97,102.02,ENE,7,8,,91,6.4,7.7,,,32200,2,,0,,,8.9,7,0
2025-05-01 03:00:00 PDT,1746093600,101.98,102.03,,,0,,94,6.6,7.5,,,32200,2.1,,0,,,9,7,0
2025-05-01 02:00:00 PDT,1746090000,102,102.05,,7,0,,88,6.5,8.4,,,32200,1,,0,,,10.2,8.2,0
2025-05-01 01:00:00 PDT,1746086400,102.02,102.07,,,0,,80,6.4,9.6,,,32200,,,0,,,11.1,8.8,0
2025-05-01 00:00:00 PDT,1746082800,102.01,102.06,SSW,20,8,,79,6.9,10.3,,,32200,2.5,,0,,,10.9,8.8,0
2025-04-30 23:00:00 PDT,1746079200,102,102.05,NNE,2,7,,72,5.8,10.6,,,32200,2.7,,0,,,12,9.5,0
2025-04-30 22:00:00 PDT,1746075600,102.02,102.07,NNE,1,7,,78,6.1,9.7,,,32200,2.9,,0,,,11.9,9.7,0
2025-04-30 21:00:00 PDT,1746072000,102.02,102.07,,,0,,75,7.2,11.4,,,32200,2.9,,0,,,11.4,9.8,0
2025-04-30 20:00:00 PDT,1746068400,102.02,102.07,WNW,29,12,,87,9.2,11.3,,,48300,2.9,,1,,,13.8,11.3,0
2025-04-30 19:00:00 PDT,1746064800,102.03,102.08,WNW,29,8,,72,8.8,13.8,,,48300,2.9,,1,,,14.6,13.8,0
2025-04-30 18:00:00 PDT,1746061200,102.08,102.13,WNW,29,10,,70,9.3,14.7,,,48300,2.8,,6,,,15.1,14.5,0
2025-04-30 17:00:00 PDT,1746057600,102.12,102.17,WSW,25,10,,58,6.6,14.8,,,48300,2.7,,7,,,14.9,14.2,0
2025-04-30 16:00:00 PDT,1746054000,102.17,102.22,WSW,25,10,,68,8.5,14.2,,,48300,2.6,,8,,,14.6,13.9,0
2025-04-30 15:00:00 PDT,1746050400,102.22,102.27,WSW,25,10,,76,10.2,14.3,,,48300,2.5,,8,,,14.3,13.1,0
2025-04-30 14:00:00 PDT,1746046800,102.3,102.35,WSW,25,13,,76,9.1,13.2,,,48300,2.5,,8,,,13.8,12.8,0
2025-04-30 13:00:00 PDT,1746043200,102.32,102.37,WSW,25,16,,80,9.4,12.8,,,48300,2.3,,6,,,13.6,12.7,0
2025-04-30 12:00:00 PDT,1746039600,102.36,102.41,SW,22,16,,81,9.7,12.9,,,48300,2.3,,4,,,13.5,12.6,0
2025-04-30 11:00:00 PDT,1746036000,102.38,102.43,,16,0,,73,8.4,13.1,,,48300,2.3,,5,,,13.2,11.6,0
2025-04-30 10:00:00 PDT,1746032400,102.39,102.44,SE,13,13,,75,8.2,12.4,,,48300,2.2,,7,,,12.5,11.2,0
2025-04-30 09:00:00 PDT,1746028800,102.39,102.44,SE,12,14,,78,7.6,11.3,,,48300,2.2,,6,,,11.3,10.1,0
2025-04-30 08:00:00 PDT,1746025200,102.39,102.44,E,8,14,,82,7.3,10.2,,,48300,2.1,,5,,,10.2,9.3,0
2025-04-30 07:00:00 PDT,1746021600,102.36,102.41,E,9,13,,87,7.2,9.3,,,48300,2,,7,,,9.3,7.7,0
2025-04-30 06:00:00 PDT,1746018000,102.36,102.41,E,8,14,,91,6.1,7.5,,,32200,2,,6,,,8.3,7,0
2025-04-30 05:00:00 PDT,1746014400,102.35,102.4,E,8,8,,88,6.3,8.2,,,32200,2,,7,,,8.2,7.1,0
2025-04-30 04:00:00 PDT,1746010800,102.28,102.33,E,9,17,,91,6.6,8,,,32200,2.1,,3,,,8.4,8,0
2025-04-30 03:00:00 PDT,1746007200,102.28,102.33,E,9,18,,90,6.9,8.4,,,32200,2.1,,6,,,8.6,8,0
2025-04-30 02:00:00 PDT,1746003600,102.29,102.34,E,9,13,,90,6.5,8,,,32200,2.2,,7,,,9.1,7.8,0
2025-04-30 01:00:00 PDT,1746000000,102.28,102.33,E,9,16,,90,7,8.5,,,32200,2.3,,6,,,9.8,8.5,0
2025-04-30 00:00:00 PDT,1745996400,102.23,102.28,E,9,14,,86,7.6,9.9,,,32200,2.3,,7,,,10.3,9.8,0
2025-04-29 23:00:00 PDT,1745992800,102.21,102.26,E,9,13,,85,7.4,9.8,,,32200,2.4,,7,,,10.4,9.6,0
2025-04-29 22:00:00 PDT,1745989200,102.19,102.24,ESE,11,8,,84,7.7,10.1,,,32200,2.5,,7,,,11,9.7,0
2025-04-29 21:00:00 PDT,1745985600,102.15,102.2,SSE,16,9,,78,7.1,10.8,,,32200,2.5,,4,,,11.9,10.8,0
2025-04-29 20:00:00 PDT,1745982000,102.1,102.15,SSW,19,7,,77,7.7,11.5,,,48300,2.4,,4,,,12.9,11.5,0
2025-04-29 19:00:00 PDT,1745978400,102.06,102.11,SW,21,10,,73,8.1,12.8,,,48300,2.4,,2,,,13.2,12.8,0
2025-04-29 18:00:00 PDT,1745974800,102.09,102.14,SW,22,12,,73,8.4,13.2,,,48300,2.4,,5,,,14.1,13.2,0
2025-04-29 17:00:00 PDT,1745971200,102.07,102.12,WSW,24,12,,75,9.2,13.5,,,48300,2.4,,3,,,14.1,13.4,0
2025-04-29 16:00:00 PDT,1745967600,102.09,102.14,WSW,25,13,,79,10.5,14,,,48300,2.3,,4,,,14.2,13.5,0
2025-04-29 15:00:00 PDT,1745964000,102.11,102.16,W,27,14,,77,10.1,14,,,48300,2.2,,4,,,14.5,13.6,0
2025-04-29 14:00:00 PDT,1745960400,102.08,102.13,W,27,19,,80,10.5,13.7,,,48300,2,,5,,,14.5,13.4,0
2025-04-29 13:00:00 PDT,1745956800,102.08,102.13,W,27,22,,80,10.9,14.3,,,40200,2,,5,,,14.4,13.1,0
2025-04-29 12:00:00 PDT,1745953200,102.09,102.14,WSW,24,13,,86,10.5,12.8,,,40200,1.9,,6,,,12.8,12.1,0
2025-04-29 11:00:00 PDT,1745949600,102.08,102.13,SW,22,12,,86,10.2,12.5,,,32200,1.9,,8,,,13.8,12.5,0
2025-04-29 10:00:00 PDT,1745946000,102.07,102.12,ESE,11,9,,83,10.3,13.2,,,32200,1.9,,8,,,13.2,11,0
2025-04-29 09:00:00 PDT,1745942400,102.09,102.14,SSE,14,3,,88,9.3,11.2,,,32200,1.8,,8,,,11.2,10.4,0
2025-04-29 08:00:00 PDT,1745938800,102.07,102.12,ESE,11,8,,93,9.3,10.4,,,32200,1.7,,8,,,10.4,10.1,0
2025-04-29 07:00:00 PDT,1745935200,102.04,102.09,ESE,10,8,,94,9.1,10.1,,,24100,1.7,,8,,,10.1,9.1,0
2025-04-29 06:00:00 PDT,1745931600,101.99,102.04,ESE,10,13,,96,8.5,9.1,,,24100,1.6,,8,,,9.9,9.1,0
2025-04-29 05:00:00 PDT,1745928000,102.04,102.09,ESE,10,9,,95,9.1,9.8,,,24100,1.7,,8,,,9.9,9.7,0
2025-04-29 04:00:00 PDT,1745924400,102.09,102.14,SE,14,11,,94,9.1,9.9,,,24100,1.7,,8,,,10,9.9,0
2025-04-29 03:00:00 PDT,1745920800,102.12,102.17,SE,13,7,,95,9.2,9.9,,,24100,1.8,,8,,,10.1,9.9,0
2025-04-29 02:00:00 PDT,1745917200,102.11,102.16,ESE,11,12,,95,9.2,9.9,,,24100,1.9,,8,,,10,9.9,0
2025-04-29 01:00:00 PDT,1745913600,102.16,102.21,ESE,11,14,,95,9.4,10.1,,,24100,2,,8,,,10.1,9.8,0
2025-04-29 00:00:00 PDT,1745910000,102.2,102.25,ESE,11,14,,95,9,9.8,,,24100,2.1,,8,,,9.9,9.7,0
2025-04-28 23:00:00 PDT,1745906400,102.26,102.31,SE,12,12,,94,8.8,9.8,,,32200,2.1,,8,,,9.9,9.7,0
2025-04-28 22:00:00 PDT,1745902800,102.28,102.33,ESE,10,14,,94,8.8,9.7,,,32200,2.2,,8,,,9.9,9.7,0
2025-04-28 21:00:00 PDT,1745899200,102.29,102.34,ESE,11,18,,90,8.3,9.9,,,32200,2.2,,8,,,9.9,9.8,0
2025-04-28 20:00:00 PDT,1745895600,102.3,102.35,ESE,12,15,,91,8.4,9.8,,,24100,2.1,,8,,,10.2,9.8,0
2025-04-28 19:00:00 PDT,1745892000,102.33,102.38,SE,12,15,,90,8.7,10.2,,,24100,2.1,,8,,,10.4,10.2,0
2025-04-28 18:00:00 PDT,1745888400,102.37,102.42,ESE,12,16,,91,9,10.3,,,24100,2.2,,8,,,10.4,10,0
2025-04-28 17:00:00 PDT,1745884800,102.41,102.46,SSE,15,18,,92,8.8,10.1,,,16100,2.3,,8,,,10.3,10,0.1
2025-04-28 16:00:00 PDT,1745881200,102.43,102.48,SSE,15,16,,95,9.4,10.2,,,16100,2.3,,8,,,10.3,10,1.7
2025-04-28 15:00:00 PDT,1745877600,102.48,102.53,SE,13,15,,93,9.1,10.1,,,16100,2.3,,8,,,10.5,10,2.6
2025-04-28 14:00:00 PDT,1745874000,102.48,102.53,SE,13,16,,91,8.9,10.4,,,16100,2.3,,8,,,11.1,10.4,0.9
2025-04-28 13:00:00 PDT,1745870400,102.47,102.52,SE,12,16,,88,8.9,10.8,,,16100,2.2,,8,,,10.9,10.6,0.4
2025-04-28 12:00:00 PDT,1745866800,102.43,102.48,SE,13,22,,85,8.4,10.8,,,32200,2.2,,8,,,11.1,10.7,0.1
2025-04-28 11:00:00 PDT,1745863200,102.41,102.46,ESE,11,21,,83,8.2,10.9,,,32200,2.3,,8,,,11.3,10.7,0
2025-04-28 10:00:00 PDT,1745859600,102.38,102.43,SE,13,18,,81,7.5,10.7,,,24100,2.3,,8,,,10.7,10.2,0
2025-04-28 09:00:00 PDT,1745856000,102.37,102.42,ESE,11,20,,80,7.1,10.4,,,40200,2.3,,8,,,10.4,9.9,0
2025-04-28 08:00:00 PDT,1745852400,102.34,102.39,SE,12,19,30,83,7.2,10,,,40200,2.2,,8,,,10.1,9.8,0
2025-04-28 07:00:00 PDT,1745848800,102.27,102.32,ESE,11,26,,84,7.2,9.8,,,40200,2.2,,8,,,9.8,9.6,0
2025-04-28 06:00:00 PDT,1745845200,102.23,102.28,E,10,23,33,84,7.2,9.7,,,32200,2.2,,8,,,9.9,9.5,0
2025-04-28 05:00:00 PDT,1745841600,102.21,102.26,ESE,10,21,,82,7,10,,,32200,2.2,,8,,,10.2,10,0
2025-04-28 04:00:00 PDT,1745838000,102.19,102.24,ESE,10,22,32,82,7.2,10.2,,,32200,2.3,,8,,,10.4,10,0
2025-04-28 03:00:00 PDT,1745834400,102.17,102.22,E,9,23,,80,7.2,10.4,,,32200,2.3,,7,,,10.9,10.4,0
2025-04-28 02:00:00 PDT,1745830800,102.14,102.19,E,9,21,,77,6.9,10.7,,,32200,2.4,,6,,,11.1,10.2,0
2025-04-28 01:00:00 PDT,1745827200,102.1,102.15,E,8,18,,73,6.5,11.1,,,32200,2.4,,1,,,11.5,11,0
2025-04-28 00:00:00 PDT,1745823600,102.07,102.12,E,8,17,,72,6.6,11.6,,,32200,2.5,,5,,,11.9,10.9,0
2025-04-27 23:00:00 PDT,1745820000,102.02,102.07,E,9,19,,78,7.4,11.2,,,32200,2.6,,6,,,11.2,10.2,0
2025-04-27 22:00:00 PDT,1745816400,101.98,102.03,E,9,18,,78,7,10.7,,,32200,2.6,,0,,,11.4,10.3,0
2025-04-27 21:00:00 PDT,1745812800,101.91,101.96,ESE,11,12,,75,7.2,11.4,,,32200,2.6,,0,,,12.5,11.1,0
2025-04-27 20:00:00 PDT,1745809200,101.83,101.88,SSE,15,12,,68,6.7,12.4,,,32200,2.8,,1,,,14.2,12.4,0
2025-04-27 19:00:00 PDT,1745805600,101.79,101.84,S,18,12,,61,6.8,14.2,,,32200,2.8,,2,,,14.4,14.1,0
2025-04-27 18:00:00 PDT,1745802000,101.76,101.81,SSW,20,14,,61,7.1,14.4,,,32200,2.8,,1,,,14.9,14.3,0
2025-04-27 17:00:00 PDT,1745798400,101.73,101.78,SSW,20,18,,64,7.9,14.7,,,32200,2.7,,3,,,14.8,14.2,0
2025-04-27 16:00:00 PDT,1745794800,101.72,101.77,SW,21,22,,66,8.3,14.4,,,32200,2.7,,2,,,15.6,14.4,0
2025-04-27 15:00:00 PDT,1745791200,101.72,101.77,S,18,5,,66,8.7,14.9,,,32200,2.6,,3,,,15.1,13.3,0
2025-04-27 14:00:00 PDT,1745787600,101.73,101.78,SW,22,8,,71,8.2,13.4,,,32200,2.5,,4,,,13.8,12.8,0
2025-04-27 13:00:00 PDT,1745784000,101.73,101.78,SW,21,13,,74,8.3,12.9,,,32200,2.4,,7,,,13.4,12.6,0
2025-04-27 12:00:00 PDT,1745780400,101.71,101.76,SSE,15,14,,79,8.9,12.6,,,32200,2.3,,7,,,12.6,10.9,0
2025-04-27 11:00:00 PDT,1745776800,101.7,101.75,SE,12,14,,83,8.3,11,,,24100,2.3,,8,,,11.3,10.6,0
2025-04-27 10:00:00 PDT,1745773200,101.63,101.68,ESE,11,11,,85,8.9,11.3,,,24100,2.3,,8,,,11.5,10.7,0
2025-04-27 09:00:00 PDT,1745769600,101.62,101.67,ENE,7,11,,82,7.9,10.9,,,32200,2.3,,7,,,11.2,10.4,0
2025-04-27 08:00:00 PDT,1745766000,101.58,101.63,E,8,15,,81,7.5,10.5,,,32200,2.2,,6,,,10.5,8.9,0
2025-04-27 07:00:00 PDT,1745762400,101.5,101.55,ENE,7,14,,88,6.9,8.8,,,32200,2.2,,5,,,9,8.8,0
2025-04-27 06:00:00 PDT,1745758800,101.43,101.48,ENE,7,12,,88,7.1,8.9,,,32200,2.2,,1,,,9.1,8.4,0
2025-04-27 05:00:00 PDT,1745755200,101.42,101.47,ENE,6,9,,92,7.3,8.5,,,32200,2.2,,1,,,8.8,8.3,0
2025-04-27 04:00:00 PDT,1745751600,101.31,101.36,ENE,6,15,,92,7.4,8.7,,,32200,2.3,,0,,,8.8,7.7,0
2025-04-27 03:00:00 PDT,1745748000,101.29,101.34,E,9,16,,94,6.7,7.6,,,32200,2.3,,0,,,8.4,7.1,0
2025-04-27 02:00:00 PDT,1745744400,101.27,101.32,ESE,11,14,,92,6.7,8,,,32200,2.4,,0,,,8.4,7.5,0
2025-04-27 01:00:00 PDT,1745740800,101.26,101.31,SE,13,9,,87,6.1,8.2,,,32200,2.5,,0,,,10.7,7.7,0
2025-04-27 00:00:00 PDT,1745737200,101.23,101.28,SW,21,3,,80,6.8,10.1,,,32200,2.6,,0,,,11.1,9.6,0
2025-04-26 23:00:00 PDT,1745733600,101.17,101.22,SE,12,5,,73,6.2,10.8,,,32200,2.7,,0,,,11.8,10.5,0
2025-04-26 22:00:00 PDT,1745730000,101.15,101.2,SE,12,5,,70,6.5,11.7,,,32200,3,,1,,,11.9,10.4,0
2025-04-26 21:00:00 PDT,1745726400,101.1,101.15,SSE,16,7,,74,6.8,11.2,,,32200,2.9,,2,,,12.2,10.7,0
2025-04-26 20:00:00 PDT,1745722800,101.07,101.12,W,27,5,,73,6.5,11,,,32200,3,,2,,,13.2,10.9,0
2025-04-26 19:00:00 PDT,1745719200,101.04,101.09,WSW,23,9,,64,6.6,13.1,,,32200,3,,2,,,14.2,13.1,0
2025-04-26 18:00:00 PDT,1745715600,101.06,101.11,SW,23,10,,65,7.5,14,,,32200,2.9,,1,,,14.4,14,0
2025-04-26 17:00:00 PDT,1745712000,101.05,101.1,WSW,25,9,,62,7.1,14.3,,,32200,2.9,,1,,,15,14.2,0
2025-04-26 16:00:00 PDT,1745708400,101.08,101.13,W,25,9,,63,7.8,14.6,,,32200,2.8,,1,,,14.8,13.8,0
2025-04-26 15:00:00 PDT,1745704800,101.15,101.2,WSW,23,9,,69,8.6,14.2,,,32200,2.7,,2,,,14.6,13.6,0
2025-04-26 14:00:00 PDT,1745701200,101.18,101.23,W,26,14,,77,9.8,13.8,,,32200,2.6,,0,,,13.9,13.1,0
2025-04-26 13:00:00 PDT,1745697600,101.19,101.24,WSW,25,16,,77,9.6,13.5,,,32200,2.6,,2,,,13.9,13,0
2025-04-26 12:00:00 PDT,1745694000,101.18,101.23,W,28,16,,75,9.2,13.4,,,32200,2.5,,2,,,13.6,12.9,0
2025-04-26 11:00:00 PDT,1745690400,101.19,101.24,WNW,29,18,31,80,9.7,13.1,,,32200,2.5,,5,,,13.2,12.2,0
2025-04-26 10:00:00 PDT,1745686800,101.17,101.22,WNW,28,26,,75,8.1,12.3,,,32200,2.4,,3,,,12.5,11.6,0
2025-04-26 09:00:00 PDT,1745683200,101.14,101.19,WNW,28,30,,78,7.8,11.6,,,32200,2.4,,4,,,11.7,10.8,0
2025-04-26 08:00:00 PDT,1745679600,101.11,101.16,WNW,29,29,,80,7.6,10.8,,,32200,2.3,,2,,,10.9,10.1,0
2025-04-26 07:00:00 PDT,1745676000,101.06,101.11,WNW,29,28,39,83,7.4,10.1,,,32200,2.3,,2,,,10.1,9.6,0
2025-04-26 06:00:00 PDT,1745672400,101.01,101.06,WNW,29,32,,85,7.4,9.7,,,32200,2.3,,1,,,10.2,9.7,0
2025-04-26 05:00:00 PDT,1745668800,100.94,100.99,WNW,29,31,43,85,7.7,10.1,,,32200,2.5,,1,,,10.7,10.1,0
2025-04-26 04:00:00 PDT,1745665200,100.91,100.96,NW,30,30,43,85,8.2,10.5,,,32200,2.7,,1,,,11,10.5,0
2025-04-26 03:00:00 PDT,1745661600,100.89,100.94,WNW,30,33,44,85,8.6,10.9,,,32200,2.9,,1,,,11.4,10.9,0
2025-04-26 02:00:00 PDT,1745658000,100.88,100.93,WNW,29,35,46,84,8.8,11.3,,,32200,3,,0,,,11.8,11.3,0
2025-04-26 01:00:00 PDT,1745654400,100.89,100.94,NW,30,29,44,85,9.3,11.7,,,32200,2.9,,0,,,12.2,11.7,0
2025-04-26 00:00:00 PDT,1745650800,100.9,100.95,WNW,29,26,39,86,9.9,12,,,32200,3,,0,,,12.8,12,0
2025-04-25 23:00:00 PDT,1745647200,100.85,100.9,WNW,29,26,,80,9.4,12.7,,,32200,3.1,,1,,,13.2,12.6,0
2025-04-25 22:00:00 PDT,1745643600,100.85,100.9,WNW,29,18,,77,8.5,12.5,,,32200,3.1,,1,,,12.8,11.9,0
2025-04-25 21:00:00 PDT,1745640000,100.82,100.87,NW,31,14,,78,8.6,12.2,,,32200,3.2,,1,,,13.9,12.2,0
2025-04-25 20:00:00 PDT,1745636400,100.82,100.87,NW,30,16,,72,8.8,13.7,,,32200,3.3,,2,,,14.8,13.6,0
2025-04-25 19:00:00 PDT,1745632800,100.85,100.9,WNW,30,16,,74,10.1,14.7,,,32200,3.3,,1,,,15.5,14.7,0
2025-04-25 18:00:00 PDT,1745629200,100.89,100.94,WNW,29,20,,69,9.8,15.4,,,32200,3.4,,1,,,15.7,15.3,0
2025-04-25 17:00:00 PDT,1745625600,100.94,100.99,WNW,28,21,,72,10.4,15.4,,,32200,3.3,,2,,,16.4,15.4,0
2025-04-25 16:00:00 PDT,1745622000,100.99,101.04,NW,30,21,,69,10.7,16.3,,,32200,3.4,,2,,,16.4,15,0
2025-04-25 15:00:00 PDT,1745618400,101.09,101.14,WNW,29,23,,75,10.7,15.1,,,32200,3.4,,1,,,15.3,14.6,0
2025-04-25 14:00:00 PDT,1745614800,101.17,101.22,WNW,29,25,,75,10.9,15.3,,,32200,3.2,,5,,,15.5,14.5,0
2025-04-25 13:00:00 PDT,1745611200,101.22,101.27,WNW,29,24,,78,10.8,14.6,,,32200,2.9,,7,,,15,13.7,0
2025-04-25 12:00:00 PDT,1745607600,101.27,101.32,WNW,30,28,,79,10.5,14,,,32200,3.1,,7,,,14.3,13.8,0
2025-04-25 11:00:00 PDT,1745604000,101.28,101.33,WNW,29,26,,82,11,14,,,32200,3.1,,7,,,14.1,13.4,0
2025-04-25 10:00:00 PDT,1745600400,101.29,101.34,WNW,29,22,,81,10.6,13.7,,,32200,3,,6,,,13.8,13,0
2025-04-25 09:00:00 PDT,1745596800,101.28,101.33,WNW,29,22,,83,10.1,13,,,32200,2.9,,3,,,13.1,12.2,0
2025-04-25 08:00:00 PDT,1745593200,101.27,101.32,WNW,30,16,,78,8.5,12.2,,,32200,2.8,,1,,,12.2,10.5,0
2025-04-25 07:00:00 PDT,1745589600,101.25,101.3,NW,30,18,,81,7.7,10.7,,,32200,2.5,,0,,,10.9,9.4,0
2025-04-25 06:00:00 PDT,1745586000,101.24,101.29,WNW,29,14,,92,8.3,9.4,,,32200,2.4,,1,,,9.5,8.5,0
2025-04-25 05:00:00 PDT,1745582400,101.24,101.29,W,28,16,,88,7.8,9.6,,,32200,2.4,,1,,,10.2,7.1,0
2025-04-25 04:00:00 PDT,1745578800,101.22,101.27,WNW,28,15,,93,5.8,6.8,,,32200,2.5,,0,,,10.2,6.6,0
2025-04-25 03:00:00 PDT,1745575200,101.23,101.28,NE,4,3,,74,5.1,9.5,,,32200,2.6,,0,,,9.5,6,0
2025-04-25 02:00:00 PDT,1745571600,101.23,101.28,WNW,29,9,,86,4.5,6.6,,,32200,2.6,,0,,,12.5,6.4,0
2025-04-25 01:00:00 PDT,1745568000,101.23,101.28,WNW,28,4,,86,7.1,9.2,,,32200,2.8,,0,,,10.7,7,0
2025-04-25 00:00:00 PDT,1745564400,101.2,101.25,SSW,21,5,,82,7,10,,,32200,3,,0,,,12.1,10,0
2025-04-24 23:00:00 PDT,1745560800,101.22,101.27,WNW,29,5,,94,10.3,11.2,,,32200,3,,2,,,11.5,9.5,0
2025-04-24 22:00:00 PDT,1745557200,101.2,101.25,WNW,29,13,,95,8.9,9.6,,,32200,3.2,,4,,,12,9.5,0
2025-04-24 21:00:00 PDT,1745553600,101.17,101.22,WNW,29,13,,90,10.4,11.9,,,32200,3.4,,6,,,12.6,11.3,0
2025-04-24 20:00:00 PDT,1745550000,101.15,101.2,W,28,10,,82,9.7,12.6,,,32200,3.4,,7,,,15.3,12.6,0
2025-04-24 19:00:00 PDT,1745546400,101.19,101.24,NW,30,13,,67,9.2,15.3,,,32200,3.3,,5,,,15.8,15.2,0
2025-04-24 18:00:00 PDT,1745542800,101.27,101.32,NW,30,17,,61,8.2,15.7,,,32200,3.3,,2,,,16.7,15.7,0
2025-04-24 17:00:00 PDT,1745539200,101.31,101.36,WNW,29,16,,62,9.1,16.4,,,32200,3.2,,1,,,16.4,15.9,0
2025-04-24 16:00:00 PDT,1745535600,101.4,101.45,WNW,29,14,,66,10.1,16.3,,,32200,3.2,,3,,,16.3,15.6,0
2025-04-24 15:00:00 PDT,1745532000,101.45,101.5,WNW,29,18,,63,8.7,15.6,,,32200,3.1,,2,,,16.2,15.5,0
2025-04-24 14:00:00 PDT,1745528400,101.52,101.57,WNW,28,18,,67,9.4,15.4,,,32200,2.9,,1,,,15.6,14.7,0
2025-04-24 13:00:00 PDT,1745524800,101.57,101.62,WNW,28,18,,67,8.8,14.9,,,32200,2.7,,0,,,15,14.3,0
2025-04-24 12:00:00 PDT,1745521200,101.63,101.68,WNW,28,17,,70,8.9,14.3,,,32200,2.8,,1,,,14.5,13.7,0
2025-04-24 11:00:00 PDT,1745517600,101.67,101.72,WNW,28,15,,70,8.4,13.7,,,32200,2.7,,0,,,13.8,13.1,0
2025-04-24 10:00:00 PDT,1745514000,101.68,101.73,W,27,13,,71,7.8,13,,,32200,2.6,,0,,,13.2,12.1,0
2025-04-24 09:00:00 PDT,1745510400,101.7,101.75,WNW,28,18,,70,6.8,12.1,,,32200,2.5,,0,,,12.2,10.1,0
2025-04-24 08:00:00 PDT,1745506800,101.7,101.75,SSE,15,7,,78,6.4,10.1,,,32200,2.4,,0,,,10.1,7,0
2025-04-24 07:00:00 PDT,1745503200,101.69,101.74,SE,14,4,,77,3.2,7,,,32200,2.3,,0,,,7,5,0
2025-04-24 06:00:00 PDT,1745499600,101.68,101.73,NNW,34,7,,81,2.9,5.9,,,32200,2.3,,0,,,7,3.9,0
2025-04-24 05:00:00 PDT,1745496000,101.7,101.75,,2,0,,78,3.4,6.9,,,32200,2.2,,0,,,7,4.6,0
2025-04-24 04:00:00 PDT,1745492400,101.69,101.74,N,0,6,,88,3.5,5.3,,,32200,2.2,,0,,,7.6,5.1,0
2025-04-24 03:00:00 PDT,1745488800,101.69,101.74,,,0,,96,6.6,7.3,,,32200,2.3,,0,,,8.6,5.4,0
2025-04-24 02:00:00 PDT,1745485200,101.69,101.74,E,8,4,,80,5.4,8.6,,,32200,2.5,,0,,,8.8,6.6,0
2025-04-24 01:00:00 PDT,1745481600,101.7,101.75,N,0,4,,88,5.5,7.3,,,32200,2.6,,0,,,9.3,5.2,0
2025-04-24 00:00:00 PDT,1745478000,101.69,101.74,N,0,7,,91,6,7.3,,,32200,2.7,,0,,,8.3,5.8,0
2025-04-23 23:00:00 PDT,1745474400,101.68,101.73,W,26,3,,96,6,6.6,,,32200,2.8,,0,,,9.7,6.2,0
2025-04-23 22:00:00 PDT,1745470800,101.68,101.73,WSW,24,3,,93,8.4,9.4,,,32200,3,,0,,,10.4,9.2,0
2025-04-23 21:00:00 PDT,1745467200,101.67,101.72,WNW,29,4,,91,8.3,9.8,,,32200,3,,0,,,10.7,9,0
2025-04-23 20:00:00 PDT,1745463600,101.67,101.72,W,25,10,,83,7.8,10.7,,,32200,3,,0,,,12.7,10.7,0
2025-04-23 19:00:00 PDT,1745460000,101.71,101.76,W,27,8,,71,7.6,12.7,,,48300,2.9,,0,,,13.4,12.6,0
2025-04-23 18:00:00 PDT,1745456400,101.76,101.81,WSW,24,10,,61,6.2,13.4,,,48300,2.9,,1,,,14.6,13.3,0
2025-04-23 17:00:00 PDT,1745452800,101.8,101.85,WNW,29,9,,52,4.5,14.3,,,48300,2.8,,2,,,14.4,13.8,0
2025-04-23 16:00:00 PDT,1745449200,101.86,101.91,W,26,12,,66,7.7,13.9,,,48300,2.7,,2,,,14.4,13.6,0
2025-04-23 15:00:00 PDT,1745445600,101.93,101.98,W,27,12,,61,6.4,13.8,,,48300,2.6,,2,,,14.2,13.3,0
2025-04-23 14:00:00 PDT,1745442000,101.97,102.02,WNW,29,15,,67,7.4,13.4,,,48300,2.5,,2,,,13.5,12.1,0
2025-04-23 13:00:00 PDT,1745438400,102.02,102.07,W,26,17,,70,7,12.1,,,48300,2.4,,2,,,12.8,11.6,0
2025-04-23 12:00:00 PDT,1745434800,102.07,102.12,W,27,13,,71,6.7,11.8,,,48300,2.4,,0,,,12.3,11.4,0
2025-04-23 11:00:00 PDT,1745431200,102.1,102.15,WSW,25,13,,72,6.8,11.6,,,48300,2.3,,0,,,11.7,10.7,0
2025-04-23 10:00:00 PDT,1745427600,102.11,102.16,SW,22,11,,71,5.6,10.7,,,48300,2.3,,0,,,10.7,10.1,0
2025-04-23 09:00:00 PDT,1745424000,102.14,102.19,SSW,19,5,,66,4.1,10.2,,,48300,4,,0,,,10.3,8.9,0
2025-04-23 08:00:00 PDT,1745420400,102.12,102.17,SE,13,3,,71,3.9,8.8,,,48300,3,,0,,,8.8,6.5,0
2025-04-23 07:00:00 PDT,1745416800,102.1,102.15,N,0,3,,71,1.7,6.5,,,48300,2,,1,,,6.5,4.8,0
2025-04-23 06:00:00 PDT,1745413200,102.07,102.12,NNE,1,6,,81,2.6,5.5,,,32200,2,,0,,,5.5,3,0
2025-04-23 05:00:00 PDT,1745409600,102.08,102.13,NNW,34,6,,93,2,3,,,32200,1.9,,1,,,5.6,2.8,0
2025-04-23 04:00:00 PDT,1745406000,102.08,102.13,ENE,6,9,,81,2.8,5.8,,,32200,2,,0,,,5.8,3.8,0
2025-04-23 03:00:00 PDT,1745402400,102.08,102.13,E,8,7,,81,2.6,5.5,,,32200,2,,0,,,6.7,5.1,0
2025-04-23 02:00:00 PDT,1745398800,102.08,102.13,E,8,10,,78,2.8,6.4,,,32200,2,,0,,,7.5,5.8,0
2025-04-23 01:00:00 PDT,1745395200,102.09,102.14,,,0,,84,4.2,6.7,,,32200,2,,0,,,8.8,5.6,0
2025-04-23 00:00:00 PDT,1745391600,102.08,102.13,E,8,7,,83,4.4,7,,,32200,2.1,,0,,,9.3,7,0
2025-04-22 23:00:00 PDT,1745388000,102.08,102.13,S,18,5,,86,6.2,8.4,,,32200,2.3,,0,,,9.3,8,0
2025-04-22 22:00:00 PDT,1745384400,102.09,102.14,SW,22,3,,78,5.3,8.9,,,32200,2.4,,0,,,10.1,8.3,0
2025-04-22 21:00:00 PDT,1745380800,102.07,102.12,WSW,25,5,,75,5.5,9.7,,,32200,2.5,,1,,,10,9,0
2025-04-22 20:00:00 PDT,1745377200,102.06,102.11,WSW,25,9,,78,6,9.5,,,32200,2.4,,1,,,11,9.5,0
2025-04-22 19:00:00 PDT,1745373600,102.1,102.15,WSW,25,9,,72,6.2,11,,,48300,2.3,,1,,,12,11,0
2025-04-22 18:00:00 PDT,1745370000,102.15,102.2,WSW,25,12,,70,6.9,12.1,,,48300,2.4,,3,,,12.8,12,0
2025-04-22 17:00:00 PDT,1745366400,102.2,102.25,W,27,15,,69,7.1,12.6,,,48300,2.4,,2,,,12.8,12.2,0
2025-04-22 16:00:00 PDT,1745362800,102.25,102.3,WNW,29,16,,70,7,12.3,,,48300,2.4,,2,,,12.6,12.1,0
2025-04-22 15:00:00 PDT,1745359200,102.3,102.35,W,27,13,,70,7.2,12.5,,,48300,2.3,,2,,,12.7,11.9,0
2025-04-22 14:00:00 PDT,1745355600,102.35,102.4,WNW,29,18,,74,7.6,12.1,,,48300,2.3,,1,,,12.1,11.5,0
2025-04-22 13:00:00 PDT,1745352000,102.39,102.44,WNW,28,19,,75,7.5,11.8,,,48300,2.3,,1,,,11.8,11,0
2025-04-22 12:00:00 PDT,1745348400,102.43,102.48,WNW,29,17,,73,6.3,11,,,48300,2.1,,2,,,11.5,10.5,0
2025-04-22 11:00:00 PDT,1745344800,102.46,102.51,WNW,28,19,,73,6.2,10.8,,,48300,2,,2,,,10.8,10.2,0
2025-04-22 10:00:00 PDT,1745341200,102.46,102.51,W,27,13,,74,6.1,10.4,,,48300,2.1,,2,,,10.6,9.6,
2025-04-22 09:00:00 PDT,1745337600,102.44,102.49,WNW,28,8,,74,5.5,9.9,,,48300,2.1,,3,,,9.9,7.9,0
2025-04-22 08:00:00 PDT,1745334000,102.43,102.48,,,0,,74,3.6,7.9,,,48300,2,,2,,,8,5.6,0
2025-04-22 07:00:00 PDT,1745330400,102.41,102.46,,,0,,78,2.1,5.6,,,48300,1.9,,2,,,5.6,3.2,0
2025-04-22 06:00:00 PDT,1745326800,102.4,102.45,N,0,5,,85,1.1,3.5,,,32200,1.8,,1,,,5,2.3,0
2025-04-22 05:00:00 PDT,1745323200,102.39,102.44,NNW,33,8,,87,2.2,4.2,,,32200,1.8,,1,,,5.9,3.2,0
2025-04-22 04:00:00 PDT,1745319600,102.39,102.44,ENE,6,9,,82,3.1,5.8,,,32200,1.9,,0,,,5.8,4.5,0
2025-04-22 03:00:00 PDT,1745316000,102.37,102.42,E,8,9,,85,2.4,4.7,,,32200,2,,1,,,7.1,4.7,0
2025-04-22 02:00:00 PDT,1745312400,102.37,102.42,,8,0,,79,2.6,6,,,32200,2.1,,0,,,7.2,5,0
2025-04-22 01:00:00 PDT,1745308800,102.37,102.42,NE,5,10,,75,3,7.2,,,32200,2.2,,0,,,7.6,7.1,0
2025-04-22 00:00:00 PDT,1745305200,102.35,102.4,ENE,5,12,,76,3.4,7.3,,,32200,2.3,,0,,,8.3,7.2,0
2025-04-21 23:00:00 PDT,1745301600,102.31,102.36,E,8,7,,75,3.8,8,,,32200,2.3,,0,,,8.5,6.8,0
2025-04-21 22:00:00 PDT,1745298000,102.31,102.36,E,9,11,,77,3.9,7.7,,,32200,2.4,,1,,,8.7,7.3,0
2025-04-21 21:00:00 PDT,1745294400,102.29,102.34,ESE,11,8,,75,4.2,8.3,,,32200,2.5,,1,,,9.7,8.2,0
2025-04-21 20:00:00 PDT,1745290800,102.24,102.29,S,17,8,,73,4.6,9.1,,,32200,2.5,,1,,,10.8,9.1,0
2025-04-21 19:00:00 PDT,1745287200,102.24,102.29,SSW,19,13,,66,4.8,10.8,,,32200,2.5,,1,,,11.5,10.8,0
2025-04-21 18:00:00 PDT,1745283600,102.24,102.29,SSW,19,16,,56,3.1,11.5,,,48300,2.4,,3,,,11.7,11.3,0
2025-04-21 17:00:00 PDT,1745280000,102.26,102.31,SW,21,17,,55,2.7,11.3,,,48300,2.4,,4,,,11.5,10.8,0
2025-04-21 16:00:00 PDT,1745276400,102.29,102.34,SW,22,14,,62,4,10.9,,,48300,2.4,,3,,,11.1,10.3,0
2025-04-21 15:00:00 PDT,1745272800,102.32,102.37,SW,23,11,,67,4.7,10.5,,,48300,2.4,,2,,,11.2,10.3,0
2025-04-21 14:00:00 PDT,1745269200,102.32,102.37,WNW,29,12,,72,6.1,10.9,,,48300,2.4,,2,,,11.2,10.4,0
2025-04-21 13:00:00 PDT,1745265600,102.32,102.37,WNW,28,17,,69,4.8,10.3,,,48300,2.4,,1,,,11.2,10,0
2025-04-21 12:00:00 PDT,1745262000,102.34,102.39,W,26,20,,68,4.7,10.4,,,48300,2.3,,2,,,10.5,9.6,0
2025-04-21 11:00:00 PDT,1745258400,102.31,102.36,W,27,17,,70,4.7,9.8,,,48300,2.3,,5,,,9.9,9.1,0
2025-04-21 10:00:00 PDT,1745254800,102.29,102.34,W,27,15,,72,4.5,9.2,,,48300,2.3,,7,,,9.2,8.3,0
2025-04-21 09:00:00 PDT,1745251200,102.25,102.3,W,27,19,,72,3.8,8.5,,,48300,2.3,,6,,,9.4,8.1,0
2025-04-21 08:00:00 PDT,1745247600,102.22,102.27,WNW,29,20,,77,4.5,8.3,,,48300,2.4,,4,,,8.3,7.4,0
2025-04-21 07:00:00 PDT,1745244000,102.17,102.22,WNW,30,26,,78,4,7.5,,,48300,2.4,,3,,,7.5,6.8,0
2025-04-21 06:00:00 PDT,1745240400,102.12,102.17,WNW,28,29,,78,3.6,7.1,,,32200,2.4,,2,,,7.4,6.9,0
2025-04-21 05:00:00 PDT,1745236800,102.09,102.14,W,27,29,38,78,3.6,7.2,,,32200,2.4,,1,,,7.4,7.2,0
2025-04-21 04:00:00 PDT,1745233200,102.08,102.13,W,27,30,34,80,4.1,7.4,,,32200,2.4,,1,,,7.6,7.4,0
2025-04-21 03:00:00 PDT,1745229600,102.03,102.08,WNW,28,25,30,77,3.8,7.4,,,32200,2.4,,1,,,8.1,7.4,0
2025-04-21 02:00:00 PDT,1745226000,102.02,102.07,WNW,29,37,41,73,3.4,8,,,32200,2.4,,0,,,8.5,8,0
2025-04-21 01:00:00 PDT,1745222400,101.98,102.03,W,27,29,40,75,4.3,8.4,,,32200,2.5,,0,,,9.1,8.4,0
2025-04-21 00:00:00 PDT,1745218800,101.95,102,W,26,36,,74,4.6,9,,,32200,2.5,,2,,,9.3,8.8,0
2025-04-20 23:00:00 PDT,1745215200,101.95,102,WSW,25,27,46,81,6,9.2,,,32200,2.5,,5,,,9.9,9.2,0
2025-04-20 22:00:00 PDT,1745211600,101.96,102.01,W,27,23,,77,5.9,9.8,,,32200,2.5,,7,,,9.8,9.3,0
2025-04-20 21:00:00 PDT,1745208000,101.94,101.99,W,27,17,,85,7,9.3,,,32200,2.6,,7,,,9.7,9.2,0
2025-04-20 20:00:00 PDT,1745204400,101.9,101.95,W,27,30,,80,6.4,9.7,,,32200,2.6,,6,,,10.6,9.5,0
2025-04-20 19:00:00 PDT,1745200800,101.9,101.95,W,25,17,,81,7.4,10.6,,,32200,2.6,,2,,,11.7,10.3,0
2025-04-20 18:00:00 PDT,1745197200,101.93,101.98,SW,22,13,,73,6.7,11.3,,,32200,2.6,,8,,,12.5,11.1,0
2025-04-20 17:00:00 PDT,1745193600,101.95,102,WSW,24,11,,77,8.7,12.5,,,32200,2.5,,7,,,12.5,11.5,0
2025-04-20 16:00:00 PDT,1745190000,101.97,102.02,SW,23,13,,74,7.2,11.7,,,32200,2.5,,8,,,12.4,11.4,0
2025-04-20 15:00:00 PDT,1745186400,102.03,102.08,SW,23,14,,69,6.2,11.7,,,32200,2.4,,7,,,13.2,11.6,0
2025-04-20 14:00:00 PDT,1745182800,102.05,102.1,SW,22,11,,74,7.7,12.1,,,32200,2.4,,3,,,12.1,11.1,0
2025-04-20 13:00:00 PDT,1745179200,102.09,102.14,WSW,23,8,,69,5.6,11.1,,,32200,2.4,,4,,,11.6,10.8,0
2025-04-20 12:00:00 PDT,1745175600,102.14,102.19,SW,22,11,,77,7.4,11.2,,,32200,2.3,,5,,,11.9,10,0
2025-04-20 11:00:00 PDT,1745172000,102.17,102.22,WNW,29,15,,79,7.5,10.9,,,32200,2.2,,8,,,11.5,9.9,0
2025-04-20 10:00:00 PDT,1745168400,102.16,102.21,WNW,28,16,,84,7.8,10.3,,,24100,2.1,,8,,,10.4,9,0
2025-04-20 09:00:00 PDT,1745164800,102.17,102.22,WNW,30,15,,85,6.8,9.2,,,24100,2.1,,8,,,9.3,9,0
2025-04-20 08:00:00 PDT,1745161200,102.16,102.21,NW,30,5,,88,7.3,9.2,,,16100,2.1,,8,,,9.4,8.9,0
2025-04-20 07:00:00 PDT,1745157600,102.15,102.2,,30,0,,89,7.3,8.9,,,16100,2.1,,8,,,9.2,8.5,0
2025-04-20 06:00:00 PDT,1745154000,102.15,102.2,,,0,,87,6.8,8.9,,,24100,2.1,,8,,,8.9,8.3,0
2025-04-20 05:00:00 PDT,1745150400,102.17,102.22,ESE,11,9,,93,7.4,8.6,,,24100,2.2,,8,,,8.7,8.5,0.1
2025-04-20 04:00:00 PDT,1745146800,102.17,102.22,E,9,8,,91,7.2,8.6,,,19300,2.3,,8,,,9,8.5,0
2025-04-20 03:00:00 PDT,1745143200,102.17,102.22,ENE,7,9,,89,7.2,9,,,19300,2.4,,8,,,9,8.6,0
2025-04-20 02:00:00 PDT,1745139600,102.19,102.24,ESE,10,5,,88,7,8.9,,,19300,2.4,,8,,,9.2,8.8,0
2025-04-20 01:00:00 PDT,1745136000,102.19,102.24,ESE,12,12,,85,6.7,9.1,,,24100,2.5,,8,,,9.1,8.8,0
2025-04-20 00:00:00 PDT,1745132400,102.19,102.24,SE,14,7,,89,7.2,8.9,,,24100,2.5,,7,,,10,8.9,0
2025-04-19 23:00:00 PDT,1745128800,102.18,102.23,,,0,,77,6.1,9.9,,,24100,2.6,,7,,,10.1,8.8,0
2025-04-19 22:00:00 PDT,1745125200,102.16,102.21,N,35,4,,92,7.6,8.8,,,24100,2.7,,8,,,9.5,8.8,0.4
2025-04-19 21:00:00 PDT,1745121600,102.16,102.21,W,26,14,,80,6.2,9.6,,,19300,2.7,,8,,,11.3,9.6,0
2025-04-19 20:00:00 PDT,1745118000,102.1,102.15,W,26,13,,62,4.1,11.1,,,32200,2.7,,8,,,11.8,10.9,0
2025-04-19 19:00:00 PDT,1745114400,102.08,102.13,SW,23,14,,55,3.1,11.9,,,32200,2.7,,7,,,12.7,11.9,0
2025-04-19 18:00:00 PDT,1745110800,102.11,102.16,SSW,19,14,,56,4.1,12.7,,,32200,2.7,,7,,,13.9,12.6,0
2025-04-19 17:00:00 PDT,1745107200,102.12,102.17,SSW,21,15,,49,2.9,13.5,,,32200,2.6,,3,,,14,13.3,0
2025-04-19 16:00:00 PDT,1745103600,102.17,102.22,SW,22,16,,52,3.9,13.4,,,32200,2.6,,2,,,13.6,12.6,0
2025-04-19 15:00:00 PDT,1745100000,102.19,102.24,WSW,24,15,,56,4.1,12.7,,,32200,2.5,,3,,,13,12.3,0
2025-04-19 14:00:00 PDT,1745096400,102.19,102.24,W,26,23,,55,3.9,12.8,,,32200,2.5,,3,,,13,12.1,0
2025-04-19 13:00:00 PDT,1745092800,102.16,102.21,WNW,28,21,,64,5.7,12.2,,,32200,2.4,,2,,,12.6,11.4,0
2025-04-19 12:00:00 PDT,1745089200,102.11,102.16,WNW,28,26,,67,5.5,11.4,,,32200,2.4,,1,,,11.6,11,0
2025-04-19 11:00:00 PDT,1745085600,102.11,102.16,W,26,22,34,70,6,11.3,,,32200,2.4,,1,,,11.3,10.4,0
2025-04-19 10:00:00 PDT,1745082000,102.08,102.13,W,26,40,41,64,4,10.4,,,32200,2.4,,2,,,10.6,9.6,0
2025-04-19 09:00:00 PDT,1745078400,102.03,102.08,W,26,36,,67,4,9.7,,,32200,2.4,,1,,,9.8,9,0
2025-04-19 08:00:00 PDT,1745074800,101.97,102.02,W,27,37,46,71,4.1,9,,,32200,2.4,,1,,,9.1,8.1,0
2025-04-19 07:00:00 PDT,1745071200,101.91,101.96,W,27,39,51,73,3.8,8.4,,,32200,2.4,,3,,,8.5,8.1,0
2025-04-19 06:00:00 PDT,1745067600,101.86,101.91,W,27,36,53,77,4.5,8.2,,,32200,2.4,,3,,,8.4,8.1,0
2025-04-19 05:00:00 PDT,1745064000,101.84,101.89,W,27,35,52,77,4.6,8.3,,,32200,2.4,,2,,,8.7,8.3,0
2025-04-19 04:00:00 PDT,1745060400,101.78,101.83,W,27,44,59,77,4.9,8.7,,,24100,2.3,,3,,,9.5,8.7,0
2025-04-19 03:00:00 PDT,1745056800,101.69,101.74,WNW,28,55,67,74,5.2,9.5,,,32200,2.4,,7,,,10.1,9.5,0
2025-04-19 02:00:00 PDT,1745053200,101.71,101.76,WNW,28,43,55,79,6.6,10.1,,,24100,2.6,,8,,,10.8,10.1,0
2025-04-19 01:00:00 PDT,1745049600,101.68,101.73,WNW,28,47,63,78,7.1,10.8,,,24100,2.7,,8,,,11.3,10.8,0
2025-04-19 00:00:00 PDT,1745046000,101.66,101.71,W,27,44,53,83,8.3,11.2,,,24100,2.7,,8,,,11.4,11.1,0
2025-04-18 23:00:00 PDT,1745042400,101.68,101.73,W,27,41,55,82,8.5,11.5,,,24100,2.7,,8,,,12.5,11.4,0
2025-04-18 22:00:00 PDT,1745038800,101.67,101.72,W,27,31,41,79,8.6,12.2,,,24100,2.9,,8,,,12.8,12.2,0
2025-04-18 21:00:00 PDT,1745035200,101.67,101.72,WNW,29,27,28,72,7.7,12.7,,,32200,2.9,,8,,,12.8,11.6,0
2025-04-18 20:00:00 PDT,1745031600,101.67,101.72,NW,30,11,,69,6.3,11.8,,,32200,2.9,,7,,,12.5,11.7,0
2025-04-18 19:00:00 PDT,1745028000,101.68,101.73,WNW,30,24,,74,7.9,12.5,,,32200,2.9,,7,,,15.8,12.5,0
2025-04-18 18:00:00 PDT,1745024400,101.68,101.73,WNW,29,8,,63,8.5,15.3,,,32200,2.8,,6,,,15.7,14.6,0
2025-04-18 17:00:00 PDT,1745020800,101.73,101.78,WNW,29,10,,63,8.8,15.7,,,32200,2.8,,6,,,16.9,15.7,0
2025-04-18 16:00:00 PDT,1745017200,101.78,101.83,WNW,29,10,,56,7.8,16.5,,,32200,2.7,,6,,,16.7,15.4,0
2025-04-18 15:00:00 PDT,1745013600,101.82,101.87,WSW,24,14,,64,9.7,16.6,,,32200,2.6,,5,,,16.9,14.9,0
2025-04-18 14:00:00 PDT,1745010000,101.87,101.92,WSW,24,9,,60,7.7,15.3,,,32200,2.5,,4,,,15.4,14,0
2025-04-18 13:00:00 PDT,1745006400,101.93,101.98,W,26,10,,67,7.9,13.8,,,32200,2.4,,3,,,13.8,12.2,0
2025-04-18 12:00:00 PDT,1745002800,101.97,102.02,WSW,23,14,,69,7,12.6,,,32200,2.3,,3,,,13.9,12.3,0
2025-04-18 11:00:00 PDT,1744999200,102.01,102.06,WSW,25,8,,59,5.9,13.8,,,32200,2.2,,1,,,13.8,12.7,0
2025-04-18 10:00:00 PDT,1744995600,102.04,102.09,SW,23,7,,55,3.9,12.6,,,32200,2.1,,1,,,13.4,12.4,0
2025-04-18 09:00:00 PDT,1744992000,102.06,102.11,SSE,15,7,,48,1.6,12.4,,,32200,2.1,,1,,,12.5,10.2,0
2025-04-18 08:00:00 PDT,1744988400,102.06,102.11,,,0,,70,4.9,10.1,,,32200,2,,1,,,10.1,6,0
2025-04-18 07:00:00 PDT,1744984800,102.03,102.08,,,0,,72,2.4,7,,,32200,3,,1,,,7.6,5,0
2025-04-18 06:00:00 PDT,1744981200,102.03,102.08,,,0,,73,1.9,6.5,,,32200,2,,2,,,6.9,3.7,0
2025-04-18 05:00:00 PDT,1744977600,102.01,102.06,E,8,6,,73,2,6.5,,,32200,2.1,,1,,,6.6,5.3,0
2025-04-18 04:00:00 PDT,1744974000,102,102.05,ESE,10,4,,72,1.8,6.5,,,32200,2.2,,0,,,7.2,4.8,0
2025-04-18 03:00:00 PDT,1744970400,101.97,102.02,NNE,1,5,,82,2.3,5.1,,,32200,2.3,,0,,,9.2,4.5,0
2025-04-18 02:00:00 PDT,1744966800,101.97,102.02,SE,13,4,,71,2.8,7.6,,,32200,2.4,,0,,,9.5,6.3,0
2025-04-18 01:00:00 PDT,1744963200,101.95,102,ENE,6,7,,61,2.6,9.6,,,32200,2.4,,0,,,10.6,8.8,0
2025-04-18 00:00:00 PDT,1744959600,101.92,101.97,E,9,6,,62,2.9,9.8,,,32200,2.6,,0,,,10.5,7.1,0
2025-04-17 23:00:00 PDT,1744956000,101.88,101.93,,9,0,,73,2.8,7.3,,,32200,2.6,,1,,,11.2,7.3,0
2025-04-17 22:00:00 PDT,1744952400,101.86,101.91,WSW,23,4,,57,2.8,11,,,32200,2.5,,1,,,11.3,9.2,0
2025-04-17 21:00:00 PDT,1744948800,101.86,101.91,SW,23,4,,75,5.2,9.3,,,32200,2.6,,1,,,11.4,9.3,0
2025-04-17 20:00:00 PDT,1744945200,101.87,101.92,SW,23,5,,65,4.9,11.2,,,32200,2.5,,1,,,12.4,10.9,0
2025-04-17 19:00:00 PDT,1744941600,101.86,101.91,WSW,23,9,,60,4.9,12.4,,,32200,2.5,,1,,,13.8,12.4,0
2025-04-17 18:00:00 PDT,1744938000,101.91,101.96,SW,23,10,,54,4.6,13.7,,,32200,2.5,,1,,,15.7,13.7,0
2025-04-17 17:00:00 PDT,1744934400,101.96,102.01,WSW,23,10,,54,5.2,14.4,,,32200,2.5,,2,,,15.4,14.3,0
2025-04-17 16:00:00 PDT,1744930800,101.99,102.04,WNW,28,13,,51,5.4,15.3,,,32200,2.5,,1,,,15.3,14.6,0
2025-04-17 15:00:00 PDT,1744927200,102.07,102.12,WNW,28,12,,54,5.7,14.7,,,32200,2.5,,3,,,15,14.1,0
2025-04-17 14:00:00 PDT,1744923600,102.1,102.15,WNW,29,16,,60,6.7,14.3,,,32200,2.6,,3,,,14.7,12.6,0
2025-04-17 13:00:00 PDT,1744920000,102.12,102.17,WNW,28,20,,67,6.7,12.7,,,32200,2.5,,5,,,13.3,12.6,0
2025-04-17 12:00:00 PDT,1744916400,102.15,102.2,WNW,28,19,,66,6.5,12.7,,,32200,2.6,,0,,,12.9,12.3,0
2025-04-17 11:00:00 PDT,1744912800,102.19,102.24,WNW,28,17,,62,5.4,12.5,,,32200,2.6,,0,,,12.5,11.7,0
2025-04-17 10:00:00 PDT,1744909200,102.19,102.24,NW,30,20,,59,3.9,11.6,,,32200,2.6,,0,,,12.4,11.1,0
2025-04-17 09:00:00 PDT,1744905600,102.21,102.26,NW,31,13,,61,4,11.3,,,32200,2.6,,0,,,11.5,9.2,0
2025-04-17 08:00:00 PDT,1744902000,102.21,102.26,NNW,33,6,,64,2.6,9.1,,,32200,2.5,,0,,,9.1,5.9,0
2025-04-17 07:00:00 PDT,1744898400,102.19,102.24,NW,31,4,,59,-0.4,7.1,,,32200,2.4,,1,,,7.1,2.8,0
2025-04-17 06:00:00 PDT,1744894800,102.2,102.25,NW,32,11,,79,-0.6,2.7,,,32200,2.2,,0,,,6.4,1.1,0
2025-04-17 05:00:00 PDT,1744891200,102.15,102.2,NNE,1,5,,70,-1.2,3.8,,,32200,2.2,,0,,,7.2,3.2,0
2025-04-17 04:00:00 PDT,1744887600,102.16,102.21,NNE,1,12,,72,-0.8,3.9,,,32200,2.3,,0,,,7.7,2.7,0
2025-04-17 03:00:00 PDT,1744884000,102.14,102.19,WNW,30,10,,78,-0.8,2.8,,,32200,2.3,,0,,,7.5,2.2,0
2025-04-17 02:00:00 PDT,1744880400,102.1,102.15,N,35,6,,64,0.6,7,,,32200,2.4,,0,,,9.8,5.5,0
2025-04-17 01:00:00 PDT,1744876800,102.08,102.13,NNW,32,11,,63,-0.8,5.7,,,32200,2.6,,0,,,6.8,4.2,0
2025-04-17 00:00:00 PDT,1744873200,102.05,102.1,N,0,5,,68,0.6,6,,,32200,2.7,,0,,,10.2,5.5,0
2025-04-16 23:00:00 PDT,1744869600,102.01,102.06,NNE,2,7,,76,4.4,8.4,,,32200,2.9,,0,,,9.6,7.3,0
2025-04-16 22:00:00 PDT,1744866000,101.99,102.04,WSW,25,10,,87,6.4,8.3,,,32200,2.9,,0,,,9.4,7.3,0
2025-04-16 21:00:00 PDT,1744862400,101.95,102,NW,30,16,,78,5.9,9.5,,,32200,2.8,,0,,,10.8,9.5,0
2025-04-16 20:00:00 PDT,1744858800,101.89,101.94,WNW,29,16,,73,5.8,10.5,,,32200,2.7,,0,,,12,10.5,0
2025-04-16 19:00:00 PDT,1744855200,101.87,101.92,WNW,29,19,,70,6.7,12.1,,,32200,2.5,,0,,,13.6,12.1,0
2025-04-16 18:00:00 PDT,1744851600,101.87,101.92,WNW,28,29,,58,5.6,13.6,,,48300,2.5,,0,,,14.3,13.6,0
2025-04-16 17:00:00 PDT,1744848000,101.88,101.93,WNW,29,28,41,63,7.1,13.8,,,48300,2.5,,0,,,14.4,13.3,0
2025-04-16 16:00:00 PDT,1744844400,101.89,101.94,WNW,29,36,31,62,7,14.1,,,48300,2.5,,0,,,14.4,13.9,0
2025-04-16 15:00:00 PDT,1744840800,101.91,101.96,WNW,29,31,41,66,7.7,13.9,,,48300,2.5,,1,,,13.9,12.4,0
2025-04-16 14:00:00 PDT,1744837200,101.98,102.03,WNW,28,34,,74,7.9,12.4,,,48300,2.4,,1,,,12.9,12,0
2025-04-16 13:00:00 PDT,1744833600,102.03,102.08,WNW,28,30,41,78,8.5,12.2,,,48300,2.2,,1,,,12.2,11.3,0
2025-04-16 12:00:00 PDT,1744830000,102.05,102.1,WNW,29,28,,79,7.9,11.4,,,48300,2.1,,1,,,11.6,10.9,0
2025-04-16 11:00:00 PDT,1744826400,102.05,102.1,WNW,28,28,28,77,7,10.9,,,48300,2.1,,2,,,11.2,10.2,0
2025-04-16 10:00:00 PDT,1744822800,101.99,102.04,WNW,29,27,,77,6.5,10.2,,,48300,2.2,,2,,,10.2,8.9,0
2025-04-16 09:00:00 PDT,1744819200,101.96,102.01,WNW,30,26,,83,6.1,8.9,,,48300,2.2,,1,,,9.6,8.6,0
2025-04-16 08:00:00 PDT,1744815600,101.9,101.95,NW,30,24,,83,6.2,8.9,,,48300,2.2,,2,,,8.9,7.8,0
2025-04-16 07:00:00 PDT,1744812000,101.86,101.91,NW,30,23,,86,5.6,7.8,,,48300,2.1,,2,,,7.9,7.2,0
2025-04-16 06:00:00 PDT,1744808400,101.83,101.88,NW,30,22,,89,5.8,7.4,,,32200,2.2,,1,,,7.7,7.2,0
2025-04-16 05:00:00 PDT,1744804800,101.82,101.87,WNW,29,24,,87,5.5,7.5,,,32200,2.2,,0,,,7.9,7.5,0
2025-04-16 04:00:00 PDT,1744801200,101.78,101.83,WNW,29,25,,86,5.7,7.9,,,32200,2.2,,0,,,8.2,7.6,0
2025-04-16 03:00:00 PDT,1744797600,101.75,101.8,NW,30,26,29,82,5.2,8.1,,,32200,2.3,,0,,,8.8,7.9,0
2025-04-16 02:00:00 PDT,1744794000,101.72,101.77,WNW,30,29,45,79,5.3,8.7,,,32200,2.2,,0,,,8.9,8.5,0
2025-04-16 01:00:00 PDT,1744790400,101.72,101.77,WNW,29,27,,77,5,8.9,,,32200,2.2,,0,,,9.2,8.8,0
2025-04-16 00:00:00 PDT,1744786800,101.72,101.77,WNW,30,21,33,78,5.4,9.1,,,32200,2.3,,0,,,9.9,9,0
2025-04-15 23:00:00 PDT,1744783200,101.69,101.74,WNW,29,26,,80,6.3,9.6,,,32200,2.5,,0,,,10.2,9.5,0
2025-04-15 22:00:00 PDT,1744779600,101.7,101.75,WNW,28,27,,78,6.6,10.1,,,32200,2.6,,0,,,10.1,9.1,0
2025-04-15 21:00:00 PDT,1744776000,101.69,101.74,NW,30,15,,80,6.3,9.6,,,32200,2.6,,0,,,10.5,9.4,0
2025-04-15 20:00:00 PDT,1744772400,101.65,101.7,WNW,28,25,36,73,5.8,10.5,,,32200,2.6,,1,,,11.9,10.4,0
2025-04-15 19:00:00 PDT,1744768800,101.66,101.71,W,26,13,30,65,5.7,12,,,48300,2.4,,1,,,13.5,11.9,0
2025-04-15 18:00:00 PDT,1744765200,101.71,101.76,WNW,29,7,,64,5.8,12.4,,,48300,2.3,,5,,,13.4,12.4,0
2025-04-15 17:00:00 PDT,1744761600,101.77,101.82,W,26,28,38,57,4.8,13.1,,,48300,2.2,,5,,,13.8,12.7,0
2025-04-15 16:00:00 PDT,1744758000,101.82,101.87,W,27,32,42,69,8.2,13.8,,,48300,2.1,,3,,,14.3,13.3,0
2025-04-15 15:00:00 PDT,1744754400,101.86,101.91,WNW,28,30,41,71,8.8,13.9,,,48300,2.1,,3,,,14,12.2,0
2025-04-15 14:00:00 PDT,1744750800,101.93,101.98,W,28,25,39,79,9,12.5,,,48300,2.2,,5,,,12.7,12,0
2025-04-15 13:00:00 PDT,1744747200,101.97,102.02,WNW,29,30,43,80,9.1,12.4,,,48300,2.1,,8,,,12.4,11.6,0
2025-04-15 12:00:00 PDT,1744743600,101.98,102.03,WNW,28,36,35,77,8.2,12.1,,,48300,2,,6,,,12.2,10.9,0
2025-04-15 11:00:00 PDT,1744740000,102.02,102.07,WNW,29,30,33,82,8.7,11.7,,,48300,2.1,,7,,,12.1,10.8,0
2025-04-15 10:00:00 PDT,1744736400,102.01,102.06,WNW,29,28,,85,8.9,11.3,,,48300,2,,7,,,11.4,10.2,0
2025-04-15 09:00:00 PDT,1744732800,102.01,102.06,WNW,29,23,34,89,8.5,10.3,,,48300,1.9,,7,,,10.8,9.5,0
2025-04-15 08:00:00 PDT,1744729200,102,102.05,NW,30,21,,93,8.4,9.5,,,48300,1.9,,8,,,9.6,8,0
2025-04-15 07:00:00 PDT,1744725600,101.95,102,NNW,33,13,,95,7.4,8.2,,,48300,1.9,,6,,,9.1,8,0
2025-04-15 06:00:00 PDT,1744722000,101.94,101.99,WNW,28,24,35,94,8.1,9.1,,,32200,1.9,,6,,,9.4,9,0
2025-04-15 05:00:00 PDT,1744718400,101.92,101.97,WNW,29,29,38,94,8.4,9.3,,,32200,1.9,,1,,,9.7,9.3,0
2025-04-15 04:00:00 PDT,1744714800,101.91,101.96,WNW,30,28,,93,8.5,9.7,,,32200,1.9,,1,,,10,9.6,0
2025-04-15 03:00:00 PDT,1744711200,101.87,101.92,WNW,29,30,43,93,8.8,9.9,,,32200,2,,1,,,10.3,9.8,0
2025-04-15 02:00:00 PDT,1744707600,101.9,101.95,WNW,29,32,41,90,8.8,10.3,,,32200,2,,1,,,10.6,10.3,0
2025-04-15 01:00:00 PDT,1744704000,101.91,101.96,WNW,30,26,,91,9.1,10.5,,,32200,2.2,,1,,,10.8,10.5,0
2025-04-15 00:00:00 PDT,1744700400,101.9,101.95,WNW,30,27,37,89,9.1,10.8,,,32200,2.2,,0,,,10.9,10.7,0
2025-04-14 23:00:00 PDT,1744696800,101.89,101.94,WNW,29,33,44,89,9,10.7,,,32200,2.3,,0,,,10.9,10.6,0
2025-04-14 22:00:00 PDT,1744693200,101.87,101.92,NW,30,28,,91,9.2,10.6,,,32200,2.4,,0,,,10.8,10.6,0
2025-04-14 21:00:00 PDT,1744689600,101.86,101.91,WNW,28,33,44,89,9,10.7,,,32200,2.4,,1,,,10.9,10.5,0
2025-04-14 20:00:00 PDT,1744686000,101.83,101.88,WNW,29,28,,88,8.9,10.8,,,32200,2.5,,3,,,11.8,10.8,0
2025-04-14 19:00:00 PDT,1744682400,101.87,101.92,WNW,30,26,35,81,8.7,11.8,,,48300,2.5,,8,,,12.2,11.7,0
2025-04-14 18:00:00 PDT,1744678800,101.94,101.99,WNW,29,19,30,79,8.8,12.2,,,48300,2.6,,8,,,13,12.2,0
2025-04-14 17:00:00 PDT,1744675200,101.99,102.04,NW,30,26,30,77,8.8,12.8,,,48300,2.6,,7,,,13.5,12.6,0
2025-04-14 16:00:00 PDT,1744671600,102.06,102.11,NW,30,23,,74,8.8,13.3,,,48300,2.7,,7,,,13.5,13,0
2025-04-14 15:00:00 PDT,1744668000,102.12,102.17,WNW,29,22,,76,9,13.1,,,48300,2.6,,7,,,13.6,12.7,0
2025-04-14 14:00:00 PDT,1744664400,102.19,102.24,WNW,28,22,,75,8.9,13.2,,,48300,2.4,,7,,,13.2,12.5,0
2025-04-14 13:00:00 PDT,1744660800,102.23,102.28,NW,30,21,30,73,8.4,13,,,48300,2.4,,7,,,13,12.1,0
2025-04-14 12:00:00 PDT,1744657200,102.3,102.35,WNW,28,17,,71,7.4,12.4,,,48300,2.4,,7,,,12.6,11.8,0
2025-04-14 11:00:00 PDT,1744653600,102.33,102.38,W,27,10,,67,6.3,12.2,,,48300,2.3,,8,,,12.5,10.8,0
2025-04-14 10:00:00 PDT,1744650000,102.32,102.37,SW,23,6,,73,6.5,11,,,48300,2.2,,8,,,11.4,9.6,0
2025-04-14 09:00:00 PDT,1744646400,102.35,102.4,S,18,5,,74,5.4,9.7,,,48300,2.1,,7,,,9.7,8,0
2025-04-14 08:00:00 PDT,1744642800,102.36,102.41,SE,13,4,,84,5.5,8,,,48300,2.1,,8,,,8,6.6,0
2025-04-14 07:00:00 PDT,1744639200,102.36,102.41,E,9,7,,84,4.1,6.5,,,48300,2,,7,,,7.7,4.8,0
2025-04-14 06:00:00 PDT,1744635600,102.38,102.43,NNW,34,5,,93,3.8,4.8,,,32200,2,,7,,,7.3,4.6,0
2025-04-14 05:00:00 PDT,1744632000,102.42,102.47,,,0,,86,5.1,7.2,,,32200,2,,6,,,7.3,4.8,0
2025-04-14 04:00:00 PDT,1744628400,102.48,102.53,NNW,33,7,,91,3.5,4.8,,,32200,2.2,,5,,,7.8,4.8,0
2025-04-14 03:00:00 PDT,1744624800,102.52,102.57,N,35,4,,80,4.7,7.8,,,32200,2.4,,5,,,7.8,4,0
2025-04-14 02:00:00 PDT,1744621200,102.58,102.63,N,35,4,,90,5.6,7,,,32200,2.6,,5,,,8.4,7,0
2025-04-14 01:00:00 PDT,1744617600,102.6,102.65,W,26,7,,87,5.7,7.6,,,32200,2.6,,4,,,8.2,6.7,0
2025-04-14 00:00:00 PDT,1744614000,102.63,102.68,NNW,32,5,,85,4.9,7.2,,,32200,2.6,,3,,,8.4,7.2,0
2025-04-13 23:00:00 PDT,1744610400,102.65,102.7,NNW,34,5,,87,5.6,7.6,,,32200,3,,1,,,9.2,7.3,0
2025-04-13 22:00:00 PDT,1744606800,102.69,102.74,WNW,28,4,,84,6,8.4,,,32200,2.7,,1,,,8.6,7.6,0
2025-04-13 21:00:00 PDT,1744603200,102.71,102.76,WNW,28,9,,86,5.7,7.9,,,32200,2.7,,1,,,8.6,7.7,0
2025-04-13 20:00:00 PDT,1744599600,102.73,102.78,W,27,8,,83,5.5,8.2,,,32200,2.7,,2,,,10.6,8.1,0
2025-04-13 19:00:00 PDT,1744596000,102.75,102.8,WNW,28,6,,71,5.4,10.5,,,32200,2.7,,8,,,11.6,10.5,0
2025-04-13 18:00:00 PDT,1744592400,102.79,102.84,WNW,28,10,,64,5,11.6,,,32200,2.6,,1,,,12.3,11.4,0
2025-04-13 17:00:00 PDT,1744588800,102.82,102.87,WNW,28,11,,61,5,12.3,,,32200,2.6,,2,,,12.3,11.3,0
2025-04-13 16:00:00 PDT,1744585200,102.89,102.94,WSW,25,11,,66,5.6,11.7,,,32200,2.5,,8,,,12,10.9,0
2025-04-13 15:00:00 PDT,1744581600,102.94,102.99,W,26,14,,68,6.1,11.9,,,32200,2.4,,8,,,11.9,10.5,0
2025-04-13 14:00:00 PDT,1744578000,102.99,103.04,WSW,25,16,,67,4.9,10.8,,,32200,2.4,,8,,,11.4,10.6,0
2025-04-13 13:00:00 PDT,1744574400,103.01,103.06,W,26,13,,77,7.4,11.2,,,32200,2.2,,7,,,11.2,10.4,0
2025-04-13 12:00:00 PDT,1744570800,103.04,103.09,WSW,24,17,,74,6.2,10.6,,,32200,2.1,,7,,,11.9,10.6,0
2025-04-13 11:00:00 PDT,1744567200,103.05,103.1,SE,14,3,,56,2.9,11.3,,,32200,1.9,,4,,,11.7,10,0
2025-04-13 10:00:00 PDT,1744563600,103.05,103.1,ESE,11,11,,61,2.9,10.1,,,32200,,,3,,,10.2,8.5,0
2025-04-13 09:00:00 PDT,1744560000,103.05,103.1,E,9,13,,70,3.5,8.5,,,32200,,,3,,,8.5,6.6,0
2025-04-13 08:00:00 PDT,1744556400,103.06,103.11,ENE,7,11,,77,2.8,6.6,,,32200,1.8,,2,,,6.6,4.7,0
2025-04-13 07:00:00 PDT,1744552800,103.03,103.08,E,7,10,,82,2,4.8,,,32200,1.8,,2,,,4.8,2.6,0
2025-04-13 06:00:00 PDT,1744549200,103.02,103.07,E,8,10,,83,1.4,3.9,,,32200,1.9,,2,,,5.1,3.9,0
2025-04-13 05:00:00 PDT,1744545600,103.01,103.06,E,8,12,,82,1.9,4.7,,,32200,2,,2,,,5.1,3.2,0
2025-04-13 04:00:00 PDT,1744542000,102.96,103.01,ENE,7,13,,80,2.1,5.2,,,32200,2,,1,,,5.5,4.8,0
2025-04-13 03:00:00 PDT,1744538400,102.93,102.98,E,8,13,,82,2.2,5,,,32200,2.1,,2,,,5.4,3.8,0
2025-04-13 02:00:00 PDT,1744534800,102.93,102.98,E,9,14,,83,1.2,3.8,,,32200,2.3,,5,,,5.2,3.8,0
2025-04-13 01:00:00 PDT,1744531200,102.89,102.94,E,9,10,,79,1.8,5.2,,,32200,2.4,,4,,,7.4,5.2,0
2025-04-13 00:00:00 PDT,1744527600,102.88,102.93,ENE,7,10,,72,1.8,6.6,,,32200,3,,4,,,7.1,6.1,0
2025-04-12 23:00:00 PDT,1744524000,102.84,102.89,E,8,14,,74,2.3,6.5,,,32200,2.4,,4,,,9.3,6.3,0
2025-04-12 22:00:00 PDT,1744520400,102.8,102.85,SW,23,13,,71,3.9,8.9,,,32200,2.5,,1,,,9.8,8.9,0
2025-04-12 21:00:00 PDT,1744516800,102.72,102.77,SW,21,21,,66,3.6,9.6,,,32200,2.5,,2,,,9.7,8.4,0
2025-04-12 20:00:00 PDT,1744513200,102.67,102.72,SSW,19,13,,72,4.3,9.1,,,32200,2.5,,3,,,10.2,9.1,0
2025-04-12 19:00:00 PDT,1744509600,102.64,102.69,WSW,23,26,35,66,4.2,10.2,,,32200,2.4,,2,,,11,10.2,0
2025-04-12 18:00:00 PDT,1744506000,102.61,102.66,SW,21,20,41,63,4.2,10.9,,,32200,2.4,,1,,,11.7,10.9,0
2025-04-12 17:00:00 PDT,1744502400,102.58,102.63,WSW,25,22,,64,5.1,11.5,,,32200,2.4,,2,,,12.1,10.6,0
2025-04-12 16:00:00 PDT,1744498800,102.57,102.62,W,28,31,,56,3.5,11.9,,,32200,2.3,,2,,,12,11.2,0
2025-04-12 15:00:00 PDT,1744495200,102.56,102.61,W,26,28,,65,4.8,11.1,,,32200,2.3,,1,,,11.1,10.6,0
2025-04-12 14:00:00 PDT,1744491600,102.56,102.61,W,27,33,,66,4.5,10.6,,,32200,2.2,,1,,,10.8,10.1,0
2025-04-12 13:00:00 PDT,1744488000,102.56,102.61,W,27,35,,68,4.9,10.4,,,32200,2.1,,1,,,10.4,9.6,0
2025-04-12 12:00:00 PDT,1744484400,102.53,102.58,WNW,28,39,42,71,5,10,,,32200,2.1,,1,,,10.1,9.2,0
2025-04-12 11:00:00 PDT,1744480800,102.52,102.57,W,27,34,46,73,4.8,9.4,,,32200,2.1,,1,,,9.6,8.9,0
2025-04-12 10:00:00 PDT,1744477200,102.48,102.53,WNW,28,36,46,75,4.8,9,,,32200,2.1,,2,,,9.1,8.4,0
2025-04-12 09:00:00 PDT,1744473600,102.39,102.44,WNW,28,37,49,75,4.3,8.4,,,32200,2.1,,1,,,8.4,7.3,0
2025-04-12 08:00:00 PDT,1744470000,102.36,102.41,W,28,39,,75,3.6,7.8,,,32200,2.1,,1,,,7.8,7.1,0
2025-04-12 07:00:00 PDT,1744466400,102.3,102.35,WNW,28,43,52,75,3,7.1,,,32200,2.1,,1,,,7.1,6.7,0
2025-04-12 06:00:00 PDT,1744462800,102.3,102.35,WNW,28,40,44,78,3.4,7,,,32200,2.2,,2,,,7.2,6.9,0
2025-04-12 05:00:00 PDT,1744459200,102.24,102.29,W,27,31,45,84,4.7,7.1,,,32200,2.2,,5,,,7.3,7.1,0
2025-04-12 04:00:00 PDT,1744455600,102.23,102.28,W,28,37,,82,4.4,7.3,,,32200,2.3,,5,,,7.7,7.2,0
2025-04-12 03:00:00 PDT,1744452000,102.21,102.26,W,27,35,40,81,4.5,7.6,,,32200,2.3,,5,,,7.7,7.4,0
2025-04-12 02:00:00 PDT,1744448400,102.22,102.27,WNW,28,33,36,81,4.7,7.7,,,32200,2.3,,3,,,8.2,7.5,0
2025-04-12 01:00:00 PDT,1744444800,102.24,102.29,WNW,28,32,41,73,3.7,8.2,,,32200,2.3,,8,,,8.7,8.2,0
2025-04-12 00:00:00 PDT,1744441200,102.26,102.31,W,27,27,,74,4.3,8.8,,,32200,2.4,,8,,,9.1,8.6,0
2025-04-11 23:00:00 PDT,1744437600,102.26,102.31,W,28,27,36,70,3.9,9.1,,,32200,2.6,,8,,,9.5,9.1,0
2025-04-11 22:00:00 PDT,1744434000,102.27,102.32,W,27,21,,68,3.7,9.3,,,32200,2.7,,8,,,9.4,9,0
2025-04-11 21:00:00 PDT,1744430400,102.27,102.32,W,26,13,,74,4.8,9,,,32200,2.8,,8,,,9.2,8.9,0
2025-04-11 20:00:00 PDT,1744426800,102.26,102.31,W,27,13,,72,4.3,9,,,32200,2.8,,8,,,9.2,9,0
2025-04-11 19:00:00 PDT,1744423200,102.28,102.33,WNW,28,14,,74,4.8,9.2,,,32200,2.8,,8,,,9.8,9.2,0
2025-04-11 18:00:00 PDT,1744419600,102.33,102.38,WNW,29,17,,65,3.6,9.8,,,32200,2.7,,7,,,11,9.8,0
2025-04-11 17:00:00 PDT,1744416000,102.39,102.44,WNW,28,18,,68,5.3,10.9,,,32200,2.8,,6,,,11.7,10.6,0
2025-04-11 16:00:00 PDT,1744412400,102.45,102.5,WNW,29,19,,60,4,11.4,,,32200,2.8,,3,,,12.4,11.4,0
2025-04-11 15:00:00 PDT,1744408800,102.48,102.53,W,27,12,,63,5.1,11.8,,,32200,2.8,,4,,,12.2,11.4,0
2025-04-11 14:00:00 PDT,1744405200,102.5,102.55,WSW,24,14,,61,4.6,11.8,,,32200,2.7,,4,,,12,10.9,0
2025-04-11 13:00:00 PDT,1744401600,102.54,102.59,WSW,24,13,,65,4.7,10.9,,,32200,2.7,,4,,,11.2,10.5,0
2025-04-11 12:00:00 PDT,1744398000,102.58,102.63,WSW,24,14,,67,5.1,11,,,32200,2.7,,4,,,11.1,10.2,0
2025-04-11 11:00:00 PDT,1744394400,102.6,102.65,SW,23,14,,66,4.2,10.2,,,32200,2.7,,3,,,10.3,9.5,0
2025-04-11 10:00:00 PDT,1744390800,102.58,102.63,WSW,23,8,,65,3.3,9.5,,,32200,2.7,,2,,,9.7,9,0
2025-04-11 09:00:00 PDT,1744387200,102.57,102.62,W,26,6,,68,4.2,9.7,,,32200,2.7,,1,,,9.7,7.6,0
2025-04-11 08:00:00 PDT,1744383600,102.51,102.56,ESE,10,11,,78,3.9,7.5,,,32200,2.7,,1,,,7.5,5,0
2025-04-11 07:00:00 PDT,1744380000,102.47,102.52,E,10,8,,83,3,5.6,,,32200,2.6,,2,,,6.8,4.6,0
2025-04-11 06:00:00 PDT,1744376400,102.42,102.47,SSE,16,10,,83,2.6,5.2,,,32200,2.5,,2,,,6.3,3.8,0
2025-04-11 05:00:00 PDT,1744372800,102.42,102.47,E,10,9,,86,2.7,4.8,,,32200,2.5,,2,,,7.5,4.7,0
2025-04-11 04:00:00 PDT,1744369200,102.4,102.45,SSW,19,8,,85,4.4,6.7,,,32200,2.6,,4,,,7.8,6.2,0
2025-04-11 03:00:00 PDT,1744365600,102.4,102.45,SE,12,6,,82,3.8,6.6,,,32200,2.6,,5,,,8.5,6.6,0
2025-04-11 02:00:00 PDT,1744362000,102.37,102.42,W,26,4,,81,4.7,7.8,,,32200,2.6,,7,,,9.1,7.2,0
2025-04-11 01:00:00 PDT,1744358400,102.34,102.39,SSW,21,15,,79,5.2,8.6,,,32200,2.6,,7,,,8.9,8.4,0
2025-04-11 00:00:00 PDT,1744354800,102.21,102.26,WSW,24,21,,79,5.1,8.5,,,32200,2.5,,1,,,9.3,8.5,0
2025-04-10 23:00:00 PDT,1744351200,102.1,102.15,SSW,21,20,41,74,4.5,8.8,,,32200,2.5,,1,,,9.5,8.8,0
2025-04-10 22:00:00 PDT,1744347600,102.04,102.09,S,18,28,39,71,4.6,9.5,,,32200,2.5,,1,,,10.2,9.5,0
2025-04-10 21:00:00 PDT,1744344000,101.93,101.98,SSW,19,31,41,72,5.3,10.1,,,32200,2.5,,1,,,10.9,10,0
2025-04-10 20:00:00 PDT,1744340400,101.85,101.9,SSW,20,25,39,71,5.8,10.8,,,32200,2.5,,2,,,12.2,10.8,0
2025-04-10 19:00:00 PDT,1744336800,101.74,101.79,SSW,19,27,,70,6.2,11.6,,,32200,2.4,,2,,,13.4,11.6,0
2025-04-10 18:00:00 PDT,1744333200,101.64,101.69,SSW,19,31,46,67,7.5,13.5,,,32200,2.3,,2,,,14,13,0
2025-04-10 17:00:00 PDT,1744329600,101.52,101.57,S,18,35,49,66,7.6,13.8,,,32200,2.2,,4,,,15.3,13.8,0
2025-04-10 16:00:00 PDT,1744326000,101.48,101.53,SSW,19,20,32,67,9.4,15.3,,,32200,2.1,,5,,,15.5,10.4,0
2025-04-10 15:00:00 PDT,1744322400,101.4,101.45,SW,23,6,,78,7.9,11.5,,,24100,2.1,,8,,,11.5,10.3,0.3
2025-04-10 14:00:00 PDT,1744318800,101.23,101.28,SW,22,14,,85,8.5,10.9,,,24100,2.1,,8,,,14.8,10.9,0
2025-04-10 13:00:00 PDT,1744315200,101.1,101.15,E,8,14,,65,7.6,14,,,32200,2,,7,,,14.2,13.4,0
2025-04-10 12:00:00 PDT,1744311600,101.21,101.26,E,9,17,,66,7.3,13.4,,,32200,2.1,,8,,,13.4,11.9,0
2025-04-10 11:00:00 PDT,1744308000,101.32,101.37,E,9,10,,70,7,12.2,,,32200,2,,8,,,12.2,10.8,0
2025-04-10 10:00:00 PDT,1744304400,101.48,101.53,S,17,6,,69,5.5,11.1,,,32200,1.9,,7,,,11.1,10.2,0
2025-04-10 09:00:00 PDT,1744300800,101.51,101.56,E,9,13,,74,5.9,10.3,,,32200,1.8,,7,,,10.4,9.7,0
2025-04-10 08:00:00 PDT,1744297200,101.62,101.67,ESE,10,10,,74,5.4,9.7,,,32200,1.7,,8,,,9.8,9.2,0
2025-04-10 07:00:00 PDT,1744293600,101.71,101.76,E,8,13,,75,5.1,9.2,,,32200,1.6,,8,,,9.4,9,0
2025-04-10 06:00:00 PDT,1744290000,101.79,101.84,ENE,7,10,,75,4.9,9.1,,,32200,1.6,,8,,,9.2,8.1,0
2025-04-10 05:00:00 PDT,1744286400,101.84,101.89,E,9,10,,76,4.6,8.6,,,32200,1.6,,7,,,9.6,8.1,0
2025-04-10 04:00:00 PDT,1744282800,101.91,101.96,ENE,7,14,,72,4.8,9.5,,,32200,1.6,,8,,,9.6,8.6,0
2025-04-10 03:00:00 PDT,1744279200,102.06,102.11,ENE,7,5,,78,5.4,9,,,32200,1.7,,8,,,9.9,8.8,0
2025-04-10 02:00:00 PDT,1744275600,102.11,102.16,E,9,7,,78,5.4,9.1,,,32200,1.7,,8,,,9.5,8.8,0
2025-04-10 01:00:00 PDT,1744272000,102.16,102.21,NE,4,7,,76,5.2,9.1,,,32200,1.7,,8,,,10.1,8.8,0
2025-04-10 00:00:00 PDT,1744268400,102.23,102.28,E,8,3,,71,5,10,,,32200,1.8,,8,,,10.1,9.1,0
2025-04-09 23:00:00 PDT,1744264800,102.23,102.28,E,8,9,,74,5,9.3,,,32200,2,,8,,,10.7,9.2,0
2025-04-09 22:00:00 PDT,1744261200,102.31,102.36,ENE,6,8,,68,5,10.6,,,32200,2.3,,8,,,11.4,10.2,0
2025-04-09 21:00:00 PDT,1744257600,102.31,102.36,ENE,5,14,,66,5.4,11.4,,,32200,2.4,,8,,,11.4,8.9,0
2025-04-09 20:00:00 PDT,1744254000,102.32,102.37,WNW,30,9,,82,6.6,9.6,,,48300,2.4,,7,,,11.4,9.6,0
2025-04-09 19:00:00 PDT,1744250400,102.34,102.39,WNW,30,12,,74,6.9,11.4,,,48300,2.5,,7,,,13.6,11.4,0
2025-04-09 18:00:00 PDT,1744246800,102.38,102.43,W,26,7,,63,6.2,13.1,,,48300,2.4,,8,,,13.4,12.6,0
2025-04-09 17:00:00 PDT,1744243200,102.45,102.5,SSE,14,14,,55,4.7,13.4,,,48300,2.4,,8,,,13.6,12.8,0
2025-04-09 16:00:00 PDT,1744239600,102.5,102.55,SE,14,13,,57,4.7,13,,,40200,,,8,,,13.5,12.8,0
2025-04-09 15:00:00 PDT,1744236000,102.51,102.56,SE,14,7,,54,5.3,14.3,,,,2.3,,,,,14.3,12.5,0
2025-04-09 14:00:00 PDT,1744232400,102.56,102.61,SE,14,16,,57,4.3,12.4,,,48300,2.3,,8,,,13.5,11.5,0
2025-04-09 13:00:00 PDT,1744228800,102.55,102.6,ESE,11,18,,65,6.2,12.7,,,48300,2.2,,7,,,12.9,11.2,0
2025-04-09 12:00:00 PDT,1744225200,102.58,102.63,ESE,11,14,,69,6,11.4,,,48300,2.2,,7,,,12.5,10.9,0
2025-04-09 11:00:00 PDT,1744221600,102.53,102.58,SE,13,8,,62,5,12,,,48300,2.2,,4,,,12.1,10.2,0
2025-04-09 10:00:00 PDT,1744218000,102.5,102.55,SE,13,7,,72,5.3,10.1,,,48300,2.3,,8,,,10.2,9,0
2025-04-09 09:00:00 PDT,1744214400,102.43,102.48,E,9,16,,86,6.8,8.9,,,48300,2.3,,7,,,9.5,7.8,0
2025-04-09 08:00:00 PDT,1744210800,102.37,102.42,ESE,10,11,,90,6.2,7.8,,,48300,2.2,,7,,,7.8,6.5,0
2025-04-09 07:00:00 PDT,1744207200,102.31,102.36,E,8,12,,91,5.4,6.7,,,40200,2.2,,8,,,6.9,6.3,0
2025-04-09 06:00:00 PDT,1744203600,102.25,102.3,E,8,9,,89,5,6.7,,,32200,2.2,,6,,,6.7,4.6,0
2025-04-09 05:00:00 PDT,1744200000,102.2,102.25,E,9,10,,91,4.4,5.8,,,32200,2.2,,4,,,6.3,4.5,0
2025-04-09 04:00:00 PDT,1744196400,102.13,102.18,ENE,7,10,,89,4.6,6.2,,,32200,2.2,,6,,,7.2,5.8,0
2025-04-09 03:00:00 PDT,1744192800,102.04,102.09,ENE,7,11,,90,4.2,5.7,,,32200,2.2,,3,,,7.8,5.4,0
2025-04-09 02:00:00 PDT,1744189200,101.93,101.98,SSE,16,13,,83,4.8,7.5,,,32200,2.3,,4,,,8.2,7.1,0
2025-04-09 01:00:00 PDT,1744185600,101.85,101.9,S,18,14,27,82,5.4,8.2,,,32200,2.3,,6,,,8.5,7.8,0
2025-04-09 00:00:00 PDT,1744182000,101.74,101.79,S,18,20,30,82,5.6,8.5,,,32200,2.4,,6,,,8.8,8.4,0
2025-04-08 23:00:00 PDT,1744178400,101.65,101.7,S,18,21,42,82,6,8.9,,,32200,2.5,,8,,,9.2,8.7,0
2025-04-08 22:00:00 PDT,1744174800,101.54,101.59,SSW,19,22,29,84,6.5,9.1,,,19300,2.5,,8,,,9.2,8.8,0.3
2025-04-08 21:00:00 PDT,1744171200,101.41,101.46,S,18,21,,86,6.7,8.9,,,12900,2.5,,8,,,9.2,8.8,0.7
2025-04-08 20:00:00 PDT,1744167600,101.26,101.31,S,16,26,36,82,6.1,9.1,,,16100,2.4,,8,,,10,9.1,0.3
2025-04-08 19:00:00 PDT,1744164000,101.17,101.22,S,17,32,42,76,6.1,10,,,32200,2.3,,7,,,10.8,10,0
2025-04-08 18:00:00 PDT,1744160400,101.1,101.15,SSE,16,28,43,79,7.1,10.6,,,40200,2.2,,8,,,11.7,10.1,0
2025-04-08 17:00:00 PDT,1744156800,101.04,101.09,SE,12,16,,86,8.4,10.6,,,16100,2.2,,8,,,10.6,9.8,0.5
2025-04-08 16:00:00 PDT,1744153200,101.01,101.06,E,8,21,32,87,7.8,10,,,24100,2.2,,8,,,10,9.1,0
2025-04-08 15:00:00 PDT,1744149600,101.05,101.1,E,8,23,36,86,7,9.2,,,24100,2.2,,8,,,9.8,9.2,0
2025-04-08 14:00:00 PDT,1744146000,101.06,101.11,E,8,27,28,84,7,9.5,,,32200,2.2,,8,,,9.8,8.7,0
2025-04-08 13:00:00 PDT,1744142400,101.04,101.09,E,9,27,36,89,7,8.7,,,24100,2.2,,8,,,8.8,8.2,0.7
2025-04-08 12:00:00 PDT,1744138800,101.03,101.08,ENE,7,25,39,93,7.4,8.5,,,9700,2.3,,8,,,8.5,8.1,3.5
2025-04-08 11:00:00 PDT,1744135200,101.06,101.11,E,9,25,,92,7,8.2,,,9700,2.2,,8,,,8.3,8.1,2.5
2025-04-08 10:00:00 PDT,1744131600,101.06,101.11,E,9,26,,90,6.8,8.3,,,16100,2.2,,8,,,8.8,8.3,0
2025-04-08 09:00:00 PDT,1744128000,101.1,101.15,E,9,22,,92,7.3,8.6,,,24100,2.2,,8,,,8.6,8.4,0
2025-04-08 08:00:00 PDT,1744124400,101.16,101.21,ESE,10,25,36,90,6.9,8.4,,,24100,2.2,,8,,,8.4,8.2,0
2025-04-08 07:00:00 PDT,1744120800,101.19,101.24,ESE,12,22,,87,6.2,8.3,,,32200,2.2,,8,,,8.3,7.8,0
2025-04-08 06:00:00 PDT,1744117200,101.19,101.24,SE,12,18,,88,6,7.8,,,32200,2.2,,8,,,8.1,7.7,0.1
2025-04-08 05:00:00 PDT,1744113600,101.17,101.22,ESE,11,17,,92,6.6,7.8,,,24100,2.2,,8,,,8.4,7.7,0.8
2025-04-08 04:00:00 PDT,1744110000,101.16,101.21,SE,12,18,,88,6.3,8.2,,,24100,2.2,,8,,,8.4,8,0
2025-04-08 03:00:00 PDT,1744106400,101.16,101.21,SE,12,17,,92,6.8,8,,,24100,2.2,,8,,,8.1,7.9,1.4
2025-04-08 02:00:00 PDT,1744102800,101.19,101.24,SE,12,16,,94,7,7.9,,,24100,2.2,,8,,,8.8,7.9,1.4
2025-04-08 01:00:00 PDT,1744099200,101.19,101.24,SE,13,17,,89,6.8,8.5,,,32200,2.3,,8,,,8.8,8.5,0
2025-04-08 00:00:00 PDT,1744095600,101.18,101.23,ESE,11,16,,91,7.3,8.6,,,32200,2.4,,8,,,8.8,8.6,0
2025-04-07 23:00:00 PDT,1744092000,101.14,101.19,E,9,12,,86,6.4,8.7,,,32200,2.4,,8,,,9.6,8.7,0
2025-04-07 22:00:00 PDT,1744088400,101.11,101.16,SE,14,13,28,73,4.7,9.3,,,32200,2.5,,8,,,9.6,8.7,0.2
2025-04-07 21:00:00 PDT,1744084800,101.09,101.14,S,17,17,,76,5.5,9.5,,,24100,2.4,,8,,,10.4,9.5,0
2025-04-07 20:00:00 PDT,1744081200,101.02,101.07,S,17,13,,72,5.4,10.2,,,32200,2.5,,7,,,10.5,9.8,0
2025-04-07 19:00:00 PDT,1744077600,100.96,101.01,ESE,11,12,,87,8.4,10.3,,,32200,2.5,,8,,,10.4,10.2,0
2025-04-07 18:00:00 PDT,1744074000,100.93,100.98,ESE,11,13,,90,8.8,10.4,,,40200,2.5,,8,,,10.6,10,0
2025-04-07 17:00:00 PDT,1744070400,100.86,100.91,SE,14,11,,92,9.2,10.5,,,40200,2.4,,8,,,10.5,10,0.8
2025-04-07 16:00:00 PDT,1744066800,100.91,100.96,SSE,14,24,,92,9,10.3,,,16100,2.4,,8,,,11.1,10.3,2.6
2025-04-07 15:00:00 PDT,1744063200,100.88,100.93,SSE,15,15,,88,9.1,11,,,24100,2.3,,8,,,12.6,11,0.5
2025-04-07 14:00:00 PDT,1744059600,100.85,100.9,SE,14,16,,80,9,12.4,,,48300,2.3,,7,,,12.7,12.3,0
2025-04-07 13:00:00 PDT,1744056000,100.84,100.89,ESE,12,23,,85,10.4,12.8,,,24100,2.3,,7,,,13.3,10.2,0.1
2025-04-07 12:00:00 PDT,1744052400,100.87,100.92,ESE,10,17,,94,9.5,10.5,,,6400,2.4,,8,,,10.6,9.8,
2025-04-07 11:00:00 PDT,1744048800,100.9,100.95,E,10,16,,95,9.1,9.9,,,32200,2.4,,7,,,9.9,9.4,1
2025-04-07 10:00:00 PDT,1744045200,100.92,100.97,E,9,20,,97,8.9,9.4,,,14500,2.4,,8,,,9.8,9.4,
2025-04-07 09:00:00 PDT,1744041600,100.92,100.97,E,8,17,,92,8.4,9.6,,,32200,2.4,,8,,,9.7,9.2,0
2025-04-07 08:00:00 PDT,1744038000,100.95,101,E,9,18,,94,8.3,9.2,,,32200,2.3,,8,,,9.2,8.5,0
2025-04-07 07:00:00 PDT,1744034400,100.97,101.02,E,9,17,42,96,8.1,8.7,,,32200,2.2,,8,,,8.9,8.6,0
2025-04-07 06:00:00 PDT,1744030800,101,101.05,E,9,13,,96,8.3,8.8,,,24100,2.2,,8,,,8.8,8.6,0
2025-04-07 05:00:00 PDT,1744027200,101.04,101.09,E,10,14,,97,8.2,8.6,,,24100,2.2,,8,,,8.8,8.5,0
2025-04-07 04:00:00 PDT,1744023600,101.07,101.12,E,9,10,,97,8.2,8.5,,,24100,2.2,,8,,,8.7,8.4,0
2025-04-07 03:00:00 PDT,1744020000,101.12,101.17,E,9,12,,96,8,8.6,,,24100,2.3,,8,,,8.9,8.5,0
2025-04-07 02:00:00 PDT,1744016400,101.15,101.2,ENE,7,13,,97,8.5,8.9,,,24100,2.3,,8,,,9.2,8.9,0
2025-04-07 01:00:00 PDT,1744012800,101.19,101.24,E,9,10,,89,7.4,9.1,,,24100,2.3,,8,,,9.2,8.9,0.2
2025-04-07 00:00:00 PDT,1744009200,101.2,101.25,E,9,13,,94,8.1,9,,,12900,2.2,,8,,,9.2,9,1.5
2025-04-06 23:00:00 PDT,1744005600,101.21,101.26,SSE,16,14,,92,8.1,9.2,,,12900,2.1,,8,,,9.7,9.2,1.1
2025-04-06 22:00:00 PDT,1744002000,101.21,101.26,S,17,7,,96,9.2,9.7,,,12900,2.1,,8,,,10.1,9.7,0.7
2025-04-06 21:00:00 PDT,1743998400,101.23,101.28,SE,13,10,,97,9.6,10,,,9700,2.1,,8,,,10.3,10,0.6
2025-04-06 20:00:00 PDT,1743994800,101.2,101.25,SE,14,16,,97,9.9,10.3,,,8100,2.1,,8,,,10.7,10.3,1.1
2025-04-06 19:00:00 PDT,1743991200,101.22,101.27,SE,13,16,,97,10.2,10.7,,,9700,2.1,,8,,,10.9,10.7,1.8
2025-04-06 18:00:00 PDT,1743987600,101.3,101.35,SE,13,18,29,96,10.1,10.7,,,12900,2.1,,8,,,11.8,10.7,3.5
2025-04-06 17:00:00 PDT,1743984000,101.38,101.43,SE,12,23,33,94,10.2,11.1,,,12900,2.1,,8,,,11.8,11.1,0.4
2025-04-06 16:00:00 PDT,1743980400,101.43,101.48,ESE,10,19,30,94,10.7,11.6,,,9700,2.2,,8,,,12,11.6,2.8
2025-04-06 15:00:00 PDT,1743976800,101.52,101.57,ESE,10,16,,93,10.8,11.8,,,4800,2.1,,8,,,12.1,11.8,2.2
2025-04-06 14:00:00 PDT,1743973200,101.52,101.57,ENE,6,20,,93,10.9,12,,,9700,2.1,,8,,,12,11.3,2.5
2025-04-06 13:00:00 PDT,1743969600,101.64,101.69,E,8,14,,94,10.4,11.3,,,6400,2,,8,,,12.7,11.2,4.6
2025-04-06 12:00:00 PDT,1743966000,101.67,101.72,E,9,19,,90,10.2,11.7,,,16100,2,,8,,,12.8,11.7,0
2025-04-06 11:00:00 PDT,1743962400,101.66,101.71,NE,4,16,,87,10,12.2,,,11300,2,,8,,,12.3,11.6,0.6
2025-04-06 10:00:00 PDT,1743958800,101.75,101.8,E,8,14,,88,9.6,11.6,,,12900,2.1,,8,,,12.3,11.6,0.3
2025-04-06 09:00:00 PDT,1743955200,101.87,101.92,ENE,7,8,,82,8.9,11.8,,,32200,2.1,,8,,,11.8,10.9,0
2025-04-06 08:00:00 PDT,1743951600,101.93,101.98,E,9,18,,84,8.4,10.9,,,32200,2,,7,,,10.9,10.3,0
2025-04-06 07:00:00 PDT,1743948000,102.03,102.08,E,8,19,,86,8.1,10.3,,,32200,2.1,,8,,,10.6,10.2,0.4
2025-04-06 06:00:00 PDT,1743944400,102.08,102.13,ENE,7,18,,87,8.4,10.4,,,16100,2.1,,8,,,10.5,10.2,1.9
2025-04-06 05:00:00 PDT,1743940800,102.1,102.15,ESE,11,5,,87,8.3,10.3,,,12900,2.2,,8,,,11.7,10.3,1.9
2025-04-06 04:00:00 PDT,1743937200,102.06,102.11,SE,12,5,,72,6.9,11.7,,,24100,2.2,,8,,,12.4,11.1,0
2025-04-06 03:00:00 PDT,1743933600,101.98,102.03,E,9,7,,65,6.1,12.4,,,24100,2.2,,8,,,13.1,12,0
2025-04-06 02:00:00 PDT,1743930000,101.96,102.01,E,10,18,,65,6,12.5,,,24100,2.2,,8,,,13.6,11.6,0
2025-04-06 01:00:00 PDT,1743926400,102.05,102.1,N,0,5,,61,6.1,13.5,,,24100,2.4,,8,,,13.7,12.7,0
2025-04-06 00:00:00 PDT,1743922800,102.08,102.13,NNW,34,6,,68,7,12.7,,,24100,2.6,,8,,,15.3,12.4,0
2025-04-05 23:00:00 PDT,1743919200,102.06,102.11,NE,4,7,,46,3.6,15.1,,,24100,4,,8,,,15.8,14.8,0
2025-04-05 22:00:00 PDT,1743915600,102.09,102.14,NE,4,14,,43,2.8,15.3,,,32200,5,,8,,,15.8,13.9,0
2025-04-05 21:00:00 PDT,1743912000,102.12,102.17,,,0,,63,7.2,14,,,32200,6,,8,,,15.3,13,0
2025-04-05 20:00:00 PDT,1743908400,102.11,102.16,SW,22,4,,70,9.1,14.4,,,32200,2.9,,8,,,16.1,13.2,0
2025-04-05 19:00:00 PDT,1743904800,102.15,102.2,NNW,32,5,,70,9.6,15,,,32200,3,,7,,,16.9,14.8,0
2025-04-05 18:00:00 PDT,1743901200,102.2,102.25,NW,32,4,,57,8.6,17,,,32200,2.9,,6,,,18,16.4,0
2025-04-05 17:00:00 PDT,1743897600,102.26,102.31,,27,0,,63,9.3,16.3,,,32200,2.9,,7,,,16.3,14.1,0
2025-04-05 16:00:00 PDT,1743894000,102.33,102.38,WSW,25,8,,63,7.3,14,,,32200,2.8,,6,,,14.6,13.3,0
2025-04-05 15:00:00 PDT,1743890400,102.38,102.43,WSW,25,8,,66,7.4,13.5,,,32200,2.7,,7,,,14.3,12.2,0
2025-04-05 14:00:00 PDT,1743886800,102.42,102.47,SW,22,15,,66,7.6,13.9,,,32200,2.5,,8,,,15.2,12.4,0
2025-04-05 13:00:00 PDT,1743883200,102.5,102.55,W,27,8,,68,8,13.8,,,32200,2.3,,7,,,13.8,12.4,0
2025-04-05 12:00:00 PDT,1743879600,102.52,102.57,WSW,24,12,,63,6.2,13,,,32200,2.2,,7,,,14.2,12.4,0
2025-04-05 11:00:00 PDT,1743876000,102.58,102.63,WSW,23,6,,61,5.2,12.4,,,32200,2.1,,7,,,13.2,11.6,0
2025-04-05 10:00:00 PDT,1743872400,102.58,102.63,S,18,4,,63,4.8,11.6,,,32200,2.1,,7,,,11.6,9.9,0
2025-04-05 09:00:00 PDT,1743868800,102.6,102.65,SSW,19,3,,77,6.1,9.8,,,32200,2.1,,7,,,9.8,7.8,0
2025-04-05 08:00:00 PDT,1743865200,102.59,102.64,,,0,,78,4.1,7.7,,,32200,2,,3,,,7.7,5,0
2025-04-05 07:00:00 PDT,1743861600,102.56,102.61,W,27,3,,84,3.1,5.5,,,32200,2,,1,,,7.8,4.8,0
2025-04-05 06:00:00 PDT,1743858000,102.55,102.6,ESE,11,6,,79,2.3,5.5,,,32200,2.1,,1,,,7,5.5,0
2025-04-05 05:00:00 PDT,1743854400,102.57,102.62,E,8,5,,75,2.6,6.8,,,32200,2.1,,2,,,7.7,6.3,0
2025-04-05 04:00:00 PDT,1743850800,102.61,102.66,E,7,8,,74,2.2,6.5,,,32200,2.2,,0,,,7.5,4.9,0
2025-04-05 03:00:00 PDT,1743847200,102.6,102.65,NE,3,6,,83,2.4,5,,,32200,2.2,,0,,,9.2,5,0
2025-04-05 02:00:00 PDT,1743843600,102.61,102.66,SE,12,5,,78,3.5,7.1,,,32200,2.3,,1,,,9.1,5.8,0
2025-04-05 01:00:00 PDT,1743840000,102.61,102.66,NW,30,5,,78,3,6.6,,,32200,2.3,,1,,,7.8,6.2,0
2025-04-05 00:00:00 PDT,1743836400,102.6,102.65,WNW,29,4,,83,4.8,7.4,,,32200,2.6,,1,,,10.7,7.4,0
2025-04-04 23:00:00 PDT,1743832800,102.58,102.63,,,0,,74,3.4,7.8,,,32200,3,,3,,,11,7.8,0
2025-04-04 22:00:00 PDT,1743829200,102.58,102.63,N,0,4,,70,4.2,9.4,,,32200,3.2,,2,,,10.6,8,0
2025-04-04 21:00:00 PDT,1743825600,102.59,102.64,NW,32,4,,87,6.6,8.6,,,32200,3.1,,3,,,9.6,7.9,0
2025-04-04 20:00:00 PDT,1743822000,102.57,102.62,NW,31,10,,86,6.9,9.2,,,32200,3,,4,,,10.6,8.9,0
2025-04-04 19:00:00 PDT,1743818400,102.6,102.65,NW,31,13,,78,6.9,10.6,,,32200,2.9,,6,,,12.1,10.6,0
2025-04-04 18:00:00 PDT,1743814800,102.66,102.71,WNW,29,13,,74,7.6,12,,,32200,2.8,,6,,,12.3,11.4,0
2025-04-04 17:00:00 PDT,1743811200,102.7,102.75,WNW,28,14,,74,7.8,12.2,,,32200,2.7,,7,,,12.7,12.2,0
2025-04-04 16:00:00 PDT,1743807600,102.74,102.79,WNW,28,15,,76,8.4,12.4,,,32200,2.5,,7,,,13,12.3,0
2025-04-04 15:00:00 PDT,1743804000,102.78,102.83,W,27,12,,78,8.7,12.3,,,32200,2.5,,6,,,12.3,10.9,0
2025-04-04 14:00:00 PDT,1743800400,102.84,102.89,SW,23,11,,76,7.3,11.3,,,32200,2.4,,8,,,11.8,11,0
2025-04-04 13:00:00 PDT,1743796800,102.89,102.94,W,27,10,,72,6.6,11.4,,,32200,2.3,,8,,,11.9,10.7,0
2025-04-04 12:00:00 PDT,1743793200,102.89,102.94,WSW,24,13,,77,7,10.9,,,32200,2.1,,7,,,11.5,10.4,0
2025-04-04 11:00:00 PDT,1743789600,102.9,102.95,W,27,8,,73,6.7,11.4,,,32200,2,,7,,,11.4,10.3,0
2025-04-04 10:00:00 PDT,1743786000,102.9,102.95,WSW,24,3,,77,6.8,10.6,,,32200,1.9,,6,,,10.6,9,
2025-04-04 09:00:00 PDT,1743782400,102.91,102.96,,,0,,79,5.7,9.2,,,32200,1.9,,4,,,9.2,6.9,0
2025-04-04 08:00:00 PDT,1743778800,102.89,102.94,E,8,3,,89,5.1,6.8,,,32200,1.9,,2,,,6.8,4.7,0
2025-04-04 07:00:00 PDT,1743775200,102.85,102.9,,9,0,,89,3.1,4.7,,,32200,1.9,,2,,,6,3.9,0
2025-04-04 06:00:00 PDT,1743771600,102.82,102.87,ENE,7,8,,90,3.1,4.7,,,32200,1.9,,1,,,5.8,4.1,0
2025-04-04 05:00:00 PDT,1743768000,102.79,102.84,E,8,5,,91,3.4,4.8,,,32200,2,,0,,,6.4,4.6,0
2025-04-04 04:00:00 PDT,1743764400,102.75,102.8,,,0,,92,4.3,5.5,,,32200,2,,0,,,6.3,4.8,0
2025-04-04 03:00:00 PDT,1743760800,102.68,102.73,ENE,7,8,,91,3.3,4.7,,,32200,2.1,,1,,,6.2,4.7,0
2025-04-04 02:00:00 PDT,1743757200,102.63,102.68,E,8,12,,86,4.2,6.3,,,32200,2.3,,1,,,8.1,6,0
2025-04-04 01:00:00 PDT,1743753600,102.58,102.63,ENE,6,14,,82,5,7.8,,,32200,2.5,,1,,,8.1,6.6,0
2025-04-04 00:00:00 PDT,1743750000,102.53,102.58,ENE,6,5,,81,3.9,7,,,32200,2.5,,0,,,8.6,6.8,0
2025-04-03 23:00:00 PDT,1743746400,102.45,102.5,ENE,6,10,,77,4.5,8.3,,,32200,2.5,,0,,,8.8,7.2,0
2025-04-03 22:00:00 PDT,1743742800,102.39,102.44,E,9,6,,68,3,8.5,,,32200,2.7,,0,,,9.4,7.5,0
2025-04-03 21:00:00 PDT,1743739200,102.3,102.35,NNE,3,4,,76,3.6,7.6,,,32200,2.8,,1,,,9.9,7.6,0
2025-04-03 20:00:00 PDT,1743735600,102.22,102.27,,,0,,67,3.4,9.2,,,32200,2.8,,1,,,10.5,9,0
2025-04-03 19:00:00 PDT,1743732000,102.19,102.24,,30,0,,61,3.3,10.5,,,32200,2.7,,0,,,10.8,10.4,0
2025-04-03 18:00:00 PDT,1743728400,102.17,102.22,WSW,25,8,,72,5.9,10.8,,,32200,2.6,,1,,,11.4,10.6,0
2025-04-03 17:00:00 PDT,1743724800,102.17,102.22,WSW,24,10,,66,5.3,11.3,,,32200,2.6,,1,,,11.7,11.1,0
2025-04-03 16:00:00 PDT,1743721200,102.2,102.25,WSW,24,15,,71,6.1,11.2,,,32200,2.5,,1,,,11.7,10.9,0
2025-04-03 15:00:00 PDT,1743717600,102.19,102.24,WSW,25,12,,74,6.7,11.2,,,32200,2.6,,1,,,11.6,10.5,0
2025-04-03 14:00:00 PDT,1743714000,102.17,102.22,WSW,25,16,,76,6.4,10.5,,,32200,2.6,,1,,,10.9,10,0
2025-04-03 13:00:00 PDT,1743710400,102.17,102.22,WSW,24,16,,74,6,10.3,,,32200,2.6,,1,,,10.8,10.1,0
2025-04-03 12:00:00 PDT,1743706800,102.16,102.21,WSW,23,13,,79,6.7,10.1,,,32200,2.5,,3,,,11.2,9.6,
2025-04-03 11:00:00 PDT,1743703200,102.14,102.19,W,26,13,,78,6.1,9.7,,,32200,2.3,,4,,,10,8.8,
2025-04-03 10:00:00 PDT,1743699600,102.1,102.15,WSW,24,8,,80,6.1,9.3,,,32200,2.3,,3,,,9.3,8.2,
2025-04-03 09:00:00 PDT,1743696000,102.06,102.11,ESE,10,4,,80,5.1,8.3,,,32200,2.2,,1,,,8.3,6.5,0
2025-04-03 08:00:00 PDT,1743692400,101.99,102.04,E,8,6,,89,4.7,6.4,,,32200,2.1,,3,,,6.4,4.8,0
2025-04-03 07:00:00 PDT,1743688800,101.92,101.97,E,9,12,,87,3.8,5.9,,,32200,1.9,,6,,,6.7,5.9,0
2025-04-03 06:00:00 PDT,1743685200,101.88,101.93,ENE,6,9,,87,4.2,6.3,,,32200,1.9,,8,,,6.4,5.7,0
2025-04-03 05:00:00 PDT,1743681600,101.83,101.88,NNE,2,7,,88,4.2,6,,,32200,1.9,,8,,,6.2,4.5,0
2025-04-03 04:00:00 PDT,1743678000,101.75,101.8,ENE,7,8,,91,3.2,4.5,,,32200,2,,3,,,6.3,4.4,0
2025-04-03 03:00:00 PDT,1743674400,101.68,101.73,ENE,6,11,,87,4.2,6.1,,,32200,2.2,,7,,,6.1,4.7,0
2025-04-03 02:00:00 PDT,1743670800,101.63,101.68,E,8,10,,89,3.6,5.2,,,32200,2.3,,2,,,6.1,4.8,0
2025-04-03 01:00:00 PDT,1743667200,101.58,101.63,ENE,7,13,,87,4,6.1,,,32200,2.5,,1,,,6.3,5,0
2025-04-03 00:00:00 PDT,1743663600,101.53,101.58,E,8,9,,85,2.9,5.1,,,32200,2.6,,0,,,7.6,5.1,0
2025-04-02 23:00:00 PDT,1743660000,101.51,101.56,NE,3,4,,80,3.9,7.2,,,32200,2.6,,2,,,7.6,5.7,0
2025-04-02 22:00:00 PDT,1743656400,101.43,101.48,SSE,15,7,,89,4.8,6.5,,,32200,2.6,,0,,,8.1,6.1,0
2025-04-02 21:00:00 PDT,1743652800,101.4,101.45,NNW,34,5,,75,3.3,7.3,,,32200,2.7,,1,,,7.9,6.6,0
2025-04-02 20:00:00 PDT,1743649200,101.36,101.41,W,27,7,,81,4.4,7.5,,,32200,2.7,,2,,,9,7.4,0
2025-04-02 19:00:00 PDT,1743645600,101.33,101.38,SW,23,7,,68,3.3,8.9,,,32200,2.6,,8,,,10,8.7,0
2025-04-02 18:00:00 PDT,1743642000,101.32,101.37,WSW,25,10,,69,4.6,10,,,48300,2.6,,4,,,10.6,9.9,
2025-04-02 17:00:00 PDT,1743638400,101.31,101.36,W,26,13,,69,5.1,10.5,,,48300,2.6,,4,,,11.3,10.4,0
2025-04-02 16:00:00 PDT,1743634800,101.3,101.35,W,26,14,,64,4.6,11.2,,,48300,2.5,,6,,,12.1,11,
2025-04-02 15:00:00 PDT,1743631200,101.32,101.37,NW,30,8,,66,5.5,11.5,,,48300,2.5,,6,,,11.8,10.2,0
2025-04-02 14:00:00 PDT,1743627600,101.36,101.41,NNW,33,8,,72,6.5,11.2,,,48300,2.5,,6,,,11.2,9.5,0
2025-04-02 13:00:00 PDT,1743624000,101.34,101.39,WNW,29,5,,76,6,10,,,40200,2.5,,5,,,10.1,8.9,0
2025-04-02 12:00:00 PDT,1743620400,101.32,101.37,WSW,24,10,,74,4.7,9.2,,,48300,2.5,,7,,,9.4,7.3,0
2025-04-02 11:00:00 PDT,1743616800,101.31,101.36,S,18,4,,80,5.3,8.6,,,32200,2.5,,8,,,8.6,7,0.8
2025-04-02 10:00:00 PDT,1743613200,101.31,101.36,SSE,15,10,,87,5,7,,,32200,2.5,,8,,,8.1,6.9,0.6
2025-04-02 09:00:00 PDT,1743609600,101.25,101.3,WSW,24,8,,74,3.6,8,,,48300,2.5,,8,,,8,7.6,0
2025-04-02 08:00:00 PDT,1743606000,101.19,101.24,W,25,9,,83,4.9,7.6,,,32200,2.4,,7,,,7.6,7.3,0.1
2025-04-02 07:00:00 PDT,1743602400,101.13,101.18,W,27,10,,84,4.9,7.4,,,32200,2.4,,8,,,7.7,7.3,0
2025-04-02 06:00:00 PDT,1743598800,101.09,101.14,W,27,15,,83,4.9,7.6,,,32200,2.3,,8,,,7.7,7.3,0
2025-04-02 05:00:00 PDT,1743595200,101.03,101.08,WSW,25,17,,86,5.3,7.4,,,32200,2.2,,8,,,7.5,7.2,0
2025-04-02 04:00:00 PDT,1743591600,101.04,101.09,W,27,14,,80,4.1,7.3,,,24100,2.3,,8,,,7.7,7.2,0
2025-04-02 03:00:00 PDT,1743588000,101.04,101.09,W,27,20,,82,4.7,7.5,,,32200,2.2,,8,,,8.5,7.5,0.4
2025-04-02 02:00:00 PDT,1743584400,101.01,101.06,W,27,27,32,87,5.8,7.8,,,24100,2.2,,8,,,9.1,7.7,3.5
2025-04-02 01:00:00 PDT,1743580800,100.97,101.02,WNW,29,5,,92,7.8,8.9,,,32200,2.2,,8,,,9.1,8.8,0
2025-04-02 00:00:00 PDT,1743577200,100.96,101.01,SW,23,10,,89,7.4,9.1,,,32200,2.3,,8,,,9.3,8.2,0
2025-04-01 23:00:00 PDT,1743573600,100.89,100.94,S,18,3,,79,5.5,8.9,,,32200,2.5,,8,,,9.6,8.3,0.1
2025-04-01 22:00:00 PDT,1743570000,100.88,100.93,SE,14,3,,84,5.9,8.4,,,24100,2.7,,8,,,9.3,8.3,1.7
2025-04-01 21:00:00 PDT,1743566400,100.87,100.92,SSE,16,12,,87,7,9,,,24100,2.7,,8,,,11,8.9,1.4
2025-04-01 20:00:00 PDT,1743562800,100.82,100.87,WSW,24,7,,73,5.8,10.5,,,32200,2.6,,7,,,11,10.3,0
2025-04-01 19:00:00 PDT,1743559200,100.8,100.85,SSE,15,9,,69,4.9,10.3,,,48300,2.6,,5,,,11.7,10.2,0
2025-04-01 18:00:00 PDT,1743555600,100.8,100.85,S,18,12,,64,4.7,11.1,,,48300,2.6,,8,,,12.1,11.1,0
2025-04-01 17:00:00 PDT,1743552000,100.81,100.86,SW,22,13,,62,4.9,11.9,,,48300,2.5,,4,,,12,11.3,0
2025-04-01 16:00:00 PDT,1743548400,100.83,100.88,WSW,25,11,,72,6.7,11.6,,,48300,2.5,,5,,,12,11.3,0
2025-04-01 15:00:00 PDT,1743544800,100.82,100.87,WSW,24,13,,73,6.6,11.3,,,48300,2.5,,6,,,11.6,10.8,0
2025-04-01 14:00:00 PDT,1743541200,100.84,100.89,W,26,14,,74,6.9,11.3,,,48300,2.4,,5,,,11.8,10.7,0
2025-04-01 13:00:00 PDT,1743537600,100.84,100.89,WNW,28,16,,78,7.2,10.8,,,48300,2.3,,6,,,10.9,10.4,0
2025-04-01 12:00:00 PDT,1743534000,100.83,100.88,W,27,17,,76,6.6,10.6,,,48300,2.2,,7,,,10.8,9.5,0
2025-04-01 11:00:00 PDT,1743530400,100.79,100.84,W,27,19,,75,5.5,9.7,,,48300,2.2,,5,,,10.4,8.7,0
2025-04-01 10:00:00 PDT,1743526800,100.75,100.8,WSW,25,8,,83,6.2,8.9,,,48300,2.2,,7,,,9.6,8.6,0
2025-04-01 09:00:00 PDT,1743523200,100.71,100.76,E,8,7,,82,6.2,9.1,,,48300,2.2,,6,,,9.3,7,0
2025-04-01 08:00:00 PDT,1743519600,100.69,100.74,NNE,2,6,,90,6,7.5,,,48300,2.2,,8,,,7.5,6.2,0
2025-04-01 07:00:00 PDT,1743516000,100.63,100.68,NW,32,13,29,89,5.9,7.5,,,40200,2.1,,5,,,8.3,7.5,0
2025-04-01 06:00:00 PDT,1743512400,100.61,100.66,WNW,30,16,,87,6.3,8.3,,,32200,2.1,,8,,,8.8,8.2,0
2025-04-01 05:00:00 PDT,1743508800,100.61,100.66,WNW,29,26,,90,7.1,8.7,,,32200,2.1,,8,,,8.8,8.3,0
2025-04-01 04:00:00 PDT,1743505200,100.58,100.63,WNW,30,21,31,91,7.4,8.7,,,32200,2.1,,8,,,8.7,7.8,0
2025-04-01 03:00:00 PDT,1743501600,100.57,100.62,WNW,28,10,,89,6.1,7.8,,,32200,2.2,,8,,,7.9,7,0
2025-04-01 02:00:00 PDT,1743498000,100.55,100.6,W,27,7,,90,6.2,7.7,,,32200,1,,8,,,8.2,6.9,0
2025-04-01 01:00:00 PDT,1743494400,100.55,100.6,WNW,30,5,,87,6,8.1,,,32200,,,8,,,8.6,6.8,0
2025-04-01 00:00:00 PDT,1743490800,100.54,100.59,NNE,1,4,,85,5,7.4,,,32200,2.5,,8,,,8.8,6.6,0
2025-03-31 23:00:00 PDT,1743487200,100.49,100.54,SW,22,8,,84,5.9,8.5,,,32200,2.6,,8,,,9.2,6.9,0
2025-03-31 22:00:00 PDT,1743483600,100.48,100.53,SW,22,9,,79,5.4,8.9,,,32200,2.7,,6,,,9.6,8.5,0
2025-03-31 21:00:00 PDT,1743480000,100.47,100.52,SSW,19,4,,78,5.2,8.7,,,32200,2.9,,7,,,9.6,8.7,0
2025-03-31 20:00:00 PDT,1743476400,100.42,100.47,SSW,21,6,,79,5.7,9.2,,,32200,2.8,,3,,,10.3,8.6,0
2025-03-31 19:00:00 PDT,1743472800,100.39,100.44,SW,21,11,,73,5.7,10.3,,,48300,2.7,,6,,,11.3,10.3,0
2025-03-31 18:00:00 PDT,1743469200,100.39,100.44,SW,21,8,,64,4.6,11,,,48300,2.6,,8,,,11.4,10.8,0
2025-03-31 17:00:00 PDT,1743465600,100.39,100.44,SW,22,16,31,71,6.4,11.5,,,48300,2.6,,8,,,12.9,11.3,0
2025-03-31 16:00:00 PDT,1743462000,100.37,100.42,SSW,20,16,,69,7.3,12.9,,,48300,2.6,,8,,,12.9,11.7,0
2025-03-31 15:00:00 PDT,1743458400,100.37,100.42,E,8,8,,70,7.4,12.6,,,48300,2.6,,8,,,12.7,11.5,0
2025-03-31 14:00:00 PDT,1743454800,100.41,100.46,E,8,13,,75,7.4,11.7,,,48300,2.5,,7,,,12.1,10.7,0
2025-03-31 13:00:00 PDT,1743451200,100.4,100.45,ESE,11,16,,74,6.3,10.7,,,48300,2.4,,8,,,10.7,10,0
2025-03-31 12:00:00 PDT,1743447600,100.39,100.44,NNE,2,16,,77,6.2,10,,,48300,2.3,,8,,,10.5,10,0
2025-03-31 11:00:00 PDT,1743444000,100.4,100.45,SW,22,4,,75,6.1,10.3,,,48300,2.4,,7,,,11.5,9.8,0
2025-03-31 10:00:00 PDT,1743440400,100.37,100.42,SSE,16,7,,75,6.8,10.9,,,48300,2.4,,7,,,10.9,9.4,0
2025-03-31 09:00:00 PDT,1743436800,100.33,100.38,ESE,11,10,,84,7,9.5,,,48300,2.3,,5,,,9.5,8.5,0
2025-03-31 08:00:00 PDT,1743433200,100.3,100.35,ESE,11,12,,88,6.8,8.6,,,40200,2.2,,7,,,8.7,8.3,0
2025-03-31 07:00:00 PDT,1743429600,100.24,100.29,ESE,10,18,,88,6.8,8.6,,,32200,2.1,,8,,,9.1,8.6,0
2025-03-31 06:00:00 PDT,1743426000,100.19,100.24,ESE,11,21,,85,6.6,8.9,,,32200,2.1,,8,,,9.2,8.6,0
2025-03-31 05:00:00 PDT,1743422400,100.15,100.2,E,9,17,,90,7.3,8.9,,,32200,2.1,,8,,,9.2,8.9,0
2025-03-31 04:00:00 PDT,1743418800,100.12,100.17,E,10,18,,89,7.5,9.2,,,32200,2.2,,8,,,9.5,9.2,0
2025-03-31 03:00:00 PDT,1743415200,100.09,100.14,ENE,6,19,,88,7.5,9.3,,,32200,2.2,,7,,,9.3,9,0.4
2025-03-31 02:00:00 PDT,1743411600,100.1,100.15,ENE,7,16,,92,7.8,9,,,16100,2.3,,8,,,9.2,8.8,1.7
2025-03-31 01:00:00 PDT,1743408000,100.08,100.13,ESE,11,10,,91,7.8,9.2,,,24100,2.3,,8,,,10,9,1.4
2025-03-31 00:00:00 PDT,1743404400,100.02,100.07,SSE,16,5,,88,7.3,9.2,,,24100,2.4,,8,,,11.6,9.2,0
2025-03-30 23:00:00 PDT,1743400800,99.93,99.98,NNE,3,14,,76,6.3,10.2,,,32200,2.4,,8,,,11.1,8.7,0
2025-03-30 22:00:00 PDT,1743397200,99.91,99.96,N,0,9,,91,7.8,9.1,,,32200,2.3,,8,,,9.1,8.5,0
2025-03-30 21:00:00 PDT,1743393600,99.91,99.96,WNW,29,10,,91,7.2,8.5,,,32200,2.2,,8,,,8.6,8.4,0
2025-03-30 20:00:00 PDT,1743390000,99.95,100,WNW,29,12,,90,7,8.6,,,32200,2.1,,8,,,8.8,8.4,0
2025-03-30 19:00:00 PDT,1743386400,99.99,100.04,WNW,29,15,,86,6.5,8.8,,,32200,2.1,,8,,,9.4,8.8,0
2025-03-30 18:00:00 PDT,1743382800,100.03,100.08,WNW,29,21,,85,6.9,9.4,,,32200,2.1,,8,,,10.2,9.4,0
2025-03-30 17:00:00 PDT,1743379200,100.12,100.17,WNW,29,23,,79,6.7,10.1,,,32200,2.1,,6,,,10.4,9.8,0
2025-03-30 16:00:00 PDT,1743375600,100.23,100.28,WNW,30,25,,84,7.6,10.1,,,32200,2,,7,,,10.4,9.5,0
2025-03-30 15:00:00 PDT,1743372000,100.36,100.41,WNW,30,24,,82,7,9.8,,,32200,1.8,,8,,,10.4,9.5,0
2025-03-30 14:00:00 PDT,1743368400,100.48,100.53,WNW,29,23,,84,7.1,9.6,,,32200,1.7,,8,,,9.8,9.1,0
2025-03-30 13:00:00 PDT,1743364800,100.6,100.65,WNW,29,19,,87,7.6,9.6,,,32200,1.7,,8,,,9.7,8.8,0
2025-03-30 12:00:00 PDT,1743361200,100.71,100.76,WNW,29,18,,84,6.6,9.2,,,32200,1.6,,7,,,9.3,8.6,0
2025-03-30 11:00:00 PDT,1743357600,100.83,100.88,WNW,29,15,,85,6.3,8.6,,,32200,1.6,,7,,,8.8,8.2,0
2025-03-30 10:00:00 PDT,1743354000,100.91,100.96,W,28,13,,89,6.6,8.2,,,32200,1.6,,7,,,8.3,7.7,0
2025-03-30 09:00:00 PDT,1743350400,100.97,101.02,,,0,,76,3.9,7.8,,,32200,1.5,,6,,,8,5.7,0
2025-03-30 08:00:00 PDT,1743346800,101.03,101.08,ESE,10,3,,89,4,5.6,,,32200,1.6,,7,,,5.7,2.1,0
2025-03-30 07:00:00 PDT,1743343200,101.08,101.13,SE,13,7,,94,2.8,3.7,,,32200,1.6,,3,,,4.7,2.8,0
2025-03-30 06:00:00 PDT,1743339600,101.14,101.19,E,8,3,,88,2.1,3.8,,,32200,1.5,,2,,,4.5,2.6,0
2025-03-30 05:00:00 PDT,1743336000,101.21,101.26,N,35,3,,94,2.4,3.3,,,24100,1.5,,2,,,4.2,2.5,0
2025-03-30 04:00:00 PDT,1743332400,101.29,101.34,N,35,7,,91,2.4,3.7,,,32200,1.5,,3,,,4.4,3.1,0
2025-03-30 03:00:00 PDT,1743328800,101.37,101.42,NNW,32,6,,96,2.9,3.5,,,32200,1.6,,3,,,5.9,3.1,0
2025-03-30 02:00:00 PDT,1743325200,101.44,101.49,E,9,6,,86,3.5,5.6,,,32200,1.8,,3,,,6.1,4.3,0
2025-03-30 01:00:00 PDT,1743321600,101.46,101.51,NE,4,5,,89,4,5.6,,,32200,1.9,,1,,,6.5,4.4,0
2025-03-30 00:00:00 PDT,1743318000,101.52,101.57,,9,0,,85,4.1,6.3,,,32200,2.1,,1,,,7.1,5.6,0
2025-03-29 23:00:00 PDT,1743314400,101.58,101.63,NNE,2,10,,83,4.2,7,,,32200,2.2,,1,,,8,7,0
2025-03-29 22:00:00 PDT,1743310800,101.61,101.66,NNE,2,11,,84,4.9,7.4,,,32200,2.2,,1,,,8,6.8,0
2025-03-29 21:00:00 PDT,1743307200,101.66,101.71,NNE,3,6,,80,4,7.2,,,32200,2.2,,2,,,9,7.2,0
2025-03-29 20:00:00 PDT,1743303600,101.67,101.72,NW,31,6,,88,5.7,7.6,,,32200,2.2,,2,,,9.6,6.9,0
2025-03-29 19:00:00 PDT,1743300000,101.67,101.72,SW,23,9,,71,4.7,9.6,,,32200,2.3,,3,,,11,9.4,0
2025-03-29 18:00:00 PDT,1743296400,101.68,101.73,NW,30,11,,68,5.4,11.1,,,32200,2.2,,3,,,11.6,10.5,0
2025-03-29 17:00:00 PDT,1743292800,101.71,101.76,SW,22,10,,75,6.4,10.7,,,32200,2.2,,2,,,12.3,10.7,0
2025-03-29 16:00:00 PDT,1743289200,101.76,101.81,ESE,11,14,,68,5.6,11.3,,,32200,2.2,,5,,,12.6,10.9,0
2025-03-29 15:00:00 PDT,1743285600,101.79,101.84,E,8,10,,65,4.6,11,,,32200,2.2,,8,,,11.2,10.7,0
2025-03-29 14:00:00 PDT,1743282000,101.81,101.86,SSE,15,10,,72,6.1,11,,,32200,2.1,,8,,,11,9.9,0
2025-03-29 13:00:00 PDT,1743278400,101.83,101.88,SE,14,10,,73,5.7,10.2,,,24100,2.1,,8,,,10.2,8.3,0.3
2025-03-29 12:00:00 PDT,1743274800,101.83,101.88,ESE,12,16,,82,6.1,9,,,12900,2.1,,8,,,9,8.3,0.6
2025-03-29 11:00:00 PDT,1743271200,101.81,101.86,SE,13,17,,82,5.6,8.5,,,16100,2.1,,8,,,8.6,8.4,0
2025-03-29 10:00:00 PDT,1743267600,101.75,101.8,ESE,12,31,28,78,4.9,8.6,,,24100,2.2,,8,,,8.6,8.1,0
2025-03-29 09:00:00 PDT,1743264000,101.68,101.73,ESE,10,28,37,79,4.8,8.2,,,24100,2.2,,8,,,8.4,7.9,0.1
2025-03-29 08:00:00 PDT,1743260400,101.63,101.68,ESE,10,21,,84,5.5,8,,,24100,2.2,,8,,,8.3,7.8,0
2025-03-29 07:00:00 PDT,1743256800,101.57,101.62,ESE,11,21,30,78,4.8,8.3,,,32200,2.2,,8,,,8.3,8,0
2025-03-29 06:00:00 PDT,1743253200,101.5,101.55,ESE,11,21,30,81,5,8.1,,,24100,2.2,,8,,,8.2,7.8,0
2025-03-29 05:00:00 PDT,1743249600,101.48,101.53,ESE,11,21,,82,5.4,8.2,,,24100,2.2,,8,,,8.4,7.9,0
2025-03-29 04:00:00 PDT,1743246000,101.43,101.48,ESE,11,14,,85,6,8.3,,,24100,2.3,,8,,,8.4,8.2,0
2025-03-29 03:00:00 PDT,1743242400,101.4,101.45,ESE,12,13,,87,6.3,8.4,,,24100,2.3,,8,,,8.6,8.2,0
2025-03-29 02:00:00 PDT,1743238800,101.33,101.38,ESE,11,11,,86,6.3,8.4,,,24100,2.4,,8,,,8.9,8.1,0
2025-03-29 01:00:00 PDT,1743235200,101.27,101.32,SE,12,10,,89,6.7,8.5,,,20900,2.4,,8,,,8.9,8.4,0
2025-03-29 00:00:00 PDT,1743231600,101.2,101.25,ESE,12,10,,87,6.8,8.9,,,24100,2.3,,8,,,8.9,8.6,0
2025-03-28 23:00:00 PDT,1743228000,101.1,101.15,SE,12,13,,91,7.4,8.7,,,24100,2.3,,7,,,9.8,8.6,0
2025-03-28 22:00:00 PDT,1743224400,101.06,101.11,SE,14,18,31,83,6.9,9.6,,,24100,2.3,,8,,,10,9.6,0
2025-03-28 21:00:00 PDT,1743220800,100.97,101.02,SE,12,17,,82,6.8,9.7,,,24100,2.3,,8,,,9.9,9.6,0
2025-03-28 20:00:00 PDT,1743217200,100.88,100.93,ESE,12,18,29,80,6.5,9.7,,,32200,2.4,,7,,,10.7,9.6,0
2025-03-28 19:00:00 PDT,1743213600,100.84,100.89,ESE,11,14,,80,7.1,10.4,,,24100,2.4,,8,,,10.8,10.4,0
2025-03-28 18:00:00 PDT,1743210000,100.79,100.84,SE,13,14,,82,7.6,10.6,,,24100,2.4,,8,,,10.8,10.5,0
2025-03-28 17:00:00 PDT,1743206400,100.74,100.79,ESE,11,18,30,81,7.5,10.5,,,24100,2.3,,8,,,10.6,10.3,0
2025-03-28 16:00:00 PDT,1743202800,100.71,100.76,SSE,14,23,,83,7.5,10.3,,,16100,2.2,,8,,,10.6,10.3,0
2025-03-28 15:00:00 PDT,1743199200,100.64,100.69,ESE,11,20,,83,7.7,10.5,,,19300,2.1,,8,,,10.8,10.4,0
2025-03-28 14:00:00 PDT,1743195600,100.6,100.65,ESE,12,27,,79,7.4,10.8,,,24100,2,,8,,,10.8,10.4,0
2025-03-28 13:00:00 PDT,1743192000,100.56,100.61,ESE,12,28,35,82,7.6,10.6,,,24100,2,,8,,,10.6,10,0.1
2025-03-28 12:00:00 PDT,1743188400,100.51,100.56,SE,12,27,43,81,7,10.1,,,24100,2,,8,,,10.8,10.1,0
2025-03-28 11:00:00 PDT,1743184800,100.44,100.49,ESE,11,30,46,79,7,10.5,,,32200,2,,8,,,10.5,10.1,0
2025-03-28 10:00:00 PDT,1743181200,100.4,100.45,ESE,12,26,41,79,6.9,10.3,,,32200,2,,8,,,10.3,10,0
2025-03-28 09:00:00 PDT,1743177600,100.32,100.37,ESE,11,33,,79,6.6,10,,,32200,2.1,,8,,,10.1,9.6,0
2025-03-28 08:00:00 PDT,1743174000,100.27,100.32,ESE,11,22,,84,7,9.6,,,32200,2.1,,8,,,9.6,8.9,0.1
2025-03-28 07:00:00 PDT,1743170400,100.2,100.25,ESE,10,23,,89,7.2,9,,,24100,2,,8,,,9.1,8.8,0
2025-03-28 06:00:00 PDT,1743166800,100.15,100.2,ESE,10,28,28,88,7.2,9,,,24100,2,,8,,,9.6,9,0
2025-03-28 05:00:00 PDT,1743163200,100.1,100.15,E,9,21,30,89,7.6,9.3,,,24100,2,,8,,,9.8,9.3,0.4
2025-03-28 04:00:00 PDT,1743159600,100.03,100.08,E,9,21,29,85,7.2,9.7,,,24100,2,,8,,,10.5,9.7,0.3
2025-03-28 03:00:00 PDT,1743156000,99.99,100.04,ESE,10,20,,78,6.8,10.5,,,32200,2.1,,8,,,11.4,10.3,0
2025-03-28 02:00:00 PDT,1743152400,99.96,100.01,ENE,7,22,,75,6.6,10.8,,,32200,2.1,,8,,,10.9,10.3,0
2025-03-28 01:00:00 PDT,1743148800,99.98,100.03,E,8,28,,77,7,10.8,,,32200,2.1,,8,,,10.9,10.4,0.1
2025-03-28 00:00:00 PDT,1743145200,100,100.05,E,8,23,35,80,7.4,10.6,,,24100,2.2,,8,,,11,10.2,0.2
2025-03-27 23:00:00 PDT,1743141600,100,100.05,E,8,25,,77,7.2,11.1,,,24100,2.3,,8,,,11.3,10.6,0
2025-03-27 22:00:00 PDT,1743138000,99.99,100.04,E,8,26,,80,7.6,10.9,,,24100,2.4,,8,,,11.4,10.6,0
2025-03-27 21:00:00 PDT,1743134400,99.96,100.01,ENE,6,21,32,77,7.5,11.4,,,32200,2.5,,8,,,11.4,11,0
2025-03-27 20:00:00 PDT,1743130800,99.98,100.03,ENE,6,18,,81,8.2,11.3,,,19300,2.6,,8,,,11.5,11.2,0
2025-03-27 19:00:00 PDT,1743127200,99.99,100.04,NE,5,21,,77,7.7,11.5,,,19300,2.7,,8,,,12.2,11.5,0.1
2025-03-27 18:00:00 PDT,1743123600,100.05,100.1,E,9,24,35,73,7.6,12.2,,,24100,2.7,,8,,,13.9,12.2,0
2025-03-27 17:00:00 PDT,1743120000,100.05,100.1,NE,5,23,,61,6.4,13.7,,,32200,2.6,,8,,,14.6,13.6,0
2025-03-27 16:00:00 PDT,1743116400,100.1,100.15,SE,13,26,37,49,4,14.6,,,32200,2.6,,8,,,15.4,14.6,0
2025-03-27 15:00:00 PDT,1743112800,100.16,100.21,ESE,11,18,31,53,5.7,14.9,,,32200,2.6,,8,,,15.3,14,0
2025-03-27 14:00:00 PDT,1743109200,100.24,100.29,SE,13,27,,52,4.7,14.3,,,32200,2.5,,8,,,15.3,14.3,0
2025-03-27 13:00:00 PDT,1743105600,100.27,100.32,SE,12,22,33,68,8.6,14.3,,,32200,2.5,,7,,,15.1,13.6,0
2025-03-27 12:00:00 PDT,1743102000,100.33,100.38,ESE,11,15,,65,7.7,14.1,,,32200,2.5,,3,,,14.1,12.7,0
2025-03-27 11:00:00 PDT,1743098400,100.37,100.42,SE,13,17,,66,7.5,13.6,,,32200,2.5,,7,,,13.6,11.7,0
2025-03-27 10:00:00 PDT,1743094800,100.38,100.43,ESE,12,15,,84,8.8,11.3,,,32200,2.5,,7,,,11.6,10,0
2025-03-27 09:00:00 PDT,1743091200,100.37,100.42,ESE,11,19,,89,8.2,10,,,32200,2.5,,6,,,10,9.6,0
2025-03-27 08:00:00 PDT,1743087600,100.39,100.44,E,9,14,,91,8.4,9.8,,,19300,2.5,,7,,,10.1,9.7,0
2025-03-27 07:00:00 PDT,1743084000,100.4,100.45,SE,14,9,,87,8.1,10.1,,,24100,2.3,,8,,,10.8,10.1,0
2025-03-27 06:00:00 PDT,1743080400,100.37,100.42,ESE,11,32,29,85,8.3,10.8,,,32200,2.1,,8,,,10.9,10.7,0
2025-03-27 05:00:00 PDT,1743076800,100.32,100.37,ESE,10,22,,91,9.4,10.8,,,32200,2,,8,,,11.2,10.7,0.1
2025-03-27 04:00:00 PDT,1743073200,100.35,100.4,ESE,11,21,,95,10.3,11,,,16100,1.9,,8,,,11.2,10.8,2.8
2025-03-27 03:00:00 PDT,1743069600,100.34,100.39,ESE,10,12,,94,10.3,11.1,,,16100,1.8,,8,,,11.3,11.1,1
2025-03-27 02:00:00 PDT,1743066000,100.23,100.28,N,36,13,,95,10.4,11.2,,,19300,1.6,,8,,,11.7,11.2,0.7
2025-03-27 01:00:00 PDT,1743062400,100.29,100.34,NNW,33,15,,91,10.3,11.7,,,16100,1.4,,8,,,11.8,10.4,2.5
2025-03-27 00:00:00 PDT,1743058800,100.26,100.31,NW,31,13,,98,10.9,11.2,,,16100,1.4,,8,,,11.2,9.7,5.5
2025-03-26 23:00:00 PDT,1743055200,100.22,100.27,N,34,16,,99,9.5,9.7,,,16100,1.4,,8,,,9.7,9.3,6.6
2025-03-26 22:00:00 PDT,1743051600,100.29,100.34,SW,21,22,,96,8.8,9.4,,,32200,1.5,,8,,,10.7,9.3,0.2
2025-03-26 21:00:00 PDT,1743048000,99.97,100.02,WNW,28,15,,96,8.9,9.5,,,32200,1.6,,8,,,10.9,9.4,0
2025-03-26 20:00:00 PDT,1743044400,100.04,100.09,W,26,19,29,90,8.7,10.2,,,40200,1.5,,8,,,10.9,9.9,0
2025-03-26 19:00:00 PDT,1743040800,100.1,100.15,WNW,29,22,,93,9,10.1,,,48300,1.5,,8,,,11.8,10.1,0
2025-03-26 18:00:00 PDT,1743037200,100.21,100.26,WNW,28,18,,86,9.6,11.8,,,48300,1.4,,8,,,13.5,11.4,0
2025-03-26 17:00:00 PDT,1743033600,100.31,100.36,WSW,24,17,,88,9.5,11.5,,,48300,1.5,,7,,,16.3,11,0
2025-03-26 16:00:00 PDT,1743030000,100.32,100.37,ENE,6,17,35,80,11,14.3,,,48300,1.5,,6,,,14.3,9.4,0.1
2025-03-26 15:00:00 PDT,1743026400,100.62,100.67,NNW,33,10,,97,9.2,9.6,,,32200,1.5,,8,,,10.5,9.4,0.1
2025-03-26 14:00:00 PDT,1743022800,100.61,100.66,WSW,25,14,,96,8.8,9.4,,,40200,1.5,,8,,,11,9.3,0
2025-03-26 13:00:00 PDT,1743019200,100.65,100.7,WNW,28,12,,96,9.1,9.8,,,40200,1.5,,8,,,9.9,8.7,0
2025-03-26 12:00:00 PDT,1743015600,100.73,100.78,NW,30,16,,98,9.7,9.9,,,19300,1.6,,8,,,9.9,8.7,0
2025-03-26 11:00:00 PDT,1743012000,100.68,100.73,NW,31,22,,98,8.8,9,,,2400,1.3,,8,,,10.2,8.9,0
2025-03-26 10:00:00 PDT,1743008400,100.7,100.75,W,27,24,34,95,8.9,9.6,,,32200,1.3,,8,,,10.8,9.2,0
2025-03-26 09:00:00 PDT,1743004800,100.74,100.79,WNW,29,18,,94,8.8,9.7,,,32200,1.2,,6,,,10.4,8.7,0
2025-03-26 08:00:00 PDT,1743001200,100.84,100.89,WNW,30,20,,97,8.1,8.5,,,32200,1.2,,6,,,8.7,7.7,0
2025-03-26 07:00:00 PDT,1742997600,100.94,100.99,NW,30,13,,98,7.5,7.8,,,32200,1.1,,5,,,8.4,7,0
2025-03-26 06:00:00 PDT,1742994000,101.02,101.07,WNW,28,21,,96,7.7,8.3,,,32200,1,,5,,,8.4,7.8,0
2025-03-26 05:00:00 PDT,1742990400,101.09,101.14,WNW,29,14,30,95,7.5,8.2,,,32200,1,,6,,,8.8,7.4,0
2025-03-26 04:00:00 PDT,1742986800,101.16,101.21,WNW,28,15,,94,7.8,8.6,,,32200,1.1,,6,,,8.8,7.3,0
2025-03-26 03:00:00 PDT,1742983200,101.23,101.28,NW,31,9,,95,7.3,8,,,32200,1.1,,6,,,9.1,7.2,0
2025-03-26 02:00:00 PDT,1742979600,101.28,101.33,NW,31,11,,97,7.6,8.1,,,32200,1.2,,5,,,9,7.7,0
2025-03-26 01:00:00 PDT,1742976000,101.34,101.39,NW,31,17,,98,8.6,8.8,,,32200,1.2,,1,,,8.8,7.5,0
2025-03-26 00:00:00 PDT,1742972400,101.38,101.43,NW,32,7,,97,7.7,8.2,,,32200,1.3,,5,,,9.1,8.1,0
2025-03-25 23:00:00 PDT,1742968800,101.4,101.45,NW,31,11,,98,7.7,8.1,,,40200,1.4,,4,,,9.4,8,0
2025-03-25 22:00:00 PDT,1742965200,101.43,101.48,WNW,29,10,,95,8.6,9.4,,,40200,1.5,,3,,,9.9,9.3,0
2025-03-25 21:00:00 PDT,1742961600,101.45,101.5,WNW,29,17,,94,8.9,9.8,,,40200,1.5,,4,,,10.9,9.8,0
2025-03-25 20:00:00 PDT,1742958000,101.44,101.49,WNW,30,13,,93,9.8,10.9,,,40200,1.6,,6,,,13.6,10.9,0
2025-03-25 19:00:00 PDT,1742954400,101.44,101.49,NW,30,9,,89,11.8,13.7,,,40200,1.6,,7,,,15.4,13.6,0
2025-03-25 18:00:00 PDT,1742950800,101.48,101.53,W,27,4,,82,12.4,15.3,,,40200,1.6,,8,,,16.1,14.7,0
2025-03-25 17:00:00 PDT,1742947200,101.55,101.6,WNW,28,7,,82,12.1,15.1,,,40200,1.7,,8,,,16,15,0
2025-03-25 16:00:00 PDT,1742943600,101.62,101.67,WNW,30,11,,83,12.5,15.4,,,40200,1.6,,7,,,15.8,14.3,0
2025-03-25 15:00:00 PDT,1742940000,101.66,101.71,WNW,29,11,,84,12.6,15.3,,,40200,1.6,,7,,,15.3,13.7,0
2025-03-25 14:00:00 PDT,1742936400,101.73,101.78,NW,30,9,,84,11.8,14.5,,,40200,1.6,,7,,,14.8,13,0
2025-03-25 13:00:00 PDT,1742932800,101.78,101.83,WNW,28,10,,86,12.3,14.5,,,40200,1.7,,8,,,14.6,12.4,0
2025-03-25 12:00:00 PDT,1742929200,101.82,101.87,W,26,4,,89,12.1,13.8,,,40200,1.8,,8,,,13.8,10.6,0
2025-03-25 11:00:00 PDT,1742925600,101.86,101.91,NW,32,4,,95,10.1,10.9,,,4800,1.9,,8,,,11.1,10.4,0
2025-03-25 10:00:00 PDT,1742922000,101.88,101.93,ESE,10,8,,95,10.1,10.8,,,4800,2,,8,,,10.8,10,0
2025-03-25 09:00:00 PDT,1742918400,101.89,101.94,ESE,12,10,,95,9.7,10.4,,,9700,2,,8,,,10.4,9.5,0
2025-03-25 08:00:00 PDT,1742914800,101.91,101.96,ESE,10,9,,98,9.2,9.5,,,12900,1.8,,8,,,9.6,9.4,0
2025-03-25 07:00:00 PDT,1742911200,101.96,102.01,E,9,8,,98,9.1,9.4,,,24100,1.6,,8,,,9.6,9.4,0
2025-03-25 06:00:00 PDT,1742907600,101.99,102.04,E,9,8,,97,9.2,9.6,,,24100,1.6,,8,,,9.6,9.3,
2025-03-25 05:00:00 PDT,1742904000,102.02,102.07,E,9,7,,98,9.1,9.3,,,24100,1.6,,8,,,9.4,9.3,0
2025-03-25 04:00:00 PDT,1742900400,102.05,102.1,E,9,9,,98,9.1,9.3,,,24100,1.6,,8,,,9.4,9.2,0
2025-03-25 03:00:00 PDT,1742896800,102.1,102.15,E,9,8,,99,9.2,9.3,,,9700,1.7,,8,,,9.4,9.2,0
2025-03-25 02:00:00 PDT,1742893200,102.11,102.16,E,9,5,,99,9.1,9.2,,,4800,1.7,,8,,,9.6,9.2,0
2025-03-25 01:00:00 PDT,1742889600,102.12,102.17,ENE,7,4,,99,9.4,9.5,,,6400,1.8,,8,,,9.7,9.5,1.1
2025-03-25 00:00:00 PDT,1742886000,102.11,102.16,E,9,11,,99,9.3,9.5,,,3200,1.8,,8,,,9.7,9.5,0.5
2025-03-24 23:00:00 PDT,1742882400,102.12,102.17,ENE,7,13,,98,9.4,9.7,,,4800,1.9,,8,,,10.2,9.7,0.3
2025-03-24 22:00:00 PDT,1742878800,102.1,102.15,ENE,6,11,,96,9.6,10.2,,,6400,1.9,,8,,,10.2,9.9,0.5
2025-03-24 21:00:00 PDT,1742875200,102.1,102.15,ESE,10,8,,97,9.6,10,,,16100,2,,8,,,10.4,10,0
2025-03-24 20:00:00 PDT,1742871600,102.05,102.1,ENE,6,10,,95,9.7,10.4,,,12900,2.1,,8,,,10.5,10.3,0.2
2025-03-24 19:00:00 PDT,1742868000,102.06,102.11,E,8,10,,94,9.4,10.4,,,16100,2.1,,8,,,10.9,10.4,0.1
2025-03-24 18:00:00 PDT,1742864400,102.06,102.11,E,8,12,,92,9.5,10.8,,,24100,2.1,,8,,,11,10.8,0
2025-03-24 17:00:00 PDT,1742860800,102.09,102.14,E,9,14,,91,9.5,10.8,,,16100,2,,8,,,11.5,10.8,0.2
2025-03-24 16:00:00 PDT,1742857200,102.08,102.13,E,8,14,,85,9.1,11.5,,,16100,2,,8,,,11.9,10,0.2
2025-03-24 15:00:00 PDT,1742853600,102.15,102.2,WNW,29,4,,97,9.5,9.9,,,16100,1.9,,8,,,12.1,9.7,0.1
2025-03-24 14:00:00 PDT,1742850000,102.13,102.18,E,9,8,,86,9.7,11.9,,,16100,1.7,,8,,,11.9,9.7,0.1
2025-03-24 13:00:00 PDT,1742846400,102.14,102.19,,26,0,,96,10.3,10.9,,,9700,1.6,,8,,,10.9,9.3,1
2025-03-24 12:00:00 PDT,1742842800,102.14,102.19,WNW,29,5,,98,9.2,9.5,,,4800,1.6,,8,,,10,8.8,1
2025-03-24 11:00:00 PDT,1742839200,102.1,102.15,WSW,24,7,,98,8.9,9.1,,,4800,1.6,,8,,,10,9.1,2.2
2025-03-24 10:00:00 PDT,1742835600,102.07,102.12,SSE,14,3,,97,9.4,9.9,,,4800,1.6,,8,,,9.9,9.2,0.9
2025-03-24 09:00:00 PDT,1742832000,101.99,102.04,ESE,10,6,,98,9.3,9.5,,,6400,1.6,,8,,,9.6,9.1,1.2
2025-03-24 08:00:00 PDT,1742828400,102,102.05,ESE,10,13,,99,8.9,9.1,,,6400,1.5,,8,,,9.2,8.9,1
2025-03-24 07:00:00 PDT,1742824800,101.98,102.03,ENE,7,10,,97,8.8,9.2,,,24100,1.5,,8,,,9.2,8.6,0.1
2025-03-24 06:00:00 PDT,1742821200,101.91,101.96,E,8,11,,96,8.3,8.9,,,32200,1.5,,8,,,9.2,8.6,0
2025-03-24 05:00:00 PDT,1742817600,101.89,101.94,ENE,6,9,,94,8.3,9.2,,,32200,1.5,,8,,,9.2,8.1,0
2025-03-24 04:00:00 PDT,1742814000,101.88,101.93,NE,3,10,,97,7.7,8.2,,,32200,1.5,,8,,,9.7,8.1,0
2025-03-24 03:00:00 PDT,1742810400,101.79,101.84,ENE,6,11,,92,8.2,9.4,,,32200,1.5,,8,,,10,9.3,0
2025-03-24 02:00:00 PDT,1742806800,101.75,101.8,ESE,11,11,,91,8.2,9.5,,,32200,1.5,,8,,,10.3,9.5,0
2025-03-24 01:00:00 PDT,1742803200,101.7,101.75,E,9,13,,91,8.4,9.8,,,32200,1.5,,8,,,10.7,9.7,0
2025-03-24 00:00:00 PDT,1742799600,101.59,101.64,SSE,14,14,,88,8.7,10.6,,,32200,1.6,,8,,,11.4,9.7,0
2025-03-23 23:00:00 PDT,1742796000,101.5,101.55,NE,4,18,,91,8.4,9.7,,,32200,1.7,,8,,,11.1,9.1,0
2025-03-23 22:00:00 PDT,1742792400,101.46,101.51,ENE,6,12,,94,8.4,9.3,,,32200,1.9,,8,,,9.5,8.9,0
2025-03-23 21:00:00 PDT,1742788800,101.32,101.37,NE,5,11,,95,8.4,9.1,,,32200,2,,8,,,9.7,9.1,0
2025-03-23 20:00:00 PDT,1742785200,101.2,101.25,E,8,13,,94,8.8,9.6,,,24100,2.1,,7,,,9.6,8.8,0
2025-03-23 19:00:00 PDT,1742781600,101.17,101.22,ENE,6,19,,96,8.2,8.8,,,24100,2.1,,8,,,8.8,8.1,0
2025-03-23 18:00:00 PDT,1742778000,101.11,101.16,ENE,7,18,,97,8.2,8.6,,,16100,2.1,,8,,,8.7,8,0
2025-03-23 17:00:00 PDT,1742774400,101.12,101.17,E,8,22,,97,7.5,8,,,16100,2.1,,8,,,8,7.6,0.2
2025-03-23 16:00:00 PDT,1742770800,101.13,101.18,ENE,7,17,,97,7.2,7.7,,,11300,2.1,,8,,,7.7,7.5,0.9
2025-03-23 15:00:00 PDT,1742767200,101.14,101.19,E,8,21,,96,7,7.5,,,11300,2.1,,8,,,7.6,7.4,0.6
2025-03-23 14:00:00 PDT,1742763600,101.16,101.21,E,8,24,35,93,6.4,7.4,,,16100,2.1,,8,,,7.5,6.7,0.1
2025-03-23 13:00:00 PDT,1742760000,101.25,101.3,ENE,6,22,,96,6.1,6.7,,,16100,2.1,,8,,,6.7,6.3,0
2025-03-23 12:00:00 PDT,1742756400,101.29,101.34,ENE,6,23,,95,5.5,6.3,,,11300,2.1,,8,,,6.4,6,0
2025-03-23 11:00:00 PDT,1742752800,101.3,101.35,ENE,6,19,,93,5.1,6,,,16100,2.1,,8,,,6.1,5.7,0.3
2025-03-23 10:00:00 PDT,1742749200,101.35,101.4,ENE,6,19,,95,4.9,5.7,,,11300,2.2,,8,,,5.7,5.3,0.3
2025-03-23 09:00:00 PDT,1742745600,101.39,101.44,ENE,6,18,,95,4.5,5.3,,,11300,2.2,,8,,,5.3,5.2,0.2
2025-03-23 08:00:00 PDT,1742742000,101.45,101.5,ENE,6,19,,93,4.1,5.2,,,11300,2.2,,8,,,5.2,4.8,1
2025-03-23 07:00:00 PDT,1742738400,101.5,101.55,ENE,7,22,,93,3.8,4.9,,,12900,2.2,,8,,,5,4.8,2
2025-03-23 06:00:00 PDT,1742734800,101.57,101.62,ENE,7,20,,94,3.9,4.8,,,12900,2.2,,8,,,5,4.8,2.1
2025-03-23 05:00:00 PDT,1742731200,101.67,101.72,ENE,5,18,,93,4,5,,,12900,2.2,,8,,,5.4,5,1.8
2025-03-23 04:00:00 PDT,1742727600,101.74,101.79,ENE,5,17,,93,4.4,5.4,,,12900,2.2,,8,,,5.6,5.4,1.4
2025-03-23 03:00:00 PDT,1742724000,101.76,101.81,ENE,6,17,,91,4.2,5.6,,,16100,2.2,,8,,,5.6,5.5,0.8
2025-03-23 02:00:00 PDT,1742720400,101.77,101.82,ENE,6,21,,91,4.1,5.5,,,19300,2.2,,8,,,5.7,5.4,0.9
2025-03-23 01:00:00 PDT,1742716800,101.83,101.88,ENE,6,18,28,89,4,5.7,,,19300,2.3,,8,,,6.1,5.6,1.2
2025-03-23 00:00:00 PDT,1742713200,101.88,101.93,ENE,6,16,,89,4.4,6.1,,,16100,2.4,,8,,,6.3,6,1.2
2025-03-22 23:00:00 PDT,1742709600,101.9,101.95,ENE,6,9,,91,4.9,6.3,,,19300,2.4,,8,,,6.3,6.2,0.7
2025-03-22 22:00:00 PDT,1742706000,101.97,102.02,N,1,7,,92,5,6.2,,,19300,2.5,,8,,,6.5,6.2,0.7
2025-03-22 21:00:00 PDT,1742702400,101.94,101.99,WSW,24,6,,88,4.6,6.4,,,20900,2.5,,8,,,7.5,6.4,0
2025-03-22 20:00:00 PDT,1742698800,101.9,101.95,E,8,8,,81,4.2,7.2,,,24100,2.5,,8,,,7.5,7,0
2025-03-22 19:00:00 PDT,1742695200,101.88,101.93,ENE,6,11,,75,3.2,7.4,,,32200,2.6,,8,,,7.5,6.3,0
2025-03-22 18:00:00 PDT,1742691600,101.87,101.92,SSE,15,8,,74,3,7.2,,,32200,2.5,,8,,,9.4,6.3,1.3
2025-03-22 17:00:00 PDT,1742688000,101.87,101.92,SSE,14,15,,66,3.1,9.1,,,32200,2.5,,7,,,9.4,8.8,0
2025-03-22 16:00:00 PDT,1742684400,101.89,101.94,WSW,25,10,,71,3.9,8.8,,,32200,2.5,,8,,,9.9,8.8,0
2025-03-22 15:00:00 PDT,1742680800,101.9,101.95,WSW,24,9,,59,2.3,9.8,,,32200,2.5,,8,,,10.2,8.7,0
2025-03-22 14:00:00 PDT,1742677200,101.91,101.96,SW,22,10,,72,4,8.8,,,32200,2.4,,7,,,9.5,8.2,0
2025-03-22 13:00:00 PDT,1742673600,101.95,102,ESE,10,5,,72,3.8,8.5,,,32200,2.3,,7,,,9,7.5,0
2025-03-22 12:00:00 PDT,1742670000,101.96,102.01,,26,0,,78,4.3,7.8,,,32200,2.3,,6,,,8.5,6.8,0
2025-03-22 11:00:00 PDT,1742666400,101.93,101.98,NW,32,4,,81,3.8,6.8,,,24100,2.4,,7,,,6.8,5.7,0.6
2025-03-22 10:00:00 PDT,1742662800,101.85,101.9,,,0,,79,3.1,6.4,,,32200,2.4,,7,,,6.6,6,0
2025-03-22 09:00:00 PDT,1742659200,101.76,101.81,,,0,,86,3.8,6.1,,,32200,2.4,,7,,,6.1,5.2,0
2025-03-22 08:00:00 PDT,1742655600,101.69,101.74,ESE,11,4,,95,4.5,5.2,,,24100,2.3,,7,,,5.2,4.5,0
2025-03-22 07:00:00 PDT,1742652000,101.56,101.61,NNE,2,4,,91,3.4,4.8,,,24100,2.3,,5,,,5.2,4.2,0
2025-03-22 06:00:00 PDT,1742648400,101.45,101.5,N,35,4,,95,4.1,4.8,,,19300,2.3,,7,,,5.5,4.8,0.5
2025-03-22 05:00:00 PDT,1742644800,101.38,101.43,NNW,33,6,31,92,4.2,5.4,,,12900,2.4,,8,,,5.7,4.6,0.1
2025-03-22 04:00:00 PDT,1742641200,101.28,101.33,W,26,22,,90,4.2,5.7,,,19300,2.5,,8,,,5.7,4.5,0.8
2025-03-22 03:00:00 PDT,1742637600,101.22,101.27,,17,0,,98,4.1,4.4,,,20900,2.5,,8,,,4.4,3.4,0
2025-03-22 02:00:00 PDT,1742634000,101.16,101.21,,,0,,94,3.3,4.2,,,20900,2.6,,8,,,4.3,3.3,0
2025-03-22 01:00:00 PDT,1742630400,101.06,101.11,WNW,28,4,,96,3.1,3.7,,,24100,2.6,,8,,,4.2,3.5,0
2025-03-22 00:00:00 PDT,1742626800,100.95,101,NNW,33,9,,95,2.8,3.5,,,24100,2.6,,7,,,5.3,3.5,0
2025-03-21 23:00:00 PDT,1742623200,100.88,100.93,SE,14,12,,92,3.6,4.8,,,24100,2.6,,7,,,5.2,4.8,0
2025-03-21 22:00:00 PDT,1742619600,100.83,100.88,SE,14,16,,90,3.5,5,,,22500,2.7,,8,,,5.4,4.9,0
2025-03-21 21:00:00 PDT,1742616000,100.74,100.79,ESE,10,20,,88,3.5,5.4,,,20900,2.7,,8,,,6.1,5.3,0
2025-03-21 20:00:00 PDT,1742612400,100.7,100.75,ESE,10,16,,92,4.3,5.5,,,12900,2.7,,8,,,6.2,5.5,1.1
2025-03-21 19:00:00 PDT,1742608800,100.73,100.78,E,8,15,,91,4.7,6.1,,,9700,2.7,,8,,,6.4,6.1,1.4
2025-03-21 18:00:00 PDT,1742605200,100.79,100.84,,24,0,,82,3.6,6.3,,,9700,2.7,,8,,,8.7,6,2.7
2025-03-21 17:00:00 PDT,1742601600,100.83,100.88,SE,13,17,,77,4.4,8.2,,,24100,2.7,,8,,,8.7,8.2,0
2025-03-21 16:00:00 PDT,1742598000,100.88,100.93,SSE,15,11,,71,3.7,8.8,,,32200,2.7,,8,,,9.2,8.6,0
2025-03-21 15:00:00 PDT,1742594400,100.93,100.98,SE,13,14,,73,4.6,9.2,,,32200,2.8,,8,,,9.3,8.8,0
2025-03-21 14:00:00 PDT,1742590800,101.03,101.08,SSE,16,16,,75,4.5,8.7,,,32200,2.8,,7,,,9,8.3,0
2025-03-21 13:00:00 PDT,1742587200,101.09,101.14,SSE,16,15,28,82,6.3,9.2,,,32200,2.9,,8,,,9.2,6.2,0.8
2025-03-21 12:00:00 PDT,1742583600,101.14,101.19,S,17,18,29,91,5,6.3,,,9700,2.9,,8,,,6.8,6.2,0.7
2025-03-21 11:00:00 PDT,1742580000,101.11,101.16,ESE,10,14,,89,4.7,6.4,,,16100,2.9,,7,,,6.4,6,1.3
2025-03-21 10:00:00 PDT,1742576400,101.11,101.16,ESE,11,12,,88,4.4,6.2,,,16100,3,,8,,,6.5,6.2,0
2025-03-21 09:00:00 PDT,1742572800,101.06,101.11,E,10,7,,87,4.3,6.3,,,32200,2.9,,8,,,6.4,5.8,0.6
2025-03-21 08:00:00 PDT,1742569200,101.06,101.11,SW,21,13,,86,4.3,6.4,,,16100,2.8,,8,,,7.1,6,0
2025-03-21 07:00:00 PDT,1742565600,101,101.05,SSE,15,7,,80,3.2,6.3,,,24100,2.7,,8,,,7,6,0
2025-03-21 06:00:00 PDT,1742562000,100.97,101.02,SSW,20,14,,81,3.8,6.8,,,32200,2.6,,7,,,7.1,6.7,0
2025-03-21 05:00:00 PDT,1742558400,100.94,100.99,SSW,19,29,,77,3.1,6.8,,,32200,2.5,,3,,,6.8,6.3,0
2025-03-21 04:00:00 PDT,1742554800,100.88,100.93,S,18,16,,80,3.4,6.7,,,32200,2.4,,2,,,6.7,5.9,0
2025-03-21 03:00:00 PDT,1742551200,100.83,100.88,SSE,16,16,,86,4.2,6.3,,,32200,2.3,,1,,,7.2,6.3,0
2025-03-21 02:00:00 PDT,1742547600,100.76,100.81,S,17,29,40,88,5.3,7.1,,,24100,2.3,,2,,,7.5,7.1,0
2025-03-21 01:00:00 PDT,1742544000,100.66,100.71,SSE,16,29,42,87,5.4,7.5,,,24100,2.3,,8,,,7.6,7.4,0.4
2025-03-21 00:00:00 PDT,1742540400,100.66,100.71,SE,14,27,43,84,5,7.5,,,19300,2.3,,8,,,7.6,7.1,0
2025-03-20 23:00:00 PDT,1742536800,100.77,100.82,SSE,15,36,48,83,4.6,7.2,,,24100,2.3,,8,,,7.3,7,0.2
2025-03-20 22:00:00 PDT,1742533200,100.8,100.85,SE,14,27,27,91,5.8,7.1,,,32200,2.3,,8,,,7.2,7,1.8
2025-03-20 21:00:00 PDT,1742529600,100.77,100.82,SE,13,32,47,91,5.8,7.1,,,16100,2.4,,8,,,7.4,7.1,1.4
2025-03-20 20:00:00 PDT,1742526000,100.86,100.91,SE,13,36,53,88,5.6,7.4,,,16100,2.4,,8,,,7.5,7.4,0.4
2025-03-20 19:00:00 PDT,1742522400,101,101.05,ESE,11,31,48,87,5.4,7.4,,,16100,2.5,,8,,,7.5,6.5,0.8
2025-03-20 18:00:00 PDT,1742518800,101.09,101.14,E,9,23,,88,5.1,6.9,,,16100,2.6,,8,,,7.3,6.8,0.4
2025-03-20 17:00:00 PDT,1742515200,101.2,101.25,E,8,18,,82,4.4,7.2,,,19300,2.6,,8,,,7.7,7.2,0
2025-03-20 16:00:00 PDT,1742511600,101.31,101.36,E,9,24,,73,3.2,7.6,,,24100,2.6,,8,,,7.8,7.3,0.1
2025-03-20 15:00:00 PDT,1742508000,101.4,101.45,E,8,12,,64,1.1,7.4,,,24100,2.6,,8,,,9,7.4,0.1
2025-03-20 14:00:00 PDT,1742504400,101.45,101.5,SE,13,23,35,71,4,8.8,,,32200,2.6,,8,,,9.4,8.8,0
2025-03-20 13:00:00 PDT,1742500800,101.51,101.56,SSE,16,22,34,72,3.9,8.8,,,32200,2.6,,8,,,8.8,8.3,0
2025-03-20 12:00:00 PDT,1742497200,101.52,101.57,SSE,16,25,34,72,3.9,8.6,,,32200,2.7,,8,,,9.5,8.4,0
2025-03-20 11:00:00 PDT,1742493600,101.43,101.48,S,17,31,36,72,3.9,8.6,,,32200,2.7,,8,,,8.8,7.1,0
2025-03-20 10:00:00 PDT,1742490000,101.36,101.41,SSE,15,12,28,81,4.3,7.4,,,32200,2.7,,8,,,7.4,6.5,0
2025-03-20 09:00:00 PDT,1742486400,101.3,101.35,SE,12,17,,86,4.3,6.5,,,24100,2.7,,8,,,6.5,5.4,0
2025-03-20 08:00:00 PDT,1742482800,101.26,101.31,E,9,17,,93,4.3,5.4,,,24100,2.7,,8,,,5.6,4.8,0
2025-03-20 07:00:00 PDT,1742479200,101.22,101.27,E,9,15,,91,4.2,5.5,,,24100,2.7,,8,,,6,5.2,0.2
2025-03-20 06:00:00 PDT,1742475600,101.2,101.25,ESE,12,15,,88,4.1,5.9,,,16100,2.7,,8,,,6.2,5.5,0.7
2025-03-20 05:00:00 PDT,1742472000,101.18,101.23,ESE,11,11,,86,3.4,5.6,,,24100,2.7,,8,,,6.4,5.5,0.1
2025-03-20 04:00:00 PDT,1742468400,101.17,101.22,SE,12,14,,80,2.6,5.7,,,32200,2.5,,8,,,6.8,5.7,0
2025-03-20 03:00:00 PDT,1742464800,101.11,101.16,S,18,22,34,76,2.8,6.7,,,32200,2.4,,6,,,7.3,6.7,0
2025-03-20 02:00:00 PDT,1742461200,101.03,101.08,S,17,27,30,81,4.2,7.2,,,32200,2.3,,8,,,7.5,7.2,0
2025-03-20 01:00:00 PDT,1742457600,100.94,100.99,SSE,16,29,40,86,5.1,7.3,,,32200,2.3,,8,,,7.4,7.1,0
2025-03-20 00:00:00 PDT,1742454000,100.88,100.93,SE,14,26,37,89,5.5,7.1,,,24100,2.4,,8,,,7.9,7.1,0.5
2025-03-19 23:00:00 PDT,1742450400,100.88,100.93,SE,13,35,52,81,4.8,7.8,,,32200,2.4,,8,,,8.1,7.5,0.6
2025-03-19 22:00:00 PDT,1742446800,100.89,100.94,SE,13,23,40,80,4.7,7.9,,,19300,2.4,,8,,,8.9,7.9,0.1
2025-03-19 21:00:00 PDT,1742443200,100.87,100.92,ESE,11,25,43,71,3.7,8.6,,,24100,2.4,,8,,,8.9,8.4,0
2025-03-19 20:00:00 PDT,1742439600,100.85,100.9,E,9,28,27,68,2.9,8.5,,,24100,2.4,,8,,,9.6,8,0
2025-03-19 19:00:00 PDT,1742436000,100.82,100.87,E,7,27,37,63,2.4,9.1,,,24100,2.4,,8,,,9.2,7.9,0
2025-03-19 18:00:00 PDT,1742432400,100.9,100.95,ENE,6,19,29,73,3.6,8,,,40200,2.4,,8,,,9.3,8,0
2025-03-19 17:00:00 PDT,1742428800,101.01,101.06,ENE,6,32,44,63,2.6,9.3,,,32200,2.4,,8,,,9.3,8.8,0
2025-03-19 16:00:00 PDT,1742425200,101.2,101.25,ENE,6,30,49,66,3,8.8,,,24100,2.3,,8,,,9.1,7.7,0
2025-03-19 15:00:00 PDT,1742421600,101.27,101.32,NE,5,36,46,74,3.8,8.1,,,32200,2.3,,8,,,8.4,8,0
2025-03-19 14:00:00 PDT,1742418000,101.44,101.49,ENE,6,40,40,71,3.4,8.4,,,16100,2.2,,8,,,8.8,8.2,0.1
2025-03-19 13:00:00 PDT,1742414400,101.61,101.66,ESE,10,33,44,65,2.6,8.8,,,24100,2.2,,8,,,9.3,8.6,0
2025-03-19 12:00:00 PDT,1742410800,101.7,101.75,ESE,10,31,45,62,2.3,9.1,,,48300,2.2,,8,,,9.5,9,0
2025-03-19 11:00:00 PDT,1742407200,101.76,101.81,E,9,26,,63,2.4,9.1,,,40200,2.2,,8,,,9.3,8.7,0
2025-03-19 10:00:00 PDT,1742403600,101.82,101.87,E,8,23,,59,1.2,8.6,,,40200,2.2,,8,,,8.6,7.8,0
2025-03-19 09:00:00 PDT,1742400000,101.92,101.97,ENE,7,23,35,66,1.8,7.9,,,40200,2.1,,8,,,7.9,6.8,0
2025-03-19 08:00:00 PDT,1742396400,102.05,102.1,E,8,21,,69,1.8,7,,,24100,2,,8,,,7,6.1,0
2025-03-19 07:00:00 PDT,1742392800,102.13,102.18,E,8,18,,71,1.7,6.5,,,32200,2.1,,7,,,7,6.2,0
2025-03-19 06:00:00 PDT,1742389200,102.19,102.24,E,8,21,,66,0.8,6.8,,,32200,2,,8,,,7,6.2,0
2025-03-19 05:00:00 PDT,1742385600,102.3,102.35,ENE,7,22,,68,1,6.3,,,32200,3,,8,,,6.4,5.9,0
2025-03-19 04:00:00 PDT,1742382000,102.45,102.5,E,9,19,,72,1.4,6.1,,,32200,1.9,,8,,,6.4,6,0
2025-03-19 03:00:00 PDT,1742378400,102.53,102.58,E,9,19,,69,1.1,6.4,,,32200,2,,8,,,6.7,6.4,0
2025-03-19 02:00:00 PDT,1742374800,102.56,102.61,E,8,17,,66,0.7,6.6,,,32200,2,,8,,,6.7,6.2,0
2025-03-19 01:00:00 PDT,1742371200,102.61,102.66,E,9,15,,71,1.5,6.2,,,32200,2.1,,8,,,7,6.2,0
2025-03-19 00:00:00 PDT,1742367600,102.66,102.71,E,8,12,,65,0.8,7,,,32200,2.2,,8,,,7.1,6.4,0
2025-03-18 23:00:00 PDT,1742364000,102.65,102.7,ENE,7,13,,64,0.9,7.1,,,32200,2.3,,8,,,7.4,7,0
2025-03-18 22:00:00 PDT,1742360400,102.71,102.76,ENE,6,15,,63,0.8,7.3,,,32200,2.3,,8,,,7.9,7.3,0
2025-03-18 21:00:00 PDT,1742356800,102.68,102.73,ENE,7,13,,57,-0.3,7.7,,,32200,2.4,,8,,,8,7.4,0
2025-03-18 20:00:00 PDT,1742353200,102.68,102.73,E,8,14,,59,0.1,7.6,,,32200,2.4,,8,,,8.1,7.6,0
2025-03-18 19:00:00 PDT,1742349600,102.72,102.77,ESE,11,10,,54,-0.8,8,,,48300,2.4,,8,,,8.3,7.8,0
2025-03-18 18:00:00 PDT,1742346000,102.72,102.77,SE,13,12,,58,0.4,8.1,,,48300,2.4,,8,,,9.3,7.8,0
2025-03-18 17:00:00 PDT,1742342400,102.71,102.76,SSE,16,14,,54,-0.3,8.6,,,48300,2.3,,7,,,9.3,8.5,0
2025-03-18 16:00:00 PDT,1742338800,102.73,102.78,S,17,15,,50,-0.6,9.4,,,48300,2.2,,8,,,9.8,8.8,0
2025-03-18 15:00:00 PDT,1742335200,102.75,102.8,SE,14,15,,47,-1.4,9.3,,,48300,2.2,,8,,,9.7,8.4,0
2025-03-18 14:00:00 PDT,1742331600,102.74,102.79,S,17,14,31,55,0.8,9.3,,,48300,2.1,,8,,,9.8,7.2,0
2025-03-18 13:00:00 PDT,1742328000,102.75,102.8,SW,23,9,,73,2.7,7.2,,,48300,2,,7,,,7.9,6.9,0
2025-03-18 12:00:00 PDT,1742324400,102.71,102.76,WSW,24,7,,72,3,7.8,,,40200,2,,7,,,7.8,6.2,0
2025-03-18 11:00:00 PDT,1742320800,102.69,102.74,ESE,11,10,,73,1.9,6.3,,,40200,2.1,,7,,,6.6,5.5,0
2025-03-18 10:00:00 PDT,1742317200,102.6,102.65,E,10,14,,73,1.2,5.7,,,40200,2.1,,8,,,5.7,4.2,0
2025-03-18 09:00:00 PDT,1742313600,102.52,102.57,E,9,10,,82,1.3,4.2,,,48300,2.1,,8,,,4.2,1.2,0
2025-03-18 08:00:00 PDT,1742310000,102.44,102.49,ESE,10,7,,87,-0.3,1.7,,,48300,2,,3,,,2.2,1,0
2025-03-18 07:00:00 PDT,1742306400,102.37,102.42,ENE,6,6,,80,-1.3,1.8,,,40200,1.9,,4,,,2.6,-0.4,0
2025-03-18 06:00:00 PDT,1742302800,102.31,102.36,NNE,2,5,,79,-1.3,1.9,,,32200,1.9,,2,,,2.3,0.7,0
2025-03-18 05:00:00 PDT,1742299200,102.22,102.27,NNE,1,8,,84,-0.6,1.8,,,32200,2,,4,,,2.7,0.6,0
2025-03-18 04:00:00 PDT,1742295600,102.13,102.18,E,9,7,,90,0.2,1.7,,,32200,2.1,,2,,,2.4,1.1,0
2025-03-18 03:00:00 PDT,1742292000,102.06,102.11,ENE,7,7,,87,0.4,2.4,,,32200,2.2,,1,,,5.3,1.8,0
2025-03-18 02:00:00 PDT,1742288400,101.99,102.04,NW,30,20,,79,1.6,5,,,32200,2.3,,1,,,5.5,4.9,0
2025-03-18 01:00:00 PDT,1742284800,101.91,101.96,W,28,21,,85,3,5.3,,,32200,2.3,,1,,,5.4,4.8,0
2025-03-18 00:00:00 PDT,1742281200,101.86,101.91,WNW,29,25,,79,2.2,5.6,,,32200,2.3,,2,,,5.7,5,0
2025-03-17 23:00:00 PDT,1742277600,101.79,101.84,WNW,29,24,,78,1.8,5.4,,,32200,2.4,,2,,,5.6,5.2,0
2025-03-17 22:00:00 PDT,1742274000,101.75,101.8,WNW,28,28,,77,1.8,5.6,,,32200,2.4,,4,,,6,5.5,0
2025-03-17 21:00:00 PDT,1742270400,101.68,101.73,W,27,30,33,72,1.3,6,,,32200,2.4,,5,,,6.5,5.9,0
2025-03-17 20:00:00 PDT,1742266800,101.62,101.67,W,26,29,,64,0.4,6.6,,,48300,2.3,,8,,,6.7,6.1,0
2025-03-17 19:00:00 PDT,1742263200,101.56,101.61,WSW,25,23,,72,1.8,6.6,,,48300,2.3,,8,,,7.1,6.5,0
2025-03-17 18:00:00 PDT,1742259600,101.52,101.57,WSW,25,27,,65,1.1,7.1,,,48300,2.2,,8,,,8.4,7.1,0
2025-03-17 17:00:00 PDT,1742256000,101.49,101.54,W,25,21,,55,-0.4,8,,,48300,2.2,,5,,,9.3,8,0
2025-03-17 16:00:00 PDT,1742252400,101.47,101.52,WNW,29,21,,49,-1,9,,,48300,2.3,,4,,,9.6,8.4,0
2025-03-17 15:00:00 PDT,1742248800,101.46,101.51,W,28,22,,54,0.4,9.2,,,48300,2.3,,4,,,9.6,8.4,0
2025-03-17 14:00:00 PDT,1742245200,101.45,101.5,W,27,17,,70,3.3,8.4,,,48300,2.3,,5,,,8.7,7.7,0
2025-03-17 13:00:00 PDT,1742241600,101.44,101.49,W,27,20,,72,3.6,8.3,,,48300,2.3,,3,,,8.9,7.7,0
2025-03-17 12:00:00 PDT,1742238000,101.39,101.44,W,26,16,,82,5.1,7.9,,,48300,2.4,,3,,,8.2,7.1,0
2025-03-17 11:00:00 PDT,1742234400,101.35,101.4,NW,31,7,,74,4,8.2,,,48300,2.5,,4,,,8.3,6.8,0
2025-03-17 10:00:00 PDT,1742230800,101.3,101.35,SE,13,4,,80,3.5,6.6,,,40200,2.4,,3,,,6.7,5.2,0
2025-03-17 09:00:00 PDT,1742227200,101.25,101.3,E,10,6,,91,3.7,5.1,,,48300,2.3,,6,,,5.1,1.8,0
2025-03-17 08:00:00 PDT,1742223600,101.2,101.25,E,8,6,,95,2.4,3.1,,,40200,2.2,,7,,,3.6,1.8,0
2025-03-17 07:00:00 PDT,1742220000,101.14,101.19,ESE,11,4,,96,1.9,2.5,,,32200,2.2,,3,,,2.9,1.1,0
2025-03-17 06:00:00 PDT,1742216400,101.05,101.1,E,8,7,,96,0.7,1.2,,,32200,2.1,,0,,,2.1,0.8,0
2025-03-17 05:00:00 PDT,1742212800,101,101.05,E,8,9,,95,0.8,1.6,,,32200,2.2,,2,,,2.9,1.1,0
2025-03-17 04:00:00 PDT,1742209200,100.95,101,ENE,6,8,,91,1.2,2.5,,,32200,2.2,,0,,,2.9,1.3,0
2025-03-17 03:00:00 PDT,1742205600,100.9,100.95,ESE,10,12,,94,1,1.8,,,32200,2.2,,0,,,4.5,1.6,0
2025-03-17 02:00:00 PDT,1742202000,100.85,100.9,E,9,8,,89,1.8,3.4,,,32200,2.2,,0,,,5.1,2.9,0
2025-03-17 01:00:00 PDT,1742198400,100.83,100.88,ESE,10,7,,82,1.4,4.2,,,32200,2.2,,1,,,5.9,4.2,0
2025-03-17 00:00:00 PDT,1742194800,100.79,100.84,SSE,15,7,,79,2.3,5.7,,,24100,2.2,,5,,,6.6,5.6,0
2025-03-16 23:00:00 PDT,1742191200,100.75,100.8,SSE,15,8,31,81,3,6,,,32200,2.3,,6,,,6.6,5.8,0
2025-03-16 22:00:00 PDT,1742187600,100.7,100.75,SSW,20,23,35,79,3.4,6.7,,,32200,2.3,,8,,,6.9,6.6,0
2025-03-16 21:00:00 PDT,1742184000,100.62,100.67,SSW,19,19,,79,3.5,6.8,,,32200,2.4,,7,,,7.3,6.2,0
2025-03-16 20:00:00 PDT,1742180400,100.56,100.61,SSW,21,18,,76,3.3,7.2,,,24100,2.4,,8,,,7.8,7,0
2025-03-16 19:00:00 PDT,1742176800,100.46,100.51,S,18,28,,76,3.6,7.7,,,32200,2.4,,8,,,7.8,7.6,0
2025-03-16 18:00:00 PDT,1742173200,100.39,100.44,SSE,16,30,32,70,2.9,7.9,,,32200,2.4,,5,,,9,7.8,0
2025-03-16 17:00:00 PDT,1742169600,100.35,100.4,S,17,28,43,67,2.9,8.8,,,32200,2.4,,3,,,10.3,8.7,0
2025-03-16 16:00:00 PDT,1742166000,100.33,100.38,SSE,15,27,29,69,4.2,9.6,,,32200,2.4,,8,,,10.2,8.7,0
2025-03-16 15:00:00 PDT,1742162400,100.31,100.36,S,17,25,40,69,3.5,8.8,,,32200,2.5,,7,,,10,8.4,0
2025-03-16 14:00:00 PDT,1742158800,100.28,100.33,S,17,18,,64,2.6,9,,,32200,2.5,,8,,,9.6,8.7,0
2025-03-16 13:00:00 PDT,1742155200,100.26,100.31,S,17,18,,61,2.6,9.6,,,32200,2.5,,5,,,9.6,8.2,0
2025-03-16 12:00:00 PDT,1742151600,100.21,100.26,S,18,12,,65,2.6,8.8,,,32200,2.4,,5,,,9.1,7.2,0
2025-03-16 11:00:00 PDT,1742148000,100.15,100.2,WSW,25,4,,78,3.6,7.2,,,32200,,,6,,,7.7,6.3,0
2025-03-16 10:00:00 PDT,1742144400,100.08,100.13,SE,13,4,,80,3.1,6.3,,,24100,2.4,,7,,,6.5,6,0
2025-03-16 09:00:00 PDT,1742140800,100.03,100.08,E,8,7,,88,4.3,6.1,,,32200,2.3,,8,,,6.2,4.6,0
2025-03-16 08:00:00 PDT,1742137200,100.01,100.06,E,8,4,,95,3.9,4.6,,,24100,2.3,,8,,,4.6,4.2,0
2025-03-16 07:00:00 PDT,1742133600,99.95,100,N,0,6,,93,3.5,4.5,,,24100,2.3,,8,,,5,4.3,0
2025-03-16 06:00:00 PDT,1742130000,99.91,99.96,ENE,7,4,,93,3.8,4.8,,,22500,2.3,,8,,,5,4.7,0
2025-03-16 05:00:00 PDT,1742126400,99.88,99.93,ENE,6,10,,93,3.7,4.8,,,20900,2.3,,8,,,5.1,4.7,0
2025-03-16 04:00:00 PDT,1742122800,99.87,99.92,ENE,7,7,,93,3.8,4.9,,,19300,2.3,,8,,,5.3,4.8,0
2025-03-16 03:00:00 PDT,1742119200,99.91,99.96,NE,4,13,,93,4.2,5.3,,,19300,2.2,,8,,,5.8,5.3,0
2025-03-16 02:00:00 PDT,1742115600,99.95,100,E,8,9,,92,4.5,5.7,,,20900,2.2,,8,,,5.9,5.1,0
2025-03-16 01:00:00 PDT,1742112000,99.98,100.03,ENE,6,5,,88,4.1,5.9,,,22500,2.2,,8,,,5.9,5.2,0.4
2025-03-16 00:00:00 PDT,1742108400,100.04,100.09,ENE,7,10,,92,4.3,5.5,,,16100,2.3,,8,,,5.9,5.2,0
2025-03-15 23:00:00 PDT,1742104800,100.03,100.08,ESE,12,19,,86,3.7,5.9,,,20900,2.4,,8,,,6.3,5.8,0
2025-03-15 22:00:00 PDT,1742101200,100.07,100.12,ESE,12,18,,82,3.4,6.3,,,24100,2.3,,8,,,7,5.9,0
2025-03-15 21:00:00 PDT,1742097600,100.07,100.12,SSE,14,23,,80,3,6.2,,,24100,2.3,,8,,,6.7,6.1,0
2025-03-15 20:00:00 PDT,1742094000,100.1,100.15,SSE,16,24,,78,3.2,6.7,,,24100,2.2,,8,,,7,6.5,0
2025-03-15 19:00:00 PDT,1742090400,100.12,100.17,SSE,15,26,30,78,3.6,7.1,,,24100,2.2,,7,,,7.3,6.8,0
2025-03-15 18:00:00 PDT,1742086800,100.14,100.19,SE,14,17,,82,3.9,6.8,,,32200,2.2,,8,,,9.2,6.6,0
2025-03-15 17:00:00 PDT,1742083200,100.15,100.2,SSE,16,25,,76,3.9,7.9,,,24100,2.2,,8,,,9.2,7.9,0
2025-03-15 16:00:00 PDT,1742079600,100.13,100.18,S,17,22,,74,3.7,8.1,,,24100,2.1,,7,,,9.1,6.6,0
2025-03-15 15:00:00 PDT,1742076000,100.11,100.16,ESE,11,11,,83,4.6,7.3,,,32200,2,,7,,,7.3,6.4,0
2025-03-15 14:00:00 PDT,1742072400,100.08,100.13,ENE,6,19,,88,4.7,6.6,,,32200,1.9,,8,,,6.6,4.2,0
2025-03-15 13:00:00 PDT,1742068800,100.03,100.08,ENE,7,19,,91,2.9,4.2,,,24100,1.8,,8,,,4.2,3.6,0.1
2025-03-15 12:00:00 PDT,1742065200,99.95,100,E,7,22,,91,2.4,3.7,,,16100,1.9,,8,,,3.9,3.7,0.7
2025-03-15 11:00:00 PDT,1742061600,99.9,99.95,E,8,17,,92,2.6,3.8,,,12900,1.9,,8,,,4,3.4,0.8
2025-03-15 10:00:00 PDT,1742058000,99.86,99.91,E,8,19,,91,2.2,3.5,,,12900,1.8,,8,,,4.1,3.4,1.6
2025-03-15 09:00:00 PDT,1742054400,99.8,99.85,E,10,22,,90,2.2,3.8,,,12900,1.8,,8,,,4.3,3.8,1.3
2025-03-15 08:00:00 PDT,1742050800,99.75,99.8,ESE,10,13,,90,2.9,4.3,,,16100,1.8,,8,,,4.7,4.3,0.5
2025-03-15 07:00:00 PDT,1742047200,99.7,99.75,ESE,11,14,,88,2.7,4.5,,,24100,1.8,,8,,,4.8,4.5,0
2025-03-15 06:00:00 PDT,1742043600,99.68,99.73,E,10,12,,87,2.5,4.6,,,24100,1.8,,8,,,5,4.5,0
2025-03-15 05:00:00 PDT,1742040000,99.69,99.74,E,8,7,,88,3.1,5,,,24100,1.8,,8,,,5.1,4.9,0.3
2025-03-15 04:00:00 PDT,1742036400,99.71,99.76,ENE,7,9,,84,2.6,5.1,,,16100,1.8,,8,,,5.4,4.8,0.4
2025-03-15 03:00:00 PDT,1742032800,99.73,99.78,E,9,11,,80,2.2,5.3,,,24100,1.9,,8,,,5.9,4.8,0
2025-03-15 02:00:00 PDT,1742029200,99.73,99.78,E,8,5,,72,0.8,5.4,,,24100,1.9,,8,,,6.1,5.4,0
2025-03-15 01:00:00 PDT,1742025600,99.74,99.79,E,8,4,,68,0.3,5.8,,,24100,2,,7,,,6.4,5.2,0
2025-03-15 00:00:00 PDT,1742022000,99.77,99.82,E,9,5,,61,-0.6,6.4,,,24100,2,,7,,,7,6,0
2025-03-14 23:00:00 PDT,1742018400,99.79,99.84,SSE,15,9,,63,0.5,6.9,,,24100,2,,7,,,7.2,6,0
2025-03-14 22:00:00 PDT,1742014800,99.79,99.84,E,9,10,,66,0.8,6.7,,,24100,2.1,,7,,,7.6,6.3,0
2025-03-14 21:00:00 PDT,1742011200,99.77,99.82,NE,5,14,,62,0.6,7.5,,,24100,2.1,,8,,,8.2,7.5,0
2025-03-14 20:00:00 PDT,1742007600,99.79,99.84,NE,4,13,,59,0.7,8.2,,,24100,2.1,,6,,,9.1,7.8,0
2025-03-14 19:00:00 PDT,1742004000,99.79,99.84,NE,5,8,,48,-1.5,8.9,,,32200,2.1,,6,,,9.4,7.5,0
2025-03-14 18:00:00 PDT,1742000400,99.81,99.86,W,26,8,,53,-0.1,9,,,32200,2.1,,7,,,9.5,8.7,0
2025-03-14 17:00:00 PDT,1741996800,99.84,99.89,NW,31,14,,62,1.7,8.6,,,32200,2.1,,8,,,9.2,8.5,0
2025-03-14 16:00:00 PDT,1741993200,99.87,99.92,NW,30,16,,55,0.6,9.1,,,32200,2.1,,8,,,10.7,9,0
2025-03-14 15:00:00 PDT,1741989600,99.91,99.96,ESE,11,16,,48,-0.5,10,,,32200,2.1,,8,,,10,9.3,0
2025-03-14 14:00:00 PDT,1741986000,99.94,99.99,ESE,12,17,28,45,-1.6,9.8,,,32200,2.2,,6,,,9.8,9.2,0
2025-03-14 13:00:00 PDT,1741982400,100,100.05,ESE,11,18,,46,-1.4,9.6,,,32200,2.2,,7,,,9.6,8.2,0
2025-03-14 12:00:00 PDT,1741978800,100.04,100.09,ENE,7,16,,49,-1.4,8.8,,,32200,2.2,,8,,,8.8,7.6,0
2025-03-14 11:00:00 PDT,1741975200,100.09,100.14,E,9,21,,54,-0.9,7.8,,,32200,2.3,,7,,,9.7,6.6,0
2025-03-14 10:00:00 PDT,1741971600,100.1,100.15,NE,5,5,,66,0.5,6.4,,,32200,2.4,,7,,,6.6,5,0
2025-03-14 09:00:00 PDT,1741968000,100.13,100.18,ENE,7,17,,80,1.7,4.9,,,32200,2.4,,7,,,4.9,4.1,0
2025-03-14 08:00:00 PDT,1741964400,100.17,100.22,ENE,6,17,,86,2.1,4.2,,,32200,2.3,,8,,,4.2,3.5,0
2025-03-14 07:00:00 PDT,1741960800,100.18,100.23,ENE,7,18,,91,2.2,3.5,,,24100,2.2,,7,,,3.5,3,0
2025-03-14 06:00:00 PDT,1741957200,100.19,100.24,E,7,17,,95,2.5,3.3,,,24100,2.1,,8,,,3.5,3.2,0
2025-03-14 05:00:00 PDT,1741953600,100.19,100.24,ENE,7,15,,98,2.9,3.2,,,24100,2.2,,8,,,3.6,3.1,0
2025-03-14 04:00:00 PDT,1741950000,100.19,100.24,E,9,18,,100,3.7,3.7,,,24100,2.4,,8,,,3.8,3,0
2025-03-14 03:00:00 PDT,1741946400,100.2,100.25,E,9,16,,99,3,3.1,,,32200,2.5,,8,,,3.1,2.1,0
2025-03-14 02:00:00 PDT,1741942800,100.19,100.24,E,9,17,,97,1.6,2,,,32200,2.6,,5,,,2.7,1.6,0
2025-03-14 01:00:00 PDT,1741939200,100.2,100.25,E,8,11,,96,1.3,1.9,,,32200,2.5,,5,,,4.1,1.5,0
2025-03-14 00:00:00 PDT,1741935600,100.19,100.24,ENE,7,9,,88,1.1,3,,,32200,2.5,,3,,,4.5,2.8,0
2025-03-13 23:00:00 PDT,1741932000,100.15,100.2,S,18,11,,80,1,4.1,,,32200,2.5,,2,,,5,3.8,0
2025-03-13 22:00:00 PDT,1741928400,100.13,100.18,SE,12,5,,89,2.2,3.8,,,32200,2.5,,5,,,5.3,3.5,0
2025-03-13 21:00:00 PDT,1741924800,100.11,100.16,S,18,5,,79,1.4,4.7,,,32200,2.5,,7,,,5.7,4.2,0
2025-03-13 20:00:00 PDT,1741921200,100.1,100.15,SSE,15,5,,73,1,5.4,,,32200,2.5,,2,,,5.6,4.8,0
2025-03-13 19:00:00 PDT,1741917600,100.05,100.1,S,19,8,,78,2,5.5,,,32200,2.5,,2,,,6.1,5.2,0
2025-03-13 18:00:00 PDT,1741914000,100.03,100.08,SSW,19,9,,76,2.1,6,,,32200,2.6,,6,,,6.5,5.7,0
2025-03-13 17:00:00 PDT,1741910400,100.01,100.06,SSW,21,20,,81,3.2,6.2,,,32200,2.5,,8,,,8.1,5.6,0.1
2025-03-13 16:00:00 PDT,1741906800,99.96,100.01,S,17,22,35,67,1.9,7.7,,,24100,2.5,,7,,,9,6.8,0
2025-03-13 15:00:00 PDT,1741903200,100,100.05,SW,21,9,,70,1.7,6.8,,,24100,2.4,,7,,,8.9,5.6,0
2025-03-13 14:00:00 PDT,1741899600,100,100.05,S,18,13,,57,-0.1,7.9,,,32200,2.3,,7,,,8.9,7.7,0
2025-03-13 13:00:00 PDT,1741896000,100.02,100.07,SW,22,8,,67,2.7,8.4,,,32200,2.3,,4,,,8.5,7.5,0
2025-03-13 12:00:00 PDT,1741892400,100.03,100.08,WSW,23,10,,73,3,7.5,,,32200,2.2,,4,,,7.9,7.3,0.1
2025-03-13 11:00:00 PDT,1741888800,99.97,100.02,WNW,30,11,,76,3.7,7.7,,,32200,2.3,,4,,,8,7.1,
2025-03-13 10:00:00 PDT,1741885200,99.88,99.93,W,27,12,,80,3.9,7,,,32200,2.3,,4,,,7.1,6.2,
2025-03-13 09:00:00 PDT,1741881600,99.79,99.84,WNW,29,21,,86,4,6.2,,,32200,2.3,,4,,,6.2,5.2,0
2025-03-13 08:00:00 PDT,1741878000,99.71,99.76,W,27,27,,88,3.3,5.2,,,32200,2.3,,5,,,5.2,4.8,0
2025-03-13 07:00:00 PDT,1741874400,99.63,99.68,W,27,31,41,86,2.8,5,,,24100,2.3,,3,,,5.2,4.9,0.3
2025-03-13 06:00:00 PDT,1741870800,99.53,99.58,W,27,33,,90,3.7,5.2,,,32200,2.2,,6,,,5.3,5.2,0.1
2025-03-13 05:00:00 PDT,1741867200,99.44,99.49,W,27,34,45,90,3.7,5.2,,,32200,2.3,,7,,,5.3,5.2,0
2025-03-13 04:00:00 PDT,1741863600,99.4,99.45,WNW,28,36,37,94,4.3,5.2,,,32200,2.3,,6,,,5.8,5.2,0.1
2025-03-13 03:00:00 PDT,1741860000,99.37,99.42,WNW,28,25,,99,5.6,5.7,,,32200,2.4,,8,,,5.8,5.2,0
2025-03-13 02:00:00 PDT,1741856400,99.38,99.43,WNW,29,9,,100,5.4,5.4,,,32200,2.4,,8,,,5.9,5.3,0.2
2025-03-13 01:00:00 PDT,1741852800,99.43,99.48,W,27,12,,100,5.8,5.9,,,32200,2.4,,8,,,6,5.3,0
2025-03-13 00:00:00 PDT,1741849200,99.46,99.51,S,18,5,,97,5.4,5.8,,,32200,2.3,,8,,,6.1,5.5,0
2025-03-12 23:00:00 PDT,1741845600,99.5,99.55,,,0,,100,5.5,5.5,,,32200,2.4,,8,,,5.9,5,0
2025-03-12 22:00:00 PDT,1741842000,99.51,99.56,SE,14,4,,99,5.5,5.6,,,32200,2.5,,8,,,6.1,5.6,0
2025-03-12 21:00:00 PDT,1741838400,99.56,99.61,E,8,6,,96,5.4,6,,,24100,2.6,,8,,,6.4,6,0
2025-03-12 20:00:00 PDT,1741834800,99.58,99.63,E,7,12,,95,5.6,6.3,,,24100,2.6,,8,,,6.9,6.3,0
2025-03-12 19:00:00 PDT,1741831200,99.61,99.66,NE,5,14,,96,6.2,6.8,,,32200,2.6,,8,,,7.5,6.8,0
2025-03-12 18:00:00 PDT,1741827600,99.6,99.65,NE,5,18,,93,6.2,7.3,,,32200,2.7,,8,,,7.5,7.2,0.4
2025-03-12 17:00:00 PDT,1741824000,99.71,99.76,E,8,15,,90,5.8,7.3,,,32200,2.6,,8,,,7.6,7.3,0.1
2025-03-12 16:00:00 PDT,1741820400,99.7,99.75,E,9,18,,90,6,7.4,,,24100,2.5,,8,,,7.7,7.4,1.1
2025-03-12 15:00:00 PDT,1741816800,99.74,99.79,SE,14,13,,90,5.9,7.5,,,9700,2.4,,8,,,8,7.5,1.5
2025-03-12 14:00:00 PDT,1741813200,99.74,99.79,S,18,14,,98,7.6,7.8,,,9700,2.3,,8,,,8.4,7.8,
2025-03-12 13:00:00 PDT,1741809600,99.74,99.79,SSE,16,14,,95,7.5,8.3,,,12900,2.3,,8,,,8.3,7.1,
2025-03-12 12:00:00 PDT,1741806000,99.74,99.79,ESE,10,20,,99,7.1,7.2,,,12900,2.3,,8,,,7.2,6.7,0
2025-03-12 11:00:00 PDT,1741802400,99.68,99.73,E,9,21,,91,5.4,6.7,,,40200,2.4,,8,,,6.8,5.8,0
2025-03-12 10:00:00 PDT,1741798800,99.69,99.74,E,8,24,,91,5,6.3,,,32200,2.4,,8,,,6.3,5.5,0
2025-03-12 09:00:00 PDT,1741795200,99.69,99.74,E,9,23,,96,5,5.6,,,32200,2.3,,8,,,5.6,5.3,0.1
2025-03-12 08:00:00 PDT,1741791600,99.69,99.74,E,8,23,,96,5,5.6,,,32200,2.3,,8,,,5.9,5.4,0.1
2025-03-12 07:00:00 PDT,1741788000,99.69,99.74,E,8,25,,94,4.9,5.7,,,32200,2.2,,8,,,5.9,5.5,0.3
2025-03-12 06:00:00 PDT,1741784400,99.74,99.79,E,7,22,,96,5,5.6,,,16100,2.1,,8,,,5.8,5.4,0.3
2025-03-12 05:00:00 PDT,1741780800,99.75,99.8,ENE,7,19,,100,5.3,5.3,,,24100,2.1,,8,,,5.5,5.3,1.4
2025-03-12 04:00:00 PDT,1741777200,99.83,99.88,E,8,21,,96,5,5.5,,,24100,2.2,,8,,,5.6,5.2,0
2025-03-12 03:00:00 PDT,1741773600,99.88,99.93,E,9,23,,98,5,5.2,,,32200,2.2,,8,,,5.4,5.2,0.3
2025-03-12 02:00:00 PDT,1741770000,99.93,99.98,ENE,7,21,,97,4.8,5.3,,,24100,2.2,,8,,,5.3,4.9,0.1
2025-03-12 01:00:00 PDT,1741766400,99.96,100.01,E,8,16,,96,4.3,5,,,24100,2.3,,8,,,5,4.6,0.4
2025-03-12 00:00:00 PDT,1741762800,99.97,100.02,E,8,26,36,96,4.1,4.7,,,16100,2.3,,8,,,4.9,4.7,0.6
2025-03-11 23:00:00 PDT,1741759200,99.97,100.02,ENE,7,23,35,93,3.9,4.9,,,24100,2.2,,8,,,5.6,4.9,0.8
2025-03-11 22:00:00 PDT,1741755600,100.02,100.07,ENE,6,24,,90,4.1,5.6,,,24100,2.2,,8,,,5.9,5.6,0.2
2025-03-11 21:00:00 PDT,1741752000,100.07,100.12,ENE,6,18,,91,4.4,5.7,,,24100,2.2,,8,,,5.8,5.4,0
2025-03-11 20:00:00 PDT,1741748400,100.1,100.15,NE,4,17,,92,4.6,5.8,,,19300,2.2,,8,,,5.8,5.4,0.4
2025-03-11 19:00:00 PDT,1741744800,100.18,100.23,E,9,17,,94,4.6,5.5,,,19300,2.3,,8,,,5.8,5.5,0.1
2025-03-11 18:00:00 PDT,1741741200,100.21,100.26,ENE,6,22,,93,4.7,5.7,,,24100,2.3,,8,,,6.1,5.7,0
2025-03-11 17:00:00 PDT,1741737600,100.29,100.34,ENE,7,18,,96,5.4,5.9,,,24100,2.2,,8,,,6.1,5.7,0.3
2025-03-11 16:00:00 PDT,1741734000,100.38,100.43,E,9,18,30,98,5.7,6,,,24100,2.2,,8,,,6.1,5.8,0.7
2025-03-11 15:00:00 PDT,1741730400,100.45,100.5,ESE,10,18,,96,5.5,6,,,16100,2.2,,8,,,6.5,6,0.3
2025-03-11 14:00:00 PDT,1741726800,100.51,100.56,ESE,10,22,,89,4.6,6.3,,,24100,2.2,,8,,,6.5,6.1,0
2025-03-11 13:00:00 PDT,1741723200,100.55,100.6,E,9,27,39,93,5.3,6.4,,,24100,2.2,,8,,,6.7,6,0
2025-03-11 12:00:00 PDT,1741719600,100.6,100.65,E,9,18,,100,6.1,6.1,,,16100,2.2,,8,,,6.3,5.2,0
2025-03-11 11:00:00 PDT,1741716000,100.63,100.68,E,8,20,,100,5.2,5.2,,,9700,2.4,,8,,,5.3,4.8,0
2025-03-11 10:00:00 PDT,1741712400,100.63,100.68,E,8,14,,100,5,5,,,4000,2.2,,8,,,5,4.6,0.4
2025-03-11 09:00:00 PDT,1741708800,100.63,100.68,E,8,16,,100,4.7,4.7,,,4800,2.1,,8,,,5,4.6,0.6
2025-03-11 08:00:00 PDT,1741705200,100.64,100.69,E,8,19,,99,4.5,4.7,,,6400,2.2,,8,,,5.2,4.7,0
2025-03-11 07:00:00 PDT,1741701600,100.66,100.71,ENE,7,19,,93,4.2,5.1,,,32200,2.2,,8,,,5.2,4.9,0
2025-03-11 06:00:00 PDT,1741698000,100.69,100.74,E,9,17,,94,4.1,5,,,32200,2.1,,8,,,5.1,4.9,0
2025-03-11 05:00:00 PDT,1741694400,100.75,100.8,E,8,14,,95,4.2,4.9,,,32200,2.1,,8,,,5,4.7,0
2025-03-11 04:00:00 PDT,1741690800,100.79,100.84,E,8,19,,95,4.2,4.9,,,32200,2.2,,8,,,5.1,4.8,0
2025-03-11 03:00:00 PDT,1741687200,100.87,100.92,E,8,17,,96,4.3,4.9,,,32200,2.2,,8,,,4.9,4.6,0
2025-03-11 02:00:00 PDT,1741683600,100.94,100.99,E,9,18,,96,4,4.7,,,32200,2.4,,8,,,4.8,4.5,0
2025-03-11 01:00:00 PDT,1741680000,100.99,101.04,ENE,7,12,,98,4.3,4.5,,,32200,2.5,,8,,,4.5,4.3,0
2025-03-11 00:00:00 PDT,1741676400,101.03,101.08,E,8,12,,97,4,4.3,,,32200,2.5,,8,,,4.5,4.2,0
2025-03-10 23:00:00 PDT,1741672800,101.1,101.15,ESE,11,13,,96,3.7,4.4,,,32200,2.5,,8,,,4.6,4.3,0
2025-03-10 22:00:00 PDT,1741669200,101.09,101.14,E,8,13,,91,3,4.4,,,32200,2.5,,8,,,4.7,4.3,0
2025-03-10 21:00:00 PDT,1741665600,101.17,101.22,ENE,6,15,,91,3.1,4.5,,,32200,2.5,,8,,,4.6,4.3,0
2025-03-10 20:00:00 PDT,1741662000,101.2,101.25,ENE,6,15,,94,3.5,4.3,,,32200,2.5,,8,,,4.4,4,0
2025-03-10 19:00:00 PDT,1741658400,101.3,101.35,NNE,3,15,,94,3.3,4.2,,,32200,2.4,,8,,,6.5,4,0.9
2025-03-10 18:00:00 PDT,1741654800,101.34,101.39,N,35,9,,77,2.6,6.4,,,40200,2.5,,8,,,6.6,6.4,0
2025-03-10 17:00:00 PDT,1741651200,101.36,101.41,N,1,18,,75,2.6,6.6,,,32200,2.5,,8,,,7.7,6.6,0
2025-03-10 16:00:00 PDT,1741647600,101.42,101.47,S,18,9,,74,3.4,7.7,,,40200,2.4,,8,,,8.1,7.5,0
2025-03-10 15:00:00 PDT,1741644000,101.5,101.55,S,18,5,,65,1.5,7.7,,,40200,2.4,,8,,,8.5,7.6,0
2025-03-10 14:00:00 PDT,1741640400,101.58,101.63,SSE,16,7,,76,4.1,8.1,,,48300,2.5,,8,,,8.1,7.3,0
2025-03-10 13:00:00 PDT,1741636800,101.63,101.68,SSE,15,10,,71,2.5,7.5,,,40200,2.5,,8,,,8.3,7.2,0
2025-03-10 12:00:00 PDT,1741633200,101.69,101.74,SE,14,13,,77,3.7,7.4,,,40200,2.5,,8,,,7.7,6.1,0
2025-03-10 11:00:00 PDT,1741629600,101.71,101.76,ESE,10,9,,94,5.2,6.1,,,32200,2.5,,8,,,6.1,5.4,0
2025-03-10 10:00:00 PDT,1741626000,101.69,101.74,E,9,13,,100,5.5,5.5,,,32200,2.6,,8,,,5.5,4.6,0
2025-03-10 09:00:00 PDT,1741622400,101.65,101.7,E,8,9,,100,4.6,4.6,,,40200,2.5,,7,,,4.6,2.9,0
2025-03-10 08:00:00 PDT,1741618800,101.65,101.7,E,9,9,,100,2.9,2.9,,,32200,2.2,,7,,,4.2,2.8,0
2025-03-10 07:00:00 PDT,1741615200,101.67,101.72,SE,13,6,,100,3.5,3.5,,,32200,2.1,,7,,,3.9,1.8,0
2025-03-10 06:00:00 PDT,1741611600,101.66,101.71,ESE,12,5,,100,2.4,2.4,,,32200,2,,5,,,4.1,2.3,0
2025-03-10 05:00:00 PDT,1741608000,101.61,101.66,WSW,25,11,,100,4.1,4.1,,,32200,2.1,,3,,,4.6,4.1,0
2025-03-10 04:00:00 PDT,1741604400,101.61,101.66,WSW,25,15,,99,4.5,4.6,,,32200,2.1,,6,,,5,4.5,0
2025-03-10 03:00:00 PDT,1741600800,101.61,101.66,WSW,24,12,,100,4.9,4.9,,,32200,2.2,,6,,,5.2,4.9,0
2025-03-10 02:00:00 PDT,1741597200,101.57,101.62,WSW,25,18,32,95,4.5,5.1,,,32200,2.4,,3,,,5.9,5.1,0
2025-03-10 01:00:00 PDT,1741593600,101.52,101.57,WSW,25,26,,90,4.1,5.6,,,32200,2.4,,3,,,6,5.1,0
2025-03-10 00:00:00 PDT,1741590000,101.49,101.54,W,26,23,,90,3.8,5.3,,,32200,2.4,,2,,,5.8,4.4,0
2025-03-09 23:00:00 PDT,1741586400,101.43,101.48,W,26,17,,92,3.4,4.6,,,32200,2.4,,0,,,5.5,4.4,0
2025-03-09 22:00:00 PDT,1741582800,101.37,101.42,W,26,17,30,94,4.2,5.2,,,32200,2.4,,0,,,5.5,4.8,0
2025-03-09 21:00:00 PDT,1741579200,101.33,101.38,W,26,17,,94,4.2,5.1,,,32200,2.4,,0,,,5.4,4.8,0
2025-03-09 20:00:00 PDT,1741575600,101.26,101.31,W,28,13,,91,3.8,5.1,,,32200,2.4,,2,,,6.4,5.1,0
2025-03-09 19:00:00 PDT,1741572000,101.19,101.24,W,27,16,,88,4.6,6.4,,,32200,2.4,,7,,,7.1,5.9,0.5
2025-03-09 18:00:00 PDT,1741568400,101.22,101.27,WSW,24,25,36,91,4.7,6.1,,,24100,2.4,,8,,,7.4,6,0.6
2025-03-09 17:00:00 PDT,1741564800,101.18,101.23,W,27,13,,98,6.9,7.2,,,24100,2.3,,8,,,7.4,7.1,0.1
2025-03-09 16:00:00 PDT,1741561200,101.14,101.19,W,28,12,,100,7.1,7.1,,,24100,2.3,,8,,,7.3,6.9,0.2
2025-03-09 15:00:00 PDT,1741557600,101.13,101.18,W,27,11,,100,7.1,7.1,,,16100,2.2,,8,,,7.3,6.9,0
2025-03-09 14:00:00 PDT,1741554000,101.06,101.11,NW,31,7,,100,6.9,6.9,,,19300,2.2,,8,,,7.3,6.7,1
2025-03-09 13:00:00 PDT,1741550400,101.08,101.13,W,28,23,,100,7.2,7.2,,,4800,2.2,,8,,,8.6,7.2,1.4
2025-03-09 12:00:00 PDT,1741546800,101.06,101.11,SSE,16,16,,99,8.3,8.5,,,16100,2.3,,8,,,8.7,8.5,0.8
2025-03-09 11:00:00 PDT,1741543200,101.01,101.06,SE,13,29,,95,7.9,8.7,,,16100,2.3,,8,,,8.7,8.4,0.1
2025-03-09 10:00:00 PDT,1741539600,101.01,101.06,SE,12,24,36,96,7.8,8.4,,,9700,2.3,,8,,,8.4,8.2,1.2
2025-03-09 09:00:00 PDT,1741536000,101.04,101.09,ESE,12,24,,96,7.6,8.2,,,6400,2.4,,8,,,8.4,8.2,1.7
2025-03-09 08:00:00 PDT,1741532400,101.1,101.15,SE,13,24,,92,7.1,8.3,,,9700,2.4,,8,,,8.9,8.3,1.2
2025-03-09 07:00:00 PDT,1741528800,101.1,101.15,SE,14,31,42,85,6.5,8.9,,,19300,2.4,,8,,,9.5,8.8,0.2
2025-03-09 06:00:00 PDT,1741525200,101.14,101.19,SE,13,27,37,78,5.8,9.4,,,24100,2.3,,8,,,9.6,9.3,0
2025-03-09 05:00:00 PDT,1741521600,101.19,101.24,SE,13,32,41,78,5.8,9.5,,,24100,2.3,,8,,,9.6,9.3,0
2025-03-09 04:00:00 PDT,1741518000,101.25,101.3,SE,12,33,45,78,6,9.6,,,24100,2.3,,8,,,9.8,9.4,0
2025-03-09 03:00:00 PDT,1741514400,101.31,101.36,SE,13,28,41,79,6.1,9.6,,,24100,2.3,,8,,,9.8,9.6,0
2025-03-09 01:00:00 PST,1741510800,101.35,101.4,SE,14,35,46,80,6.4,9.8,,,24100,2.3,,8,,,10,9.8,0.1
2025-03-09 00:00:00 PST,1741507200,101.42,101.47,SE,13,27,,84,7.2,9.8,,,22500,2.2,,8,,,10,9.8,0
2025-03-08 23:00:00 PST,1741503600,101.46,101.51,SE,14,28,40,87,7.8,9.9,,,22500,2.2,,8,,,10,9.8,0
2025-03-08 22:00:00 PST,1741500000,101.5,101.55,SE,14,30,33,88,8.1,9.9,,,20900,2.2,,8,,,10.1,9.9,0
2025-03-08 21:00:00 PST,1741496400,101.51,101.56,SE,14,28,44,91,8.5,9.9,,,22500,2.2,,8,,,10,8.2,0
2025-03-08 20:00:00 PST,1741492800,101.53,101.58,ESE,10,25,,100,8.1,8.1,,,20900,2.2,,8,,,8.2,7.7,0.2
2025-03-08 19:00:00 PST,1741489200,101.53,101.58,E,9,21,30,100,7.7,7.7,,,9700,2.2,,8,,,8.2,7.7,0.4
2025-03-08 18:00:00 PST,1741485600,101.54,101.59,E,9,30,,100,8,8,,,12900,2.2,,8,,,8.4,7.5,0.2
2025-03-08 17:00:00 PST,1741482000,101.59,101.64,E,9,28,,100,8.1,8.1,,,12900,2.2,,8,,,8.1,7.7,0.3
2025-03-08 16:00:00 PST,1741478400,101.63,101.68,E,8,25,39,100,7.7,7.7,,,4800,2.2,,8,,,7.8,7.4,0.8
2025-03-08 15:00:00 PST,1741474800,101.71,101.76,E,9,25,,100,7.4,7.4,,,4800,2.2,,8,,,7.4,7,2
2025-03-08 14:00:00 PST,1741471200,101.7,101.75,E,8,28,,100,7,7,,,12900,2.2,,8,,,7.1,6.9,0.3
2025-03-08 13:00:00 PST,1741467600,101.75,101.8,E,8,29,,100,6.9,6.9,,,12900,2.2,,8,,,6.9,6.5,2
2025-03-08 12:00:00 PST,1741464000,101.81,101.86,E,9,26,,100,6.5,6.5,,,9700,2.2,,8,,,6.6,6.5,1.4
2025-03-08 11:00:00 PST,1741460400,101.85,101.9,E,8,23,35,100,6.5,6.5,,,8100,2.2,,8,,,6.6,6.2,1.9
2025-03-08 10:00:00 PST,1741456800,101.86,101.91,E,8,25,,100,6.2,6.2,,,8100,2.2,,8,,,6.3,6.1,0.9
2025-03-08 09:00:00 PST,1741453200,101.85,101.9,E,8,26,37,98,5.9,6.2,,,16100,2.2,,8,,,6.2,6.1,0.1
2025-03-08 08:00:00 PST,1741449600,101.87,101.92,E,8,28,,99,5.9,6.1,,,12900,2.2,,8,,,6.2,6.1,0.5
2025-03-08 07:00:00 PST,1741446000,101.86,101.91,ENE,6,19,,100,6.2,6.2,,,9700,2.1,,8,,,6.3,6,1.1
2025-03-08 06:00:00 PST,1741442400,101.89,101.94,ENE,6,21,,99,6.1,6.2,,,8100,2,,8,,,6.4,6.2,0.9
2025-03-08 05:00:00 PST,1741438800,101.89,101.94,E,9,22,,100,6.4,6.4,,,8100,2,,8,,,6.7,6.4,1.6
2025-03-08 04:00:00 PST,1741435200,101.92,101.97,ENE,7,18,,99,6.6,6.7,,,6400,2.1,,8,,,6.8,6.6,1.4
2025-03-08 03:00:00 PST,1741431600,101.89,101.94,ENE,6,14,,98,6.5,6.8,,,8100,2.2,,8,,,7.4,6.8,0.7
2025-03-08 02:00:00 PST,1741428000,101.89,101.94,ENE,6,11,,,,7,,,,2.2,,,,,7.5,6.8,1.4
2025-03-08 01:00:00 PST,1741424400,101.99,102.04,ENE,6,10,,87,5.4,7.5,,,12900,2.3,,8,,,7.8,7.2,0.5
2025-03-08 00:00:00 PST,1741420800,102,102.05,ENE,6,14,,79,4.5,7.8,,,24100,2.4,,8,,,8.3,7.7,0
2025-03-07 23:00:00 PST,1741417200,102,102.05,ENE,6,15,,74,3.7,8,,,24100,2.5,,8,,,8.1,7.8,0
2025-03-07 22:00:00 PST,1741413600,102.04,102.09,ENE,7,16,,74,3.5,7.9,,,24100,2.5,,8,,,8,7.2,0
2025-03-07 21:00:00 PST,1741410000,102.09,102.14,E,9,14,,79,3.8,7.3,,,24100,2.4,,8,,,7.8,7.3,0
2025-03-07 20:00:00 PST,1741406400,102.06,102.11,E,8,13,,79,3.9,7.3,,,24100,2.5,,8,,,7.6,7.1,0
2025-03-07 19:00:00 PST,1741402800,102.11,102.16,ESE,11,12,,78,4,7.5,,,24100,2.4,,8,,,7.6,7.2,0
2025-03-07 18:00:00 PST,1741399200,102.04,102.09,E,9,16,,79,4,7.3,,,32200,2.4,,8,,,7.9,7.3,0
2025-03-07 17:00:00 PST,1741395600,102.1,102.15,ESE,10,20,,76,3.7,7.8,,,32200,2.3,,7,,,7.9,7.7,0
2025-03-07 16:00:00 PST,1741392000,102.16,102.21,ESE,11,18,,78,4.2,7.8,,,32200,2.2,,7,,,8,7.7,0
2025-03-07 15:00:00 PST,1741388400,102.21,102.26,SE,13,17,,80,4.6,7.8,,,32200,2.1,,7,,,8.5,7.8,0
2025-03-07 14:00:00 PST,1741384800,102.2,102.25,E,10,17,,80,4.9,8.1,,,32200,2,,8,,,8.4,7.6,0
2025-03-07 13:00:00 PST,1741381200,102.21,102.26,E,10,21,,85,5.4,7.7,,,32200,2,,8,,,8.1,7.5,0
2025-03-07 12:00:00 PST,1741377600,102.22,102.27,ESE,11,20,,82,4.8,7.6,,,32200,2,,8,,,8.1,6.9,0
2025-03-07 11:00:00 PST,1741374000,102.23,102.28,ESE,10,21,,86,4.8,7,,,32200,2,,8,,,7.2,6.9,0
2025-03-07 10:00:00 PST,1741370400,102.17,102.22,ESE,10,24,,85,4.8,7,,,32200,2.2,,8,,,7.2,6.6,0
2025-03-07 09:00:00 PST,1741366800,102.16,102.21,E,9,21,32,87,4.7,6.7,,,32200,2.2,,7,,,6.7,6.3,0
2025-03-07 08:00:00 PST,1741363200,102.19,102.24,E,9,22,,88,4.5,6.3,,,32200,2.3,,8,,,6.3,5.9,0
2025-03-07 07:00:00 PST,1741359600,102.08,102.13,ENE,7,21,,92,4.7,6,,,32200,2.2,,7,,,6,5.7,0
2025-03-07 06:00:00 PST,1741356000,102.01,102.06,ENE,7,23,33,91,4.4,5.7,,,32200,2.2,,8,,,5.7,5.3,0
2025-03-07 05:00:00 PST,1741352400,101.97,102.02,E,8,19,,91,4.2,5.5,,,32200,2.1,,8,,,5.7,5,0
2025-03-07 04:00:00 PST,1741348800,101.94,101.99,ENE,7,20,,90,3.5,5,,,32200,2.1,,5,,,5.4,4.7,0
2025-03-07 03:00:00 PST,1741345200,101.91,101.96,ENE,7,17,,89,3,4.7,,,24100,2.3,,2,,,4.8,3.9,0
2025-03-07 02:00:00 PST,1741341600,101.89,101.94,ENE,7,17,,94,3.2,4.1,,,32200,2.4,,1,,,4.2,3,0
2025-03-07 01:00:00 PST,1741338000,101.85,101.9,E,8,13,,96,3,3.5,,,32200,2.6,,0,,,4.4,2.1,0
2025-03-07 00:00:00 PST,1741334400,101.81,101.86,E,8,8,,97,3.2,3.7,,,32200,2.7,,0,,,4.4,2.7,0
2025-03-06 23:00:00 PST,1741330800,101.79,101.84,ENE,7,13,,97,3.8,4.2,,,24100,2.7,,0,,,5,3.4,0
2025-03-06 22:00:00 PST,1741327200,101.75,101.8,E,8,11,,90,2.6,4.1,,,32200,2.6,,0,,,5.5,2.9,0
2025-03-06 21:00:00 PST,1741323600,101.69,101.74,E,8,4,,91,3.8,5.2,,,32200,2.4,,0,,,5.9,3.4,0
2025-03-06 20:00:00 PST,1741320000,101.67,101.72,NNW,33,4,,86,2.1,4.3,,,32200,2.4,,0,,,7,4.1,0
2025-03-06 19:00:00 PST,1741316400,101.61,101.66,WSW,25,13,,84,3.7,6.2,,,32200,2.3,,1,,,7.3,5.6,0
2025-03-06 18:00:00 PST,1741312800,101.59,101.64,WSW,24,12,,91,5,6.3,,,32200,2.3,,1,,,8.3,6.3,0
2025-03-06 17:00:00 PST,1741309200,101.6,101.65,WNW,28,12,,80,5.1,8.3,,,32200,2.3,,1,,,9.1,8.3,0
2025-03-06 16:00:00 PST,1741305600,101.61,101.66,WNW,29,20,,80,5.8,9,,,32200,2.4,,2,,,9.4,8.8,0
2025-03-06 15:00:00 PST,1741302000,101.6,101.65,W,28,24,,85,6.7,9.2,,,32200,2.4,,2,,,9.6,8.8,0
2025-03-06 14:00:00 PST,1741298400,101.61,101.66,WNW,28,23,,83,6.3,8.9,,,32200,2.3,,1,,,9.2,8.6,0
2025-03-06 13:00:00 PST,1741294800,101.65,101.7,WNW,29,24,,83,6.1,8.8,,,32200,2.3,,2,,,8.8,8.3,0
2025-03-06 12:00:00 PST,1741291200,101.67,101.72,WNW,29,27,,82,5.4,8.3,,,32200,2.3,,2,,,8.4,7.8,0
2025-03-06 11:00:00 PST,1741287600,101.67,101.72,WNW,30,22,,85,5.4,7.7,,,32200,2.2,,2,,,7.9,7.2,0.1
2025-03-06 10:00:00 PST,1741284000,101.68,101.73,WNW,29,20,,83,4.4,7.2,,,32200,2.1,,0,,,7.3,6.3,0
2025-03-06 09:00:00 PST,1741280400,101.71,101.76,NW,30,24,,90,4.8,6.3,,,32200,2.1,,0,,,6.4,5.6,0
2025-03-06 08:00:00 PST,1741276800,101.69,101.74,WNW,30,22,32,89,4,5.6,,,32200,2.1,,0,,,5.6,3.5,0
2025-03-06 07:00:00 PST,1741273200,101.66,101.71,WNW,29,21,,90,3.1,4.6,,,32200,2.1,,0,,,4.6,3.7,0
2025-03-06 06:00:00 PST,1741269600,101.68,101.73,WNW,30,23,,98,4.2,4.5,,,32200,2,,0,,,4.7,4,0
2025-03-06 05:00:00 PST,1741266000,101.65,101.7,WNW,30,18,,95,3.8,4.4,,,32200,2,,0,,,4.4,2.2,0
2025-03-06 04:00:00 PST,1741262400,101.66,101.71,N,35,7,,97,2.6,3,,,32200,2,,0,,,3.3,1.2,0
2025-03-06 03:00:00 PST,1741258800,101.64,101.69,NNW,34,14,,94,1.9,2.8,,,32200,2.1,,0,,,4.2,2.8,0
2025-03-06 02:00:00 PST,1741255200,101.67,101.72,NNW,33,15,,98,2.8,3.1,,,32200,2.2,,0,,,4.8,2.1,0
2025-03-06 01:00:00 PST,1741251600,101.63,101.68,NNW,33,10,,94,2.8,3.8,,,32200,2.4,,0,,,5,3.2,0
2025-03-06 00:00:00 PST,1741248000,101.58,101.63,NW,31,14,,94,3.1,4,,,32200,2.5,,0,,,4.8,2.4,0
2025-03-05 23:00:00 PST,1741244400,101.58,101.63,N,1,9,,99,2.5,2.7,,,32200,2.7,,1,,,5.2,2.5,0
2025-03-05 22:00:00 PST,1741240800,101.58,101.63,,32,0,,100,4.8,4.8,,,32200,2.8,,0,,,4.8,3,0
2025-03-05 21:00:00 PST,1741237200,101.57,101.62,NNW,33,5,,84,1.8,4.3,,,32200,2.9,,0,,,5.9,4.3,0
2025-03-05 20:00:00 PST,1741233600,101.55,101.6,NW,30,16,,97,5.4,5.9,,,32200,2.8,,0,,,6.3,5.5,0
2025-03-05 19:00:00 PST,1741230000,101.58,101.63,NW,30,14,,95,4.8,5.6,,,32200,2.7,,0,,,6.2,5.5,0
2025-03-05 18:00:00 PST,1741226400,101.6,101.65,WNW,29,15,,91,4.7,6.1,,,40200,2.8,,2,,,8.5,6.1,0
2025-03-05 17:00:00 PST,1741222800,101.61,101.66,WNW,29,16,,75,4.3,8.5,,,48300,2.7,,3,,,9.8,8.5,0
2025-03-05 16:00:00 PST,1741219200,101.66,101.71,NW,30,14,,68,4,9.7,,,48300,2.6,,3,,,10.4,9.7,0
2025-03-05 15:00:00 PST,1741215600,101.71,101.76,WNW,28,8,,68,4.5,10.1,,,48300,2.5,,5,,,10.3,9.3,0
2025-03-05 14:00:00 PST,1741212000,101.78,101.83,W,27,10,,78,5.8,9.4,,,48300,2.5,,5,,,9.6,8.3,0
2025-03-05 13:00:00 PST,1741208400,101.84,101.89,WSW,24,11,,89,6.3,8,,,40200,2.4,,6,,,9,7.6,0
2025-03-05 12:00:00 PST,1741204800,101.89,101.94,WSW,25,10,,82,6,8.9,,,40200,2.4,,8,,,9.8,8.3,0
2025-03-05 11:00:00 PST,1741201200,101.92,101.97,SE,12,16,,78,5,8.5,,,40200,2.4,,8,,,8.5,7.6,0
2025-03-05 10:00:00 PST,1741197600,101.96,102.01,E,8,8,,89,6.2,8,,,40200,2.4,,7,,,8.1,7.4,0
2025-03-05 09:00:00 PST,1741194000,101.98,102.03,E,9,8,,91,6.2,7.6,,,40200,2.4,,5,,,7.7,6.4,0
2025-03-05 08:00:00 PST,1741190400,101.97,102.02,E,9,7,,100,6.3,6.3,,,40200,2.4,,4,,,6.3,4.3,0
2025-03-05 07:00:00 PST,1741186800,101.97,102.02,ESE,10,9,,100,4.5,4.5,,,32200,2.4,,5,,,5.3,4.1,0
2025-03-05 06:00:00 PST,1741183200,101.97,102.02,E,8,8,,100,4.8,4.8,,,32200,2.3,,8,,,4.9,3.8,0
2025-03-05 05:00:00 PST,1741179600,101.96,102.01,ENE,6,10,,100,4.3,4.3,,,32200,2.3,,7,,,4.7,2.7,0
2025-03-05 04:00:00 PST,1741176000,101.95,102,SE,12,11,,98,4,4.3,,,32200,2.4,,2,,,5.4,4.3,0
2025-03-05 03:00:00 PST,1741172400,101.94,101.99,ENE,7,8,,100,5.4,5.4,,,24100,2.4,,4,,,6.4,5,0
2025-03-05 02:00:00 PST,1741168800,101.94,101.99,SE,13,9,,86,4.2,6.4,,,32200,2.5,,7,,,6.9,5.9,0
2025-03-05 01:00:00 PST,1741165200,101.93,101.98,SSE,15,10,,95,5.8,6.6,,,32200,2.5,,8,,,6.8,6.4,0
2025-03-05 00:00:00 PST,1741161600,101.88,101.93,S,17,14,,95,6,6.8,,,32200,2.6,,8,,,7.2,6.8,0.3
2025-03-04 23:00:00 PST,1741158000,101.85,101.9,SE,13,9,,86,5,7.2,,,32200,2.6,,8,,,7.5,7.1,0
2025-03-04 22:00:00 PST,1741154400,101.83,101.88,S,17,18,,86,5.2,7.5,,,32200,2.5,,8,,,7.8,7.4,0
2025-03-04 21:00:00 PST,1741150800,101.77,101.82,S,17,21,,85,5.3,7.7,,,32200,2.4,,8,,,7.8,7.1,0
2025-03-04 20:00:00 PST,1741147200,101.73,101.78,SSE,16,16,,87,5.1,7.2,,,24100,2.2,,1,,,7.9,7.2,0
2025-03-04 19:00:00 PST,1741143600,101.63,101.68,S,16,19,,87,5.8,7.9,,,32200,2.1,,7,,,8,7.7,0
2025-03-04 18:00:00 PST,1741140000,101.55,101.6,SSE,16,22,37,87,5.9,7.9,,,32200,2.1,,8,,,8,7.7,0
2025-03-04 17:00:00 PST,1741136400,101.46,101.51,SSE,15,27,28,97,7.2,7.7,,,16100,2.2,,8,,,7.9,7.7,0.2
2025-03-04 16:00:00 PST,1741132800,101.42,101.47,ESE,11,24,,100,7.7,7.7,,,16100,2.2,,8,,,7.8,7.4,0.6
2025-03-04 15:00:00 PST,1741129200,101.45,101.5,ENE,7,18,,100,7.5,7.5,,,9700,2,,8,,,7.7,7.4,1.5
2025-03-04 14:00:00 PST,1741125600,101.48,101.53,ESE,12,25,,87,5.7,7.8,,,16100,1.9,,8,,,8.7,7.8,0.6
2025-03-04 13:00:00 PST,1741122000,101.48,101.53,ESE,12,26,37,85,6.4,8.8,,,24100,1.8,,8,,,9.4,8.7,0
2025-03-04 12:00:00 PST,1741118400,101.53,101.58,SE,12,16,30,81,6.2,9.3,,,32200,1.9,,8,,,9.8,9.2,0
2025-03-04 11:00:00 PST,1741114800,101.56,101.61,ESE,11,25,36,76,5.7,9.7,,,40200,1.9,,8,,,9.7,8.5,0
2025-03-04 10:00:00 PST,1741111200,101.57,101.62,E,9,17,,80,6.3,9.6,,,40200,2,,8,,,9.6,8.5,0
2025-03-04 09:00:00 PST,1741107600,101.59,101.64,E,10,13,,90,6.9,8.4,,,40200,2,,8,,,8.5,7.8,0
2025-03-04 08:00:00 PST,1741104000,101.6,101.65,ESE,10,12,,94,6.9,7.8,,,40200,1.9,,8,,,7.8,7.1,0
2025-03-04 07:00:00 PST,1741100400,101.63,101.68,E,9,13,,92,6.1,7.3,,,40200,1.9,,8,,,7.4,6.8,0
2025-03-04 06:00:00 PST,1741096800,101.66,101.71,E,10,17,,93,6,7,,,32200,1.8,,8,,,7.8,6.8,0
2025-03-04 05:00:00 PST,1741093200,101.72,101.77,ESE,11,14,,93,6.5,7.5,,,32200,1.8,,8,,,7.5,7,0
2025-03-04 04:00:00 PST,1741089600,101.75,101.8,E,9,15,,93,6.4,7.4,,,32200,1.8,,8,,,7.9,7.2,0
2025-03-04 03:00:00 PST,1741086000,101.8,101.85,ESE,11,13,,93,6.8,7.8,,,32200,1.8,,8,,,8.3,7.8,0
2025-03-04 02:00:00 PST,1741082400,101.82,101.87,ESE,10,12,,96,7.5,8.1,,,32200,1.9,,8,,,8.5,8,0
2025-03-04 01:00:00 PST,1741078800,101.85,101.9,E,9,15,,91,7.2,8.6,,,32200,1.9,,8,,,8.7,8.2,0
2025-03-04 00:00:00 PST,1741075200,101.86,101.91,E,9,17,,94,7.4,8.4,,,32200,1.9,,8,,,8.4,7.5,0
2025-03-03 23:00:00 PST,1741071600,101.85,101.9,E,9,13,,98,7.2,7.5,,,32200,2,,8,,,8,7.4,0
2025-03-03 22:00:00 PST,1741068000,101.86,101.91,E,10,13,,96,7.2,7.9,,,32200,2.1,,8,,,8.1,7.2,0
2025-03-03 21:00:00 PST,1741064400,101.88,101.93,E,8,12,,95,7.1,7.8,,,32200,2.2,,3,,,8.4,7.6,0
2025-03-03 20:00:00 PST,1741060800,101.87,101.92,ESE,10,8,,91,6.8,8.1,,,32200,2.3,,7,,,9.1,8,0
2025-03-03 19:00:00 PST,1741057200,101.87,101.92,ESE,12,9,,84,6.4,9,,,32200,2.4,,7,,,9.6,9,0
2025-03-03 18:00:00 PST,1741053600,101.86,101.91,SSE,15,14,,83,6.8,9.6,,,40200,2.6,,8,,,9.9,9.5,0
2025-03-03 17:00:00 PST,1741050000,101.84,101.89,SSW,19,12,,89,7.9,9.7,,,40200,2.6,,8,,,10.3,9.7,0
2025-03-03 16:00:00 PST,1741046400,101.83,101.88,SSW,19,9,,91,8.5,10,,,32200,2.5,,7,,,10.7,9.7,0
2025-03-03 15:00:00 PST,1741042800,101.83,101.88,SW,22,13,,90,8.8,10.3,,,40200,2.4,,8,,,11.1,10.1,0
2025-03-03 14:00:00 PST,1741039200,101.83,101.88,ESE,12,5,,92,8.9,10.1,,,24100,2.3,,7,,,10.1,8.5,0
2025-03-03 13:00:00 PST,1741035600,101.86,101.91,SW,23,9,,97,8.3,8.8,,,16100,2.2,,8,,,9.5,8.4,0
2025-03-03 12:00:00 PST,1741032000,101.87,101.92,SSW,20,5,,95,8.5,9.2,,,16100,2.1,,8,,,9.2,8.1,0
2025-03-03 11:00:00 PST,1741028400,101.86,101.91,SW,23,7,,100,8.2,8.2,,,16100,2.1,,8,,,8.6,8,0
2025-03-03 10:00:00 PST,1741024800,101.82,101.87,NW,31,3,,100,8,8,,,24100,2.1,,8,,,8.1,7.5,0
2025-03-03 09:00:00 PST,1741021200,101.8,101.85,W,27,8,,100,7.7,7.7,,,24100,2,,8,,,7.7,7.5,0
2025-03-03 08:00:00 PST,1741017600,101.79,101.84,W,28,9,,100,7.5,7.5,,,24100,2,,8,,,7.5,7.1,0
2025-03-03 07:00:00 PST,1741014000,101.76,101.81,WNW,29,10,,100,7.1,7.1,,,32200,1.9,,8,,,7.1,6.6,0
2025-03-03 06:00:00 PST,1741010400,101.71,101.76,WNW,29,8,,100,7.1,7.1,,,32200,1.9,,8,,,7.1,6.9,0
2025-03-03 05:00:00 PST,1741006800,101.7,101.75,WNW,28,10,,100,7,7,,,32200,1.9,,8,,,7.5,7,0
2025-03-03 04:00:00 PST,1741003200,101.65,101.7,WNW,30,18,,100,7.5,7.5,,,32200,1.9,,8,,,7.5,7.4,0
2025-03-03 03:00:00 PST,1740999600,101.64,101.69,NW,30,16,,100,7.5,7.5,,,32200,2,,8,,,7.5,4,0
2025-03-03 02:00:00 PST,1740996000,101.64,101.69,NW,31,10,,100,7.2,7.2,,,32200,2,,8,,,7.2,4,0
2025-03-03 01:00:00 PST,1740992400,101.59,101.64,NNW,33,9,,100,5.2,5.2,,,32200,2,,3,,,6.8,5.1,0
2025-03-03 00:00:00 PST,1740988800,101.57,101.62,WNW,29,12,,100,6.5,6.5,,,32200,2,,3,,,6.8,5.8,0
2025-03-02 23:00:00 PST,1740985200,101.57,101.62,WNW,28,10,,100,6.1,6.1,,,32200,2,,1,,,7.1,5.6,0
2025-03-02 22:00:00 PST,1740981600,101.56,101.61,WNW,28,8,,100,7.3,7.3,,,32200,2,,1,,,7.7,6.2,0
2025-03-02 21:00:00 PST,1740978000,101.53,101.58,WNW,29,14,,100,7.6,7.6,,,32200,2.1,,0,,,8.2,6.8,0
2025-03-02 20:00:00 PST,1740974400,101.47,101.52,W,27,21,,95,7.5,8.2,,,32200,2.1,,1,,,8.4,8.1,0
2025-03-02 19:00:00 PST,1740970800,101.43,101.48,W,26,22,,96,7.8,8.3,,,32200,2.1,,6,,,8.6,8.1,0
2025-03-02 18:00:00 PST,1740967200,101.39,101.44,W,27,26,,95,7.7,8.5,,,32200,2.1,,3,,,9,8.5,0
2025-03-02 17:00:00 PST,1740963600,101.36,101.41,W,27,24,,93,7.9,9,,,32200,2,,3,,,10,9,0
2025-03-02 16:00:00 PST,1740960000,101.36,101.41,WNW,28,28,,92,8.5,9.7,,,32200,1.9,,6,,,10.3,9.6,0.1
2025-03-02 15:00:00 PST,1740956400,101.36,101.41,WNW,29,22,32,93,8.6,9.7,,,32200,1.9,,7,,,9.8,9.4,0
2025-03-02 14:00:00 PST,1740952800,101.35,101.4,WNW,29,26,,96,9,9.7,,,32200,2,,5,,,10.6,9.3,0
2025-03-02 13:00:00 PST,1740949200,101.36,101.41,WNW,29,18,,94,9.5,10.4,,,32200,2,,6,,,10.4,9.6,0
2025-03-02 12:00:00 PST,1740945600,101.39,101.44,WNW,28,19,,95,9.2,10,,,32200,2,,7,,,10.1,8.5,0
2025-03-02 11:00:00 PST,1740942000,101.39,101.44,WNW,29,16,,100,8.7,8.7,,,32200,2,,8,,,8.7,8.3,0
2025-03-02 10:00:00 PST,1740938400,101.34,101.39,WNW,28,17,,98,8.4,8.8,,,32200,2,,7,,,9.2,8.4,0
2025-03-02 09:00:00 PST,1740934800,101.28,101.33,NW,30,14,,99,8.4,8.5,,,32200,2,,7,,,8.5,7.1,0
2025-03-02 08:00:00 PST,1740931200,101.25,101.3,NW,31,8,,100,7.2,7.2,,,24100,2,,8,,,7.2,6.6,0
2025-03-02 07:00:00 PST,1740927600,101.24,101.29,N,35,5,,100,6.7,6.7,,,16100,2,,8,,,7.2,6.2,0
2025-03-02 06:00:00 PST,1740924000,101.22,101.27,SSE,16,4,,100,6.2,6.2,,,12900,2,,8,,,6.2,4.7,0
2025-03-02 05:00:00 PST,1740920400,101.15,101.2,ESE,11,5,,100,6.1,6.1,,,16100,2,,6,,,6.5,5.9,0
2025-03-02 04:00:00 PST,1740916800,101.14,101.19,SE,14,7,,100,6.3,6.3,,,19300,2,,8,,,6.5,6.2,0
2025-03-02 03:00:00 PST,1740913200,101.1,101.15,E,9,6,,100,6.4,6.4,,,12900,1.9,,8,,,6.8,6.3,0
2025-03-02 02:00:00 PST,1740909600,101.12,101.17,E,7,5,,100,6.4,6.4,,,19300,1.8,,8,,,6.4,5.1,0
2025-03-02 01:00:00 PST,1740906000,101.12,101.17,,,0,,100,6,6,,,24100,1.9,,6,,,6.5,5,0
2025-03-02 00:00:00 PST,1740902400,101.08,101.13,WNW,29,9,,100,5.8,5.8,,,24100,2,,4,,,6.7,5.2,0
2025-03-01 23:00:00 PST,1740898800,101.07,101.12,WNW,28,12,,100,6.6,6.6,,,24100,2.1,,3,,,7,6.6,0
2025-03-01 22:00:00 PST,1740895200,101.06,101.11,W,27,11,,100,6.8,6.8,,,24100,2.2,,6,,,7.2,6.6,0
2025-03-01 21:00:00 PST,1740891600,100.99,101.04,W,27,9,,100,7,7,,,24100,2.2,,8,,,7.5,7,0
2025-03-01 20:00:00 PST,1740888000,100.94,100.99,WNW,28,11,,100,7.5,7.5,,,24100,2.4,,7,,,7.7,7,0
2025-03-01 19:00:00 PST,1740884400,100.91,100.96,NW,31,8,,100,7.3,7.3,,,24100,2.5,,7,,,7.9,7.3,0
2025-03-01 18:00:00 PST,1740880800,100.89,100.94,WNW,29,16,,100,7.9,7.9,,,32200,2.5,,7,,,8.3,7.8,0
2025-03-01 17:00:00 PST,1740877200,100.89,100.94,WNW,28,23,,97,7.8,8.3,,,32200,2.4,,7,,,9.4,8.3,0
2025-03-01 16:00:00 PST,1740873600,100.87,100.92,WNW,29,17,,88,7.4,9.3,,,32200,2.5,,7,,,10.2,9.2,0
2025-03-01 15:00:00 PST,1740870000,100.91,100.96,W,28,17,,84,7.4,9.9,,,32200,2.5,,6,,,10.9,9.8,0
2025-03-01 14:00:00 PST,1740866400,100.94,100.99,W,26,13,,82,7.8,10.8,,,32200,2.4,,7,,,11.2,9.9,0
2025-03-01 13:00:00 PST,1740862800,101.03,101.08,WNW,28,11,,82,7.3,10.2,,,32200,2.2,,7,,,10.9,9.7,0
2025-03-01 12:00:00 PST,1740859200,101.12,101.17,WSW,24,10,,85,7.4,9.7,,,32200,2.1,,6,,,10.7,9.3,0
2025-03-01 11:00:00 PST,1740855600,101.16,101.21,WSW,24,9,,77,6.6,10.4,,,32200,2.1,,6,,,10.9,9.8,0
2025-03-01 10:00:00 PST,1740852000,101.15,101.2,S,17,5,,82,7.2,10.2,,,32200,2,,3,,,10.2,9.4,0
2025-03-01 09:00:00 PST,1740848400,101.2,101.25,ESE,11,8,,82,6.5,9.4,,,32200,2,,4,,,9.4,5.8,0
2025-03-01 08:00:00 PST,1740844800,101.26,101.31,E,9,7,,100,5.7,5.7,,,32200,1.9,,5,,,5.7,3.5,0
2025-03-01 07:00:00 PST,1740841200,101.24,101.29,SSW,20,6,,100,4.3,4.3,,,32200,1.9,,4,,,4.9,3.1,0
2025-03-01 06:00:00 PST,1740837600,101.22,101.27,ESE,11,3,,100,3.5,3.5,,,24100,1.9,,4,,,6,3.5,0
2025-03-01 05:00:00 PST,1740834000,101.28,101.33,E,9,5,,100,5.5,5.5,,,24100,1.9,,2,,,5.7,2.9,0
2025-03-01 04:00:00 PST,1740830400,101.33,101.38,ENE,7,4,,100,5.2,5.2,,,24100,2,,1,,,5.7,3.4,0
2025-03-01 03:00:00 PST,1740826800,101.34,101.39,E,8,8,,100,5.5,5.5,,,24100,2.1,,2,,,6.2,4.3,0
2025-03-01 02:00:00 PST,1740823200,101.33,101.38,E,9,12,,100,4.8,4.8,,,24100,2.1,,1,,,7,4.8,0
2025-03-01 01:00:00 PST,1740819600,101.4,101.45,WNW,29,7,,99,6.5,6.6,,,24100,,,1,,,7.2,6.3,0
2025-03-01 00:00:00 PST,1740816000,101.44,101.49,NW,32,12,,100,7.1,7.1,,,24100,,,5,,,7.3,5.6,0
2025-02-28 23:00:00 PST,1740812400,101.44,101.49,WNW,28,10,,100,6.1,6.1,,,24100,2.2,,3,,,7,5,0
2025-02-28 22:00:00 PST,1740808800,101.45,101.5,,,0,,100,7.2,7.2,,,24100,2.3,,2,,,7.4,5.9,0
2025-02-28 21:00:00 PST,1740805200,101.52,101.57,NNW,34,7,,100,6.7,6.7,,,24100,2.3,,3,,,7.5,6.1,0
2025-02-28 20:00:00 PST,1740801600,101.55,101.6,W,26,13,,100,7.4,7.4,,,24100,2.3,,3,,,8,7,0
2025-02-28 19:00:00 PST,1740798000,101.58,101.63,WNW,30,8,,100,7.6,7.6,,,24100,2.3,,6,,,8,7.4,0
2025-02-28 18:00:00 PST,1740794400,101.67,101.72,NW,31,10,,100,7.8,7.8,,,32200,2.3,,6,,,8.6,7.8,0
2025-02-28 17:00:00 PST,1740790800,101.72,101.77,NW,31,13,,100,8.5,8.5,,,32200,2.3,,6,,,9.9,8.5,0
2025-02-28 16:00:00 PST,1740787200,101.78,101.83,NW,31,14,,100,9.9,9.9,,,32200,2.2,,6,,,11,9.6,0
2025-02-28 15:00:00 PST,1740783600,101.81,101.86,WNW,29,17,,99,9.9,10,,,32200,2.1,,8,,,10.8,9.6,0
2025-02-28 14:00:00 PST,1740780000,101.84,101.89,WNW,29,19,,94,9.7,10.7,,,32200,2,,7,,,11,9.6,0
2025-02-28 13:00:00 PST,1740776400,101.96,102.01,WNW,29,16,,100,9.9,9.9,,,32200,2.1,,5,,,9.9,8.8,0
2025-02-28 12:00:00 PST,1740772800,102.07,102.12,WNW,29,22,,100,9.3,9.3,,,32200,2,,6,,,10.8,9.3,0
2025-02-28 11:00:00 PST,1740769200,102.1,102.15,WNW,28,16,,95,9.8,10.5,,,32200,1.9,,7,,,10.6,10.2,0
2025-02-28 10:00:00 PST,1740765600,102.1,102.15,WNW,29,9,,93,9.3,10.3,,,32200,1.8,,7,,,10.8,9.2,0
2025-02-28 09:00:00 PST,1740762000,102.13,102.18,W,27,8,,100,9.3,9.3,,,32200,1.8,,5,,,9.4,7.8,0
2025-02-28 08:00:00 PST,1740758400,102.1,102.15,NW,31,6,,100,7.8,7.8,,,32200,1.7,,7,,,7.9,5.9,0
2025-02-28 07:00:00 PST,1740754800,102.1,102.15,WNW,29,7,,100,6.5,6.5,,,32200,1.7,,6,,,7.5,6.5,0
2025-02-28 06:00:00 PST,1740751200,102.11,102.16,NW,31,7,,100,7.5,7.5,,,32200,1.6,,8,,,7.8,7.4,0
2025-02-28 05:00:00 PST,1740747600,102.13,102.18,NNW,33,5,,100,7.7,7.7,,,32200,1.7,,8,,,7.8,7.7,0
2025-02-28 04:00:00 PST,1740744000,102.12,102.17,W,27,14,,100,7.8,7.8,,,32200,1.7,,8,,,8.1,7.8,0
2025-02-28 03:00:00 PST,1740740400,102.14,102.19,NW,31,16,,100,8.1,8.1,,,32200,1.8,,8,,,8.2,7.8,0
2025-02-28 02:00:00 PST,1740736800,102.2,102.25,NW,31,13,,100,7.8,7.8,,,32200,1.9,,8,,,8.1,7.7,0
2025-02-28 01:00:00 PST,1740733200,102.18,102.23,NW,31,17,,100,7.8,7.8,,,32200,2,,8,,,7.8,7.3,0
2025-02-28 00:00:00 PST,1740729600,102.19,102.24,NW,30,7,,100,7.4,7.4,,,32200,2.2,,7,,,7.4,6.2,0
2025-02-27 23:00:00 PST,1740726000,102.16,102.21,WSW,25,3,,100,7.4,7.4,,,32200,2.3,,7,,,7.8,6.5,0
2025-02-27 22:00:00 PST,1740722400,102.13,102.18,S,18,8,,100,7,7,,,32200,2.4,,7,,,8.3,7,0
2025-02-27 21:00:00 PST,1740718800,102.17,102.22,NW,31,15,,100,8.3,8.3,,,32200,2.5,,8,,,8.7,8.3,0
2025-02-27 20:00:00 PST,1740715200,102.17,102.22,NW,30,20,,100,8.3,8.3,,,32200,2.5,,8,,,8.6,8.3,0
2025-02-27 19:00:00 PST,1740711600,102.15,102.2,WNW,28,7,,100,8.5,8.5,,,32200,2.5,,8,,,8.7,8.4,0
2025-02-27 18:00:00 PST,1740708000,102.13,102.18,NW,30,16,,100,8.7,8.7,,,32200,2.4,,8,,,9.3,8.7,0
2025-02-27 17:00:00 PST,1740704400,102.13,102.18,WNW,29,14,,97,8.7,9.1,,,32200,2.3,,7,,,11.4,9.1,0
2025-02-27 16:00:00 PST,1740700800,102.15,102.2,W,27,5,,81,8.3,11.5,,,32200,2.2,,7,,,11.7,10.8,0
2025-02-27 15:00:00 PST,1740697200,102.15,102.2,W,27,11,,87,8.8,10.9,,,32200,2.2,,7,,,14.9,10.8,0
2025-02-27 14:00:00 PST,1740693600,102.13,102.18,E,10,9,,59,6.2,14.2,,,32200,2.2,,7,,,14.2,13.5,0
2025-02-27 13:00:00 PST,1740690000,102.13,102.18,ENE,6,16,,66,7.3,13.6,,,32200,2.2,,7,,,13.6,12.2,0
2025-02-27 12:00:00 PST,1740686400,102.17,102.22,ENE,6,13,,74,7.6,12.1,,,32200,2.3,,8,,,12.3,11.6,0
2025-02-27 11:00:00 PST,1740682800,102.2,102.25,NE,4,10,,77,7.9,11.8,,,32200,2.3,,7,,,12.3,11.3,0
2025-02-27 10:00:00 PST,1740679200,102.2,102.25,N,35,10,,76,7.2,11.3,,,24100,2.3,,7,,,11.3,9.3,0
2025-02-27 09:00:00 PST,1740675600,102.15,102.2,NE,5,13,,73,4.6,9.2,,,24100,2.3,,8,,,9.2,8.2,0
2025-02-27 08:00:00 PST,1740672000,102.06,102.11,E,9,17,,79,5,8.3,,,32200,2.1,,8,,,9.1,8.1,0
2025-02-27 07:00:00 PST,1740668400,101.99,102.04,E,8,17,,73,4.4,9,,,32200,2.1,,8,,,9,6.7,0
2025-02-27 06:00:00 PST,1740664800,102.06,102.11,E,9,21,,86,4.9,7,,,32200,2.1,,8,,,9.1,6.6,0
2025-02-27 05:00:00 PST,1740661200,101.99,102.04,E,8,17,,90,4.9,6.4,,,32200,2,,8,,,6.4,5.3,0
2025-02-27 04:00:00 PST,1740657600,101.98,102.03,E,9,10,,90,4.2,5.7,,,32200,2,,7,,,5.8,4.1,0
2025-02-27 03:00:00 PST,1740654000,101.92,101.97,E,9,15,,95,3.5,4.3,,,32200,2,,2,,,5.3,3.7,0
2025-02-27 02:00:00 PST,1740650400,101.95,102,E,8,10,,86,2.7,4.8,,,32200,2.1,,5,,,5.6,3.8,0
2025-02-27 01:00:00 PST,1740646800,101.91,101.96,E,8,14,,82,2.8,5.7,,,32200,2.3,,0,,,6.5,5,0
2025-02-27 00:00:00 PST,1740643200,101.84,101.89,E,8,12,,81,3.6,6.6,,,32200,2.4,,0,,,6.9,5.7,0
2025-02-26 23:00:00 PST,1740639600,101.87,101.92,E,8,18,,89,5.2,6.8,,,32200,2.6,,1,,,7.8,6.8,0
2025-02-26 22:00:00 PST,1740636000,101.89,101.94,ENE,7,17,,83,4.7,7.4,,,32200,2.6,,1,,,7.4,5.6,0
2025-02-26 21:00:00 PST,1740632400,101.9,101.95,ENE,7,9,,93,5.5,6.5,,,32200,2.6,,3,,,8.7,5.2,0
2025-02-26 20:00:00 PST,1740628800,101.86,101.91,NW,31,12,,100,5.9,5.9,,,32200,2.6,,1,,,7.4,4.9,0
2025-02-26 19:00:00 PST,1740625200,101.82,101.87,NNE,1,7,,92,6.1,7.3,,,32200,2.5,,4,,,7.7,6.4,0
2025-02-26 18:00:00 PST,1740621600,101.78,101.83,NW,32,7,,100,6.6,6.6,,,40200,2.5,,8,,,7.8,6.6,0
2025-02-26 17:00:00 PST,1740618000,101.79,101.84,NNW,33,6,,99,7.7,7.8,,,48300,2.3,,8,,,8.7,7.8,0
2025-02-26 16:00:00 PST,1740614400,101.83,101.88,WNW,29,8,,96,7.7,8.4,,,48300,2.2,,8,,,8.5,8.1,0
2025-02-26 15:00:00 PST,1740610800,101.9,101.95,W,27,12,,96,7.5,8.1,,,48300,2.1,,8,,,9,8.1,0
2025-02-26 14:00:00 PST,1740607200,101.95,102,WNW,29,13,,92,7.5,8.8,,,48300,2.1,,7,,,11.8,8.8,0
2025-02-26 13:00:00 PST,1740603600,101.99,102.04,SE,13,7,,66,5.5,11.6,,,48300,2.1,,7,,,11.7,11.1,0
2025-02-26 12:00:00 PST,1740600000,102.08,102.13,ESE,11,13,,71,6.2,11.1,,,48300,2.2,,7,,,11.5,10.6,0
2025-02-26 11:00:00 PST,1740596400,102.2,102.25,ESE,10,13,,76,6.6,10.5,,,48300,2.3,,2,,,10.6,9,0
2025-02-26 10:00:00 PST,1740592800,102.25,102.3,E,9,12,,84,6.6,9.1,,,48300,2.4,,5,,,9.1,7.6,0
2025-02-26 09:00:00 PST,1740589200,102.33,102.38,ENE,7,16,,85,5.4,7.8,,,48300,2.4,,8,,,7.8,7.2,0
2025-02-26 08:00:00 PST,1740585600,102.35,102.4,NE,5,16,,81,4.8,7.7,,,48300,2.4,,7,,,7.7,7,0
2025-02-26 07:00:00 PST,1740582000,102.39,102.44,NE,4,14,,85,5,7.3,,,40200,2.3,,7,,,7.3,6.5,0
2025-02-26 06:00:00 PST,1740578400,102.42,102.47,NE,4,10,,94,5.6,6.5,,,32200,2.3,,8,,,7.2,6.5,0
2025-02-26 05:00:00 PST,1740574800,102.45,102.5,ENE,6,10,,94,6.2,7.2,,,32200,2.2,,4,,,7.3,7,0
2025-02-26 04:00:00 PST,1740571200,102.45,102.5,E,8,17,,93,6.2,7.2,,,32200,2.1,,8,,,7.2,7,0
2025-02-26 03:00:00 PST,1740567600,102.5,102.55,ENE,6,13,,99,6.9,7,,,32200,2.2,,7,,,7.1,6.7,0
2025-02-26 02:00:00 PST,1740564000,102.56,102.61,ESE,10,13,,100,6.8,6.8,,,32200,2.2,,8,,,6.9,5.6,0
2025-02-26 01:00:00 PST,1740560400,102.49,102.54,ESE,10,18,,96,5.6,6.2,,,32200,2.3,,6,,,7.2,6.1,0
2025-02-26 00:00:00 PST,1740556800,102.45,102.5,E,9,15,,95,6.5,7.3,,,32200,2.3,,7,,,7.8,7.3,0
2025-02-25 23:00:00 PST,1740553200,102.48,102.53,E,9,14,,98,7.3,7.7,,,32200,2.4,,8,,,8.4,7.7,0
2025-02-25 22:00:00 PST,1740549600,102.42,102.47,ESE,11,9,,100,7.6,7.6,,,32200,2.5,,8,,,8.1,7.4,0
2025-02-25 21:00:00 PST,1740546000,102.31,102.36,E,9,13,,100,7.8,7.8,,,32200,2.6,,8,,,8.2,7.8,0
2025-02-25 20:00:00 PST,1740542400,102.23,102.28,E,9,17,,100,8.1,8.1,,,32200,2.5,,8,,,8.5,8.1,0
2025-02-25 19:00:00 PST,1740538800,102.19,102.24,E,8,17,,100,8.4,8.5,,,32200,2.5,,8,,,8.5,8.2,0
2025-02-25 18:00:00 PST,1740535200,102.09,102.14,ENE,7,16,,100,8.2,8.2,,,24100,2.6,,8,,,8.5,8.2,0
2025-02-25 17:00:00 PST,1740531600,102.01,102.06,ENE,7,15,,100,8.3,8.3,,,40200,2.5,,7,,,8.3,7.8,0.5
2025-02-25 16:00:00 PST,1740528000,101.96,102.01,ESE,12,18,,99,8,8.1,,,24100,2.4,,7,,,8.5,8.1,0.4
2025-02-25 15:00:00 PST,1740524400,101.87,101.92,SE,12,19,,95,7.7,8.4,,,40200,2.4,,7,,,9.6,8.4,0
2025-02-25 14:00:00 PST,1740520800,101.73,101.78,S,18,9,,98,8.8,9.1,,,40200,2.4,,7,,,9.1,8.5,0
2025-02-25 13:00:00 PST,1740517200,101.62,101.67,SSW,20,7,,95,7.9,8.6,,,40200,2.4,,8,,,8.9,7.7,0
2025-02-25 12:00:00 PST,1740513600,101.52,101.57,SSW,20,9,,100,7.9,7.9,,,32200,2.4,,8,,,7.9,7.5,0
2025-02-25 11:00:00 PST,1740510000,101.33,101.38,WSW,25,15,,100,7.7,7.7,,,9700,2.4,,7,,,7.8,6.3,0.1
2025-02-25 10:00:00 PST,1740506400,101.11,101.16,WNW,29,10,,100,6.8,6.8,,,4800,2.4,,8,,,6.8,6.1,0.1
2025-02-25 09:00:00 PST,1740502800,100.84,100.89,ENE,5,10,,100,6.2,6.3,,,9700,2.4,,8,,,6.3,6,0.6
2025-02-25 08:00:00 PST,1740499200,100.62,100.67,NE,5,19,,100,6,6,,,6400,2.4,,8,,,7.3,6,4.5
2025-02-25 07:00:00 PST,1740495600,100.43,100.48,E,8,28,,100,7.2,7.2,,,8100,2.4,,8,,,7.5,7.2,3.7
2025-02-25 06:00:00 PST,1740492000,100.25,100.3,ESE,11,32,44,100,7.5,7.5,,,12900,2.4,,8,,,7.5,7.3,2.4
2025-02-25 05:00:00 PST,1740488400,100.1,100.15,SE,13,43,60,99,7.2,7.3,,,16100,2.4,,8,,,7.7,7.3,1.9
2025-02-25 04:00:00 PST,1740484800,100.02,100.07,ESE,12,45,56,90,6.2,7.7,,,16100,2.4,,8,,,8.1,7.7,0.2
2025-02-25 03:00:00 PST,1740481200,99.95,100,ESE,12,36,62,86,5.9,8.1,,,16100,2.3,,8,,,8.2,7.8,0.9
2025-02-25 02:00:00 PST,1740477600,99.9,99.95,ESE,12,39,68,88,6.3,8.1,,,16100,2.4,,8,,,9.4,8.1,0.5
2025-02-25 01:00:00 PST,1740474000,99.87,99.92,ESE,11,46,61,75,5,9.3,,,24100,2.4,,8,,,9.5,9,0.4
2025-02-25 00:00:00 PST,1740470400,99.91,99.96,E,10,30,43,74,4.6,9,,,32200,2.5,,8,,,9.7,9,0.1
2025-02-24 23:00:00 PST,1740466800,99.89,99.94,E,8,36,46,74,4.8,9.2,,,32200,2.5,,8,,,9.2,8.6,0.1
2025-02-24 22:00:00 PST,1740463200,99.96,100.01,E,8,30,43,82,5.7,8.5,,,32200,2.4,,8,,,8.6,8.2,0.1
2025-02-24 21:00:00 PST,1740459600,99.98,100.03,E,9,37,52,83,5.9,8.6,,,32200,2.4,,8,,,9.3,8.6,0.1
2025-02-24 20:00:00 PST,1740456000,99.95,100,E,8,32,43,80,6,9.2,,,32200,2.4,,8,,,9.2,8.7,0
2025-02-24 19:00:00 PST,1740452400,100.02,100.07,ENE,7,28,40,83,6,8.8,,,24100,2.3,,8,,,8.8,8,0
2025-02-24 18:00:00 PST,1740448800,100.09,100.14,E,8,27,,91,6.7,8,,,40200,2.4,,8,,,8.5,7.6,0.6
2025-02-24 17:00:00 PST,1740445200,100.12,100.17,ENE,7,35,,97,7.2,7.7,,,9700,2.4,,8,,,9,7.7,2.2
2025-02-24 16:00:00 PST,1740441600,100.2,100.25,ENE,7,32,46,83,6.4,9,,,24100,2.4,,8,,,9.3,8.7,0
2025-02-24 15:00:00 PST,1740438000,100.32,100.37,ENE,6,22,,86,6.6,8.8,,,16100,2.4,,8,,,9.4,8.8,0.4
2025-02-24 14:00:00 PST,1740434400,100.45,100.5,ESE,11,19,35,79,5.8,9.3,,,6400,2.4,,8,,,11.2,9.3,0.3
2025-02-24 13:00:00 PST,1740430800,100.38,100.43,E,9,26,29,74,6.3,10.6,,,40200,2.5,,8,,,11.2,10.6,0.1
2025-02-24 12:00:00 PST,1740427200,100.53,100.58,ENE,5,25,35,74,6.4,10.7,,,40200,2.6,,8,,,10.7,10,0
2025-02-24 11:00:00 PST,1740423600,100.75,100.8,ENE,6,18,,80,6.8,10,,,40200,2.7,,8,,,10.1,9.8,0
2025-02-24 10:00:00 PST,1740420000,100.89,100.94,ENE,6,14,,80,6.8,10,,,48300,2.8,,8,,,10,8.8,0
2025-02-24 09:00:00 PST,1740416400,101.06,101.11,NE,5,17,,87,6.8,8.8,,,32200,2.7,,8,,,8.8,7.9,0
2025-02-24 08:00:00 PST,1740412800,101.19,101.24,NE,5,17,,94,7,7.9,,,32200,2.6,,8,,,7.9,6.8,0
2025-02-24 07:00:00 PST,1740409200,101.32,101.37,E,8,14,,100,6.7,6.7,,,24100,2.5,,7,,,8,6.7,0.1
2025-02-24 06:00:00 PST,1740405600,101.44,101.49,SE,13,18,,98,7.6,7.8,,,12900,2.5,,8,,,8,6.4,0.3
2025-02-24 05:00:00 PST,1740402000,101.48,101.53,E,8,22,,99,7.3,7.4,,,32200,2.6,,8,,,7.5,6.4,0
2025-02-24 04:00:00 PST,1740398400,101.48,101.53,ESE,11,15,,100,6.6,6.7,,,32200,2.7,,7,,,7.4,6.1,0
2025-02-24 03:00:00 PST,1740394800,101.5,101.55,E,9,13,,92,5.5,6.7,,,32200,2.6,,8,,,7.7,6.5,0
2025-02-24 02:00:00 PST,1740391200,101.46,101.51,SSE,15,19,,90,6.1,7.7,,,32200,2.6,,7,,,7.8,7,0
2025-02-24 01:00:00 PST,1740387600,101.41,101.46,SSE,15,18,,87,5.8,7.8,,,32200,2.6,,3,,,8.1,6.8,0
2025-02-24 00:00:00 PST,1740384000,101.27,101.32,SSE,14,17,,88,5.8,7.7,,,32200,2.6,,1,,,8.3,7.7,0
2025-02-23 23:00:00 PST,1740380400,101.16,101.21,S,17,17,,90,6.2,7.7,,,32200,2.4,,5,,,8.9,7.7,0
2025-02-23 22:00:00 PST,1740376800,101.06,101.11,S,16,17,,84,6.3,8.8,,,32200,2.3,,8,,,9,8.5,0
2025-02-23 21:00:00 PST,1740373200,100.89,100.94,S,18,16,,88,7.1,8.9,,,32200,2.2,,3,,,8.9,7.9,0
2025-02-23 20:00:00 PST,1740369600,100.7,100.75,ESE,11,14,,100,7.7,7.7,,,32200,2.1,,3,,,8.8,7.5,0
2025-02-23 19:00:00 PST,1740366000,100.53,100.58,ESE,11,14,,100,8.7,8.7,,,32200,2.2,,8,,,9.4,7.8,2.7
2025-02-23 18:00:00 PST,1740362400,100.43,100.48,SW,21,10,,100,8.6,8.6,,,4800,2.2,,8,,,9.9,8.6,5.1
2025-02-23 17:00:00 PST,1740358800,100.32,100.37,E,7,12,,97,9.1,9.5,,,24100,2.2,,8,,,11.3,9.4,1.5
2025-02-23 16:00:00 PST,1740355200,100.5,100.55,ESE,10,17,,79,7.4,10.8,,,32200,2.3,,8,,,11.5,10.7,0
2025-02-23 15:00:00 PST,1740351600,100.54,100.59,E,8,17,,76,7.3,11.4,,,32200,2.2,,8,,,11.7,11.4,0
2025-02-23 14:00:00 PST,1740348000,100.74,100.79,ESE,10,23,,77,7.6,11.5,,,32200,2.2,,7,,,12.2,11.4,0
2025-02-23 13:00:00 PST,1740344400,100.88,100.93,ESE,10,21,,80,8.3,11.6,,,32200,2.1,,7,,,12.1,11.1,0
2025-02-23 12:00:00 PST,1740340800,101.04,101.09,ESE,10,18,,86,8.9,11.2,,,32200,2.1,,7,,,11.2,10.5,0
2025-02-23 11:00:00 PST,1740337200,101.14,101.19,ESE,11,20,,90,9.2,10.7,,,32200,2.1,,7,,,10.8,9.8,0
2025-02-23 10:00:00 PST,1740333600,101.18,101.23,E,9,19,,94,8.9,9.8,,,32200,2.2,,7,,,9.8,8.1,0
2025-02-23 09:00:00 PST,1740330000,101.16,101.21,E,8,16,,100,8,8,,,32200,2.2,,6,,,8,6.7,0
2025-02-23 08:00:00 PST,1740326400,101.13,101.18,E,7,14,,100,6.8,6.8,,,32200,2.2,,1,,,6.8,5.5,0
2025-02-23 07:00:00 PST,1740322800,101.05,101.1,E,9,16,,100,6.1,6.1,,,32200,2.2,,1,,,7.3,6.1,0
2025-02-23 06:00:00 PST,1740319200,101,101.05,E,8,17,,100,7,7,,,32200,2.2,,2,,,7.4,6.6,0
2025-02-23 05:00:00 PST,1740315600,100.93,100.98,E,9,18,,100,6.7,6.7,,,32200,2.2,,6,,,7.6,6.7,0
2025-02-23 04:00:00 PST,1740312000,100.89,100.94,ENE,7,9,,97,6.7,7.2,,,32200,2.2,,7,,,7.9,7.2,0
2025-02-23 03:00:00 PST,1740308400,100.85,100.9,ENE,7,13,,100,7.7,7.7,,,32200,2.2,,8,,,8,7.4,0
2025-02-23 02:00:00 PST,1740304800,100.85,100.9,E,8,17,,100,8,8,,,32200,2.1,,8,,,8.4,7.8,0
2025-02-23 01:00:00 PST,1740301200,100.83,100.88,E,9,16,,99,8.2,8.4,,,32200,2,,8,,,9.2,8.4,0
2025-02-23 00:00:00 PST,1740297600,100.81,100.86,E,8,15,,100,9.1,9.1,,,32200,1.9,,8,,,9.6,8.9,0
2025-02-22 23:00:00 PST,1740294000,100.78,100.83,SE,13,14,,98,9.3,9.7,,,32200,1.9,,8,,,9.7,9.4,0
2025-02-22 22:00:00 PST,1740290400,100.65,100.7,SE,14,24,34,100,9.4,9.4,,,32200,1.9,,8,,,9.6,9.4,0
2025-02-22 21:00:00 PST,1740286800,100.7,100.75,ESE,12,22,,100,9.5,9.5,,,32200,2,,8,,,9.5,9.2,0
2025-02-22 20:00:00 PST,1740283200,100.61,100.66,SE,13,26,,100,9.2,9.2,,,32200,2,,8,,,9.3,9,0
2025-02-22 19:00:00 PST,1740279600,100.63,100.68,SE,12,21,,100,9.2,9.2,,,32200,2.1,,8,,,9.7,9.1,0
2025-02-22 18:00:00 PST,1740276000,100.55,100.6,ESE,11,21,,100,9.6,9.6,,,24100,2.2,,8,,,10.1,9.6,0
2025-02-22 17:00:00 PST,1740272400,100.56,100.61,SE,13,20,,100,10,10,,,16100,2.2,,8,,,10.2,9.8,0
2025-02-22 16:00:00 PST,1740268800,100.52,100.57,SE,14,29,27,100,9.8,9.8,,,16100,2.2,,8,,,10.3,9.7,2.5
2025-02-22 15:00:00 PST,1740265200,100.64,100.69,SSE,15,16,,100,10.1,10.1,,,4800,2.1,,8,,,10.7,9.9,5.5
2025-02-22 14:00:00 PST,1740261600,100.66,100.71,ESE,12,23,,100,10.1,10.1,,,4000,2.1,,8,,,10.7,10.1,3.7
2025-02-22 13:00:00 PST,1740258000,100.75,100.8,ESE,10,27,38,93,9.3,10.3,,,12900,2.1,,8,,,10.5,9.7,0.2
2025-02-22 12:00:00 PST,1740254400,100.94,100.99,E,9,23,34,95,9,9.8,,,32200,2.1,,8,,,10,9.7,0.4
2025-02-22 11:00:00 PST,1740250800,101.14,101.19,E,9,19,,94,8.9,9.8,,,16100,2.1,,8,,,9.9,9.7,0.6
2025-02-22 10:00:00 PST,1740247200,101.25,101.3,E,8,23,,92,8.6,9.8,,,24100,2.1,,8,,,9.9,9,0
2025-02-22 09:00:00 PST,1740243600,101.34,101.39,E,8,19,,95,8.7,9.5,,,32200,2.1,,8,,,9.6,8.8,0
2025-02-22 08:00:00 PST,1740240000,101.43,101.48,ENE,7,17,,100,8.8,8.8,,,24100,2,,8,,,8.8,8.5,0
2025-02-22 07:00:00 PST,1740236400,101.49,101.54,E,9,20,30,100,8.7,8.7,,,24100,1.9,,8,,,8.8,8.4,0
2025-02-22 06:00:00 PST,1740232800,101.52,101.57,ESE,11,28,,100,8.6,8.6,,,24100,2,,8,,,8.6,8.2,0.4
2025-02-22 05:00:00 PST,1740229200,101.58,101.63,E,9,23,,100,8.2,8.2,,,24100,2,,8,,,8.5,8.1,0.1
2025-02-22 04:00:00 PST,1740225600,101.53,101.58,E,9,23,,100,8.1,8.1,,,24100,2.1,,8,,,8.3,7.7,0
2025-02-22 03:00:00 PST,1740222000,101.6,101.65,E,9,17,,100,7.9,7.9,,,24100,2.1,,8,,,8.2,7.9,0
2025-02-22 02:00:00 PST,1740218400,101.58,101.63,E,9,25,,100,8.1,8.1,,,24100,2.2,,8,,,8.3,8,0
2025-02-22 01:00:00 PST,1740214800,101.6,101.65,E,9,22,,100,8.3,8.3,,,16100,2.3,,8,,,8.7,8.3,0
2025-02-22 00:00:00 PST,1740211200,101.59,101.64,E,8,16,,100,8.5,8.5,,,24100,2.3,,8,,,8.6,8.2,0
2025-02-21 23:00:00 PST,1740207600,101.53,101.58,E,8,18,,100,8.3,8.3,,,19300,2.3,,8,,,8.6,8.2,0.8
2025-02-21 22:00:00 PST,1740204000,101.57,101.62,E,9,19,,100,8.4,8.4,,,12900,2.4,,8,,,8.6,8.3,0.3
2025-02-21 21:00:00 PST,1740200400,101.52,101.57,E,8,22,,100,8.5,8.5,,,24100,2.5,,8,,,8.7,8.3,0.1
2025-02-21 20:00:00 PST,1740196800,101.55,101.6,E,8,21,31,100,8.4,8.4,,,12900,2.5,,8,,,8.6,8.4,0.8
2025-02-21 19:00:00 PST,1740193200,101.59,101.64,ENE,7,21,,100,8.4,8.4,,,12900,2.5,,8,,,8.4,8.3,2
2025-02-21 18:00:00 PST,1740189600,101.61,101.66,ENE,6,16,,100,8.3,8.3,,,12900,2.6,,8,,,8.3,8.1,2.5
2025-02-21 17:00:00 PST,1740186000,101.68,101.73,ENE,7,16,,100,8.2,8.2,,,9700,2.7,,8,,,8.4,8.2,1.5
2025-02-21 16:00:00 PST,1740182400,101.7,101.75,E,8,25,,100,8.4,8.4,,,9700,2.8,,8,,,8.4,7.9,1.2
2025-02-21 15:00:00 PST,1740178800,101.77,101.82,E,10,15,,100,7.9,7.9,,,8100,2.8,,8,,,8,7.6,0.8
2025-02-21 14:00:00 PST,1740175200,101.76,101.81,E,8,19,,100,7.7,7.7,,,8100,2.7,,8,,,7.7,7.2,0.2
2025-02-21 13:00:00 PST,1740171600,101.83,101.88,E,9,13,,100,7.3,7.3,,,8100,2.6,,8,,,7.5,7.1,0.7
2025-02-21 12:00:00 PST,1740168000,101.92,101.97,E,9,9,,100,7.3,7.3,,,11300,2.6,,8,,,7.4,7.1,0.4
2025-02-21 11:00:00 PST,1740164400,101.93,101.98,ENE,7,12,,100,7.1,7.1,,,16100,2.5,,8,,,7.1,6.2,0.4
2025-02-21 10:00:00 PST,1740160800,101.97,102.02,E,9,10,,100,6.5,6.5,,,24100,2.5,,8,,,6.7,6.3,0
2025-02-21 09:00:00 PST,1740157200,101.98,102.03,ENE,6,10,,97,6,6.5,,,32200,2.3,,8,,,6.5,6.1,0
2025-02-21 08:00:00 PST,1740153600,102.02,102.07,ENE,5,19,,100,6.1,6.1,,,12900,2.2,,8,,,6.1,5.5,0
2025-02-21 07:00:00 PST,1740150000,102.08,102.13,E,8,15,,98,5.6,5.9,,,32200,2,,8,,,6.2,5.9,0
2025-02-21 06:00:00 PST,1740146400,102.17,102.22,ENE,6,12,,95,5.3,6.1,,,24100,2,,8,,,6.1,5.8,0.1
2025-02-21 05:00:00 PST,1740142800,102.25,102.3,ENE,6,16,,100,5.9,6,,,32200,2,,8,,,6,5.8,0.1
2025-02-21 04:00:00 PST,1740139200,102.36,102.41,E,7,10,,100,5.9,5.9,,,24100,2,,8,,,6.4,5.9,0
2025-02-21 03:00:00 PST,1740135600,102.37,102.42,NE,5,14,,99,6.1,6.3,,,32200,2,,8,,,6.4,6.2,0
2025-02-21 02:00:00 PST,1740132000,102.39,102.44,ENE,6,15,,100,6.2,6.2,,,32200,2.1,,8,,,6.4,6.1,0
2025-02-21 01:00:00 PST,1740128400,102.46,102.51,ENE,6,15,,100,6.4,6.4,,,24100,2.2,,8,,,6.6,6.3,0
2025-02-21 00:00:00 PST,1740124800,102.5,102.55,NE,4,16,,100,6.5,6.6,,,24100,2.2,,8,,,6.9,6.6,0.5
2025-02-20 23:00:00 PST,1740121200,102.58,102.63,NE,5,16,,98,6.5,6.8,,,19300,2.3,,8,,,6.9,6.8,0.3
2025-02-20 22:00:00 PST,1740117600,102.64,102.69,NE,4,13,,98,6.6,6.9,,,19300,2.5,,8,,,7.2,6.9,0.2
2025-02-20 21:00:00 PST,1740114000,102.63,102.68,ENE,7,13,,96,6.6,7.2,,,24100,2.6,,8,,,7.4,7.2,0
2025-02-20 20:00:00 PST,1740110400,102.68,102.73,ENE,7,12,,96,6.7,7.3,,,24100,2.5,,8,,,7.5,7.2,0
2025-02-20 19:00:00 PST,1740106800,102.71,102.76,ENE,7,13,,96,6.8,7.4,,,24100,2.5,,8,,,7.5,7.1,0
2025-02-20 18:00:00 PST,1740103200,102.77,102.82,E,10,16,,95,6.5,7.2,,,24100,2.5,,8,,,7.4,7,0.1
2025-02-20 17:00:00 PST,1740099600,102.78,102.83,E,10,16,,95,6.6,7.3,,,24100,2.5,,8,,,8.1,7.3,0
2025-02-20 16:00:00 PST,1740096000,102.79,102.84,SE,13,12,,87,5.9,7.8,,,32200,2.4,,8,,,8.1,7.8,0
2025-02-20 15:00:00 PST,1740092400,102.75,102.8,ESE,11,16,,85,5.5,7.9,,,32200,2.5,,8,,,8.5,7.8,0
2025-02-20 14:00:00 PST,1740088800,102.76,102.81,ESE,10,18,,82,5.6,8.5,,,32200,2.5,,8,,,8.6,8,0
2025-02-20 13:00:00 PST,1740085200,102.79,102.84,SE,12,19,,85,5.6,8,,,32200,2.5,,8,,,8.4,7.8,0
2025-02-20 12:00:00 PST,1740081600,102.82,102.87,SE,12,23,,81,5.1,8.1,,,32200,2.6,,8,,,8.7,8,0
2025-02-20 11:00:00 PST,1740078000,102.83,102.88,SE,13,23,,80,5.4,8.5,,,32200,2.6,,8,,,8.7,8.2,0
2025-02-20 10:00:00 PST,1740074400,102.77,102.82,SE,14,22,,81,5.4,8.4,,,32200,2.6,,8,,,8.7,8,0
2025-02-20 09:00:00 PST,1740070800,102.72,102.77,SE,13,19,,82,5.1,8,,,32200,2.6,,8,,,8.2,7.2,0
2025-02-20 08:00:00 PST,1740067200,102.63,102.68,ESE,11,14,,86,5,7.2,,,32200,2.5,,7,,,7.2,6.8,0
2025-02-20 07:00:00 PST,1740063600,102.55,102.6,SSE,14,13,,86,4.7,7,,,32200,2.3,,8,,,7.5,7,0
2025-02-20 06:00:00 PST,1740060000,102.51,102.56,S,17,17,,84,4.7,7.2,,,32200,2.2,,8,,,7.5,7.2,0
2025-02-20 05:00:00 PST,1740056400,102.44,102.49,S,17,17,,85,5,7.4,,,32200,2.2,,8,,,7.8,6.6,0
2025-02-20 04:00:00 PST,1740052800,102.36,102.41,,13,0,,89,5.4,7,,,32200,2.1,,8,,,7.8,6.6,0
2025-02-20 03:00:00 PST,1740049200,102.29,102.34,WSW,24,12,,90,5.8,7.3,,,32200,2.1,,8,,,8,7.2,0
2025-02-20 02:00:00 PST,1740045600,102.2,102.25,SSW,20,18,,86,5.8,8,,,32200,2.1,,8,,,8.3,7.7,0
2025-02-20 01:00:00 PST,1740042000,102.09,102.14,WSW,25,17,29,87,6,8.1,,,32200,2.2,,8,,,8.1,7.4,0
2025-02-20 00:00:00 PST,1740038400,101.97,102.02,SSW,20,21,,87,5.8,7.8,,,32200,2.2,,8,,,8.3,7.8,0
2025-02-19 23:00:00 PST,1740034800,101.87,101.92,S,17,14,,84,5.6,8.1,,,32200,2.3,,8,,,8.5,8.1,0
2025-02-19 22:00:00 PST,1740031200,101.73,101.78,S,17,21,31,82,5.5,8.4,,,32200,2.4,,8,,,8.5,8.3,0
2025-02-19 21:00:00 PST,1740027600,101.6,101.65,S,17,27,37,82,5.5,8.4,,,24100,2.5,,8,,,8.7,8.3,0
2025-02-19 20:00:00 PST,1740024000,101.46,101.51,SSE,16,29,44,79,5.3,8.7,,,32200,2.6,,8,,,9,8.5,0.1
2025-02-19 19:00:00 PST,1740020400,101.36,101.41,S,17,30,48,79,5.4,8.8,,,32200,2.6,,8,,,9,8.6,0
2025-02-19 18:00:00 PST,1740016800,101.22,101.27,S,17,27,39,80,5.4,8.7,,,32200,2.6,,8,,,8.9,8.6,0
2025-02-19 17:00:00 PST,1740013200,101.11,101.16,S,17,25,,81,5.8,9,,,32200,2.5,,7,,,9.1,8.8,0.1
2025-02-19 16:00:00 PST,1740009600,101.04,101.09,SSE,15,26,43,83,6.3,9,,,24100,2.3,,7,,,9.5,8.8,0.2
2025-02-19 15:00:00 PST,1740006000,100.93,100.98,SE,14,34,44,87,7.2,9.2,,,32200,2.2,,8,,,9.7,9.1,0
2025-02-19 14:00:00 PST,1740002400,100.93,100.98,SE,13,34,30,92,8.2,9.4,,,40200,2.2,,8,,,9.5,9.1,0.2
2025-02-19 13:00:00 PST,1739998800,100.88,100.93,SE,12,32,45,98,8.9,9.2,,,32200,2.2,,7,,,9.3,8.9,0.2
2025-02-19 12:00:00 PST,1739995200,100.84,100.89,SE,12,37,47,90,7.6,9.2,,,40200,2.3,,8,,,9.5,8.5,0.5
2025-02-19 11:00:00 PST,1739991600,100.78,100.83,E,9,28,39,88,6.8,8.5,,,24100,2.3,,8,,,9.1,8.2,0.3
2025-02-19 10:00:00 PST,1739988000,100.71,100.76,E,10,39,51,79,5.7,9.1,,,40200,2.3,,8,,,9.1,8,0.2
2025-02-19 09:00:00 PST,1739984400,100.62,100.67,E,9,33,43,88,6.2,8,,,40200,2.2,,8,,,8,6.5,0.2
2025-02-19 08:00:00 PST,1739980800,100.63,100.68,ESE,11,27,,99,6.4,6.6,,,24100,2.2,,8,,,6.6,6.3,0.1
2025-02-19 07:00:00 PST,1739977200,100.62,100.67,ENE,7,21,,100,6.4,6.4,,,24100,2.1,,8,,,6.4,5.9,0.8
2025-02-19 06:00:00 PST,1739973600,100.74,100.79,SE,12,22,,100,6,6,,,24100,2.1,,8,,,7.6,6,0.3
2025-02-19 05:00:00 PST,1739970000,100.84,100.89,ENE,6,24,,91,6.1,7.5,,,19300,2,,8,,,7.5,7.2,1.2
2025-02-19 04:00:00 PST,1739966400,100.97,101.02,ENE,6,22,,95,6.5,7.3,,,19300,1.9,,8,,,7.3,7,2
2025-02-19 03:00:00 PST,1739962800,101.07,101.12,ENE,6,15,,100,7,7,,,24100,1.9,,8,,,7.1,6.2,1.8
2025-02-19 02:00:00 PST,1739959200,101.18,101.23,NE,5,18,,91,5.5,6.9,,,24100,1.9,,8,,,7.8,6.5,1
2025-02-19 01:00:00 PST,1739955600,101.23,101.28,E,9,14,,87,4.8,6.9,,,24100,2,,8,,,7.4,6.8,0.6
2025-02-19 00:00:00 PST,1739952000,101.3,101.35,ESE,10,22,,84,4.6,7.1,,,32200,2,,8,,,7.4,7.1,0
2025-02-18 23:00:00 PST,1739948400,101.36,101.41,E,9,25,,83,4.6,7.3,,,32200,2,,8,,,7.6,6.9,0
2025-02-18 22:00:00 PST,1739944800,101.46,101.51,E,9,17,,86,5,7.2,,,32200,2,,8,,,7.4,6.8,0
2025-02-18 21:00:00 PST,1739941200,101.54,101.59,E,8,13,,88,5.5,7.3,,,32200,2,,8,,,8,7.2,0
2025-02-18 20:00:00 PST,1739937600,101.64,101.69,E,8,13,,87,5.8,7.8,,,32200,2.1,,8,,,8.5,7.4,0
2025-02-18 19:00:00 PST,1739934000,101.71,101.76,ENE,7,16,,84,5.7,8.2,,,32200,2.1,,8,,,8.9,8,0
2025-02-18 18:00:00 PST,1739930400,101.79,101.84,NE,5,18,,82,5.7,8.6,,,32200,2.2,,8,,,8.8,8.6,0
2025-02-18 17:00:00 PST,1739926800,101.87,101.92,NE,4,15,,86,6.6,8.8,,,40200,2.1,,8,,,8.8,8.4,0
2025-02-18 16:00:00 PST,1739923200,101.95,102,NE,5,12,,91,7,8.4,,,24100,2,,8,,,8.7,7.9,0.1
2025-02-18 15:00:00 PST,1739919600,101.97,102.02,E,9,13,,94,7.1,7.9,,,32200,1.9,,8,,,9.9,7.9,0
2025-02-18 14:00:00 PST,1739916000,101.99,102.04,ESE,10,17,,93,7.5,8.6,,,24100,1.9,,8,,,9.9,8.1,0
2025-02-18 13:00:00 PST,1739912400,102.06,102.11,E,9,14,,88,6.7,8.5,,,32200,1.9,,7,,,9.3,8,0
2025-02-18 12:00:00 PST,1739908800,102.1,102.15,E,8,18,,89,6.5,8.2,,,40200,1.8,,8,,,8.3,7.4,0
2025-02-18 11:00:00 PST,1739905200,102.09,102.14,E,8,17,,94,6.5,7.4,,,40200,1.8,,8,,,7.4,6.2,0
2025-02-18 10:00:00 PST,1739901600,102.12,102.17,E,8,15,,96,5.8,6.3,,,32200,1.8,,8,,,6.6,5.5,0
2025-02-18 09:00:00 PST,1739898000,102.14,102.19,E,8,14,,100,5.5,5.5,,,16100,1.9,,7,,,5.6,4.8,0
2025-02-18 08:00:00 PST,1739894400,102.09,102.14,ESE,10,10,,100,4.9,4.9,,,12900,,,8,,,5,4.5,0
2025-02-18 07:00:00 PST,1739890800,102.05,102.1,ESE,11,9,,100,4.8,4.8,,,9700,,,8,,,4.8,4.3,0
2025-02-18 06:00:00 PST,1739887200,102.03,102.08,E,10,11,,100,4.7,4.7,,,24100,,,8,,,5.2,4.7,0
2025-02-18 05:00:00 PST,1739883600,102.03,102.08,SE,12,7,,100,4.7,4.7,,,19300,,,8,,,5.2,4.7,0
2025-02-18 04:00:00 PST,1739880000,102.01,102.06,ENE,7,12,,100,5.2,5.2,,,19300,,,8,,,5.2,4.8,0
2025-02-18 03:00:00 PST,1739876400,102.02,102.07,ESE,10,3,,100,4.8,4.8,,,24100,,,8,,,5.4,4.8,0
2025-02-18 02:00:00 PST,1739872800,101.99,102.04,ESE,11,5,,100,5.1,5.1,,,24100,,,8,,,5.3,5.1,0
2025-02-18 01:00:00 PST,1739869200,101.95,102,NE,4,5,,100,5.1,5.1,,,24100,,,8,,,5.4,4.8,0
2025-02-18 00:00:00 PST,1739865600,101.95,102,W,27,5,,100,5.2,5.2,,,24100,,,8,,,5.3,4.6,0
2025-02-17 23:00:00 PST,1739862000,101.87,101.92,NNW,34,6,,100,4.9,4.9,,,24100,,,8,,,5,4.1,0
2025-02-17 22:00:00 PST,1739858400,101.87,101.92,WNW,29,5,,100,4.2,4.2,,,24100,,,8,,,4.2,3.1,0
2025-02-17 21:00:00 PST,1739854800,101.78,101.83,S,17,8,,100,4.2,4.2,,,32200,,,2,,,4.2,2.3,0
2025-02-17 20:00:00 PST,1739851200,101.7,101.75,,,0,,100,3.5,3.5,,,32200,,,1,,,4.5,2.8,0
2025-02-17 19:00:00 PST,1739847600,101.67,101.72,N,0,7,,100,4.4,4.4,,,32200,,,1,,,4.5,3.7,0
2025-02-17 18:00:00 PST,1739844000,101.64,101.69,W,27,7,,100,4.1,4.1,,,40200,,,3,,,5.6,3.8,0
2025-02-17 17:00:00 PST,1739840400,101.62,101.67,WSW,24,11,,100,5.6,5.6,,,40200,,,8,,,7.1,5.5,0
2025-02-17 16:00:00 PST,1739836800,101.56,101.61,WNW,28,13,,93,6,7.2,,,48300,,,6,,,8.3,7.1,0
2025-02-17 15:00:00 PST,1739833200,101.52,101.57,W,28,13,,93,6.7,7.8,,,40200,,,7,,,7.8,6.8,0
2025-02-17 14:00:00 PST,1739829600,101.45,101.5,WSW,25,10,,82,4.6,7.5,,,40200,,,7,,,8.3,7.4,0
2025-02-17 13:00:00 PST,1739826000,101.41,101.46,WNW,29,9,,83,4.9,7.6,,,40200,,,5,,,7.9,6.1,0
2025-02-17 12:00:00 PST,1739822400,101.43,101.48,W,27,6,,93,4.9,6,,,24100,,,8,,,6.5,5.8,0
2025-02-17 11:00:00 PST,1739818800,101.36,101.41,WSW,24,8,,98,5.5,5.9,,,32200,,,8,,,6.1,5.5,0
2025-02-17 10:00:00 PST,1739815200,101.29,101.34,SSW,20,8,,100,5.6,5.6,,,24100,,,8,,,5.6,4.6,0
2025-02-17 09:00:00 PST,1739811600,101.26,101.31,,32,0,,100,4.7,4.7,,,12900,,,8,,,4.7,4,0
2025-02-17 08:00:00 PST,1739808000,101.22,101.27,NW,32,9,,100,4.3,4.3,,,2000,,,8,,,4.3,4,0.2
2025-02-17 07:00:00 PST,1739804400,101.16,101.21,SSE,15,3,,100,4.2,4.2,,,4800,,,8,,,4.3,4,0
2025-02-17 06:00:00 PST,1739800800,101.13,101.18,SSE,16,6,,100,4,4,,,2800,,,8,,,4.5,4,0
2025-02-17 05:00:00 PST,1739797200,101.1,101.15,WNW,29,8,,100,4.2,4.2,,,2400,,,8,,,4.6,4.2,0.5
2025-02-17 04:00:00 PST,1739793600,101.07,101.12,SSW,19,6,,100,4.4,4.4,,,1600,,,8,,,4.8,4.4,0.4
2025-02-17 03:00:00 PST,1739790000,101.05,101.1,SSW,20,7,,100,4.5,4.5,,,2400,,,8,,,4.8,4.4,0.1
2025-02-17 02:00:00 PST,1739786400,101.04,101.09,SSE,16,4,,100,4.5,4.5,,,9700,,,8,,,4.9,4.4,0
2025-02-17 01:00:00 PST,1739782800,101,101.05,,,0,,100,4.5,4.5,,,24100,,,8,,,4.9,4.5,0
2025-02-17 00:00:00 PST,1739779200,101.01,101.06,,,0,,100,4.9,4.9,,,16100,,,8,,,5.1,4.6,0.1
2025-02-16 23:00:00 PST,1739775600,101.01,101.06,N,35,4,,100,5,5,,,16100,,,8,,,5.2,4.7,0.1
2025-02-16 22:00:00 PST,1739772000,101.03,101.08,ESE,12,7,,100,4.8,4.8,,,24100,,,8,,,5.5,4.8,0.1
2025-02-16 21:00:00 PST,1739768400,101.02,101.07,ESE,11,11,,100,5.5,5.5,,,32200,,,8,,,5.9,5.4,0.6
2025-02-16 20:00:00 PST,1739764800,101.03,101.08,NE,3,7,,97,5.2,5.7,,,32200,,,8,,,5.8,5.4,0
2025-02-16 19:00:00 PST,1739761200,101.03,101.08,ESE,10,7,,98,5.2,5.5,,,32200,,,8,,,5.6,5.4,0
2025-02-16 18:00:00 PST,1739757600,101.05,101.1,ESE,10,12,,99,5.3,5.5,,,32200,,,8,,,5.8,5.5,0
2025-02-16 17:00:00 PST,1739754000,101.06,101.11,ESE,10,13,,99,5.6,5.8,,,32200,,,8,,,6.2,5.8,0
2025-02-16 16:00:00 PST,1739750400,101.07,101.12,ESE,10,14,,99,6,6.2,,,32200,,,8,,,6.8,6.1,0
2025-02-16 15:00:00 PST,1739746800,101.1,101.15,ESE,10,17,,96,6,6.6,,,24100,,,8,,,7.1,5.9,0
2025-02-16 14:00:00 PST,1739743200,101.14,101.19,ENE,7,12,,100,6.4,6.4,,,16100,,,8,,,6.5,5.4,0.1
2025-02-16 13:00:00 PST,1739739600,101.18,101.23,E,8,12,,100,5.5,5.5,,,12900,,,8,,,5.5,4.6,0.2
2025-02-16 12:00:00 PST,1739736000,101.25,101.3,ESE,10,12,,100,4.6,4.6,,,9700,,,8,,,4.7,4.1,0.4
2025-02-16 11:00:00 PST,1739732400,101.26,101.31,E,9,15,,100,4,4,,,6400,,,8,,,4.2,3.9,0
2025-02-16 10:00:00 PST,1739728800,101.27,101.32,E,9,18,,100,4,4,,,12900,,,8,,,4.1,3.5,0
2025-02-16 09:00:00 PST,1739725200,101.27,101.32,E,9,14,,100,3.6,3.6,,,12900,2.1,,8,,,3.7,3.1,0.4
2025-02-16 08:00:00 PST,1739721600,101.28,101.33,E,9,12,,100,3.1,3.1,,,8100,2.1,,8,,,3.2,3,0.1
2025-02-16 07:00:00 PST,1739718000,101.27,101.32,ENE,7,13,,100,3.2,3.2,,,8100,2.1,,8,,,3.3,2.9,0.2
2025-02-16 06:00:00 PST,1739714400,101.29,101.34,E,9,10,,100,2.8,2.8,,,8100,2.1,,8,,,3.2,2.8,1.1
2025-02-16 05:00:00 PST,1739710800,101.3,101.35,E,9,10,,100,3.1,3.1,,,6400,2.1,,8,,,3.2,2.8,0.8
2025-02-16 04:00:00 PST,1739707200,101.29,101.34,ENE,6,13,,100,3,3,,,9700,2.1,,8,,,3,2.8,0.2
2025-02-16 03:00:00 PST,1739703600,101.32,101.37,E,9,14,,100,2.8,2.8,,,14500,2.1,,8,,,3.2,2.8,0
2025-02-16 02:00:00 PST,1739700000,101.38,101.43,E,8,14,,100,3.2,3.2,,,19300,2.2,,8,,,3.2,2.9,0
2025-02-16 01:00:00 PST,1739696400,101.43,101.48,ENE,7,14,,100,3,3,,,20900,2.2,,8,,,3.1,3,0.1
2025-02-16 00:00:00 PST,1739692800,101.49,101.54,E,8,18,,100,3,3,,,16100,2.2,,8,,,3,2.9,0.2
2025-02-15 23:00:00 PST,1739689200,101.58,101.63,E,8,17,,100,2.9,2.9,,,12900,2.2,,8,,,3.4,2.8,0.4
2025-02-15 22:00:00 PST,1739685600,101.67,101.72,E,10,15,,100,3.2,3.2,,,16100,2.3,,8,,,3.4,3,0.9
2025-02-15 21:00:00 PST,1739682000,101.72,101.77,ENE,7,26,30,100,3.1,3.1,,,16100,2.3,,8,,,3.1,2.9,0.6
2025-02-15 20:00:00 PST,1739678400,101.81,101.86,E,8,16,,100,2.9,2.9,,,12900,2.4,,8,,,3.1,2.7,0.7
2025-02-15 19:00:00 PST,1739674800,101.9,101.95,ESE,10,12,,99,3,3.1,,,19300,2.4,,8,,,3.6,3,0.4
2025-02-15 18:00:00 PST,1739671200,101.97,102.02,ENE,6,10,,97,2.5,3,,,19300,2.3,,8,,,3.8,2.9,0
2025-02-15 17:00:00 PST,1739667600,102.05,102.1,ESE,10,20,,90,2.2,3.7,,,32200,2.3,,8,,,4,3.5,0
2025-02-15 16:00:00 PST,1739664000,102.16,102.21,E,8,22,,89,2.2,3.9,,,32200,2.3,,8,,,4.3,3.9,0
2025-02-15 15:00:00 PST,1739660400,102.26,102.31,E,9,22,,91,2.8,4,,,24100,2.3,,8,,,4.6,3.9,0.1
2025-02-15 14:00:00 PST,1739656800,102.41,102.46,ENE,5,14,,86,2.2,4.5,,,16100,2.3,,8,,,4.5,4.2,0
2025-02-15 13:00:00 PST,1739653200,102.46,102.51,ENE,6,17,,86,2.2,4.3,,,16100,2.4,,8,,,4.3,3.9,0
2025-02-15 12:00:00 PST,1739649600,102.55,102.6,ENE,6,18,,92,2.8,4,,,16100,2.3,,8,,,4,3.6,0.1
2025-02-15 11:00:00 PST,1739646000,102.63,102.68,ENE,7,14,,96,3.1,3.6,,,12900,2.3,,8,,,3.6,3.1,0
2025-02-15 10:00:00 PST,1739642400,102.65,102.7,ENE,6,16,,97,2.6,3.1,,,12900,2.3,,8,,,3.1,2.7,0
2025-02-15 09:00:00 PST,1739638800,102.66,102.71,NE,5,16,,100,2.7,2.7,,,9700,2.4,,8,,,2.7,2.2,0.2
2025-02-15 08:00:00 PST,1739635200,102.69,102.74,ENE,6,18,,100,2.5,2.5,,,3200,2.3,,8,,,2.5,2.2,0
2025-02-15 07:00:00 PST,1739631600,102.69,102.74,ENE,7,16,,100,2.4,2.4,,,6400,2.3,,8,,,2.6,2,0.6
2025-02-15 06:00:00 PST,1739628000,102.69,102.74,E,8,13,,99,1.9,2.1,,,6400,2.3,,8,,,3.1,2,0
2025-02-15 05:00:00 PST,1739624400,102.66,102.71,E,7,15,,89,1.4,3,,,24100,2.4,,8,,,3.1,2.7,0
2025-02-15 04:00:00 PST,1739620800,102.67,102.72,ENE,7,14,,88,1.3,3,,,32200,2.4,,8,,,3.1,2.8,0
2025-02-15 03:00:00 PST,1739617200,102.67,102.72,ENE,7,13,,88,1.1,2.8,,,32200,2.5,,8,,,3.1,2.8,0
2025-02-15 02:00:00 PST,1739613600,102.63,102.68,ENE,7,14,,87,1.2,3.1,,,32200,2.5,,8,,,3.2,2.8,0
2025-02-15 01:00:00 PST,1739610000,102.62,102.67,ENE,7,14,,85,0.7,2.9,,,32200,2.6,,8,,,3.5,2.9,0
2025-02-15 00:00:00 PST,1739606400,102.54,102.59,ENE,7,19,,87,1.3,3.3,,,32200,2.6,,8,,,3.4,3,0
2025-02-14 23:00:00 PST,1739602800,102.49,102.54,ENE,7,17,,85,1,3.2,,,32200,2.7,,7,,,3.7,3.2,0
2025-02-14 22:00:00 PST,1739599200,102.44,102.49,ENE,5,18,,85,1.3,3.7,,,32200,2.7,,7,,,3.7,3.2,0
2025-02-14 21:00:00 PST,1739595600,102.34,102.39,ENE,7,18,,87,1.4,3.4,,,32200,2.9,,6,,,3.6,3.1,0
2025-02-14 20:00:00 PST,1739592000,102.24,102.29,E,8,16,,87,1.2,3.1,,,32200,2.8,,3,,,3.6,2.7,0
2025-02-14 19:00:00 PST,1739588400,102.16,102.21,E,8,17,,85,1.2,3.5,,,32200,2.8,,7,,,3.8,2.7,0
2025-02-14 18:00:00 PST,1739584800,102.06,102.11,ESE,11,16,,87,1.5,3.5,,,32200,2.7,,2,,,4.7,2.9,0
2025-02-14 17:00:00 PST,1739581200,102,102.05,ESE,12,14,,78,0.9,4.5,,,32200,2.7,,2,,,5.1,4.3,0
2025-02-14 16:00:00 PST,1739577600,101.91,101.96,ESE,10,10,,71,-0.2,4.7,,,32200,2.7,,5,,,5.8,4.6,0
2025-02-14 15:00:00 PST,1739574000,101.8,101.85,,14,0,,65,-0.6,5.5,,,32200,2.7,,4,,,6,5.2,0
2025-02-14 14:00:00 PST,1739570400,101.69,101.74,,11,0,,63,-0.9,5.7,,,32200,2.7,,2,,,5.7,4.7,0
2025-02-14 13:00:00 PST,1739566800,101.6,101.65,E,8,7,,50,-4.4,5.2,,,32200,2.8,,2,,,5.3,4.7,0
2025-02-14 12:00:00 PST,1739563200,101.52,101.57,E,8,3,,48,-5.5,4.6,,,32200,2.8,,2,,,4.6,3.1,0
2025-02-14 11:00:00 PST,1739559600,101.38,101.43,E,8,9,,59,-4.1,3.1,,,32200,3,,4,,,3.1,1.4,0
2025-02-14 10:00:00 PST,1739556000,101.23,101.28,E,9,14,,67,-4.2,1.3,,,32200,3.2,,4,,,1.5,-0.6,0
2025-02-14 09:00:00 PST,1739552400,101.09,101.14,E,9,11,,82,-3.6,-0.9,-5,,32200,3.2,,7,,,-0.4,-1.7,0
2025-02-14 08:00:00 PST,1739548800,100.93,100.98,E,9,7,,89,-2.6,-1.1,-4,,32200,3.2,,6,,,-0.6,-3,0
2025-02-14 07:00:00 PST,1739545200,100.8,100.85,ESE,10,6,,89,-2.4,-0.8,-3,,32200,3.2,,7,,,-0.8,-3.9,0
2025-02-14 06:00:00 PST,1739541600,100.7,100.75,ESE,11,4,,94,-2.6,-1.8,-3,,32200,3.1,,7,,,-1.3,-4.7,0
2025-02-14 05:00:00 PST,1739538000,100.56,100.61,E,8,4,,95,-2.5,-1.8,-3,,32200,3.2,,6,,,-1.5,-3.4,0
2025-02-14 04:00:00 PST,1739534400,100.45,100.5,ENE,7,8,,90,-4.2,-2.8,-6,,32200,3.2,,4,,,-1.6,-3.7,0
2025-02-14 03:00:00 PST,1739530800,100.36,100.41,ESE,10,7,,89,-4.4,-2.8,-6,,32200,3.3,,5,,,-0.4,-3,0
2025-02-14 02:00:00 PST,1739527200,100.25,100.3,N,0,5,,88,-4.3,-2.5,-4,,32200,3.5,,4,,,1,-2.5,0
2025-02-14 01:00:00 PST,1739523600,100.16,100.21,,,0,,91,-1.7,-0.4,,,32200,3.5,,7,,,0.1,-3.3,0
2025-02-14 00:00:00 PST,1739520000,100.07,100.12,ESE,10,4,,86,-2.3,-0.2,-1,,32200,3.5,,8,,,0.3,-2.3,0
2025-02-13 23:00:00 PST,1739516400,100,100.05,SSE,14,3,,78,-3.1,0.3,,,32200,3.5,,8,,,1.6,0.3,0
2025-02-13 22:00:00 PST,1739512800,99.9,99.95,,,0,,71,-4.3,0.3,,,32200,3.6,,6,,,2,-0.6,0
2025-02-13 21:00:00 PST,1739509200,99.81,99.86,N,35,7,,71,-2.7,2,,,32200,3.5,,6,,,2,-0.6,0
2025-02-13 20:00:00 PST,1739505600,99.74,99.79,N,35,7,,75,-3.8,0,-2,,32200,3.4,,1,,,1.7,-0.3,0
2025-02-13 19:00:00 PST,1739502000,99.7,99.75,N,35,7,,75,-2.5,1.3,,,32200,3.4,,5,,,1.9,1,0
2025-02-13 18:00:00 PST,1739498400,99.65,99.7,N,35,9,,76,-2.3,1.4,,,32200,3.3,,6,,,1.6,0.7,0
2025-02-13 17:00:00 PST,1739494800,99.64,99.69,WNW,29,12,,82,-1.2,1.5,,,32200,3.2,,6,,,1.5,1,0
2025-02-13 16:00:00 PST,1739491200,99.62,99.67,W,28,11,,77,-2.2,1.3,,,32200,3.2,,7,,,2.4,1.3,0
2025-02-13 15:00:00 PST,1739487600,99.62,99.67,WNW,29,11,,69,-3.1,2,,,32200,3.2,,6,,,2.6,1.8,0
2025-02-13 14:00:00 PST,1739484000,99.65,99.7,WNW,29,6,,64,-3.4,2.6,,,32200,3.1,,6,,,2.9,2.1,0
2025-02-13 13:00:00 PST,1739480400,99.71,99.76,SW,23,5,,65,-3.7,2.2,,,32200,3,,5,,,2.2,1.6,0
2025-02-13 12:00:00 PST,1739476800,99.72,99.77,SW,22,9,,68,-3.7,1.6,,,32200,3.2,,6,,,2.4,1.1,0
2025-02-13 11:00:00 PST,1739473200,99.73,99.78,NW,31,4,,67,-4,1.4,,,32200,3.5,,5,,,1.5,-1,0
2025-02-13 10:00:00 PST,1739469600,99.8,99.85,ESE,11,4,,74,-5,-1,-2,,32200,3.6,,5,,,-0.9,-3.9,0
2025-02-13 09:00:00 PST,1739466000,99.8,99.85,E,9,8,,84,-6,-3.6,-7,,32200,3.6,,6,,,-3.6,-6.2,0
2025-02-13 08:00:00 PST,1739462400,99.82,99.87,E,8,10,,94,-6.9,-6.2,-11,,32200,3.5,,4,,,-4.3,-6.6,0
2025-02-13 07:00:00 PST,1739458800,99.89,99.94,ENE,7,9,,90,-5.9,-4.4,-8,,32200,3.4,,1,,,-3.9,-7.5,0
2025-02-13 06:00:00 PST,1739455200,99.96,100.01,E,10,7,,97,-6.9,-6.5,-10,,32200,3.2,,1,,,-5,-7.8,0
2025-02-13 05:00:00 PST,1739451600,100.12,100.17,E,10,4,,96,-6.1,-5.6,-7,,32200,3.3,,0,,,-4,-7.1,0
2025-02-13 04:00:00 PST,1739448000,100.23,100.28,ENE,6,6,,94,-6.1,-5.3,-8,,32200,3.2,,1,,,-4.1,-7.1,0
2025-02-13 03:00:00 PST,1739444400,100.37,100.42,E,9,8,,91,-5.1,-3.9,-7,,32200,3.2,,0,,,-3.4,-5.7,0
2025-02-13 02:00:00 PST,1739440800,100.45,100.5,SE,13,8,,89,-6,-4.5,-8,,32200,3.2,,1,,,-1.4,-5.1,0
2025-02-13 01:00:00 PST,1739437200,100.54,100.59,,11,0,,75,-5.4,-1.6,,,32200,3.3,,3,,,-0.9,-4.6,0
2025-02-13 00:00:00 PST,1739433600,100.64,100.69,NNW,32,7,,82,-7.5,-4.9,-8,,32200,3.4,,4,,,-1.2,-4.9,0
2025-02-12 23:00:00 PST,1739430000,100.71,100.76,,,0,,79,-4.5,-1.4,,,32200,3.6,,1,,,-1.2,-4.2,0
2025-02-12 22:00:00 PST,1739426400,100.81,100.86,NNW,34,7,,86,-5.8,-3.8,-7,,32200,3.7,,2,,,-0.7,-3.9,0
2025-02-12 21:00:00 PST,1739422800,100.87,100.92,ESE,10,5,,73,-6.2,-1.9,-4,,32200,3.6,,0,,,-0.4,-4.4,0
2025-02-12 20:00:00 PST,1739419200,100.92,100.97,N,1,5,,69,-5.6,-0.7,-2,,32200,3.4,,0,,,-0.5,-1.4,0
2025-02-12 19:00:00 PST,1739415600,101.01,101.06,N,35,7,,67,-6.6,-1.2,-4,,32200,3.4,,1,,,-0.2,-2,0
2025-02-12 18:00:00 PST,1739412000,101.1,101.15,N,0,5,,67,-6,-0.6,-2,,40200,3.4,,2,,,-0.4,-2,0
2025-02-12 17:00:00 PST,1739408400,101.19,101.24,W,27,7,,71,-6.1,-1.4,-4,,48300,3.2,,1,,,0.9,-1.5,0
2025-02-12 16:00:00 PST,1739404800,101.25,101.3,W,25,9,,61,-5.9,0.9,,,48300,3.3,,1,,,1.1,0.8,0
2025-02-12 15:00:00 PST,1739401200,101.31,101.36,WSW,25,5,,59,-6.2,0.9,,,48300,3.3,,1,,,1.1,0.7,0
2025-02-12 14:00:00 PST,1739397600,101.44,101.49,SW,23,5,,56,-6.9,0.9,,,48300,3.2,,1,,,1.5,0.7,0
2025-02-12 13:00:00 PST,1739394000,101.56,101.61,WNW,29,3,,55,-6.8,1.2,,,48300,3.1,,1,,,1.2,0.2,0
2025-02-12 12:00:00 PST,1739390400,101.67,101.72,WSW,24,8,,56,-7.4,0.4,,,48300,2.8,,1,,,0.7,-0.3,0
2025-02-12 11:00:00 PST,1739386800,101.74,101.79,ESE,11,6,,61,-7,-0.3,-2,,48300,3.1,,0,,,-0.3,-2.5,0
2025-02-12 10:00:00 PST,1739383200,101.83,101.88,E,9,8,,73,-6.7,-2.5,-6,,48300,3.3,,0,,,-2.5,-3.9,0
2025-02-12 09:00:00 PST,1739379600,101.88,101.93,ESE,10,11,,78,-6.8,-3.5,-8,,48300,3.3,,0,,,-3.5,-6.5,0
2025-02-12 08:00:00 PST,1739376000,101.89,101.94,E,8,14,,90,-8.2,-6.8,-13,,48300,3.2,,1,,,-5.2,-7.3,0
2025-02-12 07:00:00 PST,1739372400,101.92,101.97,E,10,12,,90,-7.3,-5.9,-11,,40200,3.1,,1,,,-5.9,-7.2,0
2025-02-12 06:00:00 PST,1739368800,101.97,102.02,E,10,12,,90,-8.8,-7.3,-13,,32200,3.1,,0,,,-5.1,-7.3,0
2025-02-12 05:00:00 PST,1739365200,101.97,102.02,E,9,9,,92,-7.3,-6.2,-10,,32200,3.1,,0,,,-5,-7.4,0
2025-02-12 04:00:00 PST,1739361600,102.01,102.06,E,8,5,,93,-6.9,-6,-8,,32200,3.1,,0,,,-5.8,-8.1,0
2025-02-12 03:00:00 PST,1739358000,102.05,102.1,E,9,10,,84,-9.5,-7.3,-12,,32200,3.2,,0,,,-4.2,-7.3,0
2025-02-12 02:00:00 PST,1739354400,102.11,102.16,,7,0,,84,-8.1,-5.8,,,32200,3.3,,0,,,-2.9,-6.1,0
2025-02-12 01:00:00 PST,1739350800,102.15,102.2,ENE,6,8,,73,-7.8,-3.6,-7,,32200,3.3,,0,,,-2.7,-4.7,0
2025-02-12 00:00:00 PST,1739347200,102.18,102.23,ENE,7,9,,82,-6.5,-3.9,-8,,32200,3.2,,0,,,-3.3,-5.3,0
2025-02-11 23:00:00 PST,1739343600,102.2,102.25,S,17,16,38,75,-7.9,-4.2,-10,,32200,3.3,,1,,,-2.5,-5,0
2025-02-11 22:00:00 PST,1739340000,102.22,102.27,ENE,7,11,,70,-7.8,-3,-7,,32200,3.5,,1,,,-1,-3.5,0
2025-02-11 21:00:00 PST,1739336400,102.23,102.28,NNE,2,7,,68,-6.5,-1.4,-4,,32200,3.7,,0,,,-1.2,-4.3,0
2025-02-11 20:00:00 PST,1739332800,102.24,102.29,,6,0,,71,-5.9,-1.3,,,32200,3.7,,0,,,-0.5,-3,0
2025-02-11 19:00:00 PST,1739329200,102.27,102.32,NNE,2,4,,72,-5.2,-0.7,-2,,32200,3.4,,0,,,-0.7,-3.2,0
2025-02-11 18:00:00 PST,1739325600,102.32,102.37,WNW,29,8,,74,-6.8,-2.8,-6,,32200,3.2,,0,,,-1,-2.9,0
2025-02-11 17:00:00 PST,1739322000,102.37,102.42,NW,30,7,,73,-5.9,-1.7,-4,,48300,3,,0,,,-0.1,-2,0
2025-02-11 16:00:00 PST,1739318400,102.42,102.47,WNW,29,7,,70,-5.1,-0.2,-3,,48300,2.8,,0,,,0.2,-0.4,0
2025-02-11 15:00:00 PST,1739314800,102.48,102.53,W,27,12,,65,-6,-0.2,-4,,48300,2.9,,2,,,-0.1,-0.3,0
2025-02-11 14:00:00 PST,1739311200,102.55,102.6,WSW,23,12,,59,-7.2,-0.2,-4,,48300,3,,1,,,-0.1,-0.4,0
2025-02-11 13:00:00 PST,1739307600,102.64,102.69,WSW,24,16,,56,-8.1,-0.4,-5,,48300,2.9,,1,,,-0.4,-1.3,0
2025-02-11 12:00:00 PST,1739304000,102.7,102.75,WSW,24,8,,54,-9.4,-1.3,-4,,48300,2.9,,1,,,-1.3,-2,0
2025-02-11 11:00:00 PST,1739300400,102.78,102.83,E,9,7,,57,-9.4,-2.1,-5,,48300,3,,2,,,-2.1,-3.7,0
2025-02-11 10:00:00 PST,1739296800,102.83,102.88,E,9,11,,63,-9.8,-3.7,-8,,48300,3.1,,3,,,-3.5,-5.4,0
2025-02-11 09:00:00 PST,1739293200,102.87,102.92,E,10,16,,72,-9.7,-5.4,-11,,48300,3.2,,2,,,-5.4,-8,0
2025-02-11 08:00:00 PST,1739289600,102.92,102.97,E,9,12,,77,-10.9,-7.6,-13,,48300,3.1,,3,,,-6.1,-8.6,0
2025-02-11 07:00:00 PST,1739286000,102.94,102.99,E,8,8,,80,-8.7,-5.9,-10,,40200,3,,2,,,-5.5,-7.4,0
2025-02-11 06:00:00 PST,1739282400,102.98,103.03,ESE,12,7,,76,-9.9,-6.4,-10,,32200,3,,1,,,-5.9,-8.5,0
2025-02-11 05:00:00 PST,1739278800,103.04,103.09,E,8,8,,80,-9.3,-6.4,-10,,32200,2.9,,1,,,-5.1,-7.5,0
2025-02-11 04:00:00 PST,1739275200,103.09,103.14,E,8,7,,73,-9.7,-5.6,-9,,32200,2.9,,0,,,-5.6,-8,0
2025-02-11 03:00:00 PST,1739271600,103.12,103.17,ESE,10,10,,75,-10.9,-7.2,-12,,32200,2.8,,0,,,-3.9,-7.7,0
2025-02-11 02:00:00 PST,1739268000,103.15,103.2,ESE,11,6,,63,-10.5,-4.5,-7,,32200,2.7,,0,,,-3.5,-6,0
2025-02-11 01:00:00 PST,1739264400,103.18,103.23,,,0,,63,-10.2,-4.1,,,32200,2.6,,0,,,-3.4,-6,0
2025-02-11 00:00:00 PST,1739260800,103.2,103.25,ENE,6,3,,68,-9.6,-4.5,-6,,32200,2.6,,0,,,-2.7,-5.6,0
2025-02-10 23:00:00 PST,1739257200,103.21,103.26,E,7,12,,59,-10.3,-3.4,-8,,32200,2.6,,0,,,-2.1,-3.4,0
2025-02-10 22:00:00 PST,1739253600,103.21,103.26,ENE,6,13,,57,-10,-2.5,-7,,32200,2.7,,0,,,-2.2,-3.8,0
2025-02-10 21:00:00 PST,1739250000,103.21,103.26,E,8,10,,51,-12.6,-3.8,-8,,32200,2.8,,0,,,-2.5,-4.7,0
2025-02-10 20:00:00 PST,1739246400,103.23,103.28,E,9,14,,51,-12.2,-3.5,-9,,32200,2.8,,0,,,-0.3,-3.5,0
2025-02-10 19:00:00 PST,1739242800,103.24,103.29,SE,12,9,,50,-10,-0.8,-4,,32200,2.8,,0,,,1,-1.8,0
2025-02-10 18:00:00 PST,1739239200,103.23,103.28,,,0,,56,-8.2,-0.5,,,40200,2.7,,1,,,0.1,-1.7,0
2025-02-10 17:00:00 PST,1739235600,103.24,103.29,WNW,28,6,,55,-7.9,0.2,,,48300,2.5,,0,,,0.9,-1,0
2025-02-10 16:00:00 PST,1739232000,103.25,103.3,WNW,30,6,,56,-7.2,0.6,,,48300,2.5,,2,,,1,0.4,0
2025-02-10 15:00:00 PST,1739228400,103.25,103.3,W,27,12,,57,-6.7,0.8,,,48300,2.5,,1,,,1.4,0.7,0
2025-02-10 14:00:00 PST,1739224800,103.27,103.32,W,26,8,,52,-7.5,1.2,,,48300,2.5,,2,,,1.6,1.1,0
2025-02-10 13:00:00 PST,1739221200,103.31,103.36,SSE,15,6,,40,-10.6,1.5,,,48300,2.5,,1,,,1.5,0.9,0
2025-02-10 12:00:00 PST,1739217600,103.39,103.44,ESE,11,10,,45,-9.7,0.9,,,48300,2.6,,1,,,0.9,0,0
2025-02-10 11:00:00 PST,1739214000,103.43,103.48,ESE,10,18,,48,-9.7,0.1,,,48300,2.8,,2,,,0.1,-1.1,0
2025-02-10 10:00:00 PST,1739210400,103.44,103.49,E,10,16,,62,-7.6,-1.2,-6,,48300,2.9,,3,,,-1.2,-2.6,0
2025-02-10 09:00:00 PST,1739206800,103.41,103.46,ESE,11,12,,75,-6.1,-2.3,-7,,48300,2.8,,2,,,-2.3,-3.9,0
2025-02-10 08:00:00 PST,1739203200,103.38,103.43,E,8,8,,84,-5.9,-3.5,-7,,48300,2.6,,3,,,-2.9,-3.9,0
2025-02-10 07:00:00 PST,1739199600,103.35,103.4,ESE,11,7,,88,-5.1,-3.4,-6,,32200,2.5,,5,,,-3.2,-5,0
2025-02-10 06:00:00 PST,1739196000,103.34,103.39,E,9,9,,95,-5.1,-4.3,-8,,32200,2.5,,6,,,-4,-5.2,0
2025-02-10 05:00:00 PST,1739192400,103.34,103.39,E,8,10,,95,-5,-4.3,-8,,32200,2.5,,8,,,-3.9,-5.5,0
2025-02-10 04:00:00 PST,1739188800,103.33,103.38,E,9,10,,93,-5.7,-4.8,-9,,32200,2.5,,7,,,-3.2,-5.1,0
2025-02-10 03:00:00 PST,1739185200,103.35,103.4,E,8,7,,96,-4.4,-3.8,-7,,32200,2.6,,1,,,-2.6,-4.7,0
2025-02-10 02:00:00 PST,1739181600,103.35,103.4,NE,4,4,,95,-5,-4.4,-6,,32200,2.7,,7,,,-1.7,-4.7,0
2025-02-10 01:00:00 PST,1739178000,103.33,103.38,,,0,,88,-4.4,-2.7,,,32200,2.7,,1,,,-1.2,-3.6,0
2025-02-10 00:00:00 PST,1739174400,103.32,103.37,WSW,25,9,,84,-4.2,-2,-5,,32200,2.8,,4,,,-0.6,-2.5,0
2025-02-09 23:00:00 PST,1739170800,103.29,103.34,ENE,6,8,,80,-4.5,-1.5,-5,,32200,2.8,,1,,,-0.6,-2.1,0
2025-02-09 22:00:00 PST,1739167200,103.29,103.34,E,9,7,,86,-3.8,-1.8,-4,,32200,2.9,,2,,,-0.5,-2.6,0
2025-02-09 21:00:00 PST,1739163600,103.25,103.3,ENE,7,9,,82,-4.3,-1.6,-5,,32200,2.9,,2,,,0.5,-2.6,0
2025-02-09 20:00:00 PST,1739160000,103.25,103.3,NNW,34,5,,79,-3.7,-0.4,-2,,32200,2.7,,1,,,0.2,-2,0
2025-02-09 19:00:00 PST,1739156400,103.27,103.32,NW,31,10,,85,-4,-1.8,-5,,32200,2.6,,1,,,0.9,-2.2,0
2025-02-09 18:00:00 PST,1739152800,103.27,103.32,WNW,30,12,,81,-2.9,0,-4,,32200,2.5,,1,,,0.9,-0.1,0
2025-02-09 17:00:00 PST,1739149200,103.27,103.32,NW,31,17,,82,-1.9,0.8,,,32200,2.4,,5,,,1.6,0.8,0
2025-02-09 16:00:00 PST,1739145600,103.32,103.37,WNW,29,14,,75,-2.4,1.5,,,32200,2.4,,7,,,1.7,1.4,0
2025-02-09 15:00:00 PST,1739142000,103.32,103.37,WNW,28,13,,77,-2.1,1.5,,,32200,2.4,,7,,,1.6,1.4,0
2025-02-09 14:00:00 PST,1739138400,103.35,103.4,WNW,29,13,,84,-0.8,1.5,,,32200,2.4,,8,,,1.7,1.3,0
2025-02-09 13:00:00 PST,1739134800,103.36,103.41,NW,31,7,,82,-1.4,1.3,,,32200,2.2,,8,,,1.3,0.8,0
2025-02-09 12:00:00 PST,1739131200,103.42,103.47,,,0,,84,-1.6,0.8,,,24100,2.1,,8,,,1,0.6,0
2025-02-09 11:00:00 PST,1739127600,103.43,103.48,E,8,4,,87,-1.4,0.6,,,24100,2.1,,7,,,0.6,0.1,0
2025-02-09 10:00:00 PST,1739124000,103.38,103.43,ESE,11,5,,90,-1.2,0.2,,,24100,2.2,,8,,,0.2,-0.3,0
2025-02-09 09:00:00 PST,1739120400,103.36,103.41,E,8,8,,90,-1.7,-0.2,-3,,32200,2.4,,7,,,-0.2,-0.6,0
2025-02-09 08:00:00 PST,1739116800,103.33,103.38,ESE,11,7,,93,-1.3,-0.3,-3,,32200,2.5,,7,,,-0.1,-0.6,0
2025-02-09 07:00:00 PST,1739113200,103.28,103.33,SE,14,8,,93,-1,-0.1,-3,,32200,2.5,,7,,,0,-0.7,0
2025-02-09 06:00:00 PST,1739109600,103.28,103.33,S,17,5,,98,-0.4,-0.2,-2,,19300,2.4,,8,,,0.1,-0.6,0
2025-02-09 05:00:00 PST,1739106000,103.27,103.32,,,0,,97,-0.4,0,,,9700,2.5,,8,,,0.1,-0.9,0.2
2025-02-09 04:00:00 PST,1739102400,103.25,103.3,,11,0,,97,-1,-0.5,,,9700,2.5,,8,,,0.1,-0.8,0
2025-02-09 03:00:00 PST,1739098800,103.27,103.32,NNW,32,5,,94,-1.5,-0.6,-2,,16100,2.5,,8,,,-0.2,-1.1,0
2025-02-09 02:00:00 PST,1739095200,103.21,103.26,ESE,10,5,,91,-2.2,-0.9,-3,,20900,2.6,,8,,,0,-2.4,0
2025-02-09 01:00:00 PST,1739091600,103.19,103.24,ENE,6,9,,89,-1.7,-0.2,-3,,24100,2.6,,7,,,-0.2,-2.5,0
2025-02-09 00:00:00 PST,1739088000,103.2,103.25,ESE,12,5,,88,-3.5,-1.8,-4,,24100,2.7,,6,,,-0.4,-2.6,0
2025-02-08 23:00:00 PST,1739084400,103.14,103.19,ENE,6,10,,86,-3.1,-1.1,-5,,24100,2.7,,1,,,-0.5,-1.9,0
2025-02-08 22:00:00 PST,1739080800,103.09,103.14,ENE,6,9,,96,-2,-1.4,-5,,24100,2.7,,2,,,-0.4,-2.5,0
2025-02-08 21:00:00 PST,1739077200,103.04,103.09,E,8,13,,91,-1.9,-0.7,-5,,24100,2.7,,3,,,-0.4,-1.6,0
2025-02-08 20:00:00 PST,1739073600,102.99,103.04,E,8,11,,89,-2,-0.4,-4,,24100,2.6,,2,,,0.7,-1.1,0
2025-02-08 19:00:00 PST,1739070000,102.93,102.98,E,8,13,,90,-0.6,0.8,,,24100,2.7,,4,,,1.6,-0.2,0
2025-02-08 18:00:00 PST,1739066400,102.91,102.96,W,27,13,,80,-1.8,1.2,,,32200,2.5,,2,,,2,1,0
2025-02-08 17:00:00 PST,1739062800,102.87,102.92,W,26,16,,77,-1.6,2,,,32200,2.4,,2,,,3,1.8,0
2025-02-08 16:00:00 PST,1739059200,102.86,102.91,W,27,17,,71,-1.6,3.1,,,32200,2.4,,2,,,3.5,2.6,0
2025-02-08 15:00:00 PST,1739055600,102.83,102.88,WNW,29,5,,84,0.6,2.9,,,32200,2.5,,4,,,3.1,2.1,0
2025-02-08 14:00:00 PST,1739052000,102.81,102.86,,32,0,,92,1.1,2.2,,,16100,2.6,,6,,,2.3,0.5,0
2025-02-08 13:00:00 PST,1739048400,102.8,102.85,SSE,16,11,,100,0.8,0.8,,,4800,2.6,,8,,,1.6,0.5,0.2
2025-02-08 12:00:00 PST,1739044800,102.8,102.85,ENE,7,3,,83,-1.4,1.2,,,24100,2.5,,8,,,1.2,0.4,0
2025-02-08 11:00:00 PST,1739041200,102.79,102.84,SSE,15,8,,74,-3,1.2,,,24100,2.4,,8,,,1.2,0.4,0
2025-02-08 10:00:00 PST,1739037600,102.74,102.79,SSE,14,5,,77,-3,0.7,,,32200,2.4,,8,,,0.7,-0.3,0
2025-02-08 09:00:00 PST,1739034000,102.69,102.74,E,9,8,,83,-2.7,-0.2,-3,,32200,2.4,,8,,,0,-1.2,0
2025-02-08 08:00:00 PST,1739030400,102.64,102.69,SE,14,5,,84,-3.4,-1,-3,,32200,2.4,,8,,,-0.9,-1.4,0
2025-02-08 07:00:00 PST,1739026800,102.59,102.64,E,10,8,,80,-4,-1,-4,,32200,2.3,,7,,,-0.4,-2.1,0
2025-02-08 06:00:00 PST,1739023200,102.58,102.63,,,0,,86,-3.8,-1.9,,,24100,2.3,,8,,,-0.9,-1.9,0
2025-02-08 05:00:00 PST,1739019600,102.55,102.6,E,9,7,,82,-3.9,-1.2,-4,,24100,2.3,,8,,,-0.9,-1.9,0
2025-02-08 04:00:00 PST,1739016000,102.55,102.6,ENE,7,5,,82,-3.8,-1.1,-3,,24100,2.3,,8,,,-1.1,-2.4,0
2025-02-08 03:00:00 PST,1739012400,102.55,102.6,ESE,10,13,,87,-4,-2.1,-7,,24100,2.4,,8,,,-1.8,-2.4,0
2025-02-08 02:00:00 PST,1739008800,102.52,102.57,E,8,9,,85,-3.9,-1.8,-5,,24100,2.4,,8,,,-0.4,-2.3,0
2025-02-08 01:00:00 PST,1739005200,102.53,102.58,E,8,9,,84,-4,-1.6,-5,,24100,2.5,,8,,,-0.2,-1.8,0
2025-02-08 00:00:00 PST,1739001600,102.53,102.58,ENE,6,10,,75,-4.2,-0.3,-4,,24100,2.6,,8,,,0,-0.8,0
2025-02-07 23:00:00 PST,1738998000,102.52,102.57,ENE,6,11,,82,-3.6,-0.9,-5,,24100,2.8,,6,,,0,-1.9,0
2025-02-07 22:00:00 PST,1738994400,102.5,102.55,ENE,7,17,,72,-4.6,-0.1,-5,,24100,2.9,,5,,,0.5,-0.1,0
2025-02-07 21:00:00 PST,1738990800,102.49,102.54,ENE,6,15,,67,-5,0.4,,,24100,3,,7,,,0.6,0.1,0
2025-02-07 20:00:00 PST,1738987200,102.45,102.5,NE,5,13,,63,-5.9,0.3,,,24100,2.9,,7,,,0.3,-0.8,0
2025-02-07 19:00:00 PST,1738983600,102.42,102.47,ENE,7,17,,64,-6.6,-0.6,-6,,24100,2.9,,5,,,-0.4,-2.3,0
2025-02-07 18:00:00 PST,1738980000,102.38,102.43,E,9,12,,67,-7.1,-1.7,-6,,32200,2.9,,6,,,0,-1.7,0
2025-02-07 17:00:00 PST,1738976400,102.32,102.37,E,10,14,,66,-6.5,-0.9,-5,,32200,2.8,,7,,,0.6,-0.9,0
2025-02-07 16:00:00 PST,1738972800,102.29,102.34,E,9,11,,63,-5.8,0.4,,,32200,2.8,,7,,,1.7,0.4,0
2025-02-07 15:00:00 PST,1738969200,102.23,102.28,,,0,,59,-6,1.2,,,32200,2.8,,8,,,2.1,0.6,0
2025-02-07 14:00:00 PST,1738965600,102.19,102.24,SE,12,5,,56,-6.6,1.2,,,32200,2.7,,7,,,1.3,0.8,0
2025-02-07 13:00:00 PST,1738962000,102.15,102.2,,,0,,57,-6.5,1.1,,,32200,2.6,,6,,,1.2,-0.4,0
2025-02-07 12:00:00 PST,1738958400,102.1,102.15,E,9,8,,63,-6.7,-0.4,-3,,32200,2.6,,4,,,-0.4,-1.6,0
2025-02-07 11:00:00 PST,1738954800,102.05,102.1,E,9,12,,66,-7.2,-1.6,-6,,32200,2.8,,4,,,-1.5,-3.2,0
2025-02-07 10:00:00 PST,1738951200,101.98,102.03,E,9,14,,69,-8.1,-3.2,-8,,32200,3,,4,,,-3.2,-5.5,0
2025-02-07 09:00:00 PST,1738947600,101.88,101.93,E,9,12,,75,-8.8,-5.1,-10,,32200,3,,2,,,-5.1,-7,0
2025-02-07 08:00:00 PST,1738944000,101.78,101.83,E,9,12,,81,-9.4,-6.6,-12,,32200,2.9,,1,,,-6,-7.5,0
2025-02-07 07:00:00 PST,1738940400,101.69,101.74,E,10,14,,79,-9.2,-6,-12,,32200,2.8,,0,,,-5.7,-8.9,0
2025-02-07 06:00:00 PST,1738936800,101.63,101.68,E,9,11,,83,-10.8,-8.5,-14,,32200,2.8,,0,,,-6.5,-8.5,0
2025-02-07 05:00:00 PST,1738933200,101.59,101.64,ESE,10,13,,88,-9.2,-7.5,-13,,32200,2.8,,0,,,-6.5,-8.2,0
2025-02-07 04:00:00 PST,1738929600,101.56,101.61,E,9,7,,90,-7.8,-6.5,-10,,32200,2.9,,0,,,-5.4,-7.6,0
2025-02-07 03:00:00 PST,1738926000,101.56,101.61,E,9,9,,84,-9.5,-7.2,-12,,32200,2.9,,0,,,-4.9,-7.2,0
2025-02-07 02:00:00 PST,1738922400,101.52,101.57,E,9,10,,90,-6.7,-5.2,-10,,32200,3,,0,,,-4.6,-6.6,0
2025-02-07 01:00:00 PST,1738918800,101.52,101.57,E,8,9,,89,-6.6,-5.1,-9,,32200,3,,0,,,-3.9,-5.8,0
2025-02-07 00:00:00 PST,1738915200,101.49,101.54,E,7,7,,84,-6.3,-4,-7,,32200,3.1,,0,,,-3.9,-5.9,0
2025-02-06 23:00:00 PST,1738911600,101.49,101.54,E,9,10,,82,-7.4,-4.8,-9,,32200,3.3,,0,,,-2.7,-5,0
2025-02-06 22:00:00 PST,1738908000,101.51,101.56,ESE,10,12,,81,-6.5,-3.6,-8,,32200,3.5,,0,,,-3.4,-5.2,0
2025-02-06 21:00:00 PST,1738904400,101.5,101.55,E,9,12,,87,-5.7,-3.8,-8,,32200,3.7,,0,,,-1.4,-4,0
2025-02-06 20:00:00 PST,1738900800,101.52,101.57,NW,31,18,,74,-6,-1.9,-7,,32200,3.8,,0,,,-0.6,-3.5,0
2025-02-06 19:00:00 PST,1738897200,101.56,101.61,WNW,30,16,,79,-5.7,-2.6,-8,,32200,3.7,,0,,,-1.4,-3.6,0
2025-02-06 18:00:00 PST,1738893600,101.6,101.65,NW,31,12,,77,-5.8,-2.2,-6,,32200,3.6,,8,,,-0.2,-2.3,0
2025-02-06 17:00:00 PST,1738890000,101.64,101.69,NNW,33,13,,64,-6.2,-0.2,-4,,32200,3.4,,6,,,0,-1.1,0
2025-02-06 16:00:00 PST,1738886400,101.69,101.74,NW,31,22,,62,-6.6,-0.1,-6,,32200,3.2,,7,,,0.6,-0.1,0
2025-02-06 15:00:00 PST,1738882800,101.73,101.78,NNW,33,13,,62,-5.9,0.5,,,32200,3.1,,8,,,0.6,-0.2,0
2025-02-06 14:00:00 PST,1738879200,101.77,101.82,,,0,,73,-4.4,-0.2,,,32200,3.1,,8,,,0,-0.5,0
2025-02-06 13:00:00 PST,1738875600,101.83,101.88,SSW,20,3,,75,-4.3,-0.4,-1,,32200,3,,8,,,-0.4,-0.9,0
2025-02-06 12:00:00 PST,1738872000,101.89,101.94,ESE,10,6,,83,-3.4,-0.9,-3,,24100,2.9,,8,,,-0.9,-1.9,0
2025-02-06 11:00:00 PST,1738868400,101.94,101.99,E,9,8,,87,-3.6,-1.7,-5,,24100,2.9,,8,,,-1.7,-2.2,0
2025-02-06 10:00:00 PST,1738864800,101.94,101.99,ESE,11,9,,89,-3.7,-2.1,-6,,32200,2.9,,8,,,-2,-2.5,0
2025-02-06 09:00:00 PST,1738861200,101.9,101.95,ESE,11,13,,91,-3.7,-2.5,-7,,32200,2.9,,8,,,-2.5,-3,0
2025-02-06 08:00:00 PST,1738857600,101.86,101.91,ESE,10,12,,94,-3.8,-2.9,-7,,24100,2.8,,8,,,-2.9,-3.2,0
2025-02-06 07:00:00 PST,1738854000,101.82,101.87,E,9,10,,95,-3.8,-3.1,-7,,32200,2.8,,8,,,-3,-3.4,0
2025-02-06 06:00:00 PST,1738850400,101.84,101.89,ESE,10,10,,97,-3.8,-3.4,-7,,32200,2.8,,8,,,-3.3,-3.5,0
2025-02-06 05:00:00 PST,1738846800,101.81,101.86,SE,12,9,,96,-3.9,-3.3,-7,,32200,2.9,,8,,,-3.2,-4.2,0
2025-02-06 04:00:00 PST,1738843200,101.79,101.84,ESE,11,10,,93,-4.6,-3.7,-8,,32200,2.9,,7,,,-3.3,-3.9,0
2025-02-06 03:00:00 PST,1738839600,101.78,101.83,E,9,10,,91,-4.5,-3.3,-7,,32200,3,,8,,,-3.1,-3.4,0
2025-02-06 02:00:00 PST,1738836000,101.73,101.78,SE,12,9,,90,-4.6,-3.2,-7,,32200,3,,8,,,-2.7,-3.2,0
2025-02-06 01:00:00 PST,1738832400,101.69,101.74,SE,14,11,,88,-4.8,-3.2,-7,,32200,3,,8,,,-2.5,-3.5,0
2025-02-06 00:00:00 PST,1738828800,101.64,101.69,ESE,11,12,,89,-4.2,-2.7,-7,,32200,3.1,,7,,,-2.2,-2.8,0
2025-02-05 23:00:00 PST,1738825200,101.61,101.66,ESE,10,12,,90,-4,-2.6,-7,,32200,3.2,,8,,,-2.4,-2.6,0
2025-02-05 22:00:00 PST,1738821600,101.6,101.65,E,8,10,,89,-4.1,-2.6,-6,,32200,3.3,,8,,,-2.5,-2.7,0
2025-02-05 21:00:00 PST,1738818000,101.56,101.61,SE,13,10,,85,-4.7,-2.5,-6,,32200,3.3,,8,,,-2.5,-2.8,0
2025-02-05 20:00:00 PST,1738814400,101.5,101.55,ESE,11,9,,82,-5.3,-2.6,-6,,32200,3.3,,8,,,-2.6,-3.1,0
2025-02-05 19:00:00 PST,1738810800,101.44,101.49,ESE,10,14,,85,-5.1,-2.8,-8,,32200,3.3,,8,,,-1.5,-2.8,0
2025-02-05 18:00:00 PST,1738807200,101.41,101.46,SE,14,12,,74,-5.8,-1.8,-6,,32200,3.2,,8,,,-1.1,-1.8,0
2025-02-05 17:00:00 PST,1738803600,101.4,101.45,SSE,15,12,,74,-5.4,-1.4,-5,,32200,3,,8,,,-1.2,-1.6,0
2025-02-05 16:00:00 PST,1738800000,101.4,101.45,SSE,16,8,,67,-6.6,-1.2,-4,,32200,2.8,,8,,,-1.2,-1.8,0
2025-02-05 15:00:00 PST,1738796400,101.37,101.42,,,0,,67,-7.1,-1.7,,,32200,2.7,,8,,,-1.7,-2,0
2025-02-05 14:00:00 PST,1738792800,101.4,101.45,SE,13,7,,66,-7.5,-2,-5,,32200,2.6,,8,,,-1.8,-2.4,0
2025-02-05 13:00:00 PST,1738789200,101.4,101.45,E,9,13,,69,-7.3,-2.4,-7,,24100,2.7,,8,,,-2.4,-3,0
2025-02-05 12:00:00 PST,1738785600,101.45,101.5,SE,14,8,,67,-8.2,-3,-6,,32200,2.7,,8,,,-3,-3.3,0
2025-02-05 11:00:00 PST,1738782000,101.39,101.44,E,9,8,,66,-8.7,-3.2,-6,,32200,2.8,,8,,,-3.2,-4.5,0
2025-02-05 10:00:00 PST,1738778400,101.35,101.4,E,8,13,,63,-10.4,-4.4,-9,,32200,2.8,,7,,,-4.4,-5.3,0
2025-02-05 09:00:00 PST,1738774800,101.31,101.36,E,9,17,,64,-11,-5.2,-11,,32200,2.8,,7,,,-5.2,-6.6,0
2025-02-05 08:00:00 PST,1738771200,101.23,101.28,E,8,14,,62,-11.8,-5.7,-11,,32200,2.7,,7,,,-5.7,-8,0
2025-02-05 07:00:00 PST,1738767600,101.18,101.23,E,9,14,,70,-11.9,-7.3,-13,,32200,2.5,,1,,,-6.9,-8.8,0
2025-02-05 06:00:00 PST,1738764000,101.13,101.18,E,9,14,,69,-12.9,-8.2,-14,,32200,2.5,,1,,,-6.9,-8.8,0
2025-02-05 05:00:00 PST,1738760400,101.08,101.13,E,9,12,,74,-11.9,-8,-13,,32200,2.5,,6,,,-7.2,-8.8,0
2025-02-05 04:00:00 PST,1738756800,101.01,101.06,E,9,14,,72,-12.1,-7.9,-14,,32200,2.5,,2,,,-5.9,-7.9,0
2025-02-05 03:00:00 PST,1738753200,101.03,101.08,E,9,16,,72,-11,-6.7,-13,,32200,2.7,,6,,,-5.4,-7,0
2025-02-05 02:00:00 PST,1738749600,100.96,101.01,ESE,10,13,,73,-10.1,-6,-11,,32200,2.8,,8,,,-4.7,-6.4,0
2025-02-05 01:00:00 PST,1738746000,100.92,100.97,ESE,10,14,,74,-9.8,-5.8,-11,,32200,3,,8,,,-4.9,-6.1,0
2025-02-05 00:00:00 PST,1738742400,100.92,100.97,E,9,14,,65,-10.6,-5,-10,,32200,3.1,,8,,,-4.2,-5.5,0
2025-02-04 23:00:00 PST,1738738800,100.92,100.97,E,9,15,,68,-10.2,-5.2,-11,,32200,3.3,,7,,,-4.4,-6.1,0
2025-02-04 22:00:00 PST,1738735200,100.9,100.95,ESE,10,11,,70,-10.6,-6,-11,,32200,3.4,,6,,,-4,-6.2,0
2025-02-04 21:00:00 PST,1738731600,100.9,100.95,E,10,8,,74,-9.9,-5.9,-10,,32200,3.5,,1,,,-3.8,-6.3,0
2025-02-04 20:00:00 PST,1738728000,100.91,100.96,E,10,9,,72,-10,-5.8,-10,,32200,3.5,,1,,,-2.8,-5.8,0
2025-02-04 19:00:00 PST,1738724400,100.92,100.97,SE,12,11,,67,-8.6,-3.3,-8,,32200,3.3,,1,,,-2.8,-4,0
2025-02-04 18:00:00 PST,1738720800,100.94,100.99,SE,14,10,,73,-7.3,-3.2,-7,,32200,3.1,,4,,,-2.5,-4.5,0
2025-02-04 17:00:00 PST,1738717200,100.96,101.01,SE,14,9,,71,-7.2,-2.6,-6,,32200,2.8,,6,,,-0.7,-2.6,0
2025-02-04 16:00:00 PST,1738713600,101,101.05,S,18,5,,68,-6,-0.8,-2,,32200,2.6,,8,,,-0.8,-1.3,0
2025-02-04 15:00:00 PST,1738710000,101.03,101.08,SSE,15,6,,68,-6.4,-1.2,-3,,32200,2.5,,7,,,-0.9,-1.5,0
2025-02-04 14:00:00 PST,1738706400,101.08,101.13,WSW,23,4,,66,-6.9,-1.4,-3,,32200,2.4,,8,,,-1.4,-1.8,0
2025-02-04 13:00:00 PST,1738702800,101.14,101.19,SE,12,9,,64,-7.6,-1.7,-5,,32200,2.4,,8,,,-1.7,-2.8,0
2025-02-04 12:00:00 PST,1738699200,101.2,101.25,ESE,12,10,,68,-7.7,-2.5,-6,,32200,2.4,,8,,,-2.4,-3.2,0
2025-02-04 11:00:00 PST,1738695600,101.25,101.3,ESE,11,13,,74,-7.2,-3.3,-8,,24100,2.5,,8,,,-3.2,-3.9,0
2025-02-04 10:00:00 PST,1738692000,101.23,101.28,ESE,11,11,,76,-7.5,-3.9,-8,,24100,2.5,,8,,,-3.9,-4.3,0
2025-02-04 09:00:00 PST,1738688400,101.21,101.26,ENE,7,14,,83,-6.7,-4.3,-9,,12900,2.5,,8,,,-4.2,-4.4,0
2025-02-04 08:00:00 PST,1738684800,101.18,101.23,SE,13,8,,92,-5.3,-4.2,-8,,24100,2.4,,8,,,-4.2,-4.7,0
2025-02-04 07:00:00 PST,1738681200,101.12,101.17,ESE,10,15,,96,-5.1,-4.5,-10,,24100,2.4,,8,,,-4.5,-4.9,0
2025-02-04 06:00:00 PST,1738677600,101.1,101.15,E,10,13,,97,-5.3,-4.8,-10,,6400,2.3,,8,,,-4.4,-4.9,0.5
2025-02-04 05:00:00 PST,1738674000,101.1,101.15,ESE,11,15,,100,-4.6,-4.5,-10,,2000,2.3,,8,,,-4.4,-4.8,1.2
2025-02-04 04:00:00 PST,1738670400,101.04,101.09,SE,14,5,,94,-5.5,-4.7,-7,,1200,2.3,,8,,,-4.1,-4.7,0.2
2025-02-04 03:00:00 PST,1738666800,101.01,101.06,SE,13,8,,97,-4.8,-4.5,-8,,3200,2.4,,8,,,-3.7,-4.5,0.4
2025-02-04 02:00:00 PST,1738663200,100.95,101,S,17,10,,96,-4.5,-3.9,-8,,2800,2.4,,8,,,-3.2,-4,0.1
2025-02-04 01:00:00 PST,1738659600,100.93,100.98,SSE,16,6,,97,-4.3,-3.9,-7,,4000,2.4,,8,,,-2.8,-3.9,0.4
2025-02-04 00:00:00 PST,1738656000,100.92,100.97,S,17,10,,95,-3.8,-3.2,-7,,4800,2.4,,8,,,-2.8,-3.2,0
2025-02-03 23:00:00 PST,1738652400,100.92,100.97,SW,22,4,,95,-3.6,-3,-5,,4800,2.3,,8,,,-2.9,-3,0.1
2025-02-03 22:00:00 PST,1738648800,100.94,100.99,SSW,19,6,,87,-4.9,-3,-5,,6400,2.3,,8,,,-3,-3.6,0
2025-02-03 21:00:00 PST,1738645200,100.91,100.96,E,9,5,,86,-5.7,-3.6,-6,,19300,2.4,,8,,,-3.4,-3.6,0
2025-02-03 20:00:00 PST,1738641600,100.95,101,SSE,16,6,,84,-5.8,-3.5,-6,,4800,2.5,,8,,,-2.5,-3.5,0
2025-02-03 19:00:00 PST,1738638000,100.93,100.98,S,17,10,,87,-5,-3.1,-7,,1600,2.5,,8,,,-2.5,-3.1,0
2025-02-03 18:00:00 PST,1738634400,100.92,100.97,SSE,15,5,,93,-3.7,-2.8,-5,,8100,2.4,,8,,,-2.7,-3.1,0
2025-02-03 17:00:00 PST,1738630800,100.9,100.95,ESE,11,3,,97,-3.5,-3.1,-4,,4800,2.3,,8,,,-2.9,-3.1,0.2
2025-02-03 16:00:00 PST,1738627200,100.93,100.98,SSE,16,7,,97,-3.4,-3,-6,,1600,2.2,,8,,,-3,-3.5,0.5
2025-02-03 15:00:00 PST,1738623600,100.96,101.01,SSE,15,5,,98,-3.7,-3.4,-5,,1200,2.1,,8,,,-3.3,-3.8,0.7
2025-02-03 14:00:00 PST,1738620000,100.99,101.04,SSE,16,3,,97,-4.2,-3.7,-5,,1600,2.1,,8,,,-3.6,-3.7,1.4
2025-02-03 13:00:00 PST,1738616400,101.03,101.08,SE,14,8,,92,-4.7,-3.6,-7,,1000,2.1,,8,,,-2.7,-3.6,0.4
2025-02-03 12:00:00 PST,1738612800,101.06,101.11,ESE,10,10,,81,-5.7,-2.8,-7,,4800,2.1,,8,,,-2.7,-4,0.1
2025-02-03 11:00:00 PST,1738609200,101.09,101.14,E,9,12,,91,-5.1,-3.8,-8,,1200,2.1,,8,,,-3.2,-4,0.2
2025-02-03 10:00:00 PST,1738605600,101.1,101.15,E,10,17,,86,-5.3,-3.3,-9,,11300,2,,8,,,-3.2,-3.8,0
2025-02-03 09:00:00 PST,1738602000,101.11,101.16,E,9,17,,94,-4.5,-3.7,-9,,3200,2,,8,,,-3.5,-3.9,0
2025-02-03 08:00:00 PST,1738598400,101.13,101.18,E,8,15,,89,-5.3,-3.7,-9,,24100,2,,8,,,-3.6,-3.9,0
2025-02-03 07:00:00 PST,1738594800,101.18,101.23,E,9,22,,88,-5.5,-3.9,-10,,24100,2,,8,,,-3.7,-3.9,0
2025-02-03 06:00:00 PST,1738591200,101.16,101.21,E,8,21,29,90,-5.2,-3.7,-10,,32200,2,,8,,,-3.3,-3.7,0
2025-02-03 05:00:00 PST,1738587600,101.17,101.22,E,9,18,,93,-4.5,-3.5,-9,,24100,2,,8,,,-3.2,-3.5,0
2025-02-03 04:00:00 PST,1738584000,101.17,101.22,E,9,23,,94,-4.2,-3.3,-10,,32200,2,,4,,,-2.6,-3.3,0
2025-02-03 03:00:00 PST,1738580400,101.16,101.21,E,9,31,29,96,-3.2,-2.7,-10,,32200,2,,6,,,-2.5,-2.8,0
2025-02-03 02:00:00 PST,1738576800,101.11,101.16,E,9,22,,95,-3.2,-2.5,-9,,32200,2,,8,,,-1.7,-2.6,0
2025-02-03 01:00:00 PST,1738573200,101.13,101.18,ESE,10,25,,95,-2.4,-1.7,-8,,32200,2,,7,,,-1.3,-1.7,0
2025-02-03 00:00:00 PST,1738569600,101.09,101.14,E,9,22,,96,-2.1,-1.4,-7,,32200,2.1,,8,,,-0.8,-1.5,0
2025-02-02 23:00:00 PST,1738566000,101.05,101.1,E,8,21,,95,-1.4,-0.8,-6,,32200,2.2,,7,,,-0.5,-0.8,0
2025-02-02 22:00:00 PST,1738562400,101,101.05,E,9,22,,100,-0.6,-0.6,-6,,32200,2.2,,7,,,-0.2,-0.7,0
2025-02-02 21:00:00 PST,1738558800,100.91,100.96,E,8,18,,99,-0.6,-0.4,-5,,32200,2.3,,1,,,0.1,-0.4,0
2025-02-02 20:00:00 PST,1738555200,100.86,100.91,E,8,18,,100,0.1,0.1,,,32200,2.3,,1,,,0.2,-0.1,0
2025-02-02 19:00:00 PST,1738551600,100.82,100.87,ESE,10,17,,100,0,0,-5,,24100,2.2,,2,,,0.6,0,0
2025-02-02 18:00:00 PST,1738548000,100.78,100.83,E,9,15,,100,0.6,0.6,,,24100,2.2,,7,,,1.1,0.5,1.2
2025-02-02 17:00:00 PST,1738544400,100.75,100.8,E,9,21,,98,0.5,0.8,,,24100,2.1,,8,,,1.2,0.8,0
2025-02-02 16:00:00 PST,1738540800,100.72,100.77,E,9,21,,95,0.5,1.2,,,24100,2.1,,8,,,3.2,1.2,0
2025-02-02 15:00:00 PST,1738537200,100.69,100.74,SSE,14,13,,69,-2,3.1,,,24100,2.2,,8,,,3.3,2.7,0
2025-02-02 14:00:00 PST,1738533600,100.69,100.74,SSE,15,17,30,67,-2.4,3.2,,,24100,2.1,,8,,,3.8,3.1,0
2025-02-02 13:00:00 PST,1738530000,100.69,100.74,SSE,15,16,,71,-0.9,3.8,,,24100,2.1,,7,,,3.8,1.5,0.2
2025-02-02 12:00:00 PST,1738526400,100.7,100.75,ENE,7,12,,92,0.5,1.6,,,16100,2,,8,,,1.8,0.2,2.5
2025-02-02 11:00:00 PST,1738522800,100.7,100.75,E,9,11,,100,0.6,0.6,,,2400,2.1,,8,,,0.6,0,1.5
2025-02-02 10:00:00 PST,1738519200,100.67,100.72,E,8,17,,100,0.1,0.1,,,9700,2.1,,8,,,0.1,0,0.3
2025-02-02 09:00:00 PST,1738515600,100.69,100.74,E,8,17,,100,0.1,0.1,,,1600,2.1,,8,,,0.1,0,0.2
2025-02-02 08:00:00 PST,1738512000,100.71,100.76,E,8,19,,100,0.1,0.1,,,2000,2,,8,,,0.2,0,0.1
2025-02-02 07:00:00 PST,1738508400,100.74,100.79,E,9,21,,100,0.1,0.1,,,1200,2.1,,8,,,0.2,0,1.6
2025-02-02 06:00:00 PST,1738504800,100.75,100.8,E,9,17,,100,0.1,0.1,,,1200,2.1,,8,,,0.7,0.1,0.2
2025-02-02 05:00:00 PST,1738501200,100.79,100.84,E,8,25,,97,0.1,0.6,,,4000,2.3,,8,,,0.7,0.1,0
2025-02-02 04:00:00 PST,1738497600,100.86,100.91,E,8,17,,94,-0.7,0.2,,,24100,2.4,,8,,,0.3,-0.6,0
2025-02-02 03:00:00 PST,1738494000,100.91,100.96,E,8,16,,99,-0.8,-0.6,-5,,24100,2.5,,7,,,-0.6,-2.3,0
2025-02-02 02:00:00 PST,1738490400,100.95,101,ESE,10,12,,100,-1.6,-1.6,-6,,24100,2.5,,2,,,-1.4,-2.8,0
2025-02-02 01:00:00 PST,1738486800,100.97,101.02,ESE,10,15,,99,-2.4,-2.2,-7,,24100,2.4,,1,,,-1.5,-2.7,0
2025-02-02 00:00:00 PST,1738483200,100.96,101.01,E,8,11,,97,-2.1,-1.7,-6,,24100,2.5,,1,,,-0.6,-2.2,0
2025-02-01 23:00:00 PST,1738479600,100.97,101.02,ESE,10,8,,95,-1.9,-1.3,-4,,24100,2.6,,1,,,0.1,-1.5,0
2025-02-01 22:00:00 PST,1738476000,100.99,101.04,E,9,14,,95,-1,-0.3,-5,,24100,2.6,,2,,,2.2,-1,0
2025-02-01 21:00:00 PST,1738472400,100.99,101.04,SW,22,10,,76,-1.4,2.4,,,24100,2.6,,2,,,2.7,1.5,0
2025-02-01 20:00:00 PST,1738468800,100.99,101.04,SSW,19,18,32,81,-0.7,2.2,,,24100,2.6,,5,,,3,2.1,0
2025-02-01 19:00:00 PST,1738465200,100.98,101.03,SSW,19,20,33,76,-0.9,2.9,,,24100,2.5,,8,,,3.2,2.1,0
2025-02-01 18:00:00 PST,1738461600,100.99,101.04,S,17,17,,79,-0.4,2.9,,,24100,2.4,,6,,,3.4,2.9,0
2025-02-01 17:00:00 PST,1738458000,100.99,101.04,SSW,19,18,40,77,-0.3,3.4,,,32200,2.4,,7,,,4,3.2,0
2025-02-01 16:00:00 PST,1738454400,101,101.05,SSW,21,24,39,71,-0.8,3.9,,,32200,2.4,,7,,,5.7,3.9,0
2025-02-01 15:00:00 PST,1738450800,100.97,101.02,SSW,20,19,34,73,0.5,5,,,32200,2.4,,6,,,5,3.6,0
2025-02-01 14:00:00 PST,1738447200,100.99,101.04,SSW,20,22,35,73,0.4,4.8,,,32200,2.4,,7,,,4.8,3.9,0
2025-02-01 13:00:00 PST,1738443600,101.03,101.08,S,18,23,27,82,1.6,4.4,,,24100,2.5,,8,,,5.1,3.6,0
2025-02-01 12:00:00 PST,1738440000,101.07,101.12,S,18,18,,84,1.1,3.5,,,16100,2.5,,8,,,3.5,2.6,0
2025-02-01 11:00:00 PST,1738436400,101.08,101.13,SSW,19,29,,82,0.3,3,,,16100,2.5,,8,,,3.5,3,0
2025-02-01 10:00:00 PST,1738432800,101.05,101.1,SSE,15,19,,85,0.6,2.9,,,19300,2.5,,8,,,3.3,2.6,0
2025-02-01 09:00:00 PST,1738429200,101.07,101.12,S,17,24,,85,0.8,3.1,,,24100,2.5,,8,,,3.3,2.3,0
2025-02-01 08:00:00 PST,1738425600,101.03,101.08,SSE,15,20,,88,0.6,2.4,,,24100,2.5,,8,,,2.4,1.9,0
2025-02-01 07:00:00 PST,1738422000,101.03,101.08,SSE,16,23,,89,0.5,2.1,,,24100,2.5,,7,,,2.2,0.6,0
2025-02-01 06:00:00 PST,1738418400,101.04,101.09,E,9,9,,89,-0.6,1,,,24100,2.5,,8,,,1,-0.6,0
2025-02-01 05:00:00 PST,1738414800,101.05,101.1,E,8,9,,87,-1.4,0.5,,,24100,2.4,,6,,,2.4,0.5,0
2025-02-01 04:00:00 PST,1738411200,101.06,101.11,S,17,8,,84,-0.9,1.6,,,24100,2.3,,7,,,1.6,-0.6,0
2025-02-01 03:00:00 PST,1738407600,101.08,101.13,E,9,10,,94,-0.7,0.1,,,24100,2.2,,6,,,1.9,-0.2,0
2025-02-01 02:00:00 PST,1738404000,101.05,101.1,W,25,11,,88,-0.5,1.2,,,24100,2.2,,4,,,1.5,0.7,0
2025-02-01 01:00:00 PST,1738400400,101,101.05,W,27,16,,87,-0.6,1.4,,,24100,1,,2,,,1.9,1.3,0
2025-02-01 00:00:00 PST,1738396800,100.9,100.95,WNW,29,26,,82,-0.8,1.9,,,24100,,,2,,,3.5,1.8,0
2025-01-31 23:00:00 PST,1738393200,100.68,100.73,WNW,28,37,34,78,-0.8,2.7,,,24100,2.2,,1,,,3.6,2.6,0
2025-01-31 22:00:00 PST,1738389600,100.51,100.56,W,27,36,52,79,0.3,3.6,,,24100,2.2,,4,,,3.8,3.4,0.4
2025-01-31 21:00:00 PST,1738386000,100.33,100.38,W,27,43,55,88,1.9,3.6,,,24100,2.1,,5,,,5,3.6,0.6
2025-01-31 20:00:00 PST,1738382400,100.03,100.08,W,26,49,60,95,4.2,5,,,24100,2.1,,6,,,7,5,0
2025-01-31 19:00:00 PST,1738378800,99.92,99.97,ESE,10,21,,100,5,5,,,16100,2.2,,8,,,5.7,5,0
2025-01-31 18:00:00 PST,1738375200,99.92,99.97,E,8,21,,100,5.4,5.4,,,16100,2.2,,8,,,5.8,5.4,0
2025-01-31 17:00:00 PST,1738371600,99.89,99.94,E,8,23,,100,5.8,5.8,,,16100,2.2,,8,,,5.9,5.7,0.1
2025-01-31 16:00:00 PST,1738368000,99.9,99.95,E,9,21,,100,5.8,5.8,,,12900,2.1,,8,,,5.9,5.6,1.7
2025-01-31 15:00:00 PST,1738364400,99.93,99.98,E,8,24,,100,5.7,5.7,,,4800,2.1,,8,,,5.7,5.6,2.5
2025-01-31 14:00:00 PST,1738360800,99.99,100.04,E,8,23,,100,5.6,5.6,,,6400,2.1,,8,,,5.7,5.5,2.2
2025-01-31 13:00:00 PST,1738357200,100.09,100.14,E,8,22,,100,5.5,5.5,,,12900,2.1,,8,,,5.6,5.4,1.3
2025-01-31 12:00:00 PST,1738353600,100.23,100.28,E,8,23,,100,5.4,5.4,,,16100,2.2,,8,,,5.8,5.4,0
2025-01-31 11:00:00 PST,1738350000,100.3,100.35,E,8,22,,100,5.8,5.8,,,16100,2.1,,8,,,5.8,5.3,0
2025-01-31 10:00:00 PST,1738346400,100.35,100.4,E,8,16,,100,5.4,5.4,,,9700,2.1,,8,,,5.6,5.3,0.1
2025-01-31 09:00:00 PST,1738342800,100.36,100.41,ENE,6,15,,100,5.5,5.5,,,4800,2,,8,,,5.5,5,1.1
2025-01-31 08:00:00 PST,1738339200,100.35,100.4,E,7,18,,100,5.1,5.1,,,4800,2,,8,,,5.1,4.8,2.1
2025-01-31 07:00:00 PST,1738335600,100.35,100.4,ENE,7,23,,100,5,5,,,6400,1.9,,8,,,5.1,4.4,0.5
2025-01-31 06:00:00 PST,1738332000,100.42,100.47,ENE,6,18,,100,4.8,4.8,,,12900,1.9,,8,,,4.9,4.3,0.4
2025-01-31 05:00:00 PST,1738328400,100.52,100.57,ENE,7,19,,100,4.3,4.3,,,12900,1.8,,8,,,4.3,4.1,0.3
2025-01-31 04:00:00 PST,1738324800,100.65,100.7,ENE,6,17,,98,3.9,4.2,,,12900,1.8,,8,,,4.3,3.8,0.5
2025-01-31 03:00:00 PST,1738321200,100.79,100.84,ENE,7,19,,99,3.6,3.8,,,12900,1.9,,8,,,3.8,3.3,0.6
2025-01-31 02:00:00 PST,1738317600,100.84,100.89,ENE,7,16,,100,3.4,3.5,,,,1.9,,,,,3.7,3.4,0.7
2025-01-31 01:00:00 PST,1738314000,100.96,101.01,ENE,7,19,,100,3.4,3.4,,,,2,,,,,3.4,3,1.4
2025-01-31 00:00:00 PST,1738310400,101.15,101.2,ENE,6,27,37,99,3,3.2,,,9700,2.1,,8,,,3.4,3.1,1
2025-01-30 23:00:00 PST,1738306800,101.21,101.26,ENE,7,18,,100,3.2,3.2,,,12900,2.2,,8,,,3.3,3.1,0.5
2025-01-30 22:00:00 PST,1738303200,101.3,101.35,ENE,6,19,30,99,3.2,3.3,,,12900,2.3,,8,,,3.6,3.1,0.8
2025-01-30 21:00:00 PST,1738299600,101.37,101.42,ENE,7,21,,100,3.6,3.6,,,12900,2.4,,8,,,4.1,3.6,1.3
2025-01-30 20:00:00 PST,1738296000,101.44,101.49,E,8,17,,98,3.7,4,,,12900,2.5,,8,,,4.2,3.9,1.6
2025-01-30 19:00:00 PST,1738292400,101.45,101.5,ENE,6,17,,92,3,4.2,,,16100,2.5,,8,,,4.3,4.1,0.1
2025-01-30 18:00:00 PST,1738288800,101.51,101.56,ENE,6,19,,91,2.9,4.2,,,16100,2.6,,8,,,4.2,3.9,0
2025-01-30 17:00:00 PST,1738285200,101.59,101.64,ENE,7,15,,97,3.5,3.9,,,16100,2.5,,8,,,4,3.8,0
2025-01-30 16:00:00 PST,1738281600,101.65,101.7,E,9,19,,98,3.7,4,,,16100,2.5,,8,,,4.2,4,0
2025-01-30 15:00:00 PST,1738278000,101.73,101.78,ENE,7,15,,100,4,4,,,16100,2.5,,8,,,4,3.6,0
2025-01-30 14:00:00 PST,1738274400,101.79,101.84,ENE,7,18,,100,3.8,3.8,,,16100,2.5,,8,,,4.2,3.6,0
2025-01-30 13:00:00 PST,1738270800,101.88,101.93,ENE,7,17,,100,4.1,4.1,,,12900,2.6,,8,,,4.2,3.6,1
2025-01-30 12:00:00 PST,1738267200,101.96,102.01,E,9,15,,99,3.5,3.6,,,12900,2.6,,8,,,3.7,3.5,0
2025-01-30 11:00:00 PST,1738263600,101.96,102.01,E,8,14,,96,3,3.6,,,16100,2.6,,8,,,3.6,3.5,0
2025-01-30 10:00:00 PST,1738260000,101.9,101.95,E,8,16,,95,2.8,3.5,,,16100,2.5,,8,,,3.5,3.4,0
2025-01-30 09:00:00 PST,1738256400,101.89,101.94,E,8,15,,95,2.8,3.5,,,16100,2.3,,8,,,3.5,3.2,0
2025-01-30 08:00:00 PST,1738252800,101.9,101.95,E,8,15,,95,2.7,3.4,,,16100,2.2,,8,,,3.5,3.2,0
2025-01-30 07:00:00 PST,1738249200,101.92,101.97,ESE,10,16,,96,2.9,3.4,,,24100,2.2,,8,,,3.6,3.2,0
2025-01-30 06:00:00 PST,1738245600,101.91,101.96,ESE,10,17,,93,2.6,3.6,,,24100,2.2,,8,,,3.9,3.5,0
2025-01-30 05:00:00 PST,1738242000,101.93,101.98,E,9,12,,94,2.7,3.6,,,24100,2.2,,8,,,3.6,3.1,0
2025-01-30 04:00:00 PST,1738238400,101.89,101.94,E,8,15,,95,2.6,3.4,,,24100,2.2,,8,,,3.4,3.3,0
2025-01-30 03:00:00 PST,1738234800,101.94,101.99,E,9,16,,93,2.4,3.4,,,19300,2.3,,8,,,3.5,3.1,0
2025-01-30 02:00:00 PST,1738231200,101.91,101.96,ESE,10,17,,92,2.1,3.3,,,24100,2.5,,8,,,3.9,3.3,0
2025-01-30 01:00:00 PST,1738227600,101.93,101.98,E,8,16,,93,2.8,3.9,,,24100,2.7,,8,,,3.9,3,0
2025-01-30 00:00:00 PST,1738224000,101.96,102.01,ENE,7,10,,95,2.3,3.1,,,24100,2.8,,8,,,3.5,3,0
2025-01-29 23:00:00 PST,1738220400,101.98,102.03,ENE,5,15,,95,2.6,3.2,,,24100,2.8,,8,,,3.2,1.7,0
2025-01-29 22:00:00 PST,1738216800,101.96,102.01,E,8,9,,100,1.7,1.7,,,16100,2.8,,7,,,1.8,0.7,0
2025-01-29 21:00:00 PST,1738213200,101.95,102,NE,4,4,,100,0.5,0.5,,,24100,2.7,,7,,,0.9,-1,0
2025-01-29 20:00:00 PST,1738209600,101.95,102,NNW,34,4,,98,0.1,0.4,,,32200,2.7,,0,,,3.1,0.1,0
2025-01-29 19:00:00 PST,1738206000,101.91,101.96,SE,14,4,,98,2.5,2.8,,,32200,2.8,,1,,,3.4,2.2,0
2025-01-29 18:00:00 PST,1738202400,101.95,102,SSE,16,4,,96,2.8,3.4,,,16100,2.8,,4,,,3.7,2.9,0
2025-01-29 17:00:00 PST,1738198800,101.92,101.97,S,18,9,,94,2.2,3.1,,,48300,2.6,,5,,,4.4,3,0
2025-01-29 16:00:00 PST,1738195200,101.93,101.98,SW,21,11,,91,3.1,4.5,,,48300,2.7,,1,,,6.1,4.4,0
2025-01-29 15:00:00 PST,1738191600,101.89,101.94,SSE,15,12,,78,2.6,6.2,,,40200,2.7,,1,,,6.8,6.1,0
2025-01-29 14:00:00 PST,1738188000,101.9,101.95,S,17,5,,79,2.8,6.3,,,48300,2.8,,1,,,6.3,4.7,0
2025-01-29 13:00:00 PST,1738184400,101.96,102.01,SW,22,7,,89,3.1,4.8,,,48300,2.7,,1,,,4.9,3,0
2025-01-29 12:00:00 PST,1738180800,102.04,102.09,NW,31,5,,100,3.2,3.2,,,48300,2.8,,2,,,3.6,2,0
2025-01-29 11:00:00 PST,1738177200,102.09,102.14,W,27,3,,100,2.5,2.5,,,32200,2.9,,2,,,3,1.8,0
2025-01-29 10:00:00 PST,1738173600,102.07,102.12,,,0,,100,1.8,1.8,,,48300,2.7,,2,,,1.8,-0.4,0.2
2025-01-29 09:00:00 PST,1738170000,102.05,102.1,,,0,,100,0,0,,,9700,2.6,,7,,,0,-4.2,0
2025-01-29 08:00:00 PST,1738166400,102.03,102.08,SSE,14,8,,100,-1.9,-1.9,-5,,48300,2.4,,3,,,-1.9,-4.2,0
2025-01-29 07:00:00 PST,1738162800,102.02,102.07,ESE,11,5,,100,-1.9,-1.9,-4,,24100,2.3,,1,,,-1.4,-3.1,0
2025-01-29 06:00:00 PST,1738159200,102.01,102.06,E,9,7,,100,-3.1,-3.1,-6,,32200,2.2,,0,,,-1.9,-3.7,0
2025-01-29 05:00:00 PST,1738155600,102.01,102.06,SE,13,5,,100,-2.2,-2.2,-4,,32200,2.1,,0,,,-1.5,-3.2,0
2025-01-29 04:00:00 PST,1738152000,102,102.05,,,0,,100,-1.4,-1.4,,,32200,2.2,,0,,,-1.3,-3.4,0
2025-01-29 03:00:00 PST,1738148400,102.03,102.08,,,0,,100,-2.2,-2.2,,,32200,2.3,,0,,,-1.6,-3.4,0
2025-01-29 02:00:00 PST,1738144800,102.04,102.09,ESE,10,4,,100,-1.6,-1.6,-3,,32200,2.4,,0,,,-0.2,-3.3,0
2025-01-29 01:00:00 PST,1738141200,102.06,102.11,E,8,5,,100,-0.6,-0.6,-2,,32200,2.4,,0,,,0.3,-2.2,0
2025-01-29 00:00:00 PST,1738137600,102.09,102.14,ESE,10,5,,100,0.4,0.4,,,32200,2.6,,0,,,0.6,-1.6,0
2025-01-28 23:00:00 PST,1738134000,102.09,102.14,ESE,10,5,,100,0.8,0.8,,,32200,2.7,,0,,,1.2,-0.6,0
2025-01-28 22:00:00 PST,1738130400,102.1,102.15,,8,0,,100,-0.5,-0.5,,,32200,2.6,,0,,,1.7,-0.7,0
2025-01-28 21:00:00 PST,1738126800,102.11,102.16,,,0,,100,1.6,1.6,,,32200,2.6,,0,,,1.9,-0.9,0
2025-01-28 20:00:00 PST,1738123200,102.09,102.14,NNE,1,3,,100,0.1,0.1,,,32200,2.6,,0,,,1.6,-1.2,0
2025-01-28 19:00:00 PST,1738119600,102.09,102.14,N,35,4,,100,1.4,1.4,,,32200,2.7,,0,,,2.4,-0.2,0
2025-01-28 18:00:00 PST,1738116000,102.1,102.15,WNW,29,7,,100,2.3,2.3,,,32200,2.9,,1,,,3.2,2.1,0
2025-01-28 17:00:00 PST,1738112400,102.12,102.17,WNW,29,6,,97,1.8,2.2,,,48300,2.8,,1,,,4.7,2.1,0
2025-01-28 16:00:00 PST,1738108800,102.16,102.21,WNW,29,9,,91,3.5,4.7,,,48300,2.6,,1,,,5.3,4.7,0
2025-01-28 15:00:00 PST,1738105200,102.19,102.24,WNW,28,11,,88,3.5,5.3,,,48300,3,,2,,,5.5,5.2,0
2025-01-28 14:00:00 PST,1738101600,102.24,102.29,WNW,28,12,,87,3.4,5.5,,,48300,3,,1,,,5.7,4.9,0
2025-01-28 13:00:00 PST,1738098000,102.28,102.33,WSW,24,9,,88,3,4.9,,,48300,2.9,,1,,,5.2,4.2,0
2025-01-28 12:00:00 PST,1738094400,102.38,102.43,WSW,24,9,,87,2.5,4.4,,,48300,2.8,,1,,,4.6,3.8,0
2025-01-28 11:00:00 PST,1738090800,102.45,102.5,SW,22,7,,81,1,4,,,48300,3,,2,,,4.2,2.2,0
2025-01-28 10:00:00 PST,1738087200,102.47,102.52,E,10,7,,90,0.6,2.1,,,48300,3,,0,,,2.1,-0.3,0
2025-01-28 09:00:00 PST,1738083600,102.46,102.51,E,10,8,,98,-0.6,-0.4,-3,,48300,2.7,,2,,,-0.4,-3.6,0
2025-01-28 08:00:00 PST,1738080000,102.48,102.53,N,35,3,,100,-2.8,-2.8,-4,,48300,2.5,,3,,,-1.2,-3.2,0
2025-01-28 07:00:00 PST,1738076400,102.49,102.54,,,0,,100,-3.3,-3.3,,,32200,2.4,,1,,,-1.8,-4,0
2025-01-28 06:00:00 PST,1738072800,102.49,102.54,ENE,7,4,,100,-2.7,-2.7,-4,,32200,2.4,,0,,,-1.9,-3.5,0
2025-01-28 05:00:00 PST,1738069200,102.5,102.55,ESE,10,9,,100,-2.6,-2.6,-6,,32200,2.3,,0,,,-2.1,-3.5,0
2025-01-28 04:00:00 PST,1738065600,102.55,102.6,E,9,8,,100,-2.7,-2.6,-6,,32200,2.3,,0,,,-1.3,-4,0
2025-01-28 03:00:00 PST,1738062000,102.62,102.67,ESE,10,7,,98,-2.9,-2.6,-5,,32200,2.3,,0,,,-0.7,-3.7,0
2025-01-28 02:00:00 PST,1738058400,102.63,102.68,E,9,6,,98,-1.3,-0.9,-3,,32200,2.3,,0,,,0.2,-3,0
2025-01-28 01:00:00 PST,1738054800,102.66,102.71,,,0,,98,-0.2,0.1,,,32200,2.4,,0,,,0.5,-2.5,0
2025-01-28 00:00:00 PST,1738051200,102.66,102.71,,,0,,98,0,0.2,,,32200,2.6,,0,,,0.9,-3.2,0
2025-01-27 23:00:00 PST,1738047600,102.66,102.71,,10,0,,92,-2.6,-1.5,,,32200,2.6,,0,,,1.2,-1.6,0
2025-01-27 22:00:00 PST,1738044000,102.64,102.69,E,9,9,,98,-1.2,-0.8,-4,,32200,2.6,,0,,,1.3,-0.9,0
2025-01-27 21:00:00 PST,1738040400,102.64,102.69,E,9,7,,95,0.7,1.4,,,32200,2.6,,0,,,2.2,0.1,0
2025-01-27 20:00:00 PST,1738036800,102.62,102.67,E,8,4,,99,1.8,1.9,,,32200,2.6,,0,,,2.2,-0.5,0
2025-01-27 19:00:00 PST,1738033200,102.62,102.67,,,0,,100,1.5,1.5,,,32200,2.6,,0,,,4.5,1.2,0
2025-01-27 18:00:00 PST,1738029600,102.65,102.7,W,25,5,,90,1.9,3.3,,,32200,2.8,,0,,,4.5,3.1,0
2025-01-27 17:00:00 PST,1738026000,102.62,102.67,W,27,5,,95,3.1,3.8,,,48300,2.6,,0,,,5.1,3.4,0
2025-01-27 16:00:00 PST,1738022400,102.67,102.72,WNW,29,8,,82,2.3,5.1,,,48300,2.6,,0,,,5.6,5.1,0
2025-01-27 15:00:00 PST,1738018800,102.72,102.77,WNW,29,16,,80,2.5,5.6,,,48300,2.7,,0,,,5.9,5.5,0
2025-01-27 14:00:00 PST,1738015200,102.76,102.81,WNW,30,11,,84,3,5.5,,,48300,2.6,,1,,,5.8,5.2,0
2025-01-27 13:00:00 PST,1738011600,102.83,102.88,WNW,28,15,,79,1.9,5.3,,,48300,2.5,,1,,,5.5,4.8,0
2025-01-27 12:00:00 PST,1738008000,102.92,102.97,WNW,30,8,,70,-0.1,4.9,,,48300,2.7,,0,,,5.1,3.4,0
2025-01-27 11:00:00 PST,1738004400,102.98,103.03,SSE,16,4,,73,-1,3.3,,,48300,2.8,,0,,,3.5,1.5,0
2025-01-27 10:00:00 PST,1738000800,103.03,103.08,ESE,10,7,,87,-0.6,1.4,,,48300,2.8,,0,,,1.4,-1,0
2025-01-27 09:00:00 PST,1737997200,103,103.05,E,9,13,,95,-1.8,-1,-5,,48300,2.5,,0,,,-0.7,-3.2,0
2025-01-27 08:00:00 PST,1737993600,102.97,103.02,ESE,11,7,,97,-2.8,-2.4,-5,,48300,2.3,,1,,,-0.7,-3.5,0
2025-01-27 07:00:00 PST,1737990000,102.97,103.02,N,0,7,,94,-2.5,-1.6,-4,,40200,2.2,,0,,,-1.2,-3.3,0
2025-01-27 06:00:00 PST,1737986400,102.96,103.01,,,0,,99,-3.5,-3.4,,,32200,2.2,,0,,,-2.6,-4.6,0
2025-01-27 05:00:00 PST,1737982800,102.97,103.02,,,0,,100,-2.5,-2.5,,,32200,2.2,,0,,,-1.6,-4.5,0
2025-01-27 04:00:00 PST,1737979200,102.99,103.04,E,8,3,,100,-3,-3,-4,,32200,2.2,,0,,,-2.5,-4.2,0
2025-01-27 03:00:00 PST,1737975600,103.06,103.11,E,9,4,,99,-3.5,-3.3,-5,,32200,2.2,,0,,,-0.6,-4,0
2025-01-27 02:00:00 PST,1737972000,103.08,103.13,NNW,33,3,,97,-3,-2.6,-4,,32200,2.3,,0,,,0.7,-2.9,0
2025-01-27 01:00:00 PST,1737968400,103.11,103.16,,7,0,,95,-1.8,-1.2,,,32200,2.6,,0,,,0.3,-1.4,0
2025-01-27 00:00:00 PST,1737964800,103.11,103.16,E,8,5,,100,-0.4,-0.3,-2,,32200,2.7,,0,,,0.2,-2.9,0
2025-01-26 23:00:00 PST,1737961200,103.11,103.16,E,8,8,,100,-0.2,-0.2,-3,,32200,2.9,,0,,,0.5,-1,0
2025-01-26 22:00:00 PST,1737957600,103.08,103.13,E,9,6,,100,-0.3,-0.3,-2,,32200,2.9,,0,,,0.9,-1.4,0
2025-01-26 21:00:00 PST,1737954000,103.06,103.11,,9,0,,99,-1.4,-1.4,,,32200,2.9,,0,,,2.4,-2.4,0
2025-01-26 20:00:00 PST,1737950400,103.02,103.07,,,0,,100,-0.6,-0.6,,,32200,2.7,,0,,,3.2,-0.8,0
2025-01-26 19:00:00 PST,1737946800,102.99,103.04,WSW,24,3,,99,2.5,2.7,,,32200,2.5,,0,,,3.2,0.8,0
2025-01-26 18:00:00 PST,1737943200,102.97,103.02,WNW,28,8,,100,1.2,1.2,,,32200,2.7,,0,,,4,0.8,0
2025-01-26 17:00:00 PST,1737939600,102.95,103,W,27,7,,89,0.9,2.5,,,32200,2.7,,0,,,4.5,2.5,0
2025-01-26 16:00:00 PST,1737936000,103,103.05,WNW,28,7,,78,1.1,4.6,,,32200,2.5,,0,,,5.2,4.6,0
2025-01-26 15:00:00 PST,1737932400,103.01,103.06,WNW,28,13,,75,0.9,5.1,,,32200,2.5,,0,,,5.6,5.1,0
2025-01-26 14:00:00 PST,1737928800,103.03,103.08,W,28,10,,70,0.2,5.3,,,32200,2.5,,0,,,5.5,4.5,0
2025-01-26 13:00:00 PST,1737925200,103.08,103.13,SW,22,11,,69,-0.6,4.5,,,32200,2.4,,1,,,4.8,4.2,0
2025-01-26 12:00:00 PST,1737921600,103.11,103.16,SW,22,11,,64,-1.7,4.5,,,32200,2.3,,1,,,4.8,3.8,0
2025-01-26 11:00:00 PST,1737918000,103.14,103.19,S,18,6,,66,-1.9,3.8,,,32200,2.4,,1,,,3.9,2.1,0
2025-01-26 10:00:00 PST,1737914400,103.13,103.18,ESE,10,6,,75,-1.9,2.1,,,32200,2.4,,1,,,2.3,-0.5,0
2025-01-26 09:00:00 PST,1737910800,103.11,103.16,ESE,12,4,,87,-2.5,-0.6,-2,,32200,2.3,,2,,,-0.4,-2.5,0
2025-01-26 08:00:00 PST,1737907200,103.06,103.11,,,0,,88,-4.6,-2.9,,,32200,2.4,,2,,,-0.9,-3.2,0
2025-01-26 07:00:00 PST,1737903600,103.03,103.08,,7,0,,85,-4.5,-2.3,,,32200,2.5,,0,,,-1.4,-3,0
2025-01-26 06:00:00 PST,1737900000,103.04,103.09,ENE,7,3,,90,-4,-2.6,-4,,32200,2.5,,0,,,-1.6,-3.5,0
2025-01-26 05:00:00 PST,1737896400,103.02,103.07,E,9,7,,90,-4.8,-3.4,-6,,32200,2.5,,0,,,-1.3,-3.7,0
2025-01-26 04:00:00 PST,1737892800,103.03,103.08,ENE,5,4,,84,-3.8,-1.5,-3,,32200,2.5,,0,,,-1.5,-3,0
2025-01-26 03:00:00 PST,1737889200,103.04,103.09,,,0,,85,-4.8,-2.5,,,32200,2.5,,0,,,-0.5,-2.8,0
2025-01-26 02:00:00 PST,1737885600,103.02,103.07,E,8,7,,86,-4,-2,-5,,32200,2.6,,0,,,0,-2.7,0
2025-01-26 01:00:00 PST,1737882000,103,103.05,E,8,4,,69,-5.2,-0.2,-1,,32200,2.7,,0,,,2.3,-0.5,0
2025-01-26 00:00:00 PST,1737878400,102.99,103.04,NNE,1,5,,75,-3.6,0.2,,,32200,2.8,,0,,,1.8,-1.2,0
2025-01-25 23:00:00 PST,1737874800,102.97,103.02,ESE,10,8,,80,-3.4,-0.4,-3,,32200,2.9,,0,,,3.4,-0.9,0
2025-01-25 22:00:00 PST,1737871200,102.98,103.03,WNW,28,6,,73,-2.8,1.6,,,32200,2.8,,7,,,3.2,0.8,0
2025-01-25 21:00:00 PST,1737867600,102.95,103,SE,13,8,,81,-0.9,2.1,,,32200,3,,8,,,3.1,-0.2,0
2025-01-25 20:00:00 PST,1737864000,102.91,102.96,NNW,32,14,,92,-1.1,0,-4,,32200,3.1,,1,,,1.1,-0.6,0
2025-01-25 19:00:00 PST,1737860400,102.93,102.98,NW,32,13,,98,-0.3,0,-4,,32200,3.1,,2,,,1.9,0,0
2025-01-25 18:00:00 PST,1737856800,102.95,103,WNW,29,13,,96,-0.4,0.2,,,32200,2.9,,0,,,2.8,0.1,0
2025-01-25 17:00:00 PST,1737853200,102.97,103.02,WNW,30,13,,90,0.9,2.4,,,32200,2.7,,3,,,4.5,2.4,0
2025-01-25 16:00:00 PST,1737849600,102.99,103.04,WNW,30,15,,82,1.8,4.5,,,32200,2.5,,1,,,5.3,4.5,0
2025-01-25 15:00:00 PST,1737846000,102.96,103.01,WNW,29,16,,80,2.1,5.3,,,32200,2.5,,1,,,5.7,5.2,0
2025-01-25 14:00:00 PST,1737842400,102.98,103.03,WNW,28,19,,71,0.7,5.6,,,32200,2.6,,1,,,5.8,5.5,0
2025-01-25 13:00:00 PST,1737838800,103.03,103.08,WNW,29,18,,68,0.3,5.7,,,32200,2.7,,1,,,5.7,4.9,0
2025-01-25 12:00:00 PST,1737835200,103.07,103.12,WNW,29,11,,58,-2.3,5.2,,,32200,2.9,,1,,,5.2,3.8,0
2025-01-25 11:00:00 PST,1737831600,103.16,103.21,,,0,,63,-1.9,4.4,,,32200,3,,0,,,4.5,1.6,0
2025-01-25 10:00:00 PST,1737828000,103.15,103.2,ESE,10,10,,70,-3,1.9,,,32200,2.9,,0,,,1.9,-0.9,0
2025-01-25 09:00:00 PST,1737824400,103.1,103.15,ENE,6,3,,75,-3.9,0,-1,,32200,2.8,,0,,,0,-4,0
2025-01-25 08:00:00 PST,1737820800,103.09,103.14,ESE,11,8,,83,-6.4,-3.9,-7,,24100,2.6,,0,,,-0.1,-4.3,0
2025-01-25 07:00:00 PST,1737817200,103.06,103.11,,,0,,72,-4.9,-0.5,,,32200,2.6,,0,,,-0.5,-5.1,0
2025-01-25 06:00:00 PST,1737813600,103.06,103.11,E,8,10,,88,-6,-4.4,-9,,24100,2.6,,0,,,-1.6,-4.9,0
2025-01-25 05:00:00 PST,1737810000,103.08,103.13,NW,32,5,,83,-6.9,-4.5,-7,,24100,2.6,,0,,,-2.7,-4.6,0
2025-01-25 04:00:00 PST,1737806400,103.15,103.2,,9,0,,83,-5.6,-3.2,,,24100,2.5,,0,,,-1.1,-4.8,0
2025-01-25 03:00:00 PST,1737802800,103.17,103.22,E,9,5,,80,-6.5,-3.5,-6,,24100,2.5,,0,,,-2,-3.7,0
2025-01-25 02:00:00 PST,1737799200,103.16,103.21,NNE,2,7,,82,-6.1,-3.5,-6,,24100,2.5,,0,,,0,-3.5,0
2025-01-25 01:00:00 PST,1737795600,103.18,103.23,,,0,,74,-4.8,-0.8,,,24100,2.5,,0,,,1,-3.3,0
2025-01-25 00:00:00 PST,1737792000,103.18,103.23,N,35,7,,68,-4.2,1,,,24100,2.4,,0,,,1,-3.2,0
2025-01-24 23:00:00 PST,1737788400,103.16,103.21,NNE,2,10,,81,-3.3,-0.4,-4,,24100,2.4,,0,,,1.4,-3.4,0
2025-01-24 22:00:00 PST,1737784800,103.17,103.22,NNE,1,10,,76,-3.4,0.4,,,24100,2.4,,0,,,2.8,-1.5,0
2025-01-24 21:00:00 PST,1737781200,103.16,103.21,NNE,2,9,,68,-2.8,2.5,,,24100,2.7,,0,,,2.5,-0.2,0
2025-01-24 20:00:00 PST,1737777600,103.14,103.19,E,9,10,,92,-0.1,1,,,24100,2.8,,0,,,3.6,0.6,0
2025-01-24 19:00:00 PST,1737774000,103.15,103.2,NNW,32,10,,100,0.7,0.7,,,24100,2.8,,0,,,1.7,0.2,0
2025-01-24 18:00:00 PST,1737770400,103.15,103.2,NW,32,12,,100,1.5,1.5,,,32200,2.7,,0,,,3.6,1,0
2025-01-24 17:00:00 PST,1737766800,103.13,103.18,NW,31,15,,95,2.1,2.9,,,32200,2.8,,1,,,4.9,2.8,0
2025-01-24 16:00:00 PST,1737763200,103.1,103.15,WNW,29,22,,86,2.7,4.8,,,32200,2.7,,0,,,5.6,4.8,0
2025-01-24 15:00:00 PST,1737759600,103.1,103.15,WNW,29,21,,81,2.7,5.6,,,32200,2.5,,0,,,6,5.6,0
2025-01-24 14:00:00 PST,1737756000,103.12,103.17,WNW,30,21,,83,3,5.6,,,32200,2.6,,0,,,5.9,5.5,0
2025-01-24 13:00:00 PST,1737752400,103.16,103.21,NW,30,20,,82,2.8,5.6,,,32200,2.6,,1,,,5.7,4.8,0
2025-01-24 12:00:00 PST,1737748800,103.2,103.25,WNW,30,21,,80,1.6,4.7,,,32200,,,0,,,5.1,4,0
2025-01-24 11:00:00 PST,1737745200,103.24,103.29,WNW,28,10,,76,0.2,4,,,32200,2.3,,1,,,4.1,2.6,0
2025-01-24 10:00:00 PST,1737741600,103.22,103.27,,,0,,85,0.5,2.8,,,32200,2.2,,1,,,2.8,-0.6,0
2025-01-24 09:00:00 PST,1737738000,103.19,103.24,E,8,4,,98,-1,-0.7,-2,,32200,2,,1,,,-0.6,-3.9,0
2025-01-24 08:00:00 PST,1737734400,103.12,103.17,NNE,1,4,,100,-3.9,-3.8,-5,,32200,2,,1,,,-1.5,-4.2,0
2025-01-24 07:00:00 PST,1737730800,103.06,103.11,ESE,10,5,,100,-2.5,-2.4,-4,,32200,1.9,,1,,,-1.8,-3.4,0
2025-01-24 06:00:00 PST,1737727200,103.04,103.09,E,7,4,,100,-2.9,-2.9,-4,,32200,2,,0,,,-1.4,-3.7,0
2025-01-24 05:00:00 PST,1737723600,103.05,103.1,,,0,,100,-2.9,-2.9,,,32200,2,,0,,,-1.7,-3.8,0
2025-01-24 04:00:00 PST,1737720000,103.09,103.14,N,0,4,,100,-2.7,-2.7,-4,,32200,2.1,,0,,,-1.1,-3.1,0
2025-01-24 03:00:00 PST,1737716400,103.12,103.17,SE,12,3,,100,-1.2,-1.2,-2,,32200,2.2,,0,,,-0.9,-2.4,0
2025-01-24 02:00:00 PST,1737712800,103.09,103.14,NNE,2,3,,99,-1.8,-1.7,-3,,32200,2.3,,1,,,-0.3,-2.2,0
2025-01-24 01:00:00 PST,1737709200,103.05,103.1,ENE,7,7,,95,-1.3,-0.6,-3,,32200,2.5,,1,,,0.8,-0.9,0
2025-01-24 00:00:00 PST,1737705600,103.08,103.13,E,9,8,,95,-0.6,0.1,,,32200,2.5,,0,,,2,-0.6,0
2025-01-23 23:00:00 PST,1737702000,103.07,103.12,,,0,,91,0.4,1.8,,,32200,2.6,,2,,,1.8,-0.3,0
2025-01-23 22:00:00 PST,1737698400,103.03,103.08,NNW,33,5,,91,-1.4,-0.1,-2,,32200,2.6,,2,,,2.6,-0.1,0
2025-01-23 21:00:00 PST,1737694800,103.03,103.08,ENE,7,7,,89,0.6,2.2,,,32200,2.7,,7,,,3.7,2,0
2025-01-23 20:00:00 PST,1737691200,103.04,103.09,E,8,9,,87,1.5,3.5,,,32200,2.7,,8,,,4.1,3.5,0
2025-01-23 19:00:00 PST,1737687600,103.03,103.08,ESE,11,12,,90,2.4,3.8,,,32200,2.6,,8,,,4.6,3.6,0
2025-01-23 18:00:00 PST,1737684000,103.06,103.11,,28,0,,96,3.7,4.3,,,32200,2.6,,8,,,4.5,4.1,0
2025-01-23 17:00:00 PST,1737680400,103.05,103.1,W,28,9,,95,3.5,4.2,,,24100,2.5,,8,,,4.4,4,0
2025-01-23 16:00:00 PST,1737676800,103.07,103.12,W,27,13,,93,3,4,,,32200,2.4,,7,,,4.3,4,0
2025-01-23 15:00:00 PST,1737673200,103.15,103.2,W,27,10,,89,2.6,4.2,,,32200,2.4,,7,,,4.2,3.9,0
2025-01-23 14:00:00 PST,1737669600,103.18,103.23,WSW,24,12,,86,1.7,3.9,,,32200,2.7,,8,,,4,3.6,0
2025-01-23 13:00:00 PST,1737666000,103.27,103.32,SW,22,7,,87,1.7,3.6,,,32200,2.7,,7,,,3.8,3.3,0
2025-01-23 12:00:00 PST,1737662400,103.35,103.4,SW,21,7,,82,0.7,3.5,,,32200,2.7,,8,,,3.7,3,0
2025-01-23 11:00:00 PST,1737658800,103.43,103.48,SSW,20,5,,76,-0.5,3.3,,,32200,2.8,,8,,,3.5,1.8,0
2025-01-23 10:00:00 PST,1737655200,103.48,103.53,SE,13,5,,83,-0.7,1.8,,,32200,2.5,,8,,,2.2,0.3,0
2025-01-23 09:00:00 PST,1737651600,103.48,103.53,E,9,5,,90,-1.1,0.3,,,32200,2.4,,8,,,0.3,-2.3,0
2025-01-23 08:00:00 PST,1737648000,103.5,103.55,E,9,7,,94,-3,-2.2,-5,,32200,2.2,,7,,,0.2,-2.2,0
2025-01-23 07:00:00 PST,1737644400,103.56,103.61,N,0,7,,99,-0.7,-0.6,-3,,32200,2.1,,5,,,-0.6,-2.6,0
2025-01-23 06:00:00 PST,1737640800,103.6,103.65,,5,0,,95,-1.5,-0.8,,,32200,2.1,,8,,,-0.7,-1.8,0
2025-01-23 05:00:00 PST,1737637200,103.58,103.63,E,9,9,,98,-1.5,-1.2,-4,,32200,2.2,,7,,,-1.1,-2.2,0
2025-01-23 04:00:00 PST,1737633600,103.69,103.74,,8,0,,95,-2.2,-1.5,,,24100,2.3,,5,,,-0.8,-2.4,0
2025-01-23 03:00:00 PST,1737630000,103.74,103.79,E,7,8,,98,-2.6,-2.4,-6,,32200,2.4,,3,,,-1.2,-2.4,0
2025-01-23 02:00:00 PST,1737626400,103.73,103.78,ESE,11,10,,93,-2.1,-1.1,-5,,32200,2.3,,6,,,-0.7,-1.8,0
2025-01-23 01:00:00 PST,1737622800,103.82,103.87,E,8,5,,90,-2.5,-1,-3,,32200,2.4,,2,,,0.5,-1.2,0
2025-01-23 00:00:00 PST,1737619200,103.85,103.9,E,7,10,,86,-1.9,0.2,,,32200,2.6,,2,,,0.6,-1.2,0
2025-01-22 23:00:00 PST,1737615600,103.88,103.93,E,9,9,,90,-1.4,0,-3,,32200,2.7,,4,,,1,0,0
2025-01-22 22:00:00 PST,1737612000,103.85,103.9,E,9,10,,87,-1.6,0.3,,,32200,2.9,,4,,,2,-0.1,0
2025-01-22 21:00:00 PST,1737608400,103.89,103.94,SSE,14,4,,88,-0.8,1,,,32200,2.9,,5,,,4,-0.3,0
2025-01-22 20:00:00 PST,1737604800,103.89,103.94,,,0,,70,-1.7,3.2,,,32200,2.9,,5,,,3.3,1.1,0
2025-01-22 19:00:00 PST,1737601200,103.91,103.96,NNW,33,5,,95,1.6,2.3,,,32200,2.9,,6,,,3,1.6,0
2025-01-22 18:00:00 PST,1737597600,103.96,104.01,NW,30,11,,92,1.5,2.6,,,32200,3,,8,,,3.3,1.8,0
2025-01-22 17:00:00 PST,1737594000,103.98,104.03,WNW,28,10,,89,1.2,2.9,,,32200,3,,7,,,3.9,2.9,0
2025-01-22 16:00:00 PST,1737590400,103.98,104.03,WNW,29,9,,83,1.3,3.9,,,32200,2.8,,8,,,4.5,3.9,0
2025-01-22 15:00:00 PST,1737586800,103.99,104.04,WNW,30,8,,69,-0.7,4.4,,,32200,2.6,,8,,,4.6,4.2,0
2025-01-22 14:00:00 PST,1737583200,104.02,104.07,WNW,29,7,,70,-0.7,4.3,,,32200,2.4,,8,,,4.3,3.3,0
2025-01-22 13:00:00 PST,1737579600,104.1,104.15,SW,22,5,,79,0.1,3.4,,,32200,2.3,,7,,,3.5,2.9,0
2025-01-22 12:00:00 PST,1737576000,104.18,104.23,WSW,25,4,,77,-0.4,3.3,,,48300,2.3,,8,,,3.4,2.8,0
2025-01-22 11:00:00 PST,1737572400,104.23,104.28,S,18,3,,77,-0.8,2.8,,,48300,2.4,,8,,,3,1.8,0
2025-01-22 10:00:00 PST,1737568800,104.2,104.25,ESE,10,9,,83,-0.8,1.8,,,48300,2.3,,7,,,1.8,0.4,0
2025-01-22 09:00:00 PST,1737565200,104.19,104.24,E,8,5,,87,-1.6,0.3,,,48300,2.2,,4,,,0.3,-0.9,0
2025-01-22 08:00:00 PST,1737561600,104.15,104.2,ESE,10,6,,90,-2.7,-1.3,-4,,48300,2,,5,,,0.2,-1.3,0
2025-01-22 07:00:00 PST,1737558000,104.15,104.2,,,0,,95,-1.8,-1,,,32200,1.9,,5,,,0.2,-1.4,0
2025-01-22 06:00:00 PST,1737554400,104.13,104.18,,,0,,86,-1.7,0.3,,,32200,1.9,,7,,,1.3,-0.2,0
2025-01-22 05:00:00 PST,1737550800,104.09,104.14,ENE,7,8,,84,-1.2,1.2,,,32200,1.9,,8,,,1.4,0.9,0
2025-01-22 04:00:00 PST,1737547200,104.11,104.16,E,9,5,,84,-1.2,1.1,,,32200,1.9,,8,,,1.6,1.1,0
2025-01-22 03:00:00 PST,1737543600,104.11,104.16,E,9,7,,85,-0.8,1.4,,,32200,1.9,,8,,,2.2,1.4,0
2025-01-22 02:00:00 PST,1737540000,104.05,104.1,NE,4,8,,80,-1,2,,,32200,2,,8,,,2.6,1.9,0
2025-01-22 01:00:00 PST,1737536400,104.01,104.06,ENE,7,6,,83,-0.4,2.2,,,32200,2.3,,8,,,2.4,1.8,0
2025-01-22 00:00:00 PST,1737532800,104.01,104.06,ENE,7,6,,81,-0.5,2.5,,,32200,2.7,,8,,,2.6,1.8,0
2025-01-21 23:00:00 PST,1737529200,103.97,104.02,E,8,4,,87,-0.3,1.7,,,32200,2.9,,8,,,2,1.5,0
2025-01-21 22:00:00 PST,1737525600,103.92,103.97,E,8,9,,85,-0.5,1.8,,,32200,3,,8,,,2,1.5,0
2025-01-21 21:00:00 PST,1737522000,103.86,103.91,E,8,10,,86,-0.2,1.9,,,32200,3,,8,,,1.9,0.4,0
2025-01-21 20:00:00 PST,1737518400,103.81,103.86,ESE,10,10,,89,-1.4,0.3,,,32200,3,,1,,,2,0.3,0
2025-01-21 19:00:00 PST,1737514800,103.74,103.79,E,8,8,,85,-0.2,2,,,32200,2.9,,2,,,3.8,1.9,0
2025-01-21 18:00:00 PST,1737511200,103.75,103.8,NNE,2,4,,80,0.2,3.3,,,32200,2.9,,6,,,4.4,2.8,0
2025-01-21 17:00:00 PST,1737507600,103.72,103.77,SSW,19,4,,80,1.2,4.3,,,40200,2.6,,8,,,5,3.9,0
2025-01-21 16:00:00 PST,1737504000,103.63,103.68,SE,13,8,,74,0.7,5,,,48300,2.5,,8,,,5.3,4.8,0
2025-01-21 15:00:00 PST,1737500400,103.6,103.65,ESE,10,7,,66,-0.5,5.3,,,48300,2.3,,4,,,5.4,4.8,0
2025-01-21 14:00:00 PST,1737496800,103.59,103.64,E,10,10,,69,-0.2,5,,,48300,2.4,,5,,,5,3.7,0
2025-01-21 13:00:00 PST,1737493200,103.58,103.63,ENE,7,10,,69,-1.5,3.7,,,48300,2.4,,8,,,3.8,3,0
2025-01-21 12:00:00 PST,1737489600,103.56,103.61,E,8,14,,70,-2,3,,,48300,2.5,,8,,,3,2.1,0
2025-01-21 11:00:00 PST,1737486000,103.52,103.57,E,10,15,,76,-1.8,2.1,,,48300,2.8,,7,,,2.1,1,0
2025-01-21 10:00:00 PST,1737482400,103.42,103.47,E,9,14,,81,-1.8,1.1,,,48300,2.9,,8,,,1.2,0.2,0
2025-01-21 09:00:00 PST,1737478800,103.3,103.35,E,9,12,,88,-1.5,0.2,,,48300,3,,8,,,0.4,-0.6,0
2025-01-21 08:00:00 PST,1737475200,103.19,103.24,E,8,10,,96,-1.2,-0.7,-4,,48300,2.9,,8,,,-0.7,-2,0
2025-01-21 07:00:00 PST,1737471600,103.13,103.18,E,9,13,,94,-2.7,-1.9,-6,,32200,3,,4,,,-1.3,-2.5,0
2025-01-21 06:00:00 PST,1737468000,103.06,103.11,ESE,10,13,,94,-2.8,-1.9,-6,,32200,3,,2,,,-1.3,-3,0
2025-01-21 05:00:00 PST,1737464400,103.03,103.08,E,8,9,,89,-3.8,-2.2,-6,,32200,2.9,,2,,,-0.9,-2.2,0
2025-01-21 04:00:00 PST,1737460800,103.01,103.06,E,9,12,,93,-2.3,-1.3,-5,,32200,2.9,,8,,,-1.2,-3.4,0
2025-01-21 03:00:00 PST,1737457200,103.03,103.08,E,9,4,,91,-4.7,-3.5,-5,,32200,2.9,,7,,,-1.5,-3.5,0
2025-01-21 02:00:00 PST,1737453600,102.96,103.01,,5,0,,87,-3.4,-1.6,,,32200,3,,1,,,2.1,-2.3,0
2025-01-21 01:00:00 PST,1737450000,102.96,103.01,SSW,20,7,,74,-2.4,1.7,,,32200,3.1,,4,,,1.7,-1.8,0
2025-01-21 00:00:00 PST,1737446400,102.99,103.04,,,0,,81,-2.6,0.3,,,32200,3.2,,5,,,1.6,0.2,0
2025-01-20 23:00:00 PST,1737442800,102.99,103.04,ESE,12,4,,79,-2.5,0.7,,,32200,3.3,,7,,,2.1,-1,0
2025-01-20 22:00:00 PST,1737439200,103.01,103.06,WNW,29,3,,81,-3.5,-0.6,-2,,32200,3.3,,8,,,1.9,-0.8,0
2025-01-20 21:00:00 PST,1737435600,103.02,103.07,,,0,,87,-0.7,1.2,,,32200,3.2,,7,,,2,-0.2,0
2025-01-20 20:00:00 PST,1737432000,103.05,103.1,,,0,,76,-2.1,1.7,,,32200,3.2,,8,,,2.4,0.6,0
2025-01-20 19:00:00 PST,1737428400,103.11,103.16,NW,31,5,,92,-0.6,0.5,,,32200,3.1,,8,,,1.1,0,0
2025-01-20 18:00:00 PST,1737424800,103.15,103.2,WNW,30,5,,84,-1.8,0.6,,,32200,3.1,,7,,,2.1,0.4,0
2025-01-20 17:00:00 PST,1737421200,103.19,103.24,,,0,,75,-1.9,2.1,,,48300,2.9,,8,,,2.4,1.4,0
2025-01-20 16:00:00 PST,1737417600,103.26,103.31,NW,30,5,,82,-0.9,1.8,,,48300,2.9,,7,,,3.2,1.8,0
2025-01-20 15:00:00 PST,1737414000,103.32,103.37,WNW,29,6,,78,-0.6,2.8,,,48300,2.8,,7,,,3.5,2.8,0
2025-01-20 14:00:00 PST,1737410400,103.37,103.42,W,27,7,,72,-1.3,3.2,,,48300,2.8,,7,,,3.8,3.2,0
2025-01-20 13:00:00 PST,1737406800,103.45,103.5,W,26,5,,73,-1,3.3,,,48300,2.7,,7,,,3.4,2.8,0
2025-01-20 12:00:00 PST,1737403200,103.49,103.54,SE,13,3,,69,-2,3.2,,,48300,2.8,,7,,,3.3,2.1,0
2025-01-20 11:00:00 PST,1737399600,103.55,103.6,ESE,11,8,,76,-1.9,2,,,48300,2.8,,7,,,2,0.7,0
2025-01-20 10:00:00 PST,1737396000,103.56,103.61,E,8,4,,85,-1.6,0.6,,,48300,2.7,,8,,,0.6,-1.1,0
2025-01-20 09:00:00 PST,1737392400,103.58,103.63,E,10,8,,86,-3.1,-1.1,-4,,48300,2.6,,8,,,-1,-3,0
2025-01-20 08:00:00 PST,1737388800,103.59,103.64,ESE,10,8,,92,-3.6,-2.5,-6,,48300,2.5,,8,,,-1,-2.9,0
2025-01-20 07:00:00 PST,1737385200,103.61,103.66,E,8,7,,85,-3.6,-1.4,-4,,40200,2.4,,3,,,-0.7,-4.3,0
2025-01-20 06:00:00 PST,1737381600,103.65,103.7,ESE,10,5,,91,-3.9,-2.6,-5,,32200,2.3,,0,,,-2.1,-4.3,0
2025-01-20 05:00:00 PST,1737378000,103.59,103.65,ENE,7,5,,98,-2.9,-2.6,-5,,,2.3,,,,,-1.4,-2.7,0
2025-01-20 04:00:00 PST,1737374400,103.65,103.7,NE,3,6,,90,-5.1,-3.8,-6,,32200,2.3,,0,,,-1.4,-3.9,0
2025-01-20 03:00:00 PST,1737370800,103.64,103.69,E,8,8,,91,-4.7,-3.5,-7,,32200,2.3,,0,,,-0.4,-3.5,0
2025-01-20 02:00:00 PST,1737367200,103.64,103.69,SE,13,5,,94,-2,-1.2,-3,,32200,2.3,,0,,,-0.4,-2.6,0
2025-01-20 01:00:00 PST,1737363600,103.61,103.66,NE,4,6,,83,-3.7,-1.1,-3,,32200,2.4,,0,,,0.5,-2.5,0
2025-01-20 00:00:00 PST,1737360000,103.6,103.65,,8,0,,87,-2.5,-0.6,,,32200,2.4,,0,,,0.6,-2.9,0
2025-01-19 23:00:00 PST,1737356400,103.6,103.65,E,8,3,,77,-3.3,0.3,,,32200,2.6,,0,,,0.7,-3.4,0
2025-01-19 22:00:00 PST,1737352800,103.55,103.6,NNE,1,8,,87,-2.8,-0.9,-4,,32200,2.4,,0,,,0.6,-1.4,0
2025-01-19 21:00:00 PST,1737349200,103.53,103.58,ESE,10,8,,93,-1.5,-0.5,-3,,32200,2.3,,0,,,0.7,-1.7,0
2025-01-19 20:00:00 PST,1737345600,103.51,103.56,NNE,3,4,,87,-1.4,0.4,,,32200,2.3,,0,,,2.6,-0.3,0
2025-01-19 19:00:00 PST,1737342000,103.47,103.52,NNW,34,7,,82,-2.2,0.6,,,32200,2.4,,0,,,3.2,0.3,0
2025-01-19 18:00:00 PST,1737338400,103.41,103.46,NNE,1,8,,90,-0.2,1.3,,,32200,2.3,,0,,,2.2,0.5,0
2025-01-19 17:00:00 PST,1737334800,103.41,103.46,NW,31,12,,95,-0.3,0.4,,,32200,2.3,,0,,,4.9,0.4,0
2025-01-19 16:00:00 PST,1737331200,103.4,103.45,WNW,28,12,,82,1.2,4,,,32200,2.2,,0,,,5.3,4,0
2025-01-19 15:00:00 PST,1737327600,103.4,103.45,WNW,29,15,,75,1.2,5.3,,,32200,2.1,,0,,,5.5,5.3,0
2025-01-19 14:00:00 PST,1737324000,103.41,103.46,WNW,29,15,,77,1.7,5.5,,,32200,2,,0,,,5.5,5,0
2025-01-19 13:00:00 PST,1737320400,103.43,103.48,WNW,30,20,,79,1.7,5,,,32200,2,,0,,,5.1,4.7,0
2025-01-19 12:00:00 PST,1737316800,103.39,103.44,NW,31,17,,61,-2.1,4.8,,,32200,2.3,,0,,,5,3.5,0
2025-01-19 11:00:00 PST,1737313200,103.44,103.49,,12,0,,74,-0.7,3.5,,,32200,2.3,,0,,,3.8,2.9,0
2025-01-19 10:00:00 PST,1737309600,103.34,103.39,,,0,,73,-1.4,2.8,,,32200,,,0,,,2.8,-0.1,0
2025-01-19 09:00:00 PST,1737306000,103.3,103.35,NNE,3,7,,71,-3.2,1.5,,,32200,,,0,,,1.9,-3,0
2025-01-19 08:00:00 PST,1737302400,103.25,103.3,E,8,5,,97,-3.2,-2.9,-5,,32200,,,0,,,-0.4,-3.1,0
2025-01-19 07:00:00 PST,1737298800,103.22,103.27,ENE,6,4,,95,-2.2,-1.6,-3,,32200,1.9,,0,,,-1,-3.1,0
2025-01-19 06:00:00 PST,1737295200,103.19,103.24,,,0,,100,-2.4,-2.4,,,24100,1.9,,0,,,-1.4,-3.8,0
2025-01-19 05:00:00 PST,1737291600,103.15,103.2,,7,0,,99,-2.5,-2.4,,,24100,1.9,,0,,,-0.6,-3.5,0
2025-01-19 04:00:00 PST,1737288000,103.15,103.2,NNE,1,5,,100,-0.4,-0.4,-2,,24100,2,,1,,,-0.4,-3.4,0
2025-01-19 03:00:00 PST,1737284400,103.14,103.19,NNE,2,4,,100,-1.3,-1.3,-3,,24100,2,,0,,,0.1,-1.7,0
2025-01-19 02:00:00 PST,1737280800,103.13,103.18,,4,0,,93,-1,-0.1,,,24100,2,,1,,,0.8,-0.6,0
2025-01-19 01:00:00 PST,1737277200,103.11,103.16,N,35,3,,88,-1.9,-0.2,-1,,24100,2.2,,1,,,1.3,-0.6,0
2025-01-19 00:00:00 PST,1737273600,103.13,103.18,NE,4,5,,99,0.2,0.3,,,24100,2.3,,1,,,0.8,-0.8,0
2025-01-18 23:00:00 PST,1737270000,103.11,103.16,E,9,8,,86,-1.6,0.4,,,24100,2.4,,2,,,3.7,0.4,0
2025-01-18 22:00:00 PST,1737266400,103.11,103.16,NW,32,3,,78,-0.2,3.2,,,32200,2.4,,8,,,3.5,1.7,0
2025-01-18 21:00:00 PST,1737262800,103.1,103.15,NW,30,10,,89,1.4,3.2,,,32200,2.3,,6,,,4,2.2,0
2025-01-18 20:00:00 PST,1737259200,103.14,103.19,NW,31,12,,92,2.6,3.8,,,32200,2.4,,8,,,4,3.4,0
2025-01-18 19:00:00 PST,1737255600,103.18,103.23,WNW,29,13,,89,2,3.6,,,32200,2.4,,8,,,4,3.1,0
2025-01-18 18:00:00 PST,1737252000,103.2,103.25,WNW,29,12,,91,1.8,3.1,,,32200,2.4,,8,,,3.5,2.4,0
2025-01-18 17:00:00 PST,1737248400,103.21,103.26,WNW,28,10,,91,1.4,2.8,,,32200,2.4,,7,,,4.6,2.8,0
2025-01-18 16:00:00 PST,1737244800,103.23,103.28,WNW,28,12,,80,1.5,4.6,,,32200,2.4,,7,,,5,4.1,0
2025-01-18 15:00:00 PST,1737241200,103.28,103.33,WNW,28,11,,72,0.3,4.8,,,32200,2.4,,7,,,5,4,0
2025-01-18 14:00:00 PST,1737237600,103.3,103.35,W,26,7,,66,-1,4.8,,,32200,2.3,,7,,,4.8,4.2,0
2025-01-18 13:00:00 PST,1737234000,103.36,103.41,SW,23,9,,69,-0.9,4.4,,,32200,2.1,,5,,,4.4,3.9,0
2025-01-18 12:00:00 PST,1737230400,103.42,103.47,SW,21,5,,73,-0.3,4.1,,,32200,2.1,,2,,,4.5,3.3,0
2025-01-18 11:00:00 PST,1737226800,103.49,103.54,ESE,11,5,,72,-1.2,3.3,,,32200,2.1,,1,,,3.3,1.8,0
2025-01-18 10:00:00 PST,1737223200,103.55,103.6,ESE,11,5,,83,-0.9,1.8,,,32200,2,,2,,,1.8,-2,0
2025-01-18 09:00:00 PST,1737219600,103.52,103.57,,7,0,,94,-3.3,-2.4,,,32200,2,,1,,,-0.9,-2.5,0
2025-01-18 08:00:00 PST,1737216000,103.5,103.55,ESE,11,5,,99,-1.5,-1.4,-3,,32200,2,,7,,,-0.8,-3.4,0
2025-01-18 07:00:00 PST,1737212400,103.51,103.56,,5,0,,97,-3.4,-2.9,,,24100,1.9,,7,,,-0.9,-2.9,0
2025-01-18 06:00:00 PST,1737208800,103.47,103.52,ESE,10,8,,100,-2,-2,-5,,24100,1.8,,4,,,-1.5,-2.7,0
2025-01-18 05:00:00 PST,1737205200,103.46,103.51,ESE,10,8,,100,-1.8,-1.8,-5,,24100,1.8,,0,,,-1.8,-3,0
2025-01-18 04:00:00 PST,1737201600,103.49,103.54,E,9,8,,100,-2.8,-2.8,-6,,24100,1.8,,0,,,-1.5,-3.6,0
2025-01-18 03:00:00 PST,1737198000,103.52,103.57,NNW,33,5,,100,-2.3,-2.3,-4,,24100,1.9,,0,,,-1.3,-2.9,0
2025-01-18 02:00:00 PST,1737194400,103.45,103.5,,,0,,96,-1.9,-1.4,,,24100,2,,0,,,0.4,-1.7,0
2025-01-18 01:00:00 PST,1737190800,103.44,103.49,NNE,2,5,,86,-2.6,-0.5,-2,,24100,2.1,,0,,,0.7,-2.4,0
2025-01-18 00:00:00 PST,1737187200,103.43,103.48,N,35,5,,94,-1.6,-0.7,-2,,24100,2.1,,1,,,0.9,-1,0
2025-01-17 23:00:00 PST,1737183600,103.37,103.42,ENE,7,6,,91,-0.5,0.9,,,24100,2.2,,0,,,1.4,0.1,0
2025-01-17 22:00:00 PST,1737180000,103.38,103.43,E,8,8,,91,-1.3,0,-3,,24100,2.3,,1,,,1.2,-0.3,0
2025-01-17 21:00:00 PST,1737176400,103.3,103.35,E,10,8,,91,-0.1,1.2,,,24100,2.3,,1,,,2.2,0,0
2025-01-17 20:00:00 PST,1737172800,103.24,103.29,ENE,6,11,,89,0.4,2,,,24100,2.3,,0,,,2.3,-0.1,0
2025-01-17 19:00:00 PST,1737169200,103.22,103.27,,,0,,92,-0.4,0.7,,,24100,2.3,,0,,,4.5,0.7,0
2025-01-17 18:00:00 PST,1737165600,103.17,103.22,,,0,,88,2.4,4.2,,,32200,2.3,,0,,,4.2,1.1,0
2025-01-17 17:00:00 PST,1737162000,103.15,103.2,NW,30,9,,94,0.6,1.5,,,32200,2.3,,0,,,5.1,1.5,0
2025-01-17 16:00:00 PST,1737158400,103.13,103.18,WNW,29,12,,85,2.5,4.9,,,32200,2.2,,0,,,5.8,4.9,0
2025-01-17 15:00:00 PST,1737154800,103.11,103.16,WNW,29,18,,79,2.4,5.8,,,32200,2.2,,1,,,6.2,5.7,0
2025-01-17 14:00:00 PST,1737151200,103.1,103.15,WNW,29,15,,79,2.6,6.1,,,32200,2.2,,1,,,6.2,5.6,0
2025-01-17 13:00:00 PST,1737147600,103.14,103.19,WNW,28,12,,77,2,5.6,,,32200,2.2,,1,,,6.1,5.5,0
2025-01-17 12:00:00 PST,1737144000,103.17,103.22,NW,31,12,,71,0.8,5.6,,,32200,2.1,,0,,,5.7,4.9,0
2025-01-17 11:00:00 PST,1737140400,103.17,103.22,NW,32,5,,78,1.2,4.8,,,32200,2,,0,,,5.1,3,0
2025-01-17 10:00:00 PST,1737136800,103.12,103.17,S,17,5,,95,2.2,2.9,,,32200,1.8,,1,,,2.9,-1.2,0
2025-01-17 09:00:00 PST,1737133200,103.04,103.09,NW,31,3,,100,-1.3,-1.3,-2,,32200,1.7,,2,,,1,-1.5,0
2025-01-17 08:00:00 PST,1737129600,102.98,103.03,E,9,5,,100,0.2,0.2,,,32200,1.7,,4,,,1.9,0.1,0
2025-01-17 07:00:00 PST,1737126000,102.96,103.01,,,0,,99,1.6,1.8,,,32200,1.7,,2,,,1.8,-2.3,0
2025-01-17 06:00:00 PST,1737122400,102.86,102.91,E,9,7,,97,-1.4,-1,-4,,32200,1.7,,1,,,1.2,-1,0
2025-01-17 05:00:00 PST,1737118800,102.8,102.85,E,9,10,,100,0.6,0.6,,,32200,1.7,,1,,,1.2,-0.7,0
2025-01-17 04:00:00 PST,1737115200,102.76,102.81,,7,0,,100,0.8,0.8,,,32200,1.8,,2,,,1.7,-0.2,0
2025-01-17 03:00:00 PST,1737111600,102.73,102.78,E,10,10,,100,0.6,0.6,,,32200,1.9,,6,,,1.9,0.4,0
2025-01-17 02:00:00 PST,1737108000,102.68,102.73,E,9,4,,100,1.5,1.5,,,32200,2,,7,,,2.4,0.8,0
2025-01-17 01:00:00 PST,1737104400,102.63,102.68,ENE,6,5,,100,1.5,1.5,,,32200,2.2,,6,,,2.4,-0.6,0
2025-01-17 00:00:00 PST,1737100800,102.57,102.62,NW,31,10,,100,-0.7,-0.7,-4,,32200,2.5,,1,,,3.3,-0.9,0
2025-01-16 23:00:00 PST,1737097200,102.48,102.53,E,8,7,,99,2.8,2.9,,,32200,2.6,,0,,,3.3,1.6,0
2025-01-16 22:00:00 PST,1737093600,102.42,102.47,ENE,7,12,,95,0.9,1.6,,,32200,2.7,,1,,,5.2,1.6,0
2025-01-16 21:00:00 PST,1737090000,102.38,102.43,ESE,11,10,,90,1.1,2.5,,,32200,2.6,,2,,,5.2,2.2,0
2025-01-16 20:00:00 PST,1737086400,102.3,102.35,W,27,5,,93,1.7,2.7,,,32200,2.7,,1,,,4.1,2.5,0
2025-01-16 19:00:00 PST,1737082800,102.25,102.3,ENE,7,9,,86,1.7,3.8,,,32200,2.6,,0,,,5.8,3.8,0
2025-01-16 18:00:00 PST,1737079200,102.18,102.23,WNW,30,22,,86,3.6,5.8,,,32200,2.5,,0,,,6,5.7,0.1
2025-01-16 17:00:00 PST,1737075600,102.12,102.17,WNW,29,32,,85,3.6,5.9,,,32200,2.5,,1,,,6.5,5.8,0.1
2025-01-16 16:00:00 PST,1737072000,102.03,102.08,WNW,28,38,48,82,3.5,6.5,,,32200,2.5,,0,,,6.8,6.4,0.4
2025-01-16 15:00:00 PST,1737068400,101.97,102.02,W,27,44,49,79,3.4,6.8,,,32200,2.4,,2,,,7,6.8,0.8
2025-01-16 14:00:00 PST,1737064800,102.02,102.07,W,26,41,53,77,3.2,7,,,32200,2.4,,3,,,7,6.5,0.3
2025-01-16 13:00:00 PST,1737061200,102.02,102.07,W,27,37,55,85,4.4,6.8,,,32200,2.3,,4,,,6.8,5.6,0.2
2025-01-16 12:00:00 PST,1737057600,102.08,102.13,W,27,36,50,88,4.3,6.2,,,32200,2.2,,7,,,6.3,5.7,0
2025-01-16 11:00:00 PST,1737054000,102.14,102.19,WSW,24,9,,99,5.7,5.8,,,19300,2.1,,7,,,5.8,4.9,0
2025-01-16 10:00:00 PST,1737050400,102.12,102.17,NW,32,4,,100,4.9,4.9,,,24100,2.1,,7,,,5.2,4.6,0
2025-01-16 09:00:00 PST,1737046800,102.07,102.12,ENE,6,6,,100,4.6,4.6,,,16100,2,,8,,,4.7,3.7,0.3
2025-01-16 08:00:00 PST,1737043200,102.04,102.09,ENE,6,13,,100,4,4,,,12900,2,,8,,,4.1,3.7,0
2025-01-16 07:00:00 PST,1737039600,102,102.05,E,8,19,,100,3.8,3.8,,,16100,2,,8,,,4,3.7,0
2025-01-16 06:00:00 PST,1737036000,102.03,102.08,E,8,20,,100,3.9,3.9,,,24100,2,,8,,,4.1,3.6,0
2025-01-16 05:00:00 PST,1737032400,102.03,102.08,ENE,7,15,,100,3.8,3.8,,,24100,2,,8,,,3.9,3.6,0
2025-01-16 04:00:00 PST,1737028800,102.07,102.12,ENE,6,11,,100,3.7,3.7,,,32200,1.7,,7,,,4.2,3.6,0
2025-01-16 03:00:00 PST,1737025200,102.09,102.14,SE,12,16,,100,3.9,3.9,,,24100,1.8,,8,,,3.9,3.4,0
2025-01-16 02:00:00 PST,1737021600,102.09,102.14,SE,12,19,29,100,3.6,3.6,,,32200,2,,4,,,4,3.4,0
2025-01-16 01:00:00 PST,1737018000,102.14,102.19,E,8,13,,100,3.5,3.5,,,800,2,,3,,,4.2,3.5,0
2025-01-16 00:00:00 PST,1737014400,102.16,102.21,E,9,14,,100,4,4,,,1600,2,,8,,,4.2,3.5,0
2025-01-15 23:00:00 PST,1737010800,102.17,102.22,E,9,18,,100,3.5,3.5,,,19300,2.1,,8,,,3.5,2,0
2025-01-15 22:00:00 PST,1737007200,102.21,102.26,E,10,16,,100,2.7,2.7,,,32200,2.1,,3,,,3,1.7,0
2025-01-15 21:00:00 PST,1737003600,102.2,102.25,E,9,9,,100,2.1,2.1,,,32200,2,,5,,,3.6,1.9,0
2025-01-15 20:00:00 PST,1737000000,102.26,102.31,ESE,11,5,,100,3.2,3.2,,,32200,2,,3,,,4.4,1.9,0
2025-01-15 19:00:00 PST,1736996400,102.3,102.35,,,0,,100,2.6,2.6,,,32200,2.1,,3,,,4.4,2.1,0
2025-01-15 18:00:00 PST,1736992800,102.34,102.39,,,0,,100,3.9,3.9,,,32200,2.2,,4,,,4.6,3.4,0
2025-01-15 17:00:00 PST,1736989200,102.42,102.47,W,28,8,,100,3.6,3.6,,,48300,2.2,,2,,,5.2,2.9,0
2025-01-15 16:00:00 PST,1736985600,102.5,102.55,WNW,29,8,,97,4.8,5.2,,,48300,2.1,,1,,,6,5.2,0
2025-01-15 15:00:00 PST,1736982000,102.59,102.64,W,27,11,,93,5,6,,,48300,2.1,,1,,,6.4,6,0
2025-01-15 14:00:00 PST,1736978400,102.67,102.72,W,26,8,,91,5.1,6.3,,,48300,2,,2,,,6.5,6.1,0
2025-01-15 13:00:00 PST,1736974800,102.76,102.81,W,27,12,,92,5.4,6.5,,,48300,1.9,,2,,,6.6,6.2,0
2025-01-15 12:00:00 PST,1736971200,102.86,102.91,WNW,29,7,,86,4.1,6.3,,,48300,2,,1,,,6.3,4.9,0
2025-01-15 11:00:00 PST,1736967600,102.96,103.01,SSW,21,7,,89,3.3,4.9,,,48300,1.9,,1,,,5.6,4.2,0
2025-01-15 10:00:00 PST,1736964000,102.99,103.04,,,0,,96,3.6,4.2,,,48300,1.7,,1,,,4.2,1.1,0
2025-01-15 09:00:00 PST,1736960400,103.03,103.08,SE,13,5,,100,1.1,1.1,,,48300,1.7,,1,,,2,-0.6,0
2025-01-15 08:00:00 PST,1736956800,103.03,103.08,E,9,5,,100,-0.5,-0.5,-2,,48300,1.6,,2,,,1.5,-0.7,0
2025-01-15 07:00:00 PST,1736953200,103.07,103.12,E,9,4,,100,0.3,0.3,,,32200,1.6,,0,,,1.5,-1,0
2025-01-15 06:00:00 PST,1736949600,103.08,103.13,N,1,3,,100,-0.8,-0.8,-2,,32200,1.5,,0,,,0.6,-1.4,0
2025-01-15 05:00:00 PST,1736946000,103.1,103.15,ESE,10,9,,100,-0.2,-0.2,-3,,32200,1.5,,0,,,0.6,-0.6,0
2025-01-15 04:00:00 PST,1736942400,103.16,103.21,ENE,7,4,,100,0.2,0.2,,,32200,1.6,,0,,,1.2,-0.5,0
2025-01-15 03:00:00 PST,1736938800,103.2,103.25,,7,0,,100,1.2,1.2,,,32200,1.8,,0,,,2.1,-0.5,0
2025-01-15 02:00:00 PST,1736935200,103.23,103.28,NW,31,5,,100,-0.7,-0.7,-2,,32200,2,,0,,,1.9,-0.7,0
2025-01-15 01:00:00 PST,1736931600,103.21,103.26,,8,0,,100,1.4,1.4,,,32200,2,,0,,,3.1,1.4,0
2025-01-15 00:00:00 PST,1736928000,103.24,103.29,ENE,6,4,,100,2.3,2.3,,,32200,2,,0,,,4.6,1.6,0
2025-01-14 23:00:00 PST,1736924400,103.27,103.32,E,8,3,,95,3.2,3.9,,,32200,2,,1,,,5,2.7,0
2025-01-14 22:00:00 PST,1736920800,103.27,103.32,,,0,,89,3.3,5,,,32200,2,,8,,,5,3.1,0
2025-01-14 21:00:00 PST,1736917200,103.28,103.33,N,35,6,,100,3.8,3.8,,,32200,2,,8,,,3.8,2.5,0
2025-01-14 20:00:00 PST,1736913600,103.32,103.37,WNW,29,9,,99,2.7,3,,,32200,2,,1,,,4.7,3,0
2025-01-14 19:00:00 PST,1736910000,103.36,103.41,WNW,29,11,,100,4.5,4.5,,,32200,2,,7,,,4.5,2.8,0
2025-01-14 18:00:00 PST,1736906400,103.35,103.4,WNW,28,6,,100,3.7,3.7,,,32200,2,,5,,,3.7,2.8,0
2025-01-14 17:00:00 PST,1736902800,103.33,103.38,WNW,29,6,,97,3.1,3.6,,,40200,2,,5,,,5.1,3.5,0
2025-01-14 16:00:00 PST,1736899200,103.36,103.41,WNW,28,9,,90,3.7,5.2,,,48300,2,,7,,,6.3,5.2,0
2025-01-14 15:00:00 PST,1736895600,103.37,103.42,W,27,10,,90,4.1,5.6,,,48300,1.8,,8,,,5.9,5,0
2025-01-14 14:00:00 PST,1736892000,103.37,103.42,WNW,28,9,,89,3.4,5.1,,,48300,1.7,,7,,,5.7,5.1,0
2025-01-14 13:00:00 PST,1736888400,103.4,103.45,WSW,24,6,,85,3.1,5.4,,,48300,1.5,,8,,,6.6,5.3,0
2025-01-14 12:00:00 PST,1736884800,103.48,103.53,WSW,24,4,,80,2.8,6,,,40200,1.5,,7,,,6.5,5.6,0
2025-01-14 11:00:00 PST,1736881200,103.52,103.57,ESE,10,5,,84,3.1,5.6,,,48300,1.5,,8,,,5.8,3.9,0
2025-01-14 10:00:00 PST,1736877600,103.5,103.55,SE,14,7,,96,3.4,3.9,,,48300,1.5,,3,,,3.9,3,0
2025-01-14 09:00:00 PST,1736874000,103.49,103.54,E,9,7,,100,3,3,,,48300,1.4,,7,,,3,1.3,0
2025-01-14 08:00:00 PST,1736870400,103.53,103.58,,,0,,100,2.2,2.3,,,40200,1.4,,7,,,2.8,1.9,0
2025-01-14 07:00:00 PST,1736866800,103.49,103.54,ESE,10,5,,100,2.3,2.3,,,32200,1.4,,8,,,2.7,1.7,0
2025-01-14 06:00:00 PST,1736863200,103.46,103.51,ENE,7,7,,100,1.9,1.9,,,32200,1.5,,8,,,1.9,1,0
2025-01-14 05:00:00 PST,1736859600,103.49,103.54,ENE,7,5,,100,1.2,1.2,,,32200,1.5,,8,,,1.5,0.4,0
2025-01-14 04:00:00 PST,1736856000,103.49,103.54,E,9,7,,100,0.8,0.8,,,32200,1.6,,7,,,2,0.3,0
2025-01-14 03:00:00 PST,1736852400,103.51,103.56,E,9,3,,100,1.8,1.8,,,32200,1.7,,1,,,2.6,1.7,0
2025-01-14 02:00:00 PST,1736848800,103.46,103.51,E,9,7,,100,2,2,,,32200,2,,8,,,2.5,1.7,0
2025-01-14 01:00:00 PST,1736845200,103.51,103.56,E,9,4,,100,2.1,2.1,,,32200,2,,8,,,2.7,0.7,0
2025-01-14 00:00:00 PST,1736841600,103.51,103.56,,,0,,100,2.4,2.4,,,32200,2.1,,1,,,2.4,1,0
2025-01-13 23:00:00 PST,1736838000,103.53,103.58,NNW,33,7,,100,1.1,1.1,,,32200,2.3,,6,,,3.4,0.4,0
2025-01-13 22:00:00 PST,1736834400,103.49,103.54,,6,0,,100,3,3,,,32200,2.3,,5,,,3.7,2.3,0
2025-01-13 21:00:00 PST,1736830800,103.49,103.54,E,9,7,,100,3.4,3.4,,,24100,2.3,,7,,,3.7,2.7,0
2025-01-13 20:00:00 PST,1736827200,103.47,103.52,E,8,4,,97,2.5,2.9,,,24100,2.3,,8,,,4.1,2.1,0
2025-01-13 19:00:00 PST,1736823600,103.48,103.53,E,9,4,,100,3.7,3.7,,,24100,2.3,,7,,,4.1,2.9,0
2025-01-13 18:00:00 PST,1736820000,103.52,103.57,,,0,,100,3.8,3.8,,,24100,2.3,,8,,,4.3,3.2,0
2025-01-13 17:00:00 PST,1736816400,103.55,103.6,W,26,4,,95,3.6,4.3,,,24100,2.1,,8,,,4.9,4.2,0
2025-01-13 16:00:00 PST,1736812800,103.53,103.58,,,0,,90,3.5,4.9,,,24100,1.9,,7,,,5,4.8,0
2025-01-13 15:00:00 PST,1736809200,103.49,103.54,SE,13,5,,89,3.3,5,,,24100,1.7,,8,,,5,4.7,0
2025-01-13 14:00:00 PST,1736805600,103.51,103.56,SSE,15,5,,90,3.2,4.7,,,24100,1.7,,8,,,4.8,4.5,0
2025-01-13 13:00:00 PST,1736802000,103.51,103.56,E,9,7,,94,3.6,4.5,,,24100,1.6,,8,,,4.5,4.3,0
2025-01-13 12:00:00 PST,1736798400,103.53,103.58,ESE,10,8,,95,3.6,4.4,,,24100,1.6,,8,,,4.5,4.1,0
2025-01-13 11:00:00 PST,1736794800,103.57,103.62,E,9,7,,98,4,4.3,,,32200,1.6,,8,,,4.3,2.4,0
2025-01-13 10:00:00 PST,1736791200,103.59,103.64,ESE,10,6,,100,3.5,3.5,,,32200,1.5,,8,,,3.5,2.2,0
2025-01-13 09:00:00 PST,1736787600,103.56,103.61,ENE,6,8,,99,2.6,2.8,,,24100,1.5,,8,,,2.9,1.9,0
2025-01-13 08:00:00 PST,1736784000,103.5,103.55,ESE,10,4,,99,2.1,2.2,,,32200,1.4,,8,,,2.9,2,0
2025-01-13 07:00:00 PST,1736780400,103.5,103.55,ENE,7,7,,100,2.5,2.5,,,32200,1.4,,7,,,2.5,-0.3,0
2025-01-13 06:00:00 PST,1736776800,103.5,103.55,ENE,6,5,,100,1.1,1.1,,,32200,1.4,,8,,,1.4,-0.3,0
2025-01-13 05:00:00 PST,1736773200,103.49,103.54,ESE,11,7,,100,0.1,0.1,,,32200,1.4,,3,,,0.7,0.1,0
2025-01-13 04:00:00 PST,1736769600,103.52,103.57,E,9,8,,100,0.6,0.6,,,32200,1.4,,8,,,1,-0.3,0
2025-01-13 03:00:00 PST,1736766000,103.55,103.6,ENE,7,4,,100,0.2,0.2,,,32200,1.5,,7,,,0.5,-0.8,0
2025-01-13 02:00:00 PST,1736762400,103.59,103.64,ENE,6,4,,100,-1.1,-1.1,-2,,32200,1.5,,3,,,1.5,-1.6,0
2025-01-13 01:00:00 PST,1736758800,103.6,103.65,NNW,32,7,,100,0.2,0.2,,,32200,1.5,,0,,,0.7,-1.2,0
2025-01-13 00:00:00 PST,1736755200,103.51,103.56,WNW,29,5,,100,0.8,0.8,,,32200,1.7,,0,,,2,-0.2,0
2025-01-12 23:00:00 PST,1736751600,103.42,103.47,E,10,10,,99,0.6,0.7,,,32200,2,,0,,,2.4,0.7,0
2025-01-12 22:00:00 PST,1736748000,103.43,103.48,NE,3,6,,97,1.8,2.2,,,32200,2,,0,,,3.3,0.7,0
2025-01-12 21:00:00 PST,1736744400,103.38,103.43,N,35,12,,100,0.5,0.5,,,32200,1.9,,0,,,4.3,0.2,0
2025-01-12 20:00:00 PST,1736740800,103.41,103.46,,,0,,97,3.6,4.1,,,32200,1.8,,0,,,4.5,2.5,0
2025-01-12 19:00:00 PST,1736737200,103.41,103.46,NNW,34,5,,100,3.5,3.5,,,32200,1.7,,0,,,5,2.7,0
2025-01-12 18:00:00 PST,1736733600,103.43,103.48,WNW,30,17,,97,4.5,5,,,32200,1.7,,0,,,5,4.2,0
2025-01-12 17:00:00 PST,1736730000,103.37,103.42,WNW,29,15,,97,4,4.4,,,32200,1.7,,0,,,5.7,4.4,0
2025-01-12 16:00:00 PST,1736726400,103.37,103.42,WNW,29,19,,92,4.2,5.5,,,32200,1.7,,2,,,6.5,5.4,0
2025-01-12 15:00:00 PST,1736722800,103.35,103.4,WNW,29,23,,86,4.3,6.5,,,32200,1.6,,1,,,6.8,6.5,0
2025-01-12 14:00:00 PST,1736719200,103.33,103.38,WNW,29,22,32,87,4.8,6.7,,,32200,1.7,,1,,,7,6.6,0
2025-01-12 13:00:00 PST,1736715600,103.29,103.34,WNW,29,16,,88,4.9,6.7,,,32200,1.7,,3,,,6.9,6.5,0
2025-01-12 12:00:00 PST,1736712000,103.31,103.36,WNW,29,17,,83,4,6.7,,,32200,1.6,,2,,,6.9,6,0
2025-01-12 11:00:00 PST,1736708400,103.33,103.38,WNW,29,18,,81,3.1,6.1,,,32200,1.6,,1,,,6.2,5.6,0
2025-01-12 10:00:00 PST,1736704800,103.32,103.37,NW,31,13,,95,4.9,5.6,,,32200,1.6,,2,,,5.8,3.9,0
2025-01-12 09:00:00 PST,1736701200,103.28,103.33,NNW,32,8,,100,3.9,3.9,,,32200,1.5,,7,,,4.4,3.8,0
2025-01-12 08:00:00 PST,1736697600,103.25,103.3,NNW,32,7,,100,4.3,4.3,,,16100,1.6,,8,,,4.8,4.2,0.5
2025-01-12 07:00:00 PST,1736694000,103.24,103.29,E,8,6,,100,4.8,4.8,,,4800,1.6,,8,,,4.9,4.7,1.3
2025-01-12 06:00:00 PST,1736690400,103.2,103.25,,,0,,100,4.8,4.8,,,3200,1.7,,8,,,5,4.6,0.6
2025-01-12 05:00:00 PST,1736686800,103.22,103.27,,,0,,100,4.7,4.7,,,8100,1.8,,8,,,4.8,4.2,0
2025-01-12 04:00:00 PST,1736683200,103.24,103.29,,,0,,100,4.3,4.3,,,19300,1.9,,8,,,5,4.2,0
2025-01-12 03:00:00 PST,1736679600,103.26,103.31,,,0,,100,4.8,4.8,,,19300,2,,8,,,5.4,4.6,0
2025-01-12 02:00:00 PST,1736676000,103.28,103.33,ENE,6,8,,100,5.3,5.3,,,16100,2,,7,,,5.3,4.6,0
2025-01-12 01:00:00 PST,1736672400,103.32,103.37,WNW,28,7,,100,4.6,4.6,,,19300,2.1,,8,,,5.3,4.6,0
2025-01-12 00:00:00 PST,1736668800,103.34,103.39,N,35,4,,100,5.1,5.1,,,20900,2.1,,8,,,5.5,4.6,0
2025-01-11 23:00:00 PST,1736665200,103.35,103.4,,,0,,100,5,5,,,24100,2.1,,8,,,5.9,4.6,0
2025-01-11 22:00:00 PST,1736661600,103.35,103.4,,,0,,90,4.2,5.7,,,24100,2.1,,8,,,5.9,4.9,0
2025-01-11 21:00:00 PST,1736658000,103.34,103.39,E,9,6,,94,4.5,5.4,,,24100,2,,8,,,5.7,4.7,0
2025-01-11 20:00:00 PST,1736654400,103.35,103.4,SSE,15,4,,91,4.3,5.7,,,24100,2,,8,,,5.8,4.8,0
2025-01-11 19:00:00 PST,1736650800,103.35,103.4,E,9,4,,93,4.6,5.7,,,24100,2,,8,,,5.8,4.8,0
2025-01-11 18:00:00 PST,1736647200,103.31,103.36,SW,22,6,,91,4.5,5.9,,,32200,2.1,,6,,,5.9,4.8,0
2025-01-11 17:00:00 PST,1736643600,103.29,103.34,NNE,1,12,,89,4,5.7,,,32200,2,,6,,,6,5.6,0
2025-01-11 16:00:00 PST,1736640000,103.39,103.44,WNW,30,11,,94,5.1,6,,,32200,2,,6,,,7.2,6,0
2025-01-11 15:00:00 PST,1736636400,103.31,103.36,NW,31,8,,87,5,7,,,32200,2,,7,,,7.1,6,0
2025-01-11 14:00:00 PST,1736632800,103.28,103.33,WNW,29,9,,97,5.5,6,,,32200,2,,7,,,6.8,6,0
2025-01-11 13:00:00 PST,1736629200,103.28,103.33,WNW,28,10,,87,4.7,6.7,,,32200,2,,7,,,6.8,6.1,0
2025-01-11 12:00:00 PST,1736625600,103.29,103.34,W,26,9,,91,5.1,6.4,,,32200,1.8,,7,,,7.6,6.3,0
2025-01-11 11:00:00 PST,1736622000,103.31,103.36,S,18,4,,92,5.1,6.2,,,32200,1.7,,7,,,6.5,5.5,0
2025-01-11 10:00:00 PST,1736618400,103.26,103.31,ESE,11,5,,98,5.1,5.5,,,32200,1.6,,7,,,5.5,3.2,0
2025-01-11 09:00:00 PST,1736614800,103.21,103.26,E,10,5,,96,3.2,3.9,,,32200,1.6,,3,,,5.1,3.7,0
2025-01-11 08:00:00 PST,1736611200,103.12,103.17,SSE,16,4,,100,4,4,,,32200,1.6,,8,,,4.5,2.7,0
2025-01-11 07:00:00 PST,1736607600,103.09,103.14,N,35,5,,100,3.2,3.2,,,16100,1.6,,8,,,4,2,0
2025-01-11 06:00:00 PST,1736604000,103.05,103.1,NNW,33,3,,100,3.5,3.5,,,24100,1.6,,7,,,3.5,2.3,0
2025-01-11 05:00:00 PST,1736600400,102.99,103.04,ESE,12,5,,100,3,3,,,24100,1.7,,7,,,3.1,1.1,0
2025-01-11 04:00:00 PST,1736596800,102.97,103.02,NNE,2,5,,100,2.1,2.1,,,19300,1.9,,5,,,3.7,1,0
2025-01-11 03:00:00 PST,1736593200,102.94,102.99,,,0,,100,2.5,2.5,,,24100,2,,5,,,5.1,2.1,0
2025-01-11 02:00:00 PST,1736589600,102.9,102.95,ENE,6,4,,100,3,3,,,24100,2.1,,5,,,5.7,2.2,0
2025-01-11 01:00:00 PST,1736586000,102.84,102.89,WNW,28,13,,98,3.7,4,,,24100,2.2,,3,,,5.7,3.7,0
2025-01-11 00:00:00 PST,1736582400,102.84,102.89,NW,30,11,,97,3.7,4.1,,,24100,2.3,,1,,,6.1,3.5,0
2025-01-10 23:00:00 PST,1736578800,102.76,102.81,WNW,29,26,,96,5.4,6.1,,,24100,2.3,,2,,,6.7,6,0
2025-01-10 22:00:00 PST,1736575200,102.68,102.73,W,27,27,40,90,5,6.5,,,24100,2.2,,2,,,7,6.5,0.2
2025-01-10 21:00:00 PST,1736571600,102.59,102.64,W,27,38,54,89,5.2,6.9,,,24100,2.2,,6,,,7.1,6.8,0.3
2025-01-10 20:00:00 PST,1736568000,102.51,102.56,W,26,43,53,91,5.7,7,,,24100,2.2,,6,,,7.3,7,0.4
2025-01-10 19:00:00 PST,1736564400,102.47,102.52,W,26,42,67,91,5.8,7.2,,,24100,2.2,,2,,,7.4,7,0.4
2025-01-10 18:00:00 PST,1736560800,102.39,102.44,W,26,41,51,94,6.3,7.2,,,16100,2,,1,,,7.4,7.1,0.6
2025-01-10 17:00:00 PST,1736557200,102.32,102.37,W,26,43,46,95,6.5,7.2,,,32200,2,,2,,,7.5,7.2,0.3
2025-01-10 16:00:00 PST,1736553600,102.22,102.27,W,26,44,56,94,6.5,7.5,,,32200,2,,3,,,7.7,7.4,0.5
2025-01-10 15:00:00 PST,1736550000,102.12,102.17,W,26,48,59,92,6.5,7.7,,,32200,2,,4,,,7.9,7.3,0.4
2025-01-10 14:00:00 PST,1736546400,102.07,102.12,W,26,45,58,93,6.5,7.6,,,32200,1.9,,6,,,7.9,7.5,0.6
2025-01-10 13:00:00 PST,1736542800,102.07,102.12,W,26,48,58,96,7.2,7.9,,,32200,1.9,,8,,,8,7.2,0.7
2025-01-10 12:00:00 PST,1736539200,102.07,102.12,W,27,45,59,99,7,7.2,,,32200,2,,6,,,8.1,7.1,0.3
2025-01-10 11:00:00 PST,1736535600,102.06,102.11,W,27,39,49,98,7.2,7.5,,,32200,2,,7,,,8,6.8,0.1
2025-01-10 10:00:00 PST,1736532000,102,102.05,WSW,25,23,,100,6.8,6.8,,,24100,2,,7,,,6.9,6.3,0
2025-01-10 09:00:00 PST,1736528400,102.01,102.06,NW,31,18,,100,6.3,6.3,,,32200,1.9,,8,,,6.3,6.2,0
2025-01-10 08:00:00 PST,1736524800,101.9,101.95,W,27,4,,100,6.3,6.3,,,16100,1.7,,8,,,6.6,6.3,0
2025-01-10 07:00:00 PST,1736521200,101.88,101.93,ENE,7,9,,100,6.5,6.5,,,16100,1.6,,8,,,6.7,6.5,0.2
2025-01-10 06:00:00 PST,1736517600,101.88,101.93,ENE,7,13,,100,6.7,6.7,,,24100,1.6,,8,,,6.7,6.5,1.4
2025-01-10 05:00:00 PST,1736514000,101.84,101.89,E,9,13,,100,6.5,6.5,,,19300,1.6,,8,,,6.6,6.5,2
2025-01-10 04:00:00 PST,1736510400,101.89,101.94,ENE,7,14,,100,6.6,6.6,,,24100,1.6,,8,,,6.7,6.5,1.3
2025-01-10 03:00:00 PST,1736506800,101.88,101.93,E,10,16,,100,6.8,6.8,,,24100,1.6,,8,,,7,6.4,1.8
2025-01-10 02:00:00 PST,1736503200,102.07,102.12,NE,3,6,,99,6.7,6.8,,,24100,1.5,,8,,,7.6,6.3,1.3
2025-01-10 01:00:00 PST,1736499600,102.02,102.07,E,9,9,,86,5.2,7.5,,,32200,1.6,,8,,,7.6,7,0
2025-01-10 00:00:00 PST,1736496000,102.08,102.13,ENE,6,7,,86,5.3,7.5,,,32200,1.6,,8,,,7.5,6.7,0
2025-01-09 23:00:00 PST,1736492400,102.1,102.15,E,9,14,,91,5.6,7,,,32200,1.7,,8,,,7.1,6.5,0
2025-01-09 22:00:00 PST,1736488800,102.17,102.22,ESE,12,12,,95,6,6.6,,,32200,1.9,,8,,,7,6.6,0
2025-01-09 21:00:00 PST,1736485200,102.28,102.33,ESE,11,16,,93,5.5,6.6,,,32200,2.1,,8,,,6.9,6.2,0
2025-01-09 20:00:00 PST,1736481600,102.39,102.44,ESE,10,18,,95,5.7,6.4,,,32200,2.1,,8,,,6.6,5.7,0
2025-01-09 19:00:00 PST,1736478000,102.52,102.57,ESE,10,9,,95,5.4,6.2,,,32200,2.1,,8,,,6.2,5,0
2025-01-09 18:00:00 PST,1736474400,102.57,102.62,NE,5,5,,100,5,5,,,32200,2,,5,,,5.6,4.2,0
2025-01-09 17:00:00 PST,1736470800,102.65,102.7,SW,21,3,,100,5,5,,,32200,2.1,,7,,,5.4,5,0
2025-01-09 16:00:00 PST,1736467200,102.74,102.79,NW,30,5,,100,5.4,5.4,,,32200,2.1,,7,,,5.9,5.4,0
2025-01-09 15:00:00 PST,1736463600,102.76,102.81,WSW,24,7,,99,5.4,5.6,,,32200,2.1,,7,,,6.6,5.5,0
2025-01-09 14:00:00 PST,1736460000,102.81,102.86,S,19,5,,88,4.7,6.5,,,32200,2.1,,7,,,8,6.5,0
2025-01-09 13:00:00 PST,1736456400,102.94,102.99,SE,12,7,,88,5.1,6.9,,,32200,2.1,,6,,,7.2,6,0
2025-01-09 12:00:00 PST,1736452800,103.09,103.14,,30,0,,97,5.7,6.1,,,32200,2,,5,,,6.1,5.5,0
2025-01-09 11:00:00 PST,1736449200,103.15,103.2,SE,13,5,,99,5.6,5.8,,,32200,1.9,,5,,,6,4.7,0
2025-01-09 10:00:00 PST,1736445600,103.21,103.26,ESE,10,8,,100,4.7,4.7,,,32200,1.8,,7,,,4.7,4.2,0
2025-01-09 09:00:00 PST,1736442000,103.27,103.32,S,17,5,,100,4.6,4.6,,,32200,1.8,,8,,,4.7,2.7,0
2025-01-09 08:00:00 PST,1736438400,103.26,103.31,,,0,,100,3.2,3.2,,,32200,1.7,,7,,,3.8,2.9,0
2025-01-09 07:00:00 PST,1736434800,103.3,103.35,NNW,33,8,,100,3.5,3.5,,,32200,1.7,,6,,,3.9,2.8,0
2025-01-09 06:00:00 PST,1736431200,103.25,103.3,ESE,11,6,,100,3,3,,,32200,1.7,,7,,,3.2,2.1,0
2025-01-09 05:00:00 PST,1736427600,103.36,103.41,WNW,29,7,,100,2,2,,,32200,1.8,,8,,,2.6,2,0
2025-01-09 04:00:00 PST,1736424000,103.3,103.35,ESE,10,10,,100,2.5,2.5,,,32200,1.9,,8,,,2.5,2.1,0
2025-01-09 03:00:00 PST,1736420400,103.42,103.47,E,9,12,,100,2.3,2.3,,,32200,1.9,,8,,,2.3,1,0
2025-01-09 02:00:00 PST,1736416800,103.38,103.43,E,9,16,,100,1.1,1.1,,,400,2,,0,,,3.4,1,0
2025-01-09 01:00:00 PST,1736413200,103.43,103.48,E,8,7,,100,2.9,2.9,,,32200,2,,3,,,3.6,-0.2,0
2025-01-09 00:00:00 PST,1736409600,103.48,103.53,,34,0,,100,2.2,2.2,,,32200,2,,6,,,3.6,-0.2,0
2025-01-08 23:00:00 PST,1736406000,103.45,103.5,ESE,10,6,,100,2.6,2.6,,,32200,2.1,,0,,,4.1,1.5,0
2025-01-08 22:00:00 PST,1736402400,103.41,103.46,WNW,29,5,,100,3.1,3.1,,,32200,3,,0,,,4.4,0.2,0
2025-01-08 21:00:00 PST,1736398800,103.38,103.43,NNW,33,8,,100,0.4,0.4,,,1200,2.3,,0,,,3.5,0.4,0
2025-01-08 20:00:00 PST,1736395200,103.41,103.46,NNE,3,3,,100,0.7,0.7,,,32200,2.4,,0,,,4.3,0.6,0
2025-01-08 19:00:00 PST,1736391600,103.41,103.46,WNW,29,8,,100,3.9,3.9,,,32200,2.4,,0,,,5,3.2,0
2025-01-08 18:00:00 PST,1736388000,103.42,103.47,NW,32,14,,100,3.2,3.2,,,32200,2.5,,2,,,4.3,3.2,0
2025-01-08 17:00:00 PST,1736384400,103.4,103.45,WNW,28,12,,100,3.4,3.4,,,32200,2.4,,2,,,5.3,3.4,0
2025-01-08 16:00:00 PST,1736380800,103.41,103.46,NW,32,13,,100,5.3,5.3,,,40200,2.3,,5,,,7.3,5.3,0
2025-01-08 15:00:00 PST,1736377200,103.36,103.41,NW,32,11,,100,7.1,7.1,,,24100,2.2,,8,,,7.3,7,0
2025-01-08 14:00:00 PST,1736373600,103.34,103.39,W,28,9,,100,7,7,,,24100,2.2,,8,,,7.1,6.9,0
2025-01-08 13:00:00 PST,1736370000,103.37,103.42,W,26,6,,100,7,7,,,12900,2.2,,8,,,7,6.6,0
2025-01-08 12:00:00 PST,1736366400,103.39,103.44,WSW,24,10,,100,6.7,6.7,,,12900,2.4,,8,,,7.4,6.7,0
2025-01-08 11:00:00 PST,1736362800,103.4,103.45,S,17,4,,98,7,7.3,,,24100,2.4,,8,,,7.4,6.7,0
2025-01-08 10:00:00 PST,1736359200,103.39,103.44,S,17,5,,100,6.8,6.9,,,24100,2.4,,8,,,6.9,6.3,0
2025-01-08 09:00:00 PST,1736355600,103.35,103.4,,,0,,100,6.2,6.2,,,24100,2.2,,8,,,6.2,5.3,0
2025-01-08 08:00:00 PST,1736352000,103.23,103.28,SW,23,4,,100,5.4,5.4,,,24100,2,,8,,,6.4,5.4,0
2025-01-08 07:00:00 PST,1736348400,103.17,103.22,,,0,,100,6,6,,,32200,1.9,,8,,,6.2,5.2,0
2025-01-08 06:00:00 PST,1736344800,103.1,103.15,WNW,28,3,,100,5.2,5.2,,,32200,1.8,,8,,,5.3,5,0
2025-01-08 05:00:00 PST,1736341200,103.12,103.17,SSW,19,4,,100,5.2,5.2,,,32200,1.9,,8,,,5.4,5.2,0
2025-01-08 04:00:00 PST,1736337600,103.06,103.11,ESE,11,3,,100,5.2,5.2,,,32200,1.9,,8,,,5.6,5.2,0
2025-01-08 03:00:00 PST,1736334000,103.06,103.11,NNE,3,8,,100,5.5,5.5,,,32200,1.9,,8,,,5.7,5.3,0
2025-01-08 02:00:00 PST,1736330400,102.97,103.02,E,9,9,,100,5.8,5.8,,,24100,1.9,,8,,,5.8,5.5,0
2025-01-08 01:00:00 PST,1736326800,102.93,102.98,E,9,12,,99,5.5,5.7,,,24100,2,,8,,,5.8,5.3,0
2025-01-08 00:00:00 PST,1736323200,102.93,102.98,E,9,11,,100,5.3,5.3,,,24100,2.1,,8,,,5.4,5.1,0
2025-01-07 23:00:00 PST,1736319600,102.9,102.95,ESE,11,10,,100,5.2,5.2,,,32200,2.2,,8,,,5.5,4.9,0.2
2025-01-07 22:00:00 PST,1736316000,102.92,102.97,WSW,24,4,,100,5.3,5.3,,,19300,2.2,,8,,,5.4,5,0.7
2025-01-07 21:00:00 PST,1736312400,102.82,102.87,ENE,7,9,,98,5.1,5.4,,,24100,2.2,,8,,,5.5,5.1,0
2025-01-07 20:00:00 PST,1736308800,102.85,102.9,NE,3,7,,96,4.5,5.1,,,32200,2.2,,8,,,5.3,4.6,0
2025-01-07 19:00:00 PST,1736305200,102.94,102.99,,,0,,97,4.3,4.7,,,32200,2.2,,8,,,5.2,4.6,0
2025-01-07 18:00:00 PST,1736301600,102.93,102.98,ENE,6,4,,92,3.8,5,,,32200,2.2,,8,,,5,4.7,0
2025-01-07 17:00:00 PST,1736298000,102.89,102.94,SE,12,8,,91,3.7,5,,,32200,2.2,,7,,,5.5,4.8,0
2025-01-07 16:00:00 PST,1736294400,102.98,103.03,SSE,14,4,,86,3.2,5.3,,,48300,2.1,,7,,,5.3,4.9,0
2025-01-07 15:00:00 PST,1736290800,103.05,103.1,NNE,1,5,,89,3.4,5,,,48300,2,,7,,,5.1,4.4,0
2025-01-07 14:00:00 PST,1736287200,103.04,103.09,E,9,12,,100,4.4,4.4,,,48300,2,,8,,,4.4,3.6,0
2025-01-07 13:00:00 PST,1736283600,103.12,103.17,ENE,6,10,,100,3.7,3.7,,,48300,2,,7,,,3.8,3.1,0
2025-01-07 12:00:00 PST,1736280000,103.23,103.28,E,8,4,,100,3.1,3.1,,,40200,2.1,,8,,,3.4,2.5,0
2025-01-07 11:00:00 PST,1736276400,103.33,103.38,SSE,16,7,,100,2.6,2.6,,,32200,2.2,,7,,,3,2.4,0
2025-01-07 10:00:00 PST,1736272800,103.33,103.38,ESE,11,14,,100,2.7,2.7,,,400,2.1,,,,,3,2.5,0
2025-01-07 09:00:00 PST,1736269200,103.39,103.44,E,9,7,,100,2.9,2.9,,,200,2,,,,,2.9,2.5,0
2025-01-07 08:00:00 PST,1736265600,103.33,103.38,E,9,7,,100,2.6,2.6,,,200,2,,,,,2.9,2.5,0
2025-01-07 07:00:00 PST,1736262000,103.31,103.36,ESE,10,9,,100,2.7,2.7,,,200,2,,0,,,3,2.4,0
2025-01-07 06:00:00 PST,1736258400,103.34,103.39,SE,13,3,,100,2.8,2.8,,,200,2,,,,,2.8,2.2,0
2025-01-07 05:00:00 PST,1736254800,103.33,103.38,NNW,33,7,,100,2.1,2.1,,,200,2,,,,,2.5,2,0
2025-01-07 04:00:00 PST,1736251200,103.34,103.39,NW,30,8,,100,2.4,2.4,,,400,2.1,,,,,2.8,2.2,0
2025-01-07 03:00:00 PST,1736247600,103.37,103.42,,22,0,,100,2.7,2.7,,,200,2.1,,,,,2.8,2.5,0
2025-01-07 02:00:00 PST,1736244000,103.4,103.45,NNW,32,7,,100,2.7,2.7,,,200,2.1,,,,,3.3,2.7,0
2025-01-07 01:00:00 PST,1736240400,103.42,103.47,,,0,,100,3.2,3.2,,,200,2.1,,,,,3.6,3.1,0
2025-01-07 00:00:00 PST,1736236800,103.46,103.51,,,0,,100,3.6,3.6,,,200,2.2,,,,,3.9,3.6,0
2025-01-06 23:00:00 PST,1736233200,103.49,103.54,SSW,20,3,,100,3.8,3.8,,,200,2.3,,,,,4.2,3.8,0
2025-01-06 22:00:00 PST,1736229600,103.44,103.49,,11,0,,100,4.1,4.1,,,400,2.4,,,,,4.7,4.1,0
2025-01-06 21:00:00 PST,1736226000,103.43,103.48,N,0,3,,100,4.2,4.2,,,800,2.4,,4,,,4.8,4.2,0
2025-01-06 20:00:00 PST,1736222400,103.43,103.48,,,0,,100,4.7,4.7,,,16100,2.4,,8,,,4.8,4.3,0
2025-01-06 19:00:00 PST,1736218800,103.4,103.45,WNW,29,6,,100,4.4,4.4,,,24100,2.4,,8,,,4.7,3.8,0
2025-01-06 18:00:00 PST,1736215200,103.39,103.44,W,26,4,,100,4.3,4.3,,,32200,3,,7,,,4.7,3.2,0
2025-01-06 17:00:00 PST,1736211600,103.37,103.42,WNW,29,7,,100,4.7,4.7,,,32200,2.5,,7,,,5.1,4.4,0
2025-01-06 16:00:00 PST,1736208000,103.35,103.4,WNW,30,8,,100,5.1,5.1,,,32200,2.4,,7,,,6,5.1,0
2025-01-06 15:00:00 PST,1736204400,103.3,103.35,WNW,29,9,,100,6.1,6.1,,,48300,2.3,,6,,,6.2,5.9,0
2025-01-06 14:00:00 PST,1736200800,103.3,103.35,WNW,29,14,,100,6.1,6.1,,,48300,2.3,,2,,,6.2,5.6,0.1
2025-01-06 13:00:00 PST,1736197200,103.33,103.38,WNW,29,17,,100,5.8,5.8,,,48300,2.1,,4,,,6,2.9,0
2025-01-06 12:00:00 PST,1736193600,103.33,103.38,NNW,33,7,,100,3.8,3.8,,,2000,1.9,,4,,,4,2.5,0
2025-01-06 11:00:00 PST,1736190000,103.35,103.4,E,8,8,,100,2.6,2.6,,,1000,1.7,,,,,2.6,1,0
2025-01-06 10:00:00 PST,1736186400,103.27,103.32,ESE,10,13,,100,1.1,1.1,,,200,1.7,,0,,,3.1,0.3,0
2025-01-06 09:00:00 PST,1736182800,103.2,103.25,E,9,13,,100,1.3,1.3,,,200,1.6,,0,,,3.1,0.1,0
2025-01-06 08:00:00 PST,1736179200,103.11,103.16,,15,0,,100,1.1,1.1,,,3600,1.5,,,,,1.7,0.1,0
2025-01-06 07:00:00 PST,1736175600,103.05,103.1,,,0,,100,1.1,1.1,,,32200,1.4,,0,,,1.5,-0.6,0
2025-01-06 06:00:00 PST,1736172000,103.06,103.11,,,0,,100,0.6,0.6,,,600,1.4,,0,,,2.4,0.3,0
2025-01-06 05:00:00 PST,1736168400,103.09,103.14,NNE,1,9,,100,1.8,1.8,,,0,1.4,,,,,2.6,1.8,0
2025-01-06 04:00:00 PST,1736164800,103.05,103.1,ENE,7,12,,100,2.5,2.5,,,200,1.4,,0,,,3.5,0.6,0
2025-01-06 03:00:00 PST,1736161200,103.03,103.08,E,9,15,,100,0.8,0.8,,,600,1.4,,0,,,4.5,0.8,0
2025-01-06 02:00:00 PST,1736157600,103.01,103.06,NNW,33,17,28,100,3.7,3.7,,,32200,1.5,,0,,,4.5,3.7,0
2025-01-06 01:00:00 PST,1736154000,102.96,103.01,WNW,29,20,,100,4.3,4.3,,,32200,1.6,,1,,,4.3,3.4,0
2025-01-06 00:00:00 PST,1736150400,102.91,102.96,WNW,29,18,,100,3.3,3.3,,,32200,1.7,,2,,,3.3,1.1,0
2025-01-05 23:00:00 PST,1736146800,102.86,102.91,NW,30,5,,100,1.2,1.2,,,32200,1.8,,0,,,3,1.1,0
2025-01-05 22:00:00 PST,1736143200,102.8,102.85,NW,31,5,,100,2.1,2.1,,,32200,1.8,,0,,,5,1.2,0
2025-01-05 21:00:00 PST,1736139600,102.78,102.83,WNW,28,9,,100,2.8,2.8,,,400,1.9,,1,,,5.3,1.7,0
2025-01-05 20:00:00 PST,1736136000,102.73,102.78,,,0,,100,5,5,,,600,2,,0,,,5.3,3.4,0
2025-01-05 19:00:00 PST,1736132400,102.68,102.73,N,35,7,,100,4.2,4.2,,,32200,2,,3,,,4.3,3,0
2025-01-05 18:00:00 PST,1736128800,102.62,102.67,NW,32,8,,100,4,4,,,32200,2.2,,4,,,5.2,3.3,0
2025-01-05 17:00:00 PST,1736125200,102.59,102.64,NW,31,13,,100,5,5,,,32200,2.2,,5,,,5.9,5,0
2025-01-05 16:00:00 PST,1736121600,102.55,102.6,NW,31,12,,100,6,6,,,32200,2.1,,6,,,7.5,6,0
2025-01-05 15:00:00 PST,1736118000,102.48,102.53,NW,30,12,,95,6.7,7.5,,,32200,1.9,,7,,,8.1,7.5,0
2025-01-05 14:00:00 PST,1736114400,102.45,102.5,NW,30,12,,100,7.6,7.6,,,24100,1.9,,7,,,8,7.4,0
2025-01-05 13:00:00 PST,1736110800,102.42,102.47,SW,21,5,,96,7.4,7.9,,,24100,1.8,,8,,,8.2,7.7,0
2025-01-05 12:00:00 PST,1736107200,102.41,102.46,SE,14,7,,99,7.6,7.7,,,24100,1.7,,8,,,8,7.4,0
2025-01-05 11:00:00 PST,1736103600,102.44,102.49,E,8,6,,100,7.4,7.4,,,16100,1.7,,8,,,7.4,6.5,0
2025-01-05 10:00:00 PST,1736100000,102.41,102.46,,5,0,,100,6.7,6.7,,,12900,1.7,,8,,,6.7,6.1,0.1
2025-01-05 09:00:00 PST,1736096400,102.33,102.38,,,0,,100,6.1,6.1,,,8100,1.7,,8,,,6.1,6,0.2
2025-01-05 08:00:00 PST,1736092800,102.22,102.27,NW,31,6,,100,6,6,,,12900,1.7,,8,,,6.2,5.9,0
2025-01-05 07:00:00 PST,1736089200,102.12,102.17,SSW,20,3,,100,6,6,,,32200,1.6,,8,,,6.2,5.8,0
2025-01-05 06:00:00 PST,1736085600,102.06,102.11,,,0,,100,5.8,5.8,,,32200,1.7,,8,,,5.9,5.8,0
2025-01-05 05:00:00 PST,1736082000,102,102.05,E,8,7,,100,5.8,5.8,,,24100,1.7,,8,,,6.1,5.8,0
2025-01-05 04:00:00 PST,1736078400,101.94,101.99,ESE,11,10,,100,6.1,6.1,,,24100,1.8,,8,,,6.4,5.9,0
2025-01-05 03:00:00 PST,1736074800,101.86,101.91,ESE,11,10,,100,6.4,6.4,,,24100,1.8,,8,,,6.8,6.3,0
2025-01-05 02:00:00 PST,1736071200,101.76,101.81,ENE,6,10,,99,6.5,6.7,,,24100,1.8,,8,,,6.9,6.6,0.3
2025-01-05 01:00:00 PST,1736067600,101.7,101.75,NE,5,14,,98,6.6,6.8,,,24100,1.9,,8,,,7.2,6.8,0.9
2025-01-05 00:00:00 PST,1736064000,101.65,101.7,NE,4,15,,94,6.3,7.2,,,19300,1.9,,8,,,7.2,7,0.1
2025-01-04 23:00:00 PST,1736060400,101.6,101.65,ENE,6,14,,94,6.4,7.2,,,19300,1.9,,8,,,7.4,7.1,0.1
2025-01-04 22:00:00 PST,1736056800,101.53,101.58,ENE,6,12,,99,7,7.2,,,19300,1.9,,8,,,7.2,7,0.3
2025-01-04 21:00:00 PST,1736053200,101.49,101.54,ENE,7,17,,100,7,7,,,19300,1.9,,8,,,7.1,6.9,0.4
2025-01-04 20:00:00 PST,1736049600,101.47,101.52,E,9,22,,100,6.9,6.9,,,19300,2,,8,,,7.1,6.9,1.4
2025-01-04 19:00:00 PST,1736046000,101.45,101.5,E,8,23,,100,7,7,,,16100,2,,8,,,7,6.9,1.5
2025-01-04 18:00:00 PST,1736042400,101.46,101.51,ENE,7,18,,100,7,7,,,12900,1.9,,8,,,7,6.8,0.7
2025-01-04 17:00:00 PST,1736038800,101.47,101.52,E,8,17,,100,6.9,6.9,,,12900,1.9,,8,,,7.1,6.8,1
2025-01-04 16:00:00 PST,1736035200,101.47,101.52,E,9,19,,100,7.1,7.1,,,12900,1.9,,8,,,7.4,7.1,0.3
2025-01-04 15:00:00 PST,1736031600,101.44,101.49,E,7,18,,100,7.4,7.4,,,16100,1.9,,8,,,7.4,7.2,0.1
2025-01-04 14:00:00 PST,1736028000,101.43,101.48,ENE,7,20,,100,7.2,7.2,,,19300,1.8,,8,,,7.3,6.8,0.5
2025-01-04 13:00:00 PST,1736024400,101.46,101.51,ENE,7,16,,100,7.2,7.2,,,24100,1.8,,8,,,7.2,6.7,0
2025-01-04 12:00:00 PST,1736020800,101.48,101.53,ENE,7,19,,100,6.7,6.7,,,16100,1.8,,8,,,7,6.6,0
2025-01-04 11:00:00 PST,1736017200,101.54,101.59,E,8,17,,100,6.6,6.6,,,16100,1.9,,8,,,7.2,6.6,0
2025-01-04 10:00:00 PST,1736013600,101.49,101.54,E,9,20,,95,6.4,7.2,,,24100,1.8,,8,,,7.2,7,0
2025-01-04 09:00:00 PST,1736010000,101.44,101.49,E,8,14,,94,6.1,7.1,,,24100,1.8,,8,,,7.1,6.7,0
2025-01-04 08:00:00 PST,1736006400,101.38,101.43,E,8,17,,99,6.5,6.7,,,24100,1.7,,8,,,6.7,6.1,0
2025-01-04 07:00:00 PST,1736002800,101.35,101.4,E,8,12,,100,6.4,6.4,,,24100,1.6,,8,,,6.4,5.8,0
2025-01-04 06:00:00 PST,1735999200,101.32,101.37,E,8,13,,100,5.8,5.8,,,24100,1.6,,8,,,5.9,5.1,0
2025-01-04 05:00:00 PST,1735995600,101.29,101.34,E,9,12,,100,5.2,5.2,,,24100,1.7,,8,,,5.3,4.4,0
2025-01-04 04:00:00 PST,1735992000,101.27,101.32,E,8,13,,100,5.2,5.2,,,24100,1.7,,7,,,5.5,5.2,0
2025-01-04 03:00:00 PST,1735988400,101.32,101.37,NNE,2,5,,100,5.3,5.3,,,19300,1.8,,8,,,5.7,5.2,0
2025-01-04 02:00:00 PST,1735984800,101.28,101.33,ENE,7,7,,100,5.4,5.4,,,19300,1.9,,8,,,5.5,5.3,0
2025-01-04 01:00:00 PST,1735981200,101.21,101.26,E,10,11,,100,5.3,5.3,,,24100,2,,8,,,5.8,5.2,0
2025-01-04 00:00:00 PST,1735977600,101.14,101.19,E,8,9,,100,5.2,5.2,,,16100,2,,8,,,5.9,5.2,0
2025-01-03 23:00:00 PST,1735974000,101.12,101.17,SE,12,5,,100,5.7,5.7,,,32200,2.1,,8,,,5.9,5.3,0
2025-01-03 22:00:00 PST,1735970400,101.04,101.09,E,7,11,,100,5.5,5.5,,,32200,2.2,,8,,,5.5,5.2,0
2025-01-03 21:00:00 PST,1735966800,101.04,101.09,E,8,7,,100,5.2,5.2,,,32200,2.2,,8,,,5.5,5.2,0
2025-01-03 20:00:00 PST,1735963200,100.99,101.04,E,8,12,,100,5.4,5.4,,,32200,2.3,,8,,,5.5,5.3,0
2025-01-03 19:00:00 PST,1735959600,100.94,100.99,E,8,12,,100,5.3,5.3,,,32200,2.3,,8,,,5.4,5.1,0
2025-01-03 18:00:00 PST,1735956000,100.91,100.96,E,10,12,,100,5.1,5.1,,,32200,2.4,,8,,,5.1,4.9,0
2025-01-03 17:00:00 PST,1735952400,100.9,100.95,ESE,11,5,,100,5,5,,,16100,2.4,,8,,,5,4.4,0.1
2025-01-03 16:00:00 PST,1735948800,100.82,100.87,,,0,,100,4.5,4.5,,,16100,2.4,,8,,,4.7,4.4,1.1
2025-01-03 15:00:00 PST,1735945200,100.76,100.81,SSW,20,9,,100,4.7,4.7,,,16100,2.4,,8,,,5,4.7,1.1
2025-01-03 14:00:00 PST,1735941600,100.67,100.72,WNW,28,6,,100,5,5,,,24100,2.4,,8,,,5.2,4.9,0.5
2025-01-03 13:00:00 PST,1735938000,100.67,100.72,NNE,3,8,,99,4.9,5,,,12900,2.4,,8,,,5,4.3,1.5
2025-01-03 12:00:00 PST,1735934400,100.73,100.78,N,0,9,,100,4.4,4.4,,,12900,2.2,,8,,,4.5,4.1,1.2
2025-01-03 11:00:00 PST,1735930800,100.81,100.86,ENE,6,7,,100,4.1,4.1,,,32200,2.2,,8,,,4.2,3.5,0
2025-01-03 10:00:00 PST,1735927200,100.81,100.86,ENE,6,5,,100,3.5,3.5,,,32200,2.2,,8,,,3.5,2.6,0
2025-01-03 09:00:00 PST,1735923600,100.78,100.83,E,8,8,,100,2.6,2.6,,,32200,2.3,,8,,,2.6,1.6,0
2025-01-03 08:00:00 PST,1735920000,100.76,100.81,ENE,7,4,,100,2.2,2.2,,,24100,2.3,,8,,,2.4,2,0
2025-01-03 07:00:00 PST,1735916400,100.85,100.9,E,8,11,,100,2.3,2.3,,,1200,2.3,,,,,2.8,1.7,0
2025-01-03 06:00:00 PST,1735912800,100.92,100.97,E,9,15,,100,1.9,1.9,,,19300,2.3,,7,,,2.9,1.5,0
2025-01-03 05:00:00 PST,1735909200,101.02,101.07,ESE,10,10,,100,2.2,2.2,,,800,2.2,,7,,,2.9,1.5,0
2025-01-03 04:00:00 PST,1735905600,101.16,101.21,ESE,11,9,,100,2.5,2.5,,,24100,2,,7,,,2.9,1.9,0
2025-01-03 03:00:00 PST,1735902000,101.33,101.38,SSE,15,7,,100,2.8,2.8,,,16100,2,,7,,,4.7,2,0
2025-01-03 02:00:00 PST,1735898400,101.38,101.43,,,0,,100,2.1,2.1,,,24100,2,,7,,,4.7,2.1,0
2025-01-03 01:00:00 PST,1735894800,101.49,101.54,SE,13,5,,100,4.3,4.3,,,24100,2,,7,,,4.6,4.1,0
2025-01-03 00:00:00 PST,1735891200,101.61,101.66,WNW,29,7,,100,4.5,4.5,,,19300,2,,8,,,4.5,4.3,0
2025-01-02 23:00:00 PST,1735887600,101.67,101.72,WNW,29,7,,100,4.3,4.3,,,24100,2.1,,8,,,4.4,4.1,0
2025-01-02 22:00:00 PST,1735884000,101.71,101.76,,,0,,100,4.3,4.3,,,19300,2.2,,8,,,4.4,4.2,0
2025-01-02 21:00:00 PST,1735880400,101.75,101.8,ESE,10,6,,100,4.2,4.2,,,16100,2.3,,8,,,4.3,4.1,0.3
2025-01-02 20:00:00 PST,1735876800,101.8,101.85,SE,12,7,,100,4.3,4.3,,,24100,2.2,,8,,,4.3,4.1,0.4
2025-01-02 19:00:00 PST,1735873200,101.8,101.85,E,9,7,,100,4.2,4.2,,,24100,2.3,,8,,,4.2,4,0.4
2025-01-02 18:00:00 PST,1735869600,101.82,101.87,E,9,7,,100,4,4,,,24100,2.2,,8,,,4.1,4,0.6
2025-01-02 17:00:00 PST,1735866000,101.82,101.87,E,8,8,,100,4,4,,,24100,2.1,,8,,,4.1,4,0.3
2025-01-02 16:00:00 PST,1735862400,101.84,101.89,E,9,10,,100,4.1,4.1,,,24100,2.1,,8,,,4.1,4,0.5
2025-01-02 15:00:00 PST,1735858800,101.79,101.84,E,8,12,,100,4.1,4.1,,,24100,2.1,,8,,,4.1,4,0.1
2025-01-02 14:00:00 PST,1735855200,101.77,101.82,ESE,10,16,,100,4,4.1,,,24100,2.1,,8,,,4.2,4,0.6
2025-01-02 13:00:00 PST,1735851600,101.76,101.81,E,9,14,,97,3.5,4,,,24100,2.1,,8,,,4,3.8,0.6
2025-01-02 12:00:00 PST,1735848000,101.81,101.86,E,8,16,,94,3,3.8,,,16100,2,,8,,,4.2,3.8,0.4
2025-01-02 11:00:00 PST,1735844400,101.88,101.93,E,8,15,,91,2.8,4.1,,,24100,2,,8,,,4.5,4,0.1
2025-01-02 10:00:00 PST,1735840800,101.89,101.94,E,10,18,,78,0.9,4.5,,,24100,2,,8,,,4.5,4,0
2025-01-02 09:00:00 PST,1735837200,101.85,101.9,E,8,17,,74,-0.2,4,,,32200,1.9,,8,,,4,3.4,0
2025-01-02 08:00:00 PST,1735833600,101.85,101.9,E,8,19,,76,-0.4,3.5,,,32200,1.8,,8,,,3.5,2.9,0
2025-01-02 07:00:00 PST,1735830000,101.87,101.92,E,8,11,,75,-0.5,3.6,,,32200,1.7,,8,,,3.8,3,0
2025-01-02 06:00:00 PST,1735826400,101.88,101.93,ESE,11,8,,87,1,3,,,32200,1.8,,8,,,3.5,2.5,0
2025-01-02 05:00:00 PST,1735822800,101.87,101.92,ESE,10,10,,86,0.5,2.6,,,32200,1.8,,8,,,2.9,2.4,0
2025-01-02 04:00:00 PST,1735819200,101.9,101.95,E,9,6,,88,0.9,2.7,,,32200,1.8,,8,,,3.2,2.4,0
2025-01-02 03:00:00 PST,1735815600,101.92,101.97,S,18,4,,97,1.8,2.3,,,32200,1.9,,8,,,3.2,2.3,0
2025-01-02 02:00:00 PST,1735812000,101.87,101.92,ENE,7,7,,89,1.6,3.2,,,32200,1.9,,7,,,3.3,2.8,0
2025-01-02 01:00:00 PST,1735808400,101.81,101.86,ESE,11,7,,90,1.5,2.9,,,32200,1.9,,8,,,3.6,2.5,0
2025-01-02 00:00:00 PST,1735804800,101.78,101.83,E,8,6,,86,0.1,2.3,,,32200,1.9,,8,,,3.6,2.3,0
2025-01-01 23:00:00 PST,1735801200,101.78,101.83,E,9,9,,88,0.7,2.5,,,32200,2,,8,,,3,0.7,0
2025-01-01 22:00:00 PST,1735797600,101.78,101.83,NNE,2,3,,95,0,0.7,,,32200,2,,5,,,3.6,0.7,0
2025-01-01 21:00:00 PST,1735794000,101.75,101.8,SE,12,4,,86,0.4,2.5,,,32200,2,,8,,,4,1.9,0
2025-01-01 20:00:00 PST,1735790400,101.72,101.77,ENE,6,8,,84,0.2,2.8,,,32200,2,,4,,,4,2.4,0
2025-01-01 19:00:00 PST,1735786800,101.7,101.75,NNE,2,7,,82,0.3,3.1,,,32200,1.9,,5,,,4,3.1,0
2025-01-01 18:00:00 PST,1735783200,101.7,101.75,E,9,8,,79,0.3,3.6,,,32200,1.8,,7,,,4.6,3.6,0
2025-01-01 17:00:00 PST,1735779600,101.73,101.78,E,9,10,,80,1.2,4.3,,,40200,1.7,,8,,,5.1,4.2,0
2025-01-01 16:00:00 PST,1735776000,101.7,101.75,SE,12,7,,73,0.7,5.1,,,48300,,,8,,,5.5,5.1,0
2025-01-01 15:00:00 PST,1735772400,101.69,101.74,E,9,8,,71,0.7,5.5,,,48300,,,8,,,5.7,5.5,0
2025-01-01 14:00:00 PST,1735768800,101.68,101.73,ENE,7,13,,70,0.5,5.6,,,48300,,,8,,,5.9,5.2,0
2025-01-01 13:00:00 PST,1735765200,101.73,101.78,E,9,13,,72,0.7,5.2,,,48300,,,8,,,5.5,5.1,0
2025-01-01 12:00:00 PST,1735761600,101.77,101.82,E,9,8,,73,0.7,5.1,,,48300,,,8,,,5.3,4.3,0
2025-01-01 11:00:00 PST,1735758000,101.79,101.84,E,9,11,,80,1.3,4.3,,,48300,,,8,,,4.4,3.8,0
2025-01-01 10:00:00 PST,1735754400,101.77,101.82,E,9,13,,84,1.3,3.8,,,48300,,,8,,,3.9,3.5,0
2025-01-01 09:00:00 PST,1735750800,101.75,101.8,E,9,12,,80,0.5,3.6,,,48300,,,8,,,3.8,3.5,0
2025-01-01 08:00:00 PST,1735747200,101.72,101.77,E,8,14,,77,0.1,3.7,,,48300,,,8,,,3.8,3.6,0
2025-01-01 07:00:00 PST,1735743600,101.69,101.74,ENE,7,13,,86,1.7,3.8,,,32200,,,8,,,3.8,3.2,0
2025-01-01 06:00:00 PST,1735740000,101.67,101.72,E,9,13,,91,1.8,3.2,,,32200,,,8,,,3.6,3.2,0
2025-01-01 05:00:00 PST,1735736400,101.65,101.7,ESE,12,12,,96,2.9,3.5,,,32200,,,8,,,3.5,3.4,0
2025-01-01 04:00:00 PST,1735732800,101.64,101.69,ESE,10,11,,95,2.7,3.5,,,32200,,,8,,,4.1,3.5,0
2025-01-01 03:00:00 PST,1735729200,101.66,101.71,ESE,10,8,,85,1.6,3.9,,,32200,,,8,,,4.3,3.7,0
2025-01-01 02:00:00 PST,1735725600,101.67,101.72,NE,5,9,,87,2.1,4,,,32200,,,8,,,4,3.7,0
2025-01-01 01:00:00 PST,1735722000,101.67,101.72,E,9,13,,90,2.3,3.7,,,24100,,,8,,,4,3.3,0
2025-01-01 00:00:00 PST,1735718400,101.67,101.72,E,8,10,,85,1.7,4,,,32200,,,8,,,4.4,4,0
