datetime_local,datetime_utc,air_temperature_C,soil_surface_temperature_C,soil_temp_5cm_C,soil_temp_10cm_C,soil_temp_20cm_C
2025-01-01 00:00:00 PST,2025-01-01 08:00:00 UTC,4.0,4.33,4.37,4.39,4.41
2025-01-01 01:00:00 PST,2025-01-01 09:00:00 UTC,3.7,4.2,4.29,4.36,4.4
2025-01-01 02:00:00 PST,2025-01-01 10:00:00 UTC,4.0,4.16,4.25,4.32,4.39
2025-01-01 03:00:00 PST,2025-01-01 11:00:00 UTC,3.9,4.11,4.21,4.29,4.37
2025-01-01 04:00:00 PST,2025-01-01 12:00:00 UTC,3.5,3.99,4.13,4.24,4.36
2025-01-01 05:00:00 PST,2025-01-01 13:00:00 UTC,3.5,3.89,4.05,4.19,4.33
2025-01-01 06:00:00 PST,2025-01-01 14:00:00 UTC,3.2,3.75,3.96,4.12,4.31
2025-01-01 07:00:00 PST,2025-01-01 15:00:00 UTC,3.8,3.76,3.93,4.07,4.27
2025-01-01 08:00:00 PST,2025-01-01 16:00:00 UTC,3.7,3.75,3.9,4.04,4.24
2025-01-01 09:00:00 PST,2025-01-01 17:00:00 UTC,3.6,3.72,3.87,4.01,4.21
2025-01-01 10:00:00 PST,2025-01-01 18:00:00 UTC,3.8,3.74,3.87,3.99,4.19
2025-01-01 11:00:00 PST,2025-01-01 19:00:00 UTC,4.3,3.85,3.92,4.0,4.17
2025-01-01 12:00:00 PST,2025-01-01 20:00:00 UTC,5.1,4.1,4.05,4.05,4.16
2025-01-01 13:00:00 PST,2025-01-01 21:00:00 UTC,5.2,4.32,4.2,4.13,4.16
2025-01-01 14:00:00 PST,2025-01-01 22:00:00 UTC,5.6,4.58,4.37,4.23,4.19
2025-01-01 15:00:00 PST,2025-01-01 23:00:00 UTC,5.5,4.76,4.52,4.35,4.22
2025-01-01 16:00:00 PST,2025-01-02 00:00:00 UTC,5.1,4.83,4.61,4.43,4.27
2025-01-01 17:00:00 PST,2025-01-02 01:00:00 UTC,4.3,4.72,4.6,4.48,4.31
2025-01-01 18:00:00 PST,2025-01-02 02:00:00 UTC,3.6,4.5,4.49,4.46,4.35
2025-01-01 19:00:00 PST,2025-01-02 03:00:00 UTC,3.1,4.22,4.33,4.39,4.36
2025-01-01 20:00:00 PST,2025-01-02 04:00:00 UTC,2.8,3.93,4.14,4.29,4.35
2025-01-01 21:00:00 PST,2025-01-02 05:00:00 UTC,2.5,3.65,3.94,4.16,4.32
2025-01-01 22:00:00 PST,2025-01-02 06:00:00 UTC,0.7,3.06,3.58,3.96,4.27
2025-01-01 23:00:00 PST,2025-01-02 07:00:00 UTC,2.5,2.95,3.41,3.78,4.2
2025-01-02 00:00:00 PST,2025-01-02 08:00:00 UTC,2.3,2.82,3.27,3.65,4.11
2025-01-02 01:00:00 PST,2025-01-02 09:00:00 UTC,2.9,2.83,3.21,3.55,4.03
2025-01-02 02:00:00 PST,2025-01-02 10:00:00 UTC,3.2,2.91,3.21,3.5,3.96
2025-01-02 03:00:00 PST,2025-01-02 11:00:00 UTC,2.3,2.79,3.13,3.44,3.9
2025-01-02 04:00:00 PST,2025-01-02 12:00:00 UTC,2.7,2.77,3.09,3.38,3.84
2025-01-02 05:00:00 PST,2025-01-02 13:00:00 UTC,2.6,2.73,3.05,3.34,3.79
2025-01-02 06:00:00 PST,2025-01-02 14:00:00 UTC,3.0,2.79,3.05,3.31,3.75
2025-01-02 07:00:00 PST,2025-01-02 15:00:00 UTC,3.6,2.95,3.12,3.31,3.71
2025-01-02 08:00:00 PST,2025-01-02 16:00:00 UTC,3.5,3.06,3.19,3.34,3.69
2025-01-02 09:00:00 PST,2025-01-02 17:00:00 UTC,4.0,3.25,3.3,3.39,3.67
2025-01-02 10:00:00 PST,2025-01-02 18:00:00 UTC,4.5,3.5,3.46,3.47,3.68
2025-01-02 11:00:00 PST,2025-01-02 19:00:00 UTC,4.1,3.62,3.56,3.55,3.69
2025-01-02 12:00:00 PST,2025-01-02 20:00:00 UTC,3.8,3.66,3.62,3.61,3.72
2025-01-02 13:00:00 PST,2025-01-02 21:00:00 UTC,4.0,3.72,3.68,3.67,3.74
2025-01-02 14:00:00 PST,2025-01-02 22:00:00 UTC,4.1,3.8,3.74,3.72,3.77
2025-01-02 15:00:00 PST,2025-01-02 23:00:00 UTC,4.1,3.86,3.8,3.76,3.79
2025-01-02 16:00:00 PST,2025-01-03 00:00:00 UTC,4.1,3.91,3.85,3.81,3.82
2025-01-02 17:00:00 PST,2025-01-03 01:00:00 UTC,4.0,3.93,3.87,3.84,3.84
2025-01-02 18:00:00 PST,2025-01-03 02:00:00 UTC,4.0,3.94,3.9,3.87,3.87
2025-01-02 19:00:00 PST,2025-01-03 03:00:00 UTC,4.2,3.99,3.94,3.9,3.89
2025-01-02 20:00:00 PST,2025-01-03 04:00:00 UTC,4.3,4.05,3.98,3.93,3.91
2025-01-02 21:00:00 PST,2025-01-03 05:00:00 UTC,4.2,4.08,4.02,3.96,3.93
2025-01-02 22:00:00 PST,2025-01-03 06:00:00 UTC,4.3,4.13,4.05,3.99,3.95
2025-01-02 23:00:00 PST,2025-01-03 07:00:00 UTC,4.3,4.16,4.09,4.03,3.97
2025-01-03 00:00:00 PST,2025-01-03 08:00:00 UTC,4.5,4.23,4.13,4.06,3.99
2025-01-03 01:00:00 PST,2025-01-03 09:00:00 UTC,4.3,4.24,4.16,4.09,4.02
2025-01-03 02:00:00 PST,2025-01-03 10:00:00 UTC,2.1,3.81,3.96,4.03,4.04
2025-01-03 03:00:00 PST,2025-01-03 11:00:00 UTC,2.8,3.61,3.8,3.94,4.03
2025-01-03 04:00:00 PST,2025-01-03 12:00:00 UTC,2.5,3.39,3.64,3.84,4.01
2025-01-03 05:00:00 PST,2025-01-03 13:00:00 UTC,2.2,3.15,3.47,3.72,3.97
2025-01-03 06:00:00 PST,2025-01-03 14:00:00 UTC,1.9,2.9,3.28,3.59,3.92
2025-01-03 07:00:00 PST,2025-01-03 15:00:00 UTC,2.3,2.78,3.16,3.47,3.86
2025-01-03 08:00:00 PST,2025-01-03 16:00:00 UTC,2.2,2.66,3.04,3.37,3.79
2025-01-03 09:00:00 PST,2025-01-03 17:00:00 UTC,2.6,2.65,2.99,3.29,3.73
2025-01-03 10:00:00 PST,2025-01-03 18:00:00 UTC,3.5,2.82,3.04,3.27,3.67
2025-01-03 11:00:00 PST,2025-01-03 19:00:00 UTC,4.1,3.08,3.17,3.3,3.63
2025-01-03 12:00:00 PST,2025-01-03 20:00:00 UTC,4.4,3.34,3.33,3.38,3.62
2025-01-03 13:00:00 PST,2025-01-03 21:00:00 UTC,5.0,3.67,3.54,3.49,3.62
2025-01-03 14:00:00 PST,2025-01-03 22:00:00 UTC,5.0,3.94,3.74,3.62,3.65
2025-01-03 15:00:00 PST,2025-01-03 23:00:00 UTC,4.7,4.09,3.88,3.74,3.7
2025-01-03 16:00:00 PST,2025-01-04 00:00:00 UTC,4.5,4.17,3.98,3.84,3.75
2025-01-03 17:00:00 PST,2025-01-04 01:00:00 UTC,5.0,4.34,4.11,3.93,3.8
2025-01-03 18:00:00 PST,2025-01-04 02:00:00 UTC,5.1,4.49,4.23,4.03,3.85
2025-01-03 19:00:00 PST,2025-01-04 03:00:00 UTC,5.3,4.65,4.37,4.14,3.91
2025-01-03 20:00:00 PST,2025-01-04 04:00:00 UTC,5.4,4.8,4.49,4.24,3.97
2025-01-03 21:00:00 PST,2025-01-04 05:00:00 UTC,5.2,4.88,4.58,4.33,4.03
2025-01-03 22:00:00 PST,2025-01-04 06:00:00 UTC,5.5,5.01,4.69,4.42,4.1
2025-01-03 23:00:00 PST,2025-01-04 07:00:00 UTC,5.7,5.14,4.8,4.52,4.16
2025-01-04 00:00:00 PST,2025-01-04 08:00:00 UTC,5.2,5.16,4.86,4.59,4.22
2025-01-04 01:00:00 PST,2025-01-04 09:00:00 UTC,5.3,5.18,4.9,4.65,4.28
2025-01-04 02:00:00 PST,2025-01-04 10:00:00 UTC,5.4,5.23,4.95,4.7,4.33
2025-01-04 03:00:00 PST,2025-01-04 11:00:00 UTC,5.3,5.24,4.98,4.75,4.38
2025-01-04 04:00:00 PST,2025-01-04 12:00:00 UTC,5.2,5.23,5.0,4.78,4.43
2025-01-04 05:00:00 PST,2025-01-04 13:00:00 UTC,5.2,5.23,5.01,4.81,4.47
2025-01-04 06:00:00 PST,2025-01-04 14:00:00 UTC,5.8,5.34,5.08,4.85,4.5
2025-01-04 07:00:00 PST,2025-01-04 15:00:00 UTC,6.4,5.55,5.21,4.93,4.54
2025-01-04 08:00:00 PST,2025-01-04 16:00:00 UTC,6.7,5.78,5.38,5.03,4.59
2025-01-04 09:00:00 PST,2025-01-04 17:00:00 UTC,7.1,6.05,5.57,5.16,4.65
2025-01-04 10:00:00 PST,2025-01-04 18:00:00 UTC,7.2,6.28,5.75,5.3,4.72
2025-01-04 11:00:00 PST,2025-01-04 19:00:00 UTC,6.6,6.34,5.85,5.42,4.8
2025-01-04 12:00:00 PST,2025-01-04 20:00:00 UTC,6.7,6.41,5.94,5.51,4.88
2025-01-04 13:00:00 PST,2025-01-04 21:00:00 UTC,7.2,6.57,6.06,5.62,4.95
2025-01-04 14:00:00 PST,2025-01-04 22:00:00 UTC,7.2,6.7,6.18,5.72,5.03
2025-01-04 15:00:00 PST,2025-01-04 23:00:00 UTC,7.4,6.84,6.3,5.82,5.11
2025-01-04 16:00:00 PST,2025-01-05 00:00:00 UTC,7.1,6.89,6.38,5.91,5.19
2025-01-04 17:00:00 PST,2025-01-05 01:00:00 UTC,6.9,6.89,6.42,5.98,5.26
2025-01-04 18:00:00 PST,2025-01-05 02:00:00 UTC,7.0,6.91,6.46,6.04,5.33
2025-01-04 19:00:00 PST,2025-01-05 03:00:00 UTC,7.0,6.93,6.5,6.09,5.39
2025-01-04 20:00:00 PST,2025-01-05 04:00:00 UTC,6.9,6.92,6.52,6.13,5.44
2025-01-04 21:00:00 PST,2025-01-05 05:00:00 UTC,7.0,6.94,6.54,6.16,5.49
2025-01-04 22:00:00 PST,2025-01-05 06:00:00 UTC,7.2,6.99,6.59,6.2,5.54
2025-01-04 23:00:00 PST,2025-01-05 07:00:00 UTC,7.2,7.03,6.63,6.24,5.58
2025-01-05 00:00:00 PST,2025-01-05 08:00:00 UTC,7.2,7.07,6.67,6.29,5.63
2025-01-05 01:00:00 PST,2025-01-05 09:00:00 UTC,6.8,7.01,6.66,6.31,5.67
2025-01-05 02:00:00 PST,2025-01-05 10:00:00 UTC,6.7,6.95,6.64,6.32,5.71
2025-01-05 03:00:00 PST,2025-01-05 11:00:00 UTC,6.4,6.84,6.58,6.3,5.74
2025-01-05 04:00:00 PST,2025-01-05 12:00:00 UTC,6.1,6.69,6.49,6.27,5.75
2025-01-05 05:00:00 PST,2025-01-05 13:00:00 UTC,5.8,6.51,6.38,6.21,5.76
2025-01-05 06:00:00 PST,2025-01-05 14:00:00 UTC,5.8,6.37,6.28,6.15,5.76
2025-01-05 07:00:00 PST,2025-01-05 15:00:00 UTC,6.0,6.3,6.21,6.09,5.75
2025-01-05 08:00:00 PST,2025-01-05 16:00:00 UTC,6.0,6.24,6.15,6.04,5.73
2025-01-05 09:00:00 PST,2025-01-05 17:00:00 UTC,6.1,6.21,6.12,6.01,5.71
2025-01-05 10:00:00 PST,2025-01-05 18:00:00 UTC,6.7,6.31,6.15,6.0,5.7
2025-01-05 11:00:00 PST,2025-01-05 19:00:00 UTC,7.4,6.53,6.27,6.04,5.69
2025-01-05 12:00:00 PST,2025-01-05 20:00:00 UTC,7.7,6.76,6.41,6.12,5.7
2025-01-05 13:00:00 PST,2025-01-05 21:00:00 UTC,7.9,6.99,6.57,6.22,5.73
2025-01-05 14:00:00 PST,2025-01-05 22:00:00 UTC,7.6,7.11,6.69,6.32,5.77
2025-01-05 15:00:00 PST,2025-01-05 23:00:00 UTC,7.5,7.19,6.77,6.4,5.82
2025-01-05 16:00:00 PST,2025-01-06 00:00:00 UTC,6.0,6.95,6.69,6.41,5.87
2025-01-05 17:00:00 PST,2025-01-06 01:00:00 UTC,5.0,6.56,6.48,6.34,5.9
2025-01-05 18:00:00 PST,2025-01-06 02:00:00 UTC,4.0,6.05,6.17,6.19,5.9
2025-01-05 19:00:00 PST,2025-01-06 03:00:00 UTC,4.2,5.68,5.9,6.01,5.86
2025-01-05 20:00:00 PST,2025-01-06 04:00:00 UTC,5.0,5.54,5.74,5.86,5.81
2025-01-05 21:00:00 PST,2025-01-06 05:00:00 UTC,2.8,4.99,5.39,5.66,5.74
2025-01-05 22:00:00 PST,2025-01-06 06:00:00 UTC,2.1,4.42,4.99,5.4,5.65
2025-01-05 23:00:00 PST,2025-01-06 07:00:00 UTC,1.2,3.77,4.52,5.08,5.52
2025-01-06 00:00:00 PST,2025-01-06 08:00:00 UTC,3.3,3.68,4.31,4.84,5.38
2025-01-06 01:00:00 PST,2025-01-06 09:00:00 UTC,4.3,3.8,4.27,4.69,5.24
2025-01-06 02:00:00 PST,2025-01-06 10:00:00 UTC,3.7,3.78,4.21,4.59,5.12
2025-01-06 03:00:00 PST,2025-01-06 11:00:00 UTC,0.8,3.19,3.86,4.4,5.01
2025-01-06 04:00:00 PST,2025-01-06 12:00:00 UTC,2.5,3.05,3.68,4.22,4.89
2025-01-06 05:00:00 PST,2025-01-06 13:00:00 UTC,1.8,2.8,3.47,4.04,4.77
2025-01-06 06:00:00 PST,2025-01-06 14:00:00 UTC,0.6,2.36,3.15,3.82,4.64
2025-01-06 07:00:00 PST,2025-01-06 15:00:00 UTC,1.1,2.11,2.91,3.6,4.5
2025-01-06 08:00:00 PST,2025-01-06 16:00:00 UTC,1.1,1.91,2.71,3.4,4.36
2025-01-06 09:00:00 PST,2025-01-06 17:00:00 UTC,1.3,1.78,2.55,3.24,4.22
2025-01-06 10:00:00 PST,2025-01-06 18:00:00 UTC,1.1,1.65,2.4,3.08,4.08
2025-01-06 11:00:00 PST,2025-01-06 19:00:00 UTC,2.6,1.84,2.43,3.0,3.96
2025-01-06 12:00:00 PST,2025-01-06 20:00:00 UTC,3.8,2.23,2.6,3.01,3.86
2025-01-06 13:00:00 PST,2025-01-06 21:00:00 UTC,5.8,2.94,2.99,3.16,3.8
2025-01-06 14:00:00 PST,2025-01-06 22:00:00 UTC,6.1,3.58,3.4,3.38,3.79
2025-01-06 15:00:00 PST,2025-01-06 23:00:00 UTC,6.1,4.08,3.78,3.63,3.82
2025-01-06 16:00:00 PST,2025-01-07 00:00:00 UTC,5.1,4.28,4.01,3.84,3.89
2025-01-06 17:00:00 PST,2025-01-07 01:00:00 UTC,4.7,4.37,4.14,3.98,3.97
2025-01-06 18:00:00 PST,2025-01-07 02:00:00 UTC,4.3,4.35,4.2,4.08,4.04
2025-01-06 19:00:00 PST,2025-01-07 03:00:00 UTC,4.4,4.36,4.24,4.15,4.11
2025-01-06 20:00:00 PST,2025-01-07 04:00:00 UTC,4.7,4.43,4.3,4.21,4.16
2025-01-06 21:00:00 PST,2025-01-07 05:00:00 UTC,4.2,4.38,4.31,4.24,4.2
2025-01-06 22:00:00 PST,2025-01-07 06:00:00 UTC,4.1,4.33,4.29,4.26,4.23
2025-01-06 23:00:00 PST,2025-01-07 07:00:00 UTC,3.8,4.22,4.24,4.25,4.26
2025-01-07 00:00:00 PST,2025-01-07 08:00:00 UTC,3.6,4.1,4.17,4.22,4.27
2025-01-07 01:00:00 PST,2025-01-07 09:00:00 UTC,3.2,3.92,4.06,4.17,4.27
2025-01-07 02:00:00 PST,2025-01-07 10:00:00 UTC,2.7,3.67,3.91,4.09,4.26
2025-01-07 03:00:00 PST,2025-01-07 11:00:00 UTC,2.7,3.48,3.76,3.99,4.23
2025-01-07 04:00:00 PST,2025-01-07 12:00:00 UTC,2.4,3.26,3.6,3.88,4.19
2025-01-07 05:00:00 PST,2025-01-07 13:00:00 UTC,2.1,3.03,3.43,3.75,4.14
2025-01-07 06:00:00 PST,2025-01-07 14:00:00 UTC,2.8,2.98,3.34,3.66,4.08
2025-01-07 07:00:00 PST,2025-01-07 15:00:00 UTC,2.7,2.93,3.27,3.58,4.02
2025-01-07 08:00:00 PST,2025-01-07 16:00:00 UTC,2.6,2.86,3.2,3.51,3.96
2025-01-07 09:00:00 PST,2025-01-07 17:00:00 UTC,2.9,2.87,3.17,3.46,3.91
2025-01-07 10:00:00 PST,2025-01-07 18:00:00 UTC,2.7,2.84,3.14,3.41,3.86
2025-01-07 11:00:00 PST,2025-01-07 19:00:00 UTC,2.6,2.79,3.09,3.37,3.82
2025-01-07 12:00:00 PST,2025-01-07 20:00:00 UTC,3.1,2.85,3.1,3.35,3.78
2025-01-07 13:00:00 PST,2025-01-07 21:00:00 UTC,3.7,3.02,3.18,3.36,3.75
2025-01-07 14:00:00 PST,2025-01-07 22:00:00 UTC,4.4,3.3,3.33,3.42,3.73
2025-01-07 15:00:00 PST,2025-01-07 23:00:00 UTC,5.0,3.64,3.55,3.53,3.73
2025-01-07 16:00:00 PST,2025-01-08 00:00:00 UTC,5.3,3.97,3.78,3.67,3.76
2025-01-07 17:00:00 PST,2025-01-08 01:00:00 UTC,5.0,4.18,3.96,3.81,3.8
2025-01-07 18:00:00 PST,2025-01-08 02:00:00 UTC,5.0,4.34,4.1,3.94,3.86
2025-01-07 19:00:00 PST,2025-01-08 03:00:00 UTC,4.7,4.41,4.2,4.04,3.92
2025-01-07 20:00:00 PST,2025-01-08 04:00:00 UTC,5.1,4.55,4.31,4.13,3.98
2025-01-07 21:00:00 PST,2025-01-08 05:00:00 UTC,5.4,4.72,4.45,4.23,4.04
2025-01-07 22:00:00 PST,2025-01-08 06:00:00 UTC,5.3,4.84,4.56,4.33,4.1
2025-01-07 23:00:00 PST,2025-01-08 07:00:00 UTC,5.2,4.91,4.64,4.42,4.16
2025-01-08 00:00:00 PST,2025-01-08 08:00:00 UTC,5.3,4.99,4.72,4.5,4.22
2025-01-08 01:00:00 PST,2025-01-08 09:00:00 UTC,5.7,5.13,4.83,4.58,4.28
2025-01-08 02:00:00 PST,2025-01-08 10:00:00 UTC,5.8,5.26,4.94,4.67,4.34
2025-01-08 03:00:00 PST,2025-01-08 11:00:00 UTC,5.5,5.31,5.01,4.75,4.4
2025-01-08 04:00:00 PST,2025-01-08 12:00:00 UTC,5.2,5.29,5.04,4.8,4.45
2025-01-08 05:00:00 PST,2025-01-08 13:00:00 UTC,5.2,5.27,5.05,4.84,4.5
2025-01-08 06:00:00 PST,2025-01-08 14:00:00 UTC,5.2,5.26,5.05,4.86,4.55
2025-01-08 07:00:00 PST,2025-01-08 15:00:00 UTC,6.0,5.41,5.14,4.91,4.58
2025-01-08 08:00:00 PST,2025-01-08 16:00:00 UTC,5.4,5.4,5.17,4.96,4.62
2025-01-08 09:00:00 PST,2025-01-08 17:00:00 UTC,6.2,5.56,5.27,5.02,4.66
2025-01-08 10:00:00 PST,2025-01-08 18:00:00 UTC,6.9,5.83,5.44,5.12,4.71
2025-01-08 11:00:00 PST,2025-01-08 19:00:00 UTC,7.3,6.12,5.65,5.25,4.76
2025-01-08 12:00:00 PST,2025-01-08 20:00:00 UTC,6.7,6.24,5.78,5.38,4.84
2025-01-08 13:00:00 PST,2025-01-08 21:00:00 UTC,7.0,6.39,5.91,5.49,4.91
2025-01-08 14:00:00 PST,2025-01-08 22:00:00 UTC,7.0,6.51,6.03,5.6,4.99
2025-01-08 15:00:00 PST,2025-01-08 23:00:00 UTC,7.1,6.63,6.14,5.7,5.07
2025-01-08 16:00:00 PST,2025-01-09 00:00:00 UTC,5.3,6.36,6.05,5.73,5.14
2025-01-08 17:00:00 PST,2025-01-09 01:00:00 UTC,3.4,5.77,5.75,5.64,5.19
2025-01-08 18:00:00 PST,2025-01-09 02:00:00 UTC,3.2,5.26,5.42,5.46,5.2
2025-01-08 19:00:00 PST,2025-01-09 03:00:00 UTC,3.9,4.99,5.19,5.29,5.17
2025-01-08 20:00:00 PST,2025-01-09 04:00:00 UTC,0.7,4.13,4.67,5.02,5.11
2025-01-08 21:00:00 PST,2025-01-09 05:00:00 UTC,0.4,3.38,4.13,4.67,5.01
2025-01-08 22:00:00 PST,2025-01-09 06:00:00 UTC,3.1,3.33,3.93,4.41,4.87
2025-01-08 23:00:00 PST,2025-01-09 07:00:00 UTC,2.6,3.18,3.75,4.22,4.74
2025-01-09 00:00:00 PST,2025-01-09 08:00:00 UTC,2.2,2.98,3.56,4.04,4.61
2025-01-09 01:00:00 PST,2025-01-09 09:00:00 UTC,2.9,2.97,3.47,3.91,4.49
2025-01-09 02:00:00 PST,2025-01-09 10:00:00 UTC,1.1,2.59,3.22,3.74,4.38
2025-01-09 03:00:00 PST,2025-01-09 11:00:00 UTC,2.3,2.54,3.1,3.59,4.27
2025-01-09 04:00:00 PST,2025-01-09 12:00:00 UTC,2.5,2.53,3.03,3.49,4.16
2025-01-09 05:00:00 PST,2025-01-09 13:00:00 UTC,2.0,2.42,2.93,3.39,4.07
2025-01-09 06:00:00 PST,2025-01-09 14:00:00 UTC,3.0,2.54,2.94,3.33,3.98
2025-01-09 07:00:00 PST,2025-01-09 15:00:00 UTC,3.5,2.73,3.02,3.33,3.91
2025-01-09 08:00:00 PST,2025-01-09 16:00:00 UTC,3.2,2.82,3.07,3.34,3.86
2025-01-09 09:00:00 PST,2025-01-09 17:00:00 UTC,4.6,3.18,3.26,3.4,3.82
2025-01-09 10:00:00 PST,2025-01-09 18:00:00 UTC,4.7,3.48,3.46,3.51,3.81
2025-01-09 11:00:00 PST,2025-01-09 19:00:00 UTC,5.8,3.95,3.75,3.67,3.83
2025-01-09 12:00:00 PST,2025-01-09 20:00:00 UTC,6.1,4.38,4.06,3.86,3.87
2025-01-09 13:00:00 PST,2025-01-09 21:00:00 UTC,6.9,4.88,4.42,4.09,3.94
2025-01-09 14:00:00 PST,2025-01-09 22:00:00 UTC,6.5,5.21,4.7,4.32,4.03
2025-01-09 15:00:00 PST,2025-01-09 23:00:00 UTC,5.6,5.28,4.85,4.49,4.14
2025-01-09 16:00:00 PST,2025-01-10 00:00:00 UTC,5.4,5.31,4.93,4.61,4.24
2025-01-09 17:00:00 PST,2025-01-10 01:00:00 UTC,5.0,5.25,4.95,4.69,4.32
2025-01-09 18:00:00 PST,2025-01-10 02:00:00 UTC,5.0,5.2,4.96,4.73,4.39
2025-01-09 19:00:00 PST,2025-01-10 03:00:00 UTC,6.2,5.4,5.08,4.81,4.45
2025-01-09 20:00:00 PST,2025-01-10 04:00:00 UTC,6.4,5.6,5.22,4.91,4.51
2025-01-09 21:00:00 PST,2025-01-10 05:00:00 UTC,6.6,5.8,5.38,5.02,4.58
2025-01-09 22:00:00 PST,2025-01-10 06:00:00 UTC,6.6,5.96,5.52,5.14,4.65
2025-01-09 23:00:00 PST,2025-01-10 07:00:00 UTC,7.0,6.17,5.68,5.27,4.73
2025-01-10 00:00:00 PST,2025-01-10 08:00:00 UTC,7.5,6.43,5.88,5.41,4.81
2025-01-10 01:00:00 PST,2025-01-10 09:00:00 UTC,7.5,6.65,6.06,5.56,4.9
2025-01-10 02:00:00 PST,2025-01-10 10:00:00 UTC,6.8,6.68,6.15,5.68,5.0
2025-01-10 03:00:00 PST,2025-01-10 11:00:00 UTC,6.8,6.7,6.22,5.77,5.08
2025-01-10 04:00:00 PST,2025-01-10 12:00:00 UTC,6.6,6.68,6.25,5.83,5.16
2025-01-10 05:00:00 PST,2025-01-10 13:00:00 UTC,6.5,6.65,6.25,5.88,5.23
2025-01-10 06:00:00 PST,2025-01-10 14:00:00 UTC,6.7,6.66,6.28,5.91,5.29
2025-01-10 07:00:00 PST,2025-01-10 15:00:00 UTC,6.5,6.62,6.28,5.94,5.34
2025-01-10 08:00:00 PST,2025-01-10 16:00:00 UTC,6.3,6.56,6.26,5.95,5.39
2025-01-10 09:00:00 PST,2025-01-10 17:00:00 UTC,6.3,6.51,6.23,5.96,5.43
2025-01-10 10:00:00 PST,2025-01-10 18:00:00 UTC,6.8,6.57,6.26,5.97,5.46
2025-01-10 11:00:00 PST,2025-01-10 19:00:00 UTC,7.5,6.75,6.37,6.03,5.49
2025-01-10 12:00:00 PST,2025-01-10 20:00:00 UTC,7.2,6.84,6.45,6.09,5.52
2025-01-10 13:00:00 PST,2025-01-10 21:00:00 UTC,7.9,7.05,6.59,6.18,5.57
2025-01-10 14:00:00 PST,2025-01-10 22:00:00 UTC,7.6,7.16,6.69,6.27,5.62
2025-01-10 15:00:00 PST,2025-01-10 23:00:00 UTC,7.7,7.27,6.79,6.36,5.68
2025-01-10 16:00:00 PST,2025-01-11 00:00:00 UTC,7.5,7.32,6.86,6.43,5.74
2025-01-10 17:00:00 PST,2025-01-11 01:00:00 UTC,7.2,7.29,6.88,6.48,5.8
2025-01-10 18:00:00 PST,2025-01-11 02:00:00 UTC,7.2,7.27,6.89,6.51,5.85
2025-01-10 19:00:00 PST,2025-01-11 03:00:00 UTC,7.2,7.26,6.89,6.54,5.9
2025-01-10 20:00:00 PST,2025-01-11 04:00:00 UTC,7.0,7.21,6.88,6.55,5.94
2025-01-10 21:00:00 PST,2025-01-11 05:00:00 UTC,6.9,7.15,6.85,6.55,5.97
2025-01-10 22:00:00 PST,2025-01-11 06:00:00 UTC,6.5,7.02,6.78,6.53,5.99
2025-01-10 23:00:00 PST,2025-01-11 07:00:00 UTC,6.1,6.83,6.68,6.48,6.0
2025-01-11 00:00:00 PST,2025-01-11 08:00:00 UTC,4.1,6.29,6.37,6.35,6.0
2025-01-11 01:00:00 PST,2025-01-11 09:00:00 UTC,4.0,5.83,6.05,6.16,5.97
2025-01-11 02:00:00 PST,2025-01-11 10:00:00 UTC,3.0,5.26,5.67,5.92,5.91
2025-01-11 03:00:00 PST,2025-01-11 11:00:00 UTC,2.5,4.71,5.26,5.64,5.81
2025-01-11 04:00:00 PST,2025-01-11 12:00:00 UTC,2.1,4.19,4.85,5.34,5.69
2025-01-11 05:00:00 PST,2025-01-11 13:00:00 UTC,3.0,3.95,4.58,5.09,5.55
2025-01-11 06:00:00 PST,2025-01-11 14:00:00 UTC,3.5,3.86,4.42,4.89,5.4
2025-01-11 07:00:00 PST,2025-01-11 15:00:00 UTC,3.2,3.73,4.27,4.73,5.27
2025-01-11 08:00:00 PST,2025-01-11 16:00:00 UTC,4.0,3.78,4.22,4.61,5.15
2025-01-11 09:00:00 PST,2025-01-11 17:00:00 UTC,3.9,3.81,4.19,4.54,5.04
2025-01-11 10:00:00 PST,2025-01-11 18:00:00 UTC,5.5,4.15,4.33,4.54,4.96
2025-01-11 11:00:00 PST,2025-01-11 19:00:00 UTC,6.2,4.56,4.55,4.62,4.91
2025-01-11 12:00:00 PST,2025-01-11 20:00:00 UTC,6.4,4.92,4.79,4.74,4.89
2025-01-11 13:00:00 PST,2025-01-11 21:00:00 UTC,6.7,5.28,5.04,4.89,4.9
2025-01-11 14:00:00 PST,2025-01-11 22:00:00 UTC,6.0,5.42,5.19,5.02,4.94
2025-01-11 15:00:00 PST,2025-01-11 23:00:00 UTC,7.0,5.74,5.41,5.16,4.98
2025-01-11 16:00:00 PST,2025-01-12 00:00:00 UTC,6.0,5.79,5.51,5.28,5.04
2025-01-11 17:00:00 PST,2025-01-12 01:00:00 UTC,5.7,5.77,5.55,5.35,5.09
2025-01-11 18:00:00 PST,2025-01-12 02:00:00 UTC,5.9,5.8,5.59,5.4,5.14
2025-01-11 19:00:00 PST,2025-01-12 03:00:00 UTC,5.7,5.78,5.6,5.43,5.18
2025-01-11 20:00:00 PST,2025-01-12 04:00:00 UTC,5.7,5.76,5.61,5.46,5.21
2025-01-11 21:00:00 PST,2025-01-12 05:00:00 UTC,5.4,5.69,5.58,5.46,5.24
2025-01-11 22:00:00 PST,2025-01-12 06:00:00 UTC,5.7,5.69,5.58,5.46,5.26
2025-01-11 23:00:00 PST,2025-01-12 07:00:00 UTC,5.0,5.55,5.51,5.44,5.27
2025-01-12 00:00:00 PST,2025-01-12 08:00:00 UTC,5.1,5.46,5.45,5.41,5.27
2025-01-12 01:00:00 PST,2025-01-12 09:00:00 UTC,4.6,5.29,5.34,5.36,5.27
2025-01-12 02:00:00 PST,2025-01-12 10:00:00 UTC,5.3,5.29,5.31,5.32,5.26
2025-01-12 03:00:00 PST,2025-01-12 11:00:00 UTC,4.8,5.19,5.25,5.28,5.24
2025-01-12 04:00:00 PST,2025-01-12 12:00:00 UTC,4.3,5.02,5.14,5.21,5.22
2025-01-12 05:00:00 PST,2025-01-12 13:00:00 UTC,4.7,4.95,5.07,5.15,5.19
2025-01-12 06:00:00 PST,2025-01-12 14:00:00 UTC,4.8,4.92,5.02,5.1,5.16
2025-01-12 07:00:00 PST,2025-01-12 15:00:00 UTC,4.8,4.9,4.99,5.07,5.13
2025-01-12 08:00:00 PST,2025-01-12 16:00:00 UTC,4.3,4.78,4.91,5.02,5.11
2025-01-12 09:00:00 PST,2025-01-12 17:00:00 UTC,3.9,4.6,4.8,4.94,5.08
2025-01-12 10:00:00 PST,2025-01-12 18:00:00 UTC,5.6,4.8,4.86,4.93,5.04
2025-01-12 11:00:00 PST,2025-01-12 19:00:00 UTC,6.1,5.06,4.99,4.97,5.02
2025-01-12 12:00:00 PST,2025-01-12 20:00:00 UTC,6.7,5.39,5.19,5.07,5.01
2025-01-12 13:00:00 PST,2025-01-12 21:00:00 UTC,6.7,5.65,5.38,5.18,5.04
2025-01-12 14:00:00 PST,2025-01-12 22:00:00 UTC,6.7,5.86,5.55,5.31,5.08
2025-01-12 15:00:00 PST,2025-01-12 23:00:00 UTC,6.5,5.99,5.67,5.42,5.13
2025-01-12 16:00:00 PST,2025-01-13 00:00:00 UTC,5.5,5.89,5.67,5.47,5.18
2025-01-12 17:00:00 PST,2025-01-13 01:00:00 UTC,4.4,5.59,5.54,5.45,5.22
2025-01-12 18:00:00 PST,2025-01-13 02:00:00 UTC,5.0,5.47,5.46,5.41,5.24
2025-01-12 19:00:00 PST,2025-01-13 03:00:00 UTC,3.5,5.08,5.23,5.31,5.24
2025-01-12 20:00:00 PST,2025-01-13 04:00:00 UTC,4.1,4.88,5.07,5.19,5.21
2025-01-12 21:00:00 PST,2025-01-13 05:00:00 UTC,0.5,4.01,4.57,4.96,5.17
2025-01-12 22:00:00 PST,2025-01-13 06:00:00 UTC,2.2,3.65,4.24,4.7,5.08
2025-01-12 23:00:00 PST,2025-01-13 07:00:00 UTC,0.7,3.06,3.82,4.41,4.97
2025-01-13 00:00:00 PST,2025-01-13 08:00:00 UTC,0.8,2.61,3.44,4.12,4.83
2025-01-13 01:00:00 PST,2025-01-13 09:00:00 UTC,0.2,2.12,3.05,3.82,4.68
2025-01-13 02:00:00 PST,2025-01-13 10:00:00 UTC,-1.1,1.48,2.58,3.48,4.51
2025-01-13 03:00:00 PST,2025-01-13 11:00:00 UTC,0.2,1.22,2.27,3.17,4.32
2025-01-13 04:00:00 PST,2025-01-13 12:00:00 UTC,0.6,1.1,2.07,2.93,4.13
2025-01-13 05:00:00 PST,2025-01-13 13:00:00 UTC,0.1,0.9,1.86,2.72,3.95
2025-01-13 06:00:00 PST,2025-01-13 14:00:00 UTC,1.1,0.94,1.78,2.57,3.78
2025-01-13 07:00:00 PST,2025-01-13 15:00:00 UTC,2.5,1.25,1.88,2.51,3.64
2025-01-13 08:00:00 PST,2025-01-13 16:00:00 UTC,2.2,1.44,1.97,2.51,3.53
2025-01-13 09:00:00 PST,2025-01-13 17:00:00 UTC,2.8,1.71,2.11,2.54,3.45
2025-01-13 10:00:00 PST,2025-01-13 18:00:00 UTC,3.5,2.07,2.31,2.62,3.4
2025-01-13 11:00:00 PST,2025-01-13 19:00:00 UTC,4.3,2.52,2.59,2.76,3.38
2025-01-13 12:00:00 PST,2025-01-13 20:00:00 UTC,4.4,2.89,2.86,2.93,3.39
2025-01-13 13:00:00 PST,2025-01-13 21:00:00 UTC,4.5,3.21,3.11,3.1,3.42
2025-01-13 14:00:00 PST,2025-01-13 22:00:00 UTC,4.7,3.51,3.34,3.27,3.47
2025-01-13 15:00:00 PST,2025-01-13 23:00:00 UTC,5.0,3.81,3.58,3.44,3.54
2025-01-13 16:00:00 PST,2025-01-14 00:00:00 UTC,4.9,4.03,3.77,3.6,3.61
2025-01-13 17:00:00 PST,2025-01-14 01:00:00 UTC,4.3,4.08,3.88,3.73,3.69
2025-01-13 18:00:00 PST,2025-01-14 02:00:00 UTC,3.8,4.03,3.9,3.8,3.76
2025-01-13 19:00:00 PST,2025-01-14 03:00:00 UTC,3.7,3.96,3.9,3.84,3.82
2025-01-13 20:00:00 PST,2025-01-14 04:00:00 UTC,2.9,3.75,3.8,3.83,3.86
2025-01-13 21:00:00 PST,2025-01-14 05:00:00 UTC,3.4,3.68,3.75,3.81,3.89
2025-01-13 22:00:00 PST,2025-01-14 06:00:00 UTC,3.0,3.54,3.67,3.77,3.9
2025-01-13 23:00:00 PST,2025-01-14 07:00:00 UTC,1.1,3.05,3.4,3.65,3.89
2025-01-14 00:00:00 PST,2025-01-14 08:00:00 UTC,2.4,2.92,3.26,3.54,3.86
2025-01-14 01:00:00 PST,2025-01-14 09:00:00 UTC,2.1,2.76,3.12,3.43,3.82
2025-01-14 02:00:00 PST,2025-01-14 10:00:00 UTC,2.0,2.61,3.0,3.33,3.77
2025-01-14 03:00:00 PST,2025-01-14 11:00:00 UTC,1.8,2.45,2.86,3.22,3.71
2025-01-14 04:00:00 PST,2025-01-14 12:00:00 UTC,0.8,2.12,2.64,3.08,3.65
2025-01-14 05:00:00 PST,2025-01-14 13:00:00 UTC,1.2,1.93,2.48,2.94,3.58
2025-01-14 06:00:00 PST,2025-01-14 14:00:00 UTC,1.9,1.93,2.41,2.84,3.5
2025-01-14 07:00:00 PST,2025-01-14 15:00:00 UTC,2.3,2.0,2.4,2.78,3.42
2025-01-14 08:00:00 PST,2025-01-14 16:00:00 UTC,2.3,2.06,2.41,2.76,3.36
2025-01-14 09:00:00 PST,2025-01-14 17:00:00 UTC,3.0,2.25,2.5,2.77,3.32
2025-01-14 10:00:00 PST,2025-01-14 18:00:00 UTC,3.9,2.58,2.68,2.83,3.29
2025-01-14 11:00:00 PST,2025-01-14 19:00:00 UTC,5.6,3.18,3.03,3.0,3.29
2025-01-14 12:00:00 PST,2025-01-14 20:00:00 UTC,6.0,3.75,3.41,3.23,3.33
2025-01-14 13:00:00 PST,2025-01-14 21:00:00 UTC,5.4,4.08,3.7,3.45,3.4
2025-01-14 14:00:00 PST,2025-01-14 22:00:00 UTC,5.1,4.28,3.91,3.64,3.49
2025-01-14 15:00:00 PST,2025-01-14 23:00:00 UTC,5.6,4.55,4.13,3.82,3.59
2025-01-14 16:00:00 PST,2025-01-15 00:00:00 UTC,5.2,4.68,4.29,3.98,3.68
2025-01-14 17:00:00 PST,2025-01-15 01:00:00 UTC,3.6,4.46,4.25,4.05,3.78
2025-01-14 18:00:00 PST,2025-01-15 02:00:00 UTC,3.7,4.31,4.19,4.06,3.85
2025-01-14 19:00:00 PST,2025-01-15 03:00:00 UTC,4.5,4.35,4.21,4.08,3.9
2025-01-14 20:00:00 PST,2025-01-15 04:00:00 UTC,3.0,4.08,4.08,4.05,3.94
2025-01-14 21:00:00 PST,2025-01-15 05:00:00 UTC,3.8,4.02,4.03,4.02,3.96
2025-01-14 22:00:00 PST,2025-01-15 06:00:00 UTC,5.0,4.22,4.12,4.04,3.97
2025-01-14 23:00:00 PST,2025-01-15 07:00:00 UTC,3.9,4.15,4.11,4.06,3.99
2025-01-15 00:00:00 PST,2025-01-15 08:00:00 UTC,2.3,3.78,3.92,4.0,4.0
2025-01-15 01:00:00 PST,2025-01-15 09:00:00 UTC,1.4,3.31,3.63,3.85,3.99
2025-01-15 02:00:00 PST,2025-01-15 10:00:00 UTC,-0.7,2.51,3.14,3.6,3.95
2025-01-15 03:00:00 PST,2025-01-15 11:00:00 UTC,1.2,2.24,2.86,3.36,3.86
2025-01-15 04:00:00 PST,2025-01-15 12:00:00 UTC,0.2,1.84,2.54,3.12,3.75
2025-01-15 05:00:00 PST,2025-01-15 13:00:00 UTC,-0.2,1.43,2.22,2.87,3.63
2025-01-15 06:00:00 PST,2025-01-15 14:00:00 UTC,-0.8,0.98,1.87,2.61,3.5
2025-01-15 07:00:00 PST,2025-01-15 15:00:00 UTC,0.3,0.85,1.67,2.39,3.35
2025-01-15 08:00:00 PST,2025-01-15 16:00:00 UTC,-0.5,0.58,1.43,2.18,3.21
2025-01-15 09:00:00 PST,2025-01-15 17:00:00 UTC,1.1,0.68,1.39,2.05,3.07
2025-01-15 10:00:00 PST,2025-01-15 18:00:00 UTC,4.2,1.39,1.69,2.08,2.95
2025-01-15 11:00:00 PST,2025-01-15 19:00:00 UTC,4.9,2.09,2.1,2.25,2.89
2025-01-15 12:00:00 PST,2025-01-15 20:00:00 UTC,6.3,2.93,2.63,2.53,2.9
2025-01-15 13:00:00 PST,2025-01-15 21:00:00 UTC,6.5,3.64,3.15,2.86,2.96
2025-01-15 14:00:00 PST,2025-01-15 22:00:00 UTC,6.3,4.18,3.59,3.19,3.06
2025-01-15 15:00:00 PST,2025-01-15 23:00:00 UTC,6.0,4.54,3.93,3.48,3.19
2025-01-15 16:00:00 PST,2025-01-16 00:00:00 UTC,5.2,4.67,4.14,3.71,3.34
2025-01-15 17:00:00 PST,2025-01-16 01:00:00 UTC,3.6,4.46,4.13,3.83,3.47
2025-01-15 18:00:00 PST,2025-01-16 02:00:00 UTC,3.9,4.35,4.11,3.88,3.57
2025-01-15 19:00:00 PST,2025-01-16 03:00:00 UTC,2.6,4.0,3.95,3.86,3.65
2025-01-15 20:00:00 PST,2025-01-16 04:00:00 UTC,3.2,3.84,3.84,3.81,3.69
2025-01-15 21:00:00 PST,2025-01-16 05:00:00 UTC,2.1,3.49,3.64,3.73,3.71
2025-01-15 22:00:00 PST,2025-01-16 06:00:00 UTC,2.7,3.33,3.51,3.63,3.7
2025-01-15 23:00:00 PST,2025-01-16 07:00:00 UTC,3.5,3.37,3.48,3.58,3.68
2025-01-16 00:00:00 PST,2025-01-16 08:00:00 UTC,4.0,3.49,3.53,3.57,3.67
2025-01-16 01:00:00 PST,2025-01-16 09:00:00 UTC,3.5,3.49,3.53,3.58,3.66
2025-01-16 02:00:00 PST,2025-01-16 10:00:00 UTC,3.6,3.52,3.55,3.58,3.66
2025-01-16 03:00:00 PST,2025-01-16 11:00:00 UTC,3.9,3.59,3.59,3.6,3.66
2025-01-16 04:00:00 PST,2025-01-16 12:00:00 UTC,3.7,3.61,3.61,3.62,3.67
2025-01-16 05:00:00 PST,2025-01-16 13:00:00 UTC,3.8,3.65,3.64,3.64,3.68
2025-01-16 06:00:00 PST,2025-01-16 14:00:00 UTC,3.9,3.7,3.67,3.66,3.69
2025-01-16 07:00:00 PST,2025-01-16 15:00:00 UTC,3.8,3.72,3.7,3.68,3.7
2025-01-16 08:00:00 PST,2025-01-16 16:00:00 UTC,4.0,3.78,3.73,3.71,3.71
2025-01-16 09:00:00 PST,2025-01-16 17:00:00 UTC,4.6,3.94,3.83,3.76,3.73
2025-01-16 10:00:00 PST,2025-01-16 18:00:00 UTC,4.9,4.13,3.96,3.83,3.75
2025-01-16 11:00:00 PST,2025-01-16 19:00:00 UTC,5.8,4.47,4.17,3.95,3.79
2025-01-16 12:00:00 PST,2025-01-16 20:00:00 UTC,6.2,4.81,4.41,4.11,3.84
2025-01-16 13:00:00 PST,2025-01-16 21:00:00 UTC,6.8,5.21,4.7,4.3,3.91
2025-01-16 14:00:00 PST,2025-01-16 22:00:00 UTC,7.0,5.57,4.98,4.5,4.01
2025-01-16 15:00:00 PST,2025-01-16 23:00:00 UTC,6.8,5.81,5.21,4.7,4.11
2025-01-16 16:00:00 PST,2025-01-17 00:00:00 UTC,6.5,5.95,5.37,4.87,4.23
2025-01-16 17:00:00 PST,2025-01-17 01:00:00 UTC,5.9,5.94,5.44,4.98,4.34
2025-01-16 18:00:00 PST,2025-01-17 02:00:00 UTC,5.8,5.91,5.47,5.06,4.43
2025-01-16 19:00:00 PST,2025-01-17 03:00:00 UTC,3.8,5.49,5.29,5.05,4.51
2025-01-16 20:00:00 PST,2025-01-17 04:00:00 UTC,2.7,4.93,4.98,4.92,4.56
2025-01-16 21:00:00 PST,2025-01-17 05:00:00 UTC,2.5,4.45,4.65,4.74,4.56
2025-01-16 22:00:00 PST,2025-01-17 06:00:00 UTC,1.6,3.88,4.27,4.51,4.52
2025-01-16 23:00:00 PST,2025-01-17 07:00:00 UTC,2.9,3.68,4.05,4.31,4.45
2025-01-17 00:00:00 PST,2025-01-17 08:00:00 UTC,-0.7,2.81,3.51,4.02,4.36
2025-01-17 01:00:00 PST,2025-01-17 09:00:00 UTC,1.5,2.54,3.21,3.74,4.24
2025-01-17 02:00:00 PST,2025-01-17 10:00:00 UTC,1.5,2.34,2.98,3.52,4.11
2025-01-17 03:00:00 PST,2025-01-17 11:00:00 UTC,0.6,1.99,2.7,3.3,3.98
2025-01-17 04:00:00 PST,2025-01-17 12:00:00 UTC,0.8,1.75,2.47,3.08,3.84
2025-01-17 05:00:00 PST,2025-01-17 13:00:00 UTC,0.6,1.52,2.26,2.89,3.71
2025-01-17 06:00:00 PST,2025-01-17 14:00:00 UTC,-1.0,1.02,1.9,2.65,3.57
2025-01-17 07:00:00 PST,2025-01-17 15:00:00 UTC,1.8,1.17,1.86,2.49,3.43
2025-01-17 08:00:00 PST,2025-01-17 16:00:00 UTC,0.2,0.98,1.7,2.35,3.3
2025-01-17 09:00:00 PST,2025-01-17 17:00:00 UTC,-1.3,0.52,1.4,2.15,3.17
2025-01-17 10:00:00 PST,2025-01-17 18:00:00 UTC,2.9,1.0,1.53,2.08,3.05
2025-01-17 11:00:00 PST,2025-01-17 19:00:00 UTC,4.8,1.76,1.91,2.18,2.95
2025-01-17 12:00:00 PST,2025-01-17 20:00:00 UTC,5.6,2.53,2.39,2.41,2.92
2025-01-17 13:00:00 PST,2025-01-17 21:00:00 UTC,5.6,3.14,2.83,2.69,2.95
2025-01-17 14:00:00 PST,2025-01-17 22:00:00 UTC,6.1,3.73,3.27,2.98,3.02
2025-01-17 15:00:00 PST,2025-01-17 23:00:00 UTC,5.8,4.15,3.63,3.27,3.13
2025-01-17 16:00:00 PST,2025-01-18 00:00:00 UTC,4.9,4.3,3.84,3.49,3.25
2025-01-17 17:00:00 PST,2025-01-18 01:00:00 UTC,1.5,3.74,3.65,3.54,3.36
2025-01-17 18:00:00 PST,2025-01-18 02:00:00 UTC,4.2,3.83,3.69,3.56,3.43
2025-01-17 19:00:00 PST,2025-01-18 03:00:00 UTC,0.7,3.2,3.39,3.49,3.48
2025-01-17 20:00:00 PST,2025-01-18 04:00:00 UTC,2.0,2.96,3.2,3.37,3.49
2025-01-17 21:00:00 PST,2025-01-18 05:00:00 UTC,1.2,2.61,2.97,3.23,3.47
2025-01-17 22:00:00 PST,2025-01-18 06:00:00 UTC,0.0,2.09,2.63,3.04,3.43
2025-01-17 23:00:00 PST,2025-01-18 07:00:00 UTC,0.9,1.85,2.4,2.85,3.36
2025-01-18 00:00:00 PST,2025-01-18 08:00:00 UTC,-0.7,1.34,2.05,2.62,3.27
2025-01-18 01:00:00 PST,2025-01-18 09:00:00 UTC,-0.5,0.97,1.75,2.39,3.16
2025-01-18 02:00:00 PST,2025-01-18 10:00:00 UTC,-1.4,0.5,1.39,2.13,3.04
2025-01-18 03:00:00 PST,2025-01-18 11:00:00 UTC,-2.3,-0.06,0.97,1.83,2.9
2025-01-18 04:00:00 PST,2025-01-18 12:00:00 UTC,-2.8,-0.61,0.54,1.51,2.73
2025-01-18 05:00:00 PST,2025-01-18 13:00:00 UTC,-1.8,-0.85,0.26,1.23,2.55
2025-01-18 06:00:00 PST,2025-01-18 14:00:00 UTC,-2.0,-1.08,0.01,0.98,2.37
2025-01-18 07:00:00 PST,2025-01-18 15:00:00 UTC,-2.9,-1.44,-0.29,0.73,2.2
2025-01-18 08:00:00 PST,2025-01-18 16:00:00 UTC,-1.4,-1.43,-0.41,0.54,2.02
2025-01-18 09:00:00 PST,2025-01-18 17:00:00 UTC,-2.4,-1.63,-0.58,0.37,1.86
2025-01-18 10:00:00 PST,2025-01-18 18:00:00 UTC,1.8,-0.94,-0.32,0.36,1.72
2025-01-18 11:00:00 PST,2025-01-18 19:00:00 UTC,3.3,-0.09,0.14,0.52,1.62
2025-01-18 12:00:00 PST,2025-01-18 20:00:00 UTC,4.1,0.75,0.68,0.8,1.6
2025-01-18 13:00:00 PST,2025-01-18 21:00:00 UTC,4.4,1.48,1.2,1.13,1.64
2025-01-18 14:00:00 PST,2025-01-18 22:00:00 UTC,4.8,2.14,1.71,1.48,1.73
2025-01-18 15:00:00 PST,2025-01-18 23:00:00 UTC,4.8,2.67,2.15,1.82,1.86
2025-01-18 16:00:00 PST,2025-01-19 00:00:00 UTC,4.6,3.06,2.51,2.12,2.0
2025-01-18 17:00:00 PST,2025-01-19 01:00:00 UTC,2.8,3.01,2.63,2.33,2.15
2025-01-18 18:00:00 PST,2025-01-19 02:00:00 UTC,3.1,3.03,2.72,2.47,2.29
2025-01-18 19:00:00 PST,2025-01-19 03:00:00 UTC,3.6,3.14,2.84,2.59,2.4
2025-01-18 20:00:00 PST,2025-01-19 04:00:00 UTC,3.8,3.27,2.96,2.71,2.5
2025-01-18 21:00:00 PST,2025-01-19 05:00:00 UTC,3.2,3.26,3.01,2.8,2.59
2025-01-18 22:00:00 PST,2025-01-19 06:00:00 UTC,3.2,3.25,3.04,2.87,2.67
2025-01-18 23:00:00 PST,2025-01-19 07:00:00 UTC,0.4,2.68,2.78,2.81,2.74
2025-01-19 00:00:00 PST,2025-01-19 08:00:00 UTC,0.3,2.2,2.49,2.67,2.76
2025-01-19 01:00:00 PST,2025-01-19 09:00:00 UTC,-0.2,1.72,2.16,2.49,2.75
2025-01-19 02:00:00 PST,2025-01-19 10:00:00 UTC,-0.1,1.36,1.88,2.29,2.7
2025-01-19 03:00:00 PST,2025-01-19 11:00:00 UTC,-1.3,0.83,1.51,2.05,2.63
2025-01-19 04:00:00 PST,2025-01-19 12:00:00 UTC,-0.4,0.58,1.26,1.84,2.53
2025-01-19 05:00:00 PST,2025-01-19 13:00:00 UTC,-2.4,-0.02,0.86,1.58,2.42
2025-01-19 06:00:00 PST,2025-01-19 14:00:00 UTC,-2.4,-0.49,0.48,1.29,2.29
2025-01-19 07:00:00 PST,2025-01-19 15:00:00 UTC,-1.6,-0.71,0.23,1.04,2.14
2025-01-19 08:00:00 PST,2025-01-19 16:00:00 UTC,-2.9,-1.15,-0.11,0.78,1.99
2025-01-19 09:00:00 PST,2025-01-19 17:00:00 UTC,1.5,-0.62,0.03,0.69,1.83
2025-01-19 10:00:00 PST,2025-01-19 18:00:00 UTC,2.8,0.06,0.37,0.77,1.72
2025-01-19 11:00:00 PST,2025-01-19 19:00:00 UTC,3.5,0.75,0.78,0.95,1.67
2025-01-19 12:00:00 PST,2025-01-19 20:00:00 UTC,4.8,1.56,1.3,1.24,1.69
2025-01-19 13:00:00 PST,2025-01-19 21:00:00 UTC,5.0,2.25,1.81,1.56,1.75
2025-01-19 14:00:00 PST,2025-01-19 22:00:00 UTC,5.5,2.9,2.3,1.91,1.86
2025-01-19 15:00:00 PST,2025-01-19 23:00:00 UTC,5.3,3.38,2.72,2.25,2.0
2025-01-19 16:00:00 PST,2025-01-20 00:00:00 UTC,4.0,3.5,2.95,2.51,2.16
2025-01-19 17:00:00 PST,2025-01-20 01:00:00 UTC,0.4,2.88,2.74,2.57,2.31
2025-01-19 18:00:00 PST,2025-01-20 02:00:00 UTC,1.3,2.57,2.57,2.53,2.4
2025-01-19 19:00:00 PST,2025-01-20 03:00:00 UTC,0.6,2.17,2.34,2.44,2.45
2025-01-19 20:00:00 PST,2025-01-20 04:00:00 UTC,0.4,1.82,2.11,2.31,2.46
2025-01-19 21:00:00 PST,2025-01-20 05:00:00 UTC,-0.5,1.35,1.8,2.13,2.44
2025-01-19 22:00:00 PST,2025-01-20 06:00:00 UTC,-0.9,0.9,1.48,1.93,2.39
2025-01-19 23:00:00 PST,2025-01-20 07:00:00 UTC,0.3,0.78,1.31,1.76,2.32
2025-01-20 00:00:00 PST,2025-01-20 08:00:00 UTC,-0.6,0.51,1.1,1.6,2.24
2025-01-20 01:00:00 PST,2025-01-20 09:00:00 UTC,-1.1,0.19,0.85,1.42,2.15
2025-01-20 02:00:00 PST,2025-01-20 10:00:00 UTC,-1.2,-0.09,0.62,1.23,2.05
2025-01-20 03:00:00 PST,2025-01-20 11:00:00 UTC,-3.5,-0.77,0.18,0.97,1.94
2025-01-20 04:00:00 PST,2025-01-20 12:00:00 UTC,-3.8,-1.38,-0.27,0.65,1.81
2025-01-20 05:00:00 PST,2025-01-20 13:00:00 UTC,-2.6,-1.62,-0.55,0.38,1.65
2025-01-20 06:00:00 PST,2025-01-20 14:00:00 UTC,-2.6,-1.82,-0.78,0.14,1.48
2025-01-20 07:00:00 PST,2025-01-20 15:00:00 UTC,-1.4,-1.73,-0.84,-0.01,1.32
2025-01-20 08:00:00 PST,2025-01-20 16:00:00 UTC,-2.5,-1.89,-0.98,-0.15,1.18
2025-01-20 09:00:00 PST,2025-01-20 17:00:00 UTC,-1.1,-1.73,-0.97,-0.23,1.06
2025-01-20 10:00:00 PST,2025-01-20 18:00:00 UTC,0.6,-1.26,-0.76,-0.2,0.96
2025-01-20 11:00:00 PST,2025-01-20 19:00:00 UTC,2.0,-0.61,-0.4,-0.06,0.9
2025-01-20 12:00:00 PST,2025-01-20 20:00:00 UTC,3.2,0.15,0.08,0.18,0.89
2025-01-20 13:00:00 PST,2025-01-20 21:00:00 UTC,3.3,0.78,0.54,0.47,0.93
2025-01-20 14:00:00 PST,2025-01-20 22:00:00 UTC,3.2,1.26,0.93,0.76,1.02
2025-01-20 15:00:00 PST,2025-01-20 23:00:00 UTC,2.8,1.57,1.23,1.02,1.13
2025-01-20 16:00:00 PST,2025-01-21 00:00:00 UTC,1.8,1.62,1.37,1.2,1.25
2025-01-20 17:00:00 PST,2025-01-21 01:00:00 UTC,2.1,1.71,1.5,1.35,1.36
2025-01-20 18:00:00 PST,2025-01-21 02:00:00 UTC,0.6,1.49,1.45,1.41,1.45
2025-01-20 19:00:00 PST,2025-01-21 03:00:00 UTC,0.5,1.29,1.36,1.41,1.52
2025-01-20 20:00:00 PST,2025-01-21 04:00:00 UTC,1.7,1.37,1.39,1.42,1.56
2025-01-20 21:00:00 PST,2025-01-21 05:00:00 UTC,1.2,1.34,1.39,1.44,1.6
2025-01-20 22:00:00 PST,2025-01-21 06:00:00 UTC,-0.6,0.95,1.2,1.39,1.62
2025-01-20 23:00:00 PST,2025-01-21 07:00:00 UTC,0.7,0.9,1.13,1.33,1.63
2025-01-21 00:00:00 PST,2025-01-21 08:00:00 UTC,0.3,0.78,1.04,1.27,1.62
2025-01-21 01:00:00 PST,2025-01-21 09:00:00 UTC,1.7,0.96,1.11,1.27,1.61
2025-01-21 02:00:00 PST,2025-01-21 10:00:00 UTC,-1.6,0.45,0.86,1.18,1.6
2025-01-21 03:00:00 PST,2025-01-21 11:00:00 UTC,-3.5,-0.34,0.39,0.95,1.56
2025-01-21 04:00:00 PST,2025-01-21 12:00:00 UTC,-1.3,-0.53,0.16,0.74,1.49
2025-01-21 05:00:00 PST,2025-01-21 13:00:00 UTC,-2.2,-0.86,-0.11,0.54,1.39
2025-01-21 06:00:00 PST,2025-01-21 14:00:00 UTC,-1.9,-1.07,-0.31,0.35,1.29
2025-01-21 07:00:00 PST,2025-01-21 15:00:00 UTC,-1.9,-1.24,-0.48,0.19,1.18
2025-01-21 08:00:00 PST,2025-01-21 16:00:00 UTC,-0.7,-1.13,-0.5,0.09,1.07
2025-01-21 09:00:00 PST,2025-01-21 17:00:00 UTC,0.2,-0.86,-0.4,0.08,0.99
2025-01-21 10:00:00 PST,2025-01-21 18:00:00 UTC,1.1,-0.47,-0.2,0.14,0.93
2025-01-21 11:00:00 PST,2025-01-21 19:00:00 UTC,2.1,0.04,0.11,0.28,0.91
2025-01-21 12:00:00 PST,2025-01-21 20:00:00 UTC,3.0,0.63,0.49,0.49,0.92
2025-01-21 13:00:00 PST,2025-01-21 21:00:00 UTC,3.7,1.25,0.92,0.75,0.98
2025-01-21 14:00:00 PST,2025-01-21 22:00:00 UTC,5.0,2.0,1.44,1.08,1.07
2025-01-21 15:00:00 PST,2025-01-21 23:00:00 UTC,5.3,2.66,1.95,1.44,1.21
2025-01-21 16:00:00 PST,2025-01-22 00:00:00 UTC,5.0,3.13,2.36,1.79,1.37
2025-01-21 17:00:00 PST,2025-01-22 01:00:00 UTC,4.3,3.36,2.65,2.08,1.55
2025-01-21 18:00:00 PST,2025-01-22 02:00:00 UTC,3.3,3.35,2.77,2.28,1.72
2025-01-21 19:00:00 PST,2025-01-22 03:00:00 UTC,2.0,3.08,2.72,2.37,1.87
2025-01-21 20:00:00 PST,2025-01-22 04:00:00 UTC,0.3,2.52,2.46,2.33,1.98
2025-01-21 21:00:00 PST,2025-01-22 05:00:00 UTC,1.9,2.4,2.35,2.27,2.05
2025-01-21 22:00:00 PST,2025-01-22 06:00:00 UTC,1.8,2.28,2.27,2.23,2.08
2025-01-21 23:00:00 PST,2025-01-22 07:00:00 UTC,1.7,2.16,2.19,2.18,2.1
2025-01-22 00:00:00 PST,2025-01-22 08:00:00 UTC,2.5,2.23,2.2,2.17,2.12
2025-01-22 01:00:00 PST,2025-01-22 09:00:00 UTC,2.2,2.22,2.2,2.17,2.13
2025-01-22 02:00:00 PST,2025-01-22 10:00:00 UTC,2.0,2.18,2.18,2.17,2.14
2025-01-22 03:00:00 PST,2025-01-22 11:00:00 UTC,1.4,2.02,2.09,2.14,2.15
2025-01-22 04:00:00 PST,2025-01-22 12:00:00 UTC,1.1,1.84,1.98,2.08,2.15
2025-01-22 05:00:00 PST,2025-01-22 13:00:00 UTC,1.2,1.71,1.88,2.01,2.14
2025-01-22 06:00:00 PST,2025-01-22 14:00:00 UTC,0.3,1.43,1.71,1.92,2.13
2025-01-22 07:00:00 PST,2025-01-22 15:00:00 UTC,-1.0,0.94,1.4,1.75,2.09
2025-01-22 08:00:00 PST,2025-01-22 16:00:00 UTC,-1.3,0.49,1.08,1.55,2.03
2025-01-22 09:00:00 PST,2025-01-22 17:00:00 UTC,0.3,0.46,0.96,1.39,1.94
2025-01-22 10:00:00 PST,2025-01-22 18:00:00 UTC,1.8,0.72,1.03,1.34,1.86
2025-01-22 11:00:00 PST,2025-01-22 19:00:00 UTC,2.8,1.14,1.23,1.39,1.81
2025-01-22 12:00:00 PST,2025-01-22 20:00:00 UTC,3.3,1.57,1.5,1.51,1.79
2025-01-22 13:00:00 PST,2025-01-22 21:00:00 UTC,3.4,1.94,1.75,1.67,1.81
2025-01-22 14:00:00 PST,2025-01-22 22:00:00 UTC,4.3,2.41,2.07,1.86,1.85
2025-01-22 15:00:00 PST,2025-01-22 23:00:00 UTC,4.4,2.81,2.38,2.08,1.93
2025-01-22 16:00:00 PST,2025-01-23 00:00:00 UTC,3.9,3.03,2.6,2.27,2.02
2025-01-22 17:00:00 PST,2025-01-23 01:00:00 UTC,2.9,3.0,2.67,2.4,2.12
2025-01-22 18:00:00 PST,2025-01-23 02:00:00 UTC,2.6,2.92,2.68,2.47,2.2
2025-01-22 19:00:00 PST,2025-01-23 03:00:00 UTC,2.3,2.8,2.65,2.5,2.27
2025-01-22 20:00:00 PST,2025-01-23 04:00:00 UTC,3.2,2.88,2.69,2.53,2.32
2025-01-22 21:00:00 PST,2025-01-23 05:00:00 UTC,1.0,2.5,2.53,2.5,2.37
2025-01-22 22:00:00 PST,2025-01-23 06:00:00 UTC,0.3,2.06,2.27,2.39,2.39
2025-01-22 23:00:00 PST,2025-01-23 07:00:00 UTC,0.0,1.65,1.99,2.23,2.37
2025-01-23 00:00:00 PST,2025-01-23 08:00:00 UTC,0.2,1.36,1.76,2.06,2.33
2025-01-23 01:00:00 PST,2025-01-23 09:00:00 UTC,-1.0,0.89,1.44,1.86,2.26
2025-01-23 02:00:00 PST,2025-01-23 10:00:00 UTC,-1.1,0.49,1.13,1.64,2.18
2025-01-23 03:00:00 PST,2025-01-23 11:00:00 UTC,-2.4,-0.09,0.72,1.37,2.07
2025-01-23 04:00:00 PST,2025-01-23 12:00:00 UTC,-1.5,-0.37,0.44,1.12,1.95
2025-01-23 05:00:00 PST,2025-01-23 13:00:00 UTC,-1.2,-0.54,0.24,0.91,1.81
2025-01-23 06:00:00 PST,2025-01-23 14:00:00 UTC,-0.8,-0.59,0.12,0.75,1.68
2025-01-23 07:00:00 PST,2025-01-23 15:00:00 UTC,-0.6,-0.59,0.05,0.64,1.56
2025-01-23 08:00:00 PST,2025-01-23 16:00:00 UTC,-2.2,-0.91,-0.16,0.5,1.46
2025-01-23 09:00:00 PST,2025-01-23 17:00:00 UTC,0.3,-0.67,-0.12,0.42,1.35
2025-01-23 10:00:00 PST,2025-01-23 18:00:00 UTC,1.8,-0.18,0.11,0.47,1.27
2025-01-23 11:00:00 PST,2025-01-23 19:00:00 UTC,3.3,0.52,0.51,0.63,1.23
2025-01-23 12:00:00 PST,2025-01-23 20:00:00 UTC,3.5,1.12,0.92,0.87,1.24
2025-01-23 13:00:00 PST,2025-01-23 21:00:00 UTC,3.6,1.61,1.29,1.12,1.3
2025-01-23 14:00:00 PST,2025-01-23 22:00:00 UTC,3.9,2.07,1.65,1.38,1.39
2025-01-23 15:00:00 PST,2025-01-23 23:00:00 UTC,4.2,2.5,2.0,1.64,1.5
2025-01-23 16:00:00 PST,2025-01-24 00:00:00 UTC,4.0,2.8,2.28,1.89,1.62
2025-01-23 17:00:00 PST,2025-01-24 01:00:00 UTC,4.2,3.08,2.53,2.11,1.75
2025-01-23 18:00:00 PST,2025-01-24 02:00:00 UTC,4.3,3.32,2.76,2.32,1.88
2025-01-23 19:00:00 PST,2025-01-24 03:00:00 UTC,3.8,3.42,2.91,2.49,2.01
2025-01-23 20:00:00 PST,2025-01-24 04:00:00 UTC,3.5,3.43,3.0,2.61,2.13
2025-01-23 21:00:00 PST,2025-01-24 05:00:00 UTC,2.2,3.19,2.92,2.66,2.24
2025-01-23 22:00:00 PST,2025-01-24 06:00:00 UTC,-0.1,2.53,2.6,2.57,2.31
2025-01-23 23:00:00 PST,2025-01-24 07:00:00 UTC,1.8,2.38,2.45,2.47,2.34
2025-01-24 00:00:00 PST,2025-01-24 08:00:00 UTC,0.1,1.93,2.18,2.33,2.34
2025-01-24 01:00:00 PST,2025-01-24 09:00:00 UTC,-0.6,1.42,1.84,2.13,2.31
2025-01-24 02:00:00 PST,2025-01-24 10:00:00 UTC,-1.7,0.8,1.42,1.88,2.25
2025-01-24 03:00:00 PST,2025-01-24 11:00:00 UTC,-1.2,0.4,1.08,1.62,2.15
2025-01-24 04:00:00 PST,2025-01-24 12:00:00 UTC,-2.7,-0.22,0.64,1.32,2.04
2025-01-24 05:00:00 PST,2025-01-24 13:00:00 UTC,-2.9,-0.76,0.21,1.0,1.9
2025-01-24 06:00:00 PST,2025-01-24 14:00:00 UTC,-2.9,-1.19,-0.16,0.69,1.73
2025-01-24 07:00:00 PST,2025-01-24 15:00:00 UTC,-2.4,-1.43,-0.43,0.43,1.56
2025-01-24 08:00:00 PST,2025-01-24 16:00:00 UTC,-3.8,-1.9,-0.8,0.14,1.39
2025-01-24 09:00:00 PST,2025-01-24 17:00:00 UTC,-0.7,-1.66,-0.82,-0.02,1.22
2025-01-24 10:00:00 PST,2025-01-24 18:00:00 UTC,2.8,-0.77,-0.42,0.03,1.08
2025-01-24 11:00:00 PST,2025-01-24 19:00:00 UTC,4.0,0.18,0.13,0.27,1.01
2025-01-24 12:00:00 PST,2025-01-24 20:00:00 UTC,4.7,1.09,0.73,0.6,1.02
2025-01-24 13:00:00 PST,2025-01-24 21:00:00 UTC,5.6,1.99,1.37,1.0,1.1
2025-01-24 14:00:00 PST,2025-01-24 22:00:00 UTC,5.6,2.71,1.95,1.42,1.23
2025-01-24 15:00:00 PST,2025-01-24 23:00:00 UTC,5.6,3.29,2.44,1.82,1.4
2025-01-24 16:00:00 PST,2025-01-25 00:00:00 UTC,4.8,3.59,2.79,2.15,1.59
2025-01-24 17:00:00 PST,2025-01-25 01:00:00 UTC,2.9,3.45,2.87,2.36,1.77
2025-01-24 18:00:00 PST,2025-01-25 02:00:00 UTC,1.5,3.06,2.75,2.43,1.93
2025-01-24 19:00:00 PST,2025-01-25 03:00:00 UTC,0.7,2.59,2.52,2.38,2.04
2025-01-24 20:00:00 PST,2025-01-25 04:00:00 UTC,1.0,2.27,2.31,2.29,2.1
2025-01-24 21:00:00 PST,2025-01-25 05:00:00 UTC,2.5,2.32,2.29,2.25,2.12
2025-01-24 22:00:00 PST,2025-01-25 06:00:00 UTC,0.4,1.93,2.08,2.16,2.13
2025-01-24 23:00:00 PST,2025-01-25 07:00:00 UTC,-0.4,1.47,1.79,2.01,2.12
2025-01-25 00:00:00 PST,2025-01-25 08:00:00 UTC,1.0,1.37,1.66,1.88,2.09
2025-01-25 01:00:00 PST,2025-01-25 09:00:00 UTC,-0.8,0.94,1.38,1.72,2.04
2025-01-25 02:00:00 PST,2025-01-25 10:00:00 UTC,-3.5,0.05,0.84,1.43,1.97
2025-01-25 03:00:00 PST,2025-01-25 11:00:00 UTC,-3.5,-0.66,0.32,1.08,1.86
2025-01-25 04:00:00 PST,2025-01-25 12:00:00 UTC,-3.2,-1.17,-0.12,0.73,1.7
2025-01-25 05:00:00 PST,2025-01-25 13:00:00 UTC,-4.5,-1.83,-0.63,0.36,1.53
2025-01-25 06:00:00 PST,2025-01-25 14:00:00 UTC,-4.4,-2.35,-1.08,-0.01,1.33
2025-01-25 07:00:00 PST,2025-01-25 15:00:00 UTC,-0.5,-1.98,-1.07,-0.21,1.13
2025-01-25 08:00:00 PST,2025-01-25 16:00:00 UTC,-3.9,-2.36,-1.32,-0.4,0.95
2025-01-25 09:00:00 PST,2025-01-25 17:00:00 UTC,0.0,-1.89,-1.19,-0.48,0.8
2025-01-25 10:00:00 PST,2025-01-25 18:00:00 UTC,1.9,-1.13,-0.81,-0.38,0.68
2025-01-25 11:00:00 PST,2025-01-25 19:00:00 UTC,4.4,-0.03,-0.17,-0.1,0.64
2025-01-25 12:00:00 PST,2025-01-25 20:00:00 UTC,5.2,1.02,0.53,0.3,0.67
2025-01-25 13:00:00 PST,2025-01-25 21:00:00 UTC,5.7,1.96,1.22,0.76,0.78
2025-01-25 14:00:00 PST,2025-01-25 22:00:00 UTC,5.6,2.68,1.82,1.21,0.94
2025-01-25 15:00:00 PST,2025-01-25 23:00:00 UTC,5.3,3.21,2.31,1.63,1.14
2025-01-25 16:00:00 PST,2025-01-26 00:00:00 UTC,4.5,3.47,2.63,1.96,1.34
2025-01-25 17:00:00 PST,2025-01-26 01:00:00 UTC,2.4,3.25,2.68,2.16,1.54
2025-01-25 18:00:00 PST,2025-01-26 02:00:00 UTC,0.2,2.64,2.43,2.18,1.7
2025-01-25 19:00:00 PST,2025-01-26 03:00:00 UTC,0.0,2.11,2.14,2.08,1.8
2025-01-25 20:00:00 PST,2025-01-26 04:00:00 UTC,0.0,1.69,1.87,1.94,1.84
2025-01-25 21:00:00 PST,2025-01-26 05:00:00 UTC,2.1,1.77,1.83,1.87,1.85
2025-01-25 22:00:00 PST,2025-01-26 06:00:00 UTC,1.6,1.74,1.79,1.83,1.85
2025-01-25 23:00:00 PST,2025-01-26 07:00:00 UTC,-0.4,1.31,1.56,1.73,1.84
2025-01-26 00:00:00 PST,2025-01-26 08:00:00 UTC,0.2,1.09,1.38,1.61,1.82
2025-01-26 01:00:00 PST,2025-01-26 09:00:00 UTC,-0.2,0.83,1.19,1.48,1.78
2025-01-26 02:00:00 PST,2025-01-26 10:00:00 UTC,-2.0,0.26,0.84,1.28,1.72
2025-01-26 03:00:00 PST,2025-01-26 11:00:00 UTC,-2.5,-0.29,0.45,1.03,1.64
2025-01-26 04:00:00 PST,2025-01-26 12:00:00 UTC,-1.5,-0.53,0.19,0.8,1.53
2025-01-26 05:00:00 PST,2025-01-26 13:00:00 UTC,-3.4,-1.1,-0.2,0.53,1.41
2025-01-26 06:00:00 PST,2025-01-26 14:00:00 UTC,-2.6,-1.4,-0.5,0.28,1.27
2025-01-26 07:00:00 PST,2025-01-26 15:00:00 UTC,-2.3,-1.58,-0.71,0.06,1.13
2025-01-26 08:00:00 PST,2025-01-26 16:00:00 UTC,-2.9,-1.85,-0.94,-0.14,0.99
2025-01-26 09:00:00 PST,2025-01-26 17:00:00 UTC,-0.6,-1.6,-0.91,-0.25,0.85
2025-01-26 10:00:00 PST,2025-01-26 18:00:00 UTC,2.1,-0.86,-0.57,-0.18,0.74
2025-01-26 11:00:00 PST,2025-01-26 19:00:00 UTC,3.8,0.07,-0.03,0.05,0.69
2025-01-26 12:00:00 PST,2025-01-26 20:00:00 UTC,4.5,0.96,0.56,0.39,0.72
2025-01-26 13:00:00 PST,2025-01-26 21:00:00 UTC,4.5,1.67,1.1,0.75,0.81
2025-01-26 14:00:00 PST,2025-01-26 22:00:00 UTC,5.3,2.39,1.65,1.14,0.94
2025-01-26 15:00:00 PST,2025-01-26 23:00:00 UTC,5.1,2.94,2.12,1.52,1.1
2025-01-26 16:00:00 PST,2025-01-27 00:00:00 UTC,4.6,3.27,2.47,1.85,1.29
2025-01-26 17:00:00 PST,2025-01-27 01:00:00 UTC,2.5,3.11,2.55,2.05,1.47
2025-01-26 18:00:00 PST,2025-01-27 02:00:00 UTC,1.2,2.73,2.43,2.11,1.62
2025-01-26 19:00:00 PST,2025-01-27 03:00:00 UTC,2.7,2.73,2.43,2.15,1.73
2025-01-26 20:00:00 PST,2025-01-27 04:00:00 UTC,-0.6,2.06,2.11,2.07,1.81
2025-01-26 21:00:00 PST,2025-01-27 05:00:00 UTC,-1.4,1.37,1.69,1.88,1.84
2025-01-26 22:00:00 PST,2025-01-27 06:00:00 UTC,-0.3,1.03,1.41,1.67,1.82
2025-01-26 23:00:00 PST,2025-01-27 07:00:00 UTC,-0.2,0.79,1.19,1.5,1.77
2025-01-27 00:00:00 PST,2025-01-27 08:00:00 UTC,-0.3,0.57,1.0,1.34,1.7
2025-01-27 01:00:00 PST,2025-01-27 09:00:00 UTC,-1.2,0.22,0.74,1.17,1.63
2025-01-27 02:00:00 PST,2025-01-27 10:00:00 UTC,-2.6,-0.35,0.37,0.93,1.55
2025-01-27 03:00:00 PST,2025-01-27 11:00:00 UTC,-3.3,-0.94,-0.06,0.65,1.44
2025-01-27 04:00:00 PST,2025-01-27 12:00:00 UTC,-3.0,-1.35,-0.42,0.36,1.3
2025-01-27 05:00:00 PST,2025-01-27 13:00:00 UTC,-2.5,-1.58,-0.67,0.11,1.15
2025-01-27 06:00:00 PST,2025-01-27 14:00:00 UTC,-3.4,-1.94,-0.97,-0.13,1.0
2025-01-27 07:00:00 PST,2025-01-27 15:00:00 UTC,-1.6,-1.88,-1.06,-0.3,0.85
2025-01-27 08:00:00 PST,2025-01-27 16:00:00 UTC,-2.4,-1.98,-1.18,-0.44,0.71
2025-01-27 09:00:00 PST,2025-01-27 17:00:00 UTC,-1.0,-1.78,-1.14,-0.51,0.59
2025-01-27 10:00:00 PST,2025-01-27 18:00:00 UTC,1.4,-1.15,-0.84,-0.44,0.5
2025-01-27 11:00:00 PST,2025-01-27 19:00:00 UTC,3.3,-0.26,-0.33,-0.22,0.46
2025-01-27 12:00:00 PST,2025-01-27 20:00:00 UTC,4.9,0.77,0.33,0.13,0.48
2025-01-27 13:00:00 PST,2025-01-27 21:00:00 UTC,5.3,1.68,0.99,0.56,0.58
2025-01-27 14:00:00 PST,2025-01-27 22:00:00 UTC,5.5,2.44,1.6,1.0,0.73
2025-01-27 15:00:00 PST,2025-01-27 23:00:00 UTC,5.6,3.07,2.13,1.43,0.92
2025-01-27 16:00:00 PST,2025-01-28 00:00:00 UTC,5.1,3.48,2.54,1.8,1.13
2025-01-27 17:00:00 PST,2025-01-28 01:00:00 UTC,3.8,3.54,2.75,2.08,1.34
2025-01-27 18:00:00 PST,2025-01-28 02:00:00 UTC,3.3,3.49,2.84,2.27,1.53
2025-01-27 19:00:00 PST,2025-01-28 03:00:00 UTC,1.5,3.1,2.72,2.33,1.69
2025-01-27 20:00:00 PST,2025-01-28 04:00:00 UTC,1.9,2.86,2.6,2.32,1.8
2025-01-27 21:00:00 PST,2025-01-28 05:00:00 UTC,1.4,2.57,2.44,2.28,1.88
2025-01-27 22:00:00 PST,2025-01-28 06:00:00 UTC,-0.8,1.89,2.07,2.13,1.92
2025-01-27 23:00:00 PST,2025-01-28 07:00:00 UTC,-1.5,1.21,1.63,1.89,1.92
2025-01-28 00:00:00 PST,2025-01-28 08:00:00 UTC,0.2,1.01,1.4,1.68,1.86
2025-01-28 01:00:00 PST,2025-01-28 09:00:00 UTC,0.1,0.83,1.22,1.52,1.8
2025-01-28 02:00:00 PST,2025-01-28 10:00:00 UTC,-0.9,0.48,0.97,1.35,1.73
2025-01-28 03:00:00 PST,2025-01-28 11:00:00 UTC,-2.6,-0.13,0.56,1.1,1.64
2025-01-28 04:00:00 PST,2025-01-28 12:00:00 UTC,-2.6,-0.63,0.18,0.83,1.53
2025-01-28 05:00:00 PST,2025-01-28 13:00:00 UTC,-2.6,-1.02,-0.16,0.56,1.4
2025-01-28 06:00:00 PST,2025-01-28 14:00:00 UTC,-2.7,-1.36,-0.46,0.3,1.25
2025-01-28 07:00:00 PST,2025-01-28 15:00:00 UTC,-3.3,-1.75,-0.78,0.04,1.1
2025-01-28 08:00:00 PST,2025-01-28 16:00:00 UTC,-2.8,-1.96,-1.02,-0.19,0.94
2025-01-28 09:00:00 PST,2025-01-28 17:00:00 UTC,-0.4,-1.65,-0.97,-0.3,0.79
2025-01-28 10:00:00 PST,2025-01-28 18:00:00 UTC,2.1,-0.9,-0.61,-0.23,0.68
2025-01-28 11:00:00 PST,2025-01-28 19:00:00 UTC,4.0,0.08,-0.05,0.01,0.63
2025-01-28 12:00:00 PST,2025-01-28 20:00:00 UTC,4.4,0.95,0.54,0.35,0.65
2025-01-28 13:00:00 PST,2025-01-28 21:00:00 UTC,4.9,1.74,1.12,0.73,0.74
2025-01-28 14:00:00 PST,2025-01-28 22:00:00 UTC,5.5,2.49,1.69,1.14,0.88
2025-01-28 15:00:00 PST,2025-01-28 23:00:00 UTC,5.3,3.05,2.18,1.53,1.05
2025-01-28 16:00:00 PST,2025-01-29 00:00:00 UTC,4.7,3.38,2.54,1.87,1.24
2025-01-28 17:00:00 PST,2025-01-29 01:00:00 UTC,2.2,3.15,2.57,2.06,1.43
2025-01-28 18:00:00 PST,2025-01-29 02:00:00 UTC,2.3,2.98,2.55,2.15,1.58
2025-01-28 19:00:00 PST,2025-01-29 03:00:00 UTC,1.4,2.66,2.42,2.17,1.7
2025-01-28 20:00:00 PST,2025-01-29 04:00:00 UTC,0.1,2.15,2.16,2.08,1.78
2025-01-28 21:00:00 PST,2025-01-29 05:00:00 UTC,1.6,2.04,2.04,2.0,1.81
2025-01-28 22:00:00 PST,2025-01-29 06:00:00 UTC,-0.5,1.53,1.75,1.87,1.82
2025-01-28 23:00:00 PST,2025-01-29 07:00:00 UTC,0.8,1.38,1.6,1.74,1.8
2025-01-29 00:00:00 PST,2025-01-29 08:00:00 UTC,0.4,1.19,1.44,1.63,1.77
2025-01-29 01:00:00 PST,2025-01-29 09:00:00 UTC,-0.6,0.83,1.2,1.48,1.73
2025-01-29 02:00:00 PST,2025-01-29 10:00:00 UTC,-1.6,0.34,0.88,1.29,1.67
2025-01-29 03:00:00 PST,2025-01-29 11:00:00 UTC,-2.2,-0.16,0.51,1.04,1.59
2025-01-29 04:00:00 PST,2025-01-29 12:00:00 UTC,-1.4,-0.41,0.26,0.82,1.48
2025-01-29 05:00:00 PST,2025-01-29 13:00:00 UTC,-2.2,-0.77,-0.02,0.6,1.36
2025-01-29 06:00:00 PST,2025-01-29 14:00:00 UTC,-3.1,-1.24,-0.37,0.35,1.24
2025-01-29 07:00:00 PST,2025-01-29 15:00:00 UTC,-1.9,-1.37,-0.56,0.14,1.1
2025-01-29 08:00:00 PST,2025-01-29 16:00:00 UTC,-1.9,-1.47,-0.71,-0.03,0.97
2025-01-29 09:00:00 PST,2025-01-29 17:00:00 UTC,0.0,-1.18,-0.64,-0.1,0.84
2025-01-29 10:00:00 PST,2025-01-29 18:00:00 UTC,1.8,-0.58,-0.35,-0.03,0.75
2025-01-29 11:00:00 PST,2025-01-29 19:00:00 UTC,2.5,0.03,0.02,0.14,0.72
2025-01-29 12:00:00 PST,2025-01-29 20:00:00 UTC,3.2,0.67,0.44,0.38,0.73
2025-01-29 13:00:00 PST,2025-01-29 21:00:00 UTC,4.8,1.49,0.99,0.7,0.79
2025-01-29 14:00:00 PST,2025-01-29 22:00:00 UTC,6.3,2.45,1.65,1.11,0.9
2025-01-29 15:00:00 PST,2025-01-29 23:00:00 UTC,6.2,3.2,2.25,1.54,1.06
2025-01-29 16:00:00 PST,2025-01-30 00:00:00 UTC,4.5,3.46,2.6,1.9,1.25
2025-01-29 17:00:00 PST,2025-01-30 01:00:00 UTC,3.1,3.39,2.72,2.13,1.45
2025-01-29 18:00:00 PST,2025-01-30 02:00:00 UTC,3.4,3.39,2.81,2.29,1.61
2025-01-29 19:00:00 PST,2025-01-30 03:00:00 UTC,2.8,3.27,2.81,2.38,1.75
2025-01-29 20:00:00 PST,2025-01-30 04:00:00 UTC,0.4,2.7,2.56,2.35,1.86
2025-01-29 21:00:00 PST,2025-01-30 05:00:00 UTC,0.5,2.26,2.29,2.24,1.93
2025-01-29 22:00:00 PST,2025-01-30 06:00:00 UTC,1.7,2.15,2.17,2.14,1.95
2025-01-29 23:00:00 PST,2025-01-30 07:00:00 UTC,3.2,2.36,2.24,2.13,1.95
2025-01-30 00:00:00 PST,2025-01-30 08:00:00 UTC,3.1,2.51,2.32,2.17,1.97
2025-01-30 01:00:00 PST,2025-01-30 09:00:00 UTC,3.9,2.79,2.49,2.26,1.99
2025-01-30 02:00:00 PST,2025-01-30 10:00:00 UTC,3.3,2.89,2.59,2.35,2.04
2025-01-30 03:00:00 PST,2025-01-30 11:00:00 UTC,3.4,2.99,2.69,2.43,2.09
2025-01-30 04:00:00 PST,2025-01-30 12:00:00 UTC,3.4,3.07,2.77,2.5,2.14
2025-01-30 05:00:00 PST,2025-01-30 13:00:00 UTC,3.6,3.18,2.86,2.58,2.2
2025-01-30 06:00:00 PST,2025-01-30 14:00:00 UTC,3.6,3.26,2.94,2.65,2.25
2025-01-30 07:00:00 PST,2025-01-30 15:00:00 UTC,3.4,3.29,2.99,2.71,2.31
2025-01-30 08:00:00 PST,2025-01-30 16:00:00 UTC,3.4,3.31,3.03,2.76,2.36
2025-01-30 09:00:00 PST,2025-01-30 17:00:00 UTC,3.5,3.35,3.07,2.81,2.41
2025-01-30 10:00:00 PST,2025-01-30 18:00:00 UTC,3.5,3.38,3.11,2.85,2.46
2025-01-30 11:00:00 PST,2025-01-30 19:00:00 UTC,3.6,3.42,3.15,2.9,2.5
2025-01-30 12:00:00 PST,2025-01-30 20:00:00 UTC,3.6,3.46,3.19,2.94,2.54
2025-01-30 13:00:00 PST,2025-01-30 21:00:00 UTC,4.1,3.59,3.27,3.0,2.58
2025-01-30 14:00:00 PST,2025-01-30 22:00:00 UTC,3.8,3.63,3.33,3.05,2.63
2025-01-30 15:00:00 PST,2025-01-30 23:00:00 UTC,4.0,3.7,3.39,3.11,2.67
2025-01-30 16:00:00 PST,2025-01-31 00:00:00 UTC,4.0,3.76,3.45,3.16,2.72
2025-01-30 17:00:00 PST,2025-01-31 01:00:00 UTC,3.9,3.79,3.49,3.21,2.77
2025-01-30 18:00:00 PST,2025-01-31 02:00:00 UTC,4.2,3.87,3.55,3.26,2.81
2025-01-30 19:00:00 PST,2025-01-31 03:00:00 UTC,4.2,3.94,3.61,3.32,2.85
2025-01-30 20:00:00 PST,2025-01-31 04:00:00 UTC,4.0,3.95,3.65,3.36,2.9
2025-01-30 21:00:00 PST,2025-01-31 05:00:00 UTC,3.6,3.88,3.63,3.38,2.94
2025-01-30 22:00:00 PST,2025-01-31 06:00:00 UTC,3.3,3.76,3.58,3.38,2.98
2025-01-30 23:00:00 PST,2025-01-31 07:00:00 UTC,3.2,3.65,3.51,3.35,3.0
2025-01-31 00:00:00 PST,2025-01-31 08:00:00 UTC,3.2,3.56,3.45,3.32,3.01
2025-01-31 01:00:00 PST,2025-01-31 09:00:00 UTC,3.4,3.53,3.42,3.3,3.02
2025-01-31 02:00:00 PST,2025-01-31 10:00:00 UTC,3.5,3.52,3.41,3.28,3.02
2025-01-31 03:00:00 PST,2025-01-31 11:00:00 UTC,3.8,3.58,3.43,3.29,3.02
2025-01-31 04:00:00 PST,2025-01-31 12:00:00 UTC,4.2,3.7,3.5,3.32,3.03
2025-01-31 05:00:00 PST,2025-01-31 13:00:00 UTC,4.3,3.82,3.58,3.37,3.05
2025-01-31 06:00:00 PST,2025-01-31 14:00:00 UTC,4.8,4.02,3.7,3.44,3.07
2025-01-31 07:00:00 PST,2025-01-31 15:00:00 UTC,5.0,4.21,3.84,3.53,3.11
2025-01-31 08:00:00 PST,2025-01-31 16:00:00 UTC,5.1,4.34,3.96,3.62,3.16
2025-01-31 09:00:00 PST,2025-01-31 17:00:00 UTC,5.5,4.57,4.12,3.73,3.21
2025-01-31 10:00:00 PST,2025-01-31 18:00:00 UTC,5.4,4.74,4.26,3.85,3.28
2025-01-31 11:00:00 PST,2025-01-31 19:00:00 UTC,5.8,4.95,4.43,3.97,3.34
2025-01-31 12:00:00 PST,2025-01-31 20:00:00 UTC,5.4,5.04,4.53,4.08,3.42
2025-01-31 13:00:00 PST,2025-01-31 21:00:00 UTC,5.5,5.13,4.63,4.18,3.5
2025-01-31 14:00:00 PST,2025-01-31 22:00:00 UTC,5.6,5.2,4.71,4.26,3.57
2025-01-31 15:00:00 PST,2025-01-31 23:00:00 UTC,5.7,5.27,4.79,4.34,3.64
2025-01-31 16:00:00 PST,2025-02-01 00:00:00 UTC,5.8,5.37,4.88,4.42,3.71
2025-01-31 17:00:00 PST,2025-02-01 01:00:00 UTC,5.8,5.46,4.96,4.5,3.77
2025-01-31 18:00:00 PST,2025-02-01 02:00:00 UTC,5.4,5.45,4.99,4.56,3.84
2025-01-31 19:00:00 PST,2025-02-01 03:00:00 UTC,5.0,5.36,4.97,4.59,3.9
2025-01-31 20:00:00 PST,2025-02-01 04:00:00 UTC,5.0,5.29,4.94,4.6,3.94
2025-01-31 21:00:00 PST,2025-02-01 05:00:00 UTC,3.6,4.95,4.77,4.55,3.98
2025-01-31 22:00:00 PST,2025-02-01 06:00:00 UTC,3.6,4.68,4.6,4.46,3.99
2025-01-31 23:00:00 PST,2025-02-01 07:00:00 UTC,2.7,4.28,4.35,4.32,3.98
2025-02-01 00:00:00 PST,2025-02-01 08:00:00 UTC,1.9,3.81,4.03,4.13,3.95
2025-02-01 01:00:00 PST,2025-02-01 09:00:00 UTC,1.4,3.33,3.69,3.91,3.89
2025-02-01 02:00:00 PST,2025-02-01 10:00:00 UTC,1.2,2.9,3.35,3.67,3.8
2025-02-01 03:00:00 PST,2025-02-01 11:00:00 UTC,0.1,2.34,2.95,3.4,3.69
2025-02-01 04:00:00 PST,2025-02-01 12:00:00 UTC,1.6,2.19,2.73,3.17,3.56
2025-02-01 05:00:00 PST,2025-02-01 13:00:00 UTC,0.5,1.85,2.46,2.95,3.43
2025-02-01 06:00:00 PST,2025-02-01 14:00:00 UTC,1.0,1.68,2.27,2.75,3.3
2025-02-01 07:00:00 PST,2025-02-01 15:00:00 UTC,2.1,1.77,2.22,2.63,3.17
2025-02-01 08:00:00 PST,2025-02-01 16:00:00 UTC,2.4,1.89,2.24,2.56,3.07
2025-02-01 09:00:00 PST,2025-02-01 17:00:00 UTC,3.1,2.13,2.34,2.56,2.98
2025-02-01 10:00:00 PST,2025-02-01 18:00:00 UTC,2.9,2.29,2.42,2.59,2.93
2025-02-01 11:00:00 PST,2025-02-01 19:00:00 UTC,3.0,2.43,2.51,2.62,2.89
2025-02-01 12:00:00 PST,2025-02-01 20:00:00 UTC,3.5,2.64,2.64,2.68,2.87
2025-02-01 13:00:00 PST,2025-02-01 21:00:00 UTC,4.4,3.0,2.85,2.79,2.87
2025-02-01 14:00:00 PST,2025-02-01 22:00:00 UTC,4.8,3.36,3.1,2.93,2.89
2025-02-01 15:00:00 PST,2025-02-01 23:00:00 UTC,5.0,3.68,3.34,3.09,2.94
2025-02-01 16:00:00 PST,2025-02-02 00:00:00 UTC,3.9,3.73,3.44,3.21,3.0
2025-02-01 17:00:00 PST,2025-02-02 01:00:00 UTC,3.4,3.66,3.46,3.28,3.05
2025-02-01 18:00:00 PST,2025-02-02 02:00:00 UTC,2.9,3.51,3.41,3.3,3.1
2025-02-01 19:00:00 PST,2025-02-02 03:00:00 UTC,2.9,3.39,3.34,3.28,3.13
2025-02-01 20:00:00 PST,2025-02-02 04:00:00 UTC,2.2,3.15,3.21,3.23,3.14
2025-02-01 21:00:00 PST,2025-02-02 05:00:00 UTC,2.4,3.0,3.1,3.16,3.14
2025-02-01 22:00:00 PST,2025-02-02 06:00:00 UTC,-0.3,2.34,2.73,2.99,3.12
2025-02-01 23:00:00 PST,2025-02-02 07:00:00 UTC,-1.3,1.61,2.26,2.72,3.06
2025-02-02 00:00:00 PST,2025-02-02 08:00:00 UTC,-1.7,0.95,1.77,2.4,2.96
2025-02-02 01:00:00 PST,2025-02-02 09:00:00 UTC,-2.2,0.32,1.28,2.05,2.82
2025-02-02 02:00:00 PST,2025-02-02 10:00:00 UTC,-1.6,-0.06,0.91,1.72,2.65
2025-02-02 03:00:00 PST,2025-02-02 11:00:00 UTC,-0.6,-0.17,0.71,1.47,2.47
2025-02-02 04:00:00 PST,2025-02-02 12:00:00 UTC,0.2,-0.1,0.64,1.31,2.31
2025-02-02 05:00:00 PST,2025-02-02 13:00:00 UTC,0.6,0.04,0.65,1.22,2.17
2025-02-02 06:00:00 PST,2025-02-02 14:00:00 UTC,0.1,0.05,0.62,1.16,2.05
2025-02-02 07:00:00 PST,2025-02-02 15:00:00 UTC,0.1,0.06,0.59,1.1,1.96
2025-02-02 08:00:00 PST,2025-02-02 16:00:00 UTC,0.1,0.07,0.57,1.05,1.88
2025-02-02 09:00:00 PST,2025-02-02 17:00:00 UTC,0.1,0.08,0.55,1.01,1.81
2025-02-02 10:00:00 PST,2025-02-02 18:00:00 UTC,0.1,0.08,0.53,0.97,1.74
2025-02-02 11:00:00 PST,2025-02-02 19:00:00 UTC,0.6,0.18,0.57,0.96,1.69
2025-02-02 12:00:00 PST,2025-02-02 20:00:00 UTC,1.6,0.38,0.67,0.98,1.64
2025-02-02 13:00:00 PST,2025-02-02 21:00:00 UTC,3.8,1.07,1.03,1.12,1.62
2025-02-02 14:00:00 PST,2025-02-02 22:00:00 UTC,3.2,1.49,1.34,1.31,1.63
2025-02-02 15:00:00 PST,2025-02-02 23:00:00 UTC,3.1,1.81,1.6,1.5,1.68
2025-02-02 16:00:00 PST,2025-02-03 00:00:00 UTC,1.2,1.69,1.63,1.61,1.74
2025-02-02 17:00:00 PST,2025-02-03 01:00:00 UTC,0.8,1.51,1.58,1.63,1.8
2025-02-02 18:00:00 PST,2025-02-03 02:00:00 UTC,0.6,1.33,1.48,1.61,1.83
2025-02-02 19:00:00 PST,2025-02-03 03:00:00 UTC,0.0,1.06,1.33,1.55,1.83
2025-02-02 20:00:00 PST,2025-02-03 04:00:00 UTC,0.1,0.87,1.19,1.46,1.82
2025-02-02 21:00:00 PST,2025-02-03 05:00:00 UTC,-0.4,0.62,1.02,1.35,1.79
2025-02-02 22:00:00 PST,2025-02-03 06:00:00 UTC,-0.6,0.37,0.84,1.23,1.75
2025-02-02 23:00:00 PST,2025-02-03 07:00:00 UTC,-0.8,0.14,0.66,1.1,1.69
2025-02-03 00:00:00 PST,2025-02-03 08:00:00 UTC,-1.4,-0.17,0.43,0.94,1.62
2025-02-03 01:00:00 PST,2025-02-03 09:00:00 UTC,-1.7,-0.48,0.2,0.77,1.54
2025-02-03 02:00:00 PST,2025-02-03 10:00:00 UTC,-2.5,-0.88,-0.09,0.57,1.44
2025-02-03 03:00:00 PST,2025-02-03 11:00:00 UTC,-2.7,-1.24,-0.39,0.35,1.33
2025-02-03 04:00:00 PST,2025-02-03 12:00:00 UTC,-3.3,-1.66,-0.7,0.11,1.21
2025-02-03 05:00:00 PST,2025-02-03 13:00:00 UTC,-3.5,-2.02,-1.01,-0.14,1.07
2025-02-03 06:00:00 PST,2025-02-03 14:00:00 UTC,-3.7,-2.36,-1.3,-0.38,0.92
2025-02-03 07:00:00 PST,2025-02-03 15:00:00 UTC,-3.9,-2.67,-1.58,-0.62,0.76
2025-02-03 08:00:00 PST,2025-02-03 16:00:00 UTC,-3.7,-2.87,-1.8,-0.84,0.6
2025-02-03 09:00:00 PST,2025-02-03 17:00:00 UTC,-3.7,-3.04,-1.99,-1.03,0.44
2025-02-03 10:00:00 PST,2025-02-03 18:00:00 UTC,-3.3,-3.09,-2.1,-1.19,0.29
2025-02-03 11:00:00 PST,2025-02-03 19:00:00 UTC,-3.8,-3.23,-2.24,-1.33,0.15
2025-02-03 12:00:00 PST,2025-02-03 20:00:00 UTC,-2.8,-3.15,-2.27,-1.43,0.02
2025-02-03 13:00:00 PST,2025-02-03 21:00:00 UTC,-3.6,-3.24,-2.36,-1.52,-0.09
2025-02-03 14:00:00 PST,2025-02-03 22:00:00 UTC,-3.7,-3.33,-2.45,-1.62,-0.2
2025-02-03 15:00:00 PST,2025-02-03 23:00:00 UTC,-3.4,-3.34,-2.5,-1.7,-0.3
2025-02-03 16:00:00 PST,2025-02-04 00:00:00 UTC,-3.0,-3.28,-2.51,-1.76,-0.39
2025-02-03 17:00:00 PST,2025-02-04 01:00:00 UTC,-3.1,-3.24,-2.51,-1.79,-0.47
2025-02-03 18:00:00 PST,2025-02-04 02:00:00 UTC,-2.8,-3.15,-2.48,-1.81,-0.54
2025-02-03 19:00:00 PST,2025-02-04 03:00:00 UTC,-3.1,-3.14,-2.48,-1.83,-0.6
2025-02-03 20:00:00 PST,2025-02-04 04:00:00 UTC,-3.5,-3.21,-2.53,-1.87,-0.65
2025-02-03 21:00:00 PST,2025-02-04 05:00:00 UTC,-3.6,-3.29,-2.59,-1.92,-0.71
2025-02-03 22:00:00 PST,2025-02-04 06:00:00 UTC,-3.0,-3.23,-2.59,-1.95,-0.76
2025-02-03 23:00:00 PST,2025-02-04 07:00:00 UTC,-3.0,-3.19,-2.58,-1.97,-0.81
2025-02-04 00:00:00 PST,2025-02-04 08:00:00 UTC,-3.2,-3.19,-2.58,-1.99,-0.85
2025-02-04 01:00:00 PST,2025-02-04 09:00:00 UTC,-3.9,-3.33,-2.67,-2.03,-0.89
2025-02-04 02:00:00 PST,2025-02-04 10:00:00 UTC,-3.9,-3.44,-2.75,-2.1,-0.94
2025-02-04 03:00:00 PST,2025-02-04 11:00:00 UTC,-4.5,-3.66,-2.89,-2.19,-0.99
2025-02-04 04:00:00 PST,2025-02-04 12:00:00 UTC,-4.7,-3.86,-3.05,-2.3,-1.06
2025-02-04 05:00:00 PST,2025-02-04 13:00:00 UTC,-4.5,-3.99,-3.17,-2.41,-1.13
2025-02-04 06:00:00 PST,2025-02-04 14:00:00 UTC,-4.8,-4.15,-3.31,-2.52,-1.21
2025-02-04 07:00:00 PST,2025-02-04 15:00:00 UTC,-4.5,-4.22,-3.4,-2.62,-1.29
2025-02-04 08:00:00 PST,2025-02-04 16:00:00 UTC,-4.2,-4.22,-3.44,-2.69,-1.37
2025-02-04 09:00:00 PST,2025-02-04 17:00:00 UTC,-4.3,-4.23,-3.48,-2.75,-1.44
2025-02-04 10:00:00 PST,2025-02-04 18:00:00 UTC,-3.9,-4.17,-3.47,-2.79,-1.5
2025-02-04 11:00:00 PST,2025-02-04 19:00:00 UTC,-3.3,-3.99,-3.4,-2.78,-1.56
2025-02-04 12:00:00 PST,2025-02-04 20:00:00 UTC,-2.5,-3.7,-3.24,-2.73,-1.6
2025-02-04 13:00:00 PST,2025-02-04 21:00:00 UTC,-1.7,-3.3,-3.0,-2.61,-1.61
2025-02-04 14:00:00 PST,2025-02-04 22:00:00 UTC,-1.4,-2.92,-2.74,-2.46,-1.6
2025-02-04 15:00:00 PST,2025-02-04 23:00:00 UTC,-1.2,-2.57,-2.48,-2.29,-1.56
2025-02-04 16:00:00 PST,2025-02-05 00:00:00 UTC,-0.8,-2.22,-2.22,-2.11,-1.51
2025-02-04 17:00:00 PST,2025-02-05 01:00:00 UTC,-2.6,-2.3,-2.17,-1.99,-1.44
2025-02-04 18:00:00 PST,2025-02-05 02:00:00 UTC,-3.2,-2.48,-2.22,-1.96,-1.38
2025-02-04 19:00:00 PST,2025-02-05 03:00:00 UTC,-3.3,-2.64,-2.3,-1.97,-1.35
2025-02-04 20:00:00 PST,2025-02-05 04:00:00 UTC,-5.8,-3.27,-2.63,-2.1,-1.33
2025-02-04 21:00:00 PST,2025-02-05 05:00:00 UTC,-5.9,-3.8,-2.98,-2.3,-1.36
2025-02-04 22:00:00 PST,2025-02-05 06:00:00 UTC,-6.0,-4.24,-3.32,-2.53,-1.43
2025-02-04 23:00:00 PST,2025-02-05 07:00:00 UTC,-5.2,-4.43,-3.53,-2.73,-1.52
2025-02-05 00:00:00 PST,2025-02-05 08:00:00 UTC,-5.0,-4.54,-3.68,-2.88,-1.63
2025-02-05 01:00:00 PST,2025-02-05 09:00:00 UTC,-5.8,-4.8,-3.87,-3.04,-1.73
2025-02-05 02:00:00 PST,2025-02-05 10:00:00 UTC,-6.0,-5.04,-4.07,-3.2,-1.83
2025-02-05 03:00:00 PST,2025-02-05 11:00:00 UTC,-6.7,-5.37,-4.32,-3.39,-1.94
2025-02-05 04:00:00 PST,2025-02-05 12:00:00 UTC,-7.9,-5.88,-4.68,-3.62,-2.06
2025-02-05 05:00:00 PST,2025-02-05 13:00:00 UTC,-8.0,-6.3,-5.02,-3.89,-2.2
2025-02-05 06:00:00 PST,2025-02-05 14:00:00 UTC,-8.2,-6.68,-5.34,-4.15,-2.36
2025-02-05 07:00:00 PST,2025-02-05 15:00:00 UTC,-7.3,-6.8,-5.54,-4.37,-2.52
2025-02-05 08:00:00 PST,2025-02-05 16:00:00 UTC,-5.7,-6.58,-5.52,-4.49,-2.68
2025-02-05 09:00:00 PST,2025-02-05 17:00:00 UTC,-5.2,-6.31,-5.42,-4.52,-2.8
2025-02-05 10:00:00 PST,2025-02-05 18:00:00 UTC,-4.4,-5.93,-5.22,-4.47,-2.9
2025-02-05 11:00:00 PST,2025-02-05 19:00:00 UTC,-3.2,-5.38,-4.91,-4.34,-2.95
2025-02-05 12:00:00 PST,2025-02-05 20:00:00 UTC,-3.0,-4.9,-4.59,-4.17,-2.96
2025-02-05 13:00:00 PST,2025-02-05 21:00:00 UTC,-2.4,-4.4,-4.25,-3.95,-2.94
2025-02-05 14:00:00 PST,2025-02-05 22:00:00 UTC,-2.0,-3.92,-3.89,-3.72,-2.89
2025-02-05 15:00:00 PST,2025-02-05 23:00:00 UTC,-1.7,-3.48,-3.55,-3.47,-2.81
2025-02-05 16:00:00 PST,2025-02-06 00:00:00 UTC,-1.2,-3.02,-3.19,-3.21,-2.71
2025-02-05 17:00:00 PST,2025-02-06 01:00:00 UTC,-1.4,-2.7,-2.9,-2.97,-2.59
2025-02-05 18:00:00 PST,2025-02-06 02:00:00 UTC,-1.8,-2.52,-2.69,-2.76,-2.47
2025-02-05 19:00:00 PST,2025-02-06 03:00:00 UTC,-2.8,-2.57,-2.63,-2.63,-2.35
2025-02-05 20:00:00 PST,2025-02-06 04:00:00 UTC,-2.6,-2.58,-2.58,-2.54,-2.25
2025-02-05 21:00:00 PST,2025-02-06 05:00:00 UTC,-2.5,-2.56,-2.53,-2.47,-2.17
2025-02-05 22:00:00 PST,2025-02-06 06:00:00 UTC,-2.6,-2.57,-2.5,-2.41,-2.1
2025-02-05 23:00:00 PST,2025-02-06 07:00:00 UTC,-2.6,-2.58,-2.48,-2.37,-2.04
2025-02-06 00:00:00 PST,2025-02-06 08:00:00 UTC,-2.7,-2.6,-2.48,-2.34,-1.99
2025-02-06 01:00:00 PST,2025-02-06 09:00:00 UTC,-3.2,-2.72,-2.53,-2.34,-1.95
2025-02-06 02:00:00 PST,2025-02-06 10:00:00 UTC,-3.2,-2.82,-2.58,-2.35,-1.93
2025-02-06 03:00:00 PST,2025-02-06 11:00:00 UTC,-3.3,-2.91,-2.64,-2.38,-1.91
2025-02-06 04:00:00 PST,2025-02-06 12:00:00 UTC,-3.7,-3.07,-2.73,-2.42,-1.9
2025-02-06 05:00:00 PST,2025-02-06 13:00:00 UTC,-3.3,-3.12,-2.78,-2.47,-1.91
2025-02-06 06:00:00 PST,2025-02-06 14:00:00 UTC,-3.4,-3.17,-2.83,-2.5,-1.92
2025-02-06 07:00:00 PST,2025-02-06 15:00:00 UTC,-3.1,-3.16,-2.84,-2.52,-1.93
2025-02-06 08:00:00 PST,2025-02-06 16:00:00 UTC,-2.9,-3.11,-2.82,-2.52,-1.94
2025-02-06 09:00:00 PST,2025-02-06 17:00:00 UTC,-2.5,-2.99,-2.75,-2.5,-1.94
2025-02-06 10:00:00 PST,2025-02-06 18:00:00 UTC,-2.1,-2.81,-2.65,-2.45,-1.94
2025-02-06 11:00:00 PST,2025-02-06 19:00:00 UTC,-1.7,-2.59,-2.5,-2.37,-1.92
2025-02-06 12:00:00 PST,2025-02-06 20:00:00 UTC,-0.9,-2.25,-2.29,-2.25,-1.89
2025-02-06 13:00:00 PST,2025-02-06 21:00:00 UTC,-0.4,-1.88,-2.03,-2.08,-1.84
2025-02-06 14:00:00 PST,2025-02-06 22:00:00 UTC,-0.2,-1.54,-1.78,-1.9,-1.77
2025-02-06 15:00:00 PST,2025-02-06 23:00:00 UTC,0.5,-1.13,-1.48,-1.7,-1.68
2025-02-06 16:00:00 PST,2025-02-07 00:00:00 UTC,-0.1,-0.93,-1.27,-1.51,-1.58
2025-02-06 17:00:00 PST,2025-02-07 01:00:00 UTC,-0.2,-0.78,-1.1,-1.34,-1.47
2025-02-06 18:00:00 PST,2025-02-07 02:00:00 UTC,-2.2,-1.07,-1.17,-1.28,-1.37
2025-02-06 19:00:00 PST,2025-02-07 03:00:00 UTC,-2.6,-1.37,-1.32,-1.3,-1.29
2025-02-06 20:00:00 PST,2025-02-07 04:00:00 UTC,-1.9,-1.48,-1.39,-1.33,-1.25
2025-02-06 21:00:00 PST,2025-02-07 05:00:00 UTC,-3.8,-1.94,-1.65,-1.43,-1.22
2025-02-06 22:00:00 PST,2025-02-07 06:00:00 UTC,-3.6,-2.27,-1.88,-1.57,-1.23
2025-02-06 23:00:00 PST,2025-02-07 07:00:00 UTC,-4.8,-2.78,-2.21,-1.76,-1.26
2025-02-07 00:00:00 PST,2025-02-07 08:00:00 UTC,-4.0,-3.02,-2.43,-1.94,-1.32
2025-02-07 01:00:00 PST,2025-02-07 09:00:00 UTC,-5.1,-3.44,-2.73,-2.14,-1.4
2025-02-07 02:00:00 PST,2025-02-07 10:00:00 UTC,-5.2,-3.79,-3.01,-2.35,-1.49
2025-02-07 03:00:00 PST,2025-02-07 11:00:00 UTC,-7.2,-4.47,-3.46,-2.63,-1.6
2025-02-07 04:00:00 PST,2025-02-07 12:00:00 UTC,-6.5,-4.88,-3.82,-2.92,-1.74
2025-02-07 05:00:00 PST,2025-02-07 13:00:00 UTC,-7.5,-5.4,-4.23,-3.22,-1.89
2025-02-07 06:00:00 PST,2025-02-07 14:00:00 UTC,-8.5,-6.02,-4.69,-3.56,-2.06
2025-02-07 07:00:00 PST,2025-02-07 15:00:00 UTC,-6.0,-6.02,-4.86,-3.82,-2.25
2025-02-07 08:00:00 PST,2025-02-07 16:00:00 UTC,-6.6,-6.13,-5.03,-4.01,-2.42
2025-02-07 09:00:00 PST,2025-02-07 17:00:00 UTC,-5.1,-5.93,-5.01,-4.12,-2.58
2025-02-07 10:00:00 PST,2025-02-07 18:00:00 UTC,-3.2,-5.38,-4.77,-4.09,-2.7
2025-02-07 11:00:00 PST,2025-02-07 19:00:00 UTC,-1.6,-4.63,-4.35,-3.93,-2.78
2025-02-07 12:00:00 PST,2025-02-07 20:00:00 UTC,-0.4,-3.78,-3.81,-3.66,-2.79
2025-02-07 13:00:00 PST,2025-02-07 21:00:00 UTC,1.1,-2.8,-3.17,-3.28,-2.74
2025-02-07 14:00:00 PST,2025-02-07 22:00:00 UTC,1.2,-2.0,-2.56,-2.87,-2.62
2025-02-07 15:00:00 PST,2025-02-07 23:00:00 UTC,1.2,-1.36,-2.02,-2.46,-2.47
2025-02-07 16:00:00 PST,2025-02-08 00:00:00 UTC,0.4,-1.01,-1.65,-2.1,-2.28
2025-02-07 17:00:00 PST,2025-02-08 01:00:00 UTC,-0.9,-0.99,-1.47,-1.86,-2.1
2025-02-07 18:00:00 PST,2025-02-08 02:00:00 UTC,-1.7,-1.13,-1.44,-1.71,-1.93
2025-02-07 19:00:00 PST,2025-02-08 03:00:00 UTC,-0.6,-1.02,-1.34,-1.59,-1.8
2025-02-07 20:00:00 PST,2025-02-08 04:00:00 UTC,0.3,-0.76,-1.15,-1.44,-1.68
2025-02-07 21:00:00 PST,2025-02-08 05:00:00 UTC,0.4,-0.53,-0.95,-1.28,-1.56
2025-02-07 22:00:00 PST,2025-02-08 06:00:00 UTC,-0.1,-0.44,-0.82,-1.14,-1.45
2025-02-07 23:00:00 PST,2025-02-08 07:00:00 UTC,-0.9,-0.53,-0.81,-1.05,-1.34
2025-02-08 00:00:00 PST,2025-02-08 08:00:00 UTC,-0.3,-0.49,-0.75,-0.98,-1.25
2025-02-08 01:00:00 PST,2025-02-08 09:00:00 UTC,-1.6,-0.71,-0.83,-0.96,-1.16
2025-02-08 02:00:00 PST,2025-02-08 10:00:00 UTC,-1.8,-0.93,-0.94,-0.98,-1.11
2025-02-08 03:00:00 PST,2025-02-08 11:00:00 UTC,-2.1,-1.16,-1.08,-1.04,-1.07
2025-02-08 04:00:00 PST,2025-02-08 12:00:00 UTC,-1.1,-1.15,-1.11,-1.08,-1.05
2025-02-08 05:00:00 PST,2025-02-08 13:00:00 UTC,-1.2,-1.16,-1.12,-1.09,-1.04
2025-02-08 06:00:00 PST,2025-02-08 14:00:00 UTC,-1.9,-1.31,-1.2,-1.12,-1.03
2025-02-08 07:00:00 PST,2025-02-08 15:00:00 UTC,-1.0,-1.25,-1.19,-1.13,-1.03
2025-02-08 08:00:00 PST,2025-02-08 16:00:00 UTC,-1.0,-1.2,-1.17,-1.13,-1.02
2025-02-08 09:00:00 PST,2025-02-08 17:00:00 UTC,-0.2,-1.0,-1.06,-1.08,-1.01
2025-02-08 10:00:00 PST,2025-02-08 18:00:00 UTC,0.7,-0.66,-0.85,-0.98,-0.98
2025-02-08 11:00:00 PST,2025-02-08 19:00:00 UTC,1.2,-0.29,-0.6,-0.82,-0.94
2025-02-08 12:00:00 PST,2025-02-08 20:00:00 UTC,1.2,0.01,-0.37,-0.66,-0.87
2025-02-08 13:00:00 PST,2025-02-08 21:00:00 UTC,0.8,0.17,-0.21,-0.51,-0.78
2025-02-08 14:00:00 PST,2025-02-08 22:00:00 UTC,2.2,0.57,0.07,-0.32,-0.69
2025-02-08 15:00:00 PST,2025-02-08 23:00:00 UTC,2.9,1.04,0.4,-0.1,-0.59
2025-02-08 16:00:00 PST,2025-02-09 00:00:00 UTC,3.1,1.45,0.73,0.15,-0.46
2025-02-08 17:00:00 PST,2025-02-09 01:00:00 UTC,2.0,1.56,0.91,0.35,-0.33
2025-02-08 18:00:00 PST,2025-02-09 02:00:00 UTC,1.2,1.49,0.96,0.48,-0.19
2025-02-08 19:00:00 PST,2025-02-09 03:00:00 UTC,0.8,1.35,0.94,0.55,-0.08
2025-02-08 20:00:00 PST,2025-02-09 04:00:00 UTC,-0.4,1.0,0.79,0.53,0.01
2025-02-08 21:00:00 PST,2025-02-09 05:00:00 UTC,-0.7,0.66,0.59,0.46,0.07
2025-02-08 22:00:00 PST,2025-02-09 06:00:00 UTC,-1.4,0.25,0.34,0.34,0.1
2025-02-08 23:00:00 PST,2025-02-09 07:00:00 UTC,-1.1,-0.02,0.13,0.2,0.09
2025-02-09 00:00:00 PST,2025-02-09 08:00:00 UTC,-1.8,-0.38,-0.12,0.05,0.06
2025-02-09 01:00:00 PST,2025-02-09 09:00:00 UTC,-0.2,-0.34,-0.18,-0.05,0.02
2025-02-09 02:00:00 PST,2025-02-09 10:00:00 UTC,-0.9,-0.45,-0.27,-0.13,-0.02
2025-02-09 03:00:00 PST,2025-02-09 11:00:00 UTC,-0.6,-0.48,-0.32,-0.19,-0.06
2025-02-09 04:00:00 PST,2025-02-09 12:00:00 UTC,-0.5,-0.49,-0.35,-0.23,-0.09
2025-02-09 05:00:00 PST,2025-02-09 13:00:00 UTC,0.0,-0.39,-0.32,-0.25,-0.12
2025-02-09 06:00:00 PST,2025-02-09 14:00:00 UTC,-0.2,-0.35,-0.3,-0.24,-0.13
2025-02-09 07:00:00 PST,2025-02-09 15:00:00 UTC,-0.1,-0.3,-0.27,-0.23,-0.14
2025-02-09 08:00:00 PST,2025-02-09 16:00:00 UTC,-0.3,-0.3,-0.27,-0.23,-0.14
2025-02-09 09:00:00 PST,2025-02-09 17:00:00 UTC,-0.2,-0.28,-0.25,-0.22,-0.14
2025-02-09 10:00:00 PST,2025-02-09 18:00:00 UTC,0.2,-0.18,-0.2,-0.2,-0.14
2025-02-09 11:00:00 PST,2025-02-09 19:00:00 UTC,0.6,-0.03,-0.11,-0.15,-0.13
2025-02-09 12:00:00 PST,2025-02-09 20:00:00 UTC,0.8,0.14,0.01,-0.08,-0.11
2025-02-09 13:00:00 PST,2025-02-09 21:00:00 UTC,1.3,0.37,0.16,0.01,-0.09
2025-02-09 14:00:00 PST,2025-02-09 22:00:00 UTC,1.5,0.6,0.33,0.12,-0.04
2025-02-09 15:00:00 PST,2025-02-09 23:00:00 UTC,1.5,0.78,0.47,0.24,0.01
2025-02-09 16:00:00 PST,2025-02-10 00:00:00 UTC,1.5,0.92,0.61,0.35,0.07
2025-02-09 17:00:00 PST,2025-02-10 01:00:00 UTC,0.8,0.9,0.65,0.42,0.14
2025-02-09 18:00:00 PST,2025-02-10 02:00:00 UTC,0.0,0.72,0.58,0.44,0.19
2025-02-09 19:00:00 PST,2025-02-10 03:00:00 UTC,-1.8,0.21,0.33,0.36,0.23
2025-02-09 20:00:00 PST,2025-02-10 04:00:00 UTC,-0.4,0.09,0.2,0.27,0.23
2025-02-09 21:00:00 PST,2025-02-10 05:00:00 UTC,-1.6,-0.25,-0.01,0.15,0.22
2025-02-09 22:00:00 PST,2025-02-10 06:00:00 UTC,-1.8,-0.56,-0.23,0.01,0.18
2025-02-09 23:00:00 PST,2025-02-10 07:00:00 UTC,-1.5,-0.75,-0.4,-0.13,0.13
2025-02-10 00:00:00 PST,2025-02-10 08:00:00 UTC,-2.0,-1.0,-0.59,-0.27,0.07
2025-02-10 01:00:00 PST,2025-02-10 09:00:00 UTC,-2.7,-1.34,-0.84,-0.43,0.0
2025-02-10 02:00:00 PST,2025-02-10 10:00:00 UTC,-4.4,-1.95,-1.23,-0.67,-0.08
2025-02-10 03:00:00 PST,2025-02-10 11:00:00 UTC,-3.8,-2.32,-1.55,-0.92,-0.19
2025-02-10 04:00:00 PST,2025-02-10 12:00:00 UTC,-4.8,-2.82,-1.92,-1.19,-0.32
2025-02-10 05:00:00 PST,2025-02-10 13:00:00 UTC,-4.3,-3.11,-2.21,-1.45,-0.46
2025-02-10 06:00:00 PST,2025-02-10 14:00:00 UTC,-4.3,-3.35,-2.45,-1.67,-0.61
2025-02-10 07:00:00 PST,2025-02-10 15:00:00 UTC,-3.4,-3.36,-2.57,-1.84,-0.76
2025-02-10 08:00:00 PST,2025-02-10 16:00:00 UTC,-3.5,-3.39,-2.65,-1.97,-0.9
2025-02-10 09:00:00 PST,2025-02-10 17:00:00 UTC,-2.3,-3.17,-2.59,-2.02,-1.01
2025-02-10 10:00:00 PST,2025-02-10 18:00:00 UTC,-1.2,-2.78,-2.41,-1.99,-1.1
2025-02-10 11:00:00 PST,2025-02-10 19:00:00 UTC,0.1,-2.2,-2.08,-1.86,-1.15
2025-02-10 12:00:00 PST,2025-02-10 20:00:00 UTC,0.9,-1.58,-1.69,-1.65,-1.15
2025-02-10 13:00:00 PST,2025-02-10 21:00:00 UTC,1.5,-0.96,-1.26,-1.39,-1.11
2025-02-10 14:00:00 PST,2025-02-10 22:00:00 UTC,1.2,-0.53,-0.9,-1.13,-1.03
2025-02-10 15:00:00 PST,2025-02-10 23:00:00 UTC,0.8,-0.27,-0.64,-0.89,-0.93
2025-02-10 16:00:00 PST,2025-02-11 00:00:00 UTC,0.6,-0.09,-0.45,-0.7,-0.82
2025-02-10 17:00:00 PST,2025-02-11 01:00:00 UTC,0.2,-0.03,-0.33,-0.56,-0.72
2025-02-10 18:00:00 PST,2025-02-11 02:00:00 UTC,-0.5,-0.13,-0.32,-0.48,-0.62
2025-02-10 19:00:00 PST,2025-02-11 03:00:00 UTC,-0.8,-0.26,-0.35,-0.45,-0.55
2025-02-10 20:00:00 PST,2025-02-11 04:00:00 UTC,-3.5,-0.91,-0.68,-0.54,-0.5
2025-02-10 21:00:00 PST,2025-02-11 05:00:00 UTC,-3.8,-1.49,-1.04,-0.73,-0.49
2025-02-10 22:00:00 PST,2025-02-11 06:00:00 UTC,-2.5,-1.69,-1.25,-0.9,-0.53
2025-02-10 23:00:00 PST,2025-02-11 07:00:00 UTC,-3.4,-2.03,-1.5,-1.07,-0.59
2025-02-11 00:00:00 PST,2025-02-11 08:00:00 UTC,-4.5,-2.53,-1.84,-1.29,-0.66
2025-02-11 01:00:00 PST,2025-02-11 09:00:00 UTC,-4.1,-2.84,-2.11,-1.51,-0.76
2025-02-11 02:00:00 PST,2025-02-11 10:00:00 UTC,-4.5,-3.17,-2.39,-1.72,-0.87
2025-02-11 03:00:00 PST,2025-02-11 11:00:00 UTC,-7.2,-3.98,-2.9,-2.03,-0.99
2025-02-11 04:00:00 PST,2025-02-11 12:00:00 UTC,-5.6,-4.3,-3.24,-2.33,-1.14
2025-02-11 05:00:00 PST,2025-02-11 13:00:00 UTC,-6.4,-4.72,-3.59,-2.62,-1.31
2025-02-11 06:00:00 PST,2025-02-11 14:00:00 UTC,-6.4,-5.06,-3.9,-2.89,-1.48
2025-02-11 07:00:00 PST,2025-02-11 15:00:00 UTC,-5.9,-5.23,-4.12,-3.13,-1.66
2025-02-11 08:00:00 PST,2025-02-11 16:00:00 UTC,-7.6,-5.7,-4.47,-3.39,-1.83
2025-02-11 09:00:00 PST,2025-02-11 17:00:00 UTC,-5.4,-5.64,-4.57,-3.58,-2.01
2025-02-11 10:00:00 PST,2025-02-11 18:00:00 UTC,-3.7,-5.25,-4.45,-3.64,-2.16
2025-02-11 11:00:00 PST,2025-02-11 19:00:00 UTC,-2.1,-4.62,-4.14,-3.57,-2.28
2025-02-11 12:00:00 PST,2025-02-11 20:00:00 UTC,-1.3,-3.96,-3.74,-3.39,-2.33
2025-02-11 13:00:00 PST,2025-02-11 21:00:00 UTC,-0.4,-3.25,-3.27,-3.13,-2.34
2025-02-11 14:00:00 PST,2025-02-11 22:00:00 UTC,-0.2,-2.64,-2.83,-2.84,-2.29
2025-02-11 15:00:00 PST,2025-02-11 23:00:00 UTC,-0.2,-2.15,-2.43,-2.55,-2.2
2025-02-11 16:00:00 PST,2025-02-12 00:00:00 UTC,-0.2,-1.76,-2.1,-2.28,-2.09
2025-02-11 17:00:00 PST,2025-02-12 01:00:00 UTC,-1.7,-1.75,-1.96,-2.09,-1.97
2025-02-11 18:00:00 PST,2025-02-12 02:00:00 UTC,-2.8,-1.96,-1.99,-2.01,-1.86
2025-02-11 19:00:00 PST,2025-02-12 03:00:00 UTC,-0.7,-1.71,-1.84,-1.91,-1.78
2025-02-11 20:00:00 PST,2025-02-12 04:00:00 UTC,-1.3,-1.63,-1.74,-1.8,-1.71
2025-02-11 21:00:00 PST,2025-02-12 05:00:00 UTC,-1.4,-1.58,-1.67,-1.72,-1.64
2025-02-11 22:00:00 PST,2025-02-12 06:00:00 UTC,-3.0,-1.86,-1.78,-1.71,-1.57
2025-02-11 23:00:00 PST,2025-02-12 07:00:00 UTC,-4.2,-2.33,-2.03,-1.8,-1.54
2025-02-12 00:00:00 PST,2025-02-12 08:00:00 UTC,-3.9,-2.65,-2.25,-1.93,-1.54
2025-02-12 01:00:00 PST,2025-02-12 09:00:00 UTC,-3.6,-2.84,-2.41,-2.05,-1.56
2025-02-12 02:00:00 PST,2025-02-12 10:00:00 UTC,-5.8,-3.43,-2.77,-2.24,-1.6
2025-02-12 03:00:00 PST,2025-02-12 11:00:00 UTC,-7.3,-4.2,-3.27,-2.53,-1.68
2025-02-12 04:00:00 PST,2025-02-12 12:00:00 UTC,-6.0,-4.56,-3.61,-2.81,-1.79
2025-02-12 05:00:00 PST,2025-02-12 13:00:00 UTC,-6.2,-4.89,-3.91,-3.07,-1.93
2025-02-12 06:00:00 PST,2025-02-12 14:00:00 UTC,-7.3,-5.37,-4.28,-3.34,-2.07
2025-02-12 07:00:00 PST,2025-02-12 15:00:00 UTC,-5.9,-5.48,-4.47,-3.56,-2.23
2025-02-12 08:00:00 PST,2025-02-12 16:00:00 UTC,-6.8,-5.74,-4.7,-3.77,-2.38
2025-02-12 09:00:00 PST,2025-02-12 17:00:00 UTC,-3.5,-5.29,-4.57,-3.84,-2.52
2025-02-12 10:00:00 PST,2025-02-12 18:00:00 UTC,-2.5,-4.73,-4.29,-3.78,-2.62
2025-02-12 11:00:00 PST,2025-02-12 19:00:00 UTC,-0.3,-3.85,-3.79,-3.57,-2.67
2025-02-12 12:00:00 PST,2025-02-12 20:00:00 UTC,0.4,-3.0,-3.23,-3.25,-2.65
2025-02-12 13:00:00 PST,2025-02-12 21:00:00 UTC,1.2,-2.16,-2.63,-2.87,-2.57
2025-02-12 14:00:00 PST,2025-02-12 22:00:00 UTC,0.9,-1.55,-2.13,-2.49,-2.44
2025-02-12 15:00:00 PST,2025-02-12 23:00:00 UTC,0.9,-1.06,-1.69,-2.14,-2.29
2025-02-12 16:00:00 PST,2025-02-13 00:00:00 UTC,0.9,-0.67,-1.33,-1.82,-2.11
2025-02-12 17:00:00 PST,2025-02-13 01:00:00 UTC,-1.4,-0.81,-1.25,-1.62,-1.94
2025-02-12 18:00:00 PST,2025-02-13 02:00:00 UTC,-0.6,-0.77,-1.15,-1.48,-1.79
2025-02-12 19:00:00 PST,2025-02-13 03:00:00 UTC,-1.2,-0.86,-1.14,-1.38,-1.66
2025-02-12 20:00:00 PST,2025-02-13 04:00:00 UTC,-0.7,-0.82,-1.08,-1.31,-1.56
2025-02-12 21:00:00 PST,2025-02-13 05:00:00 UTC,-1.9,-1.04,-1.16,-1.28,-1.47
2025-02-12 22:00:00 PST,2025-02-13 06:00:00 UTC,-3.8,-1.59,-1.44,-1.37,-1.41
2025-02-12 23:00:00 PST,2025-02-13 07:00:00 UTC,-1.4,-1.55,-1.48,-1.43,-1.39
2025-02-13 00:00:00 PST,2025-02-13 08:00:00 UTC,-4.9,-2.22,-1.84,-1.57,-1.38
2025-02-13 01:00:00 PST,2025-02-13 09:00:00 UTC,-1.6,-2.1,-1.87,-1.67,-1.41
2025-02-13 02:00:00 PST,2025-02-13 10:00:00 UTC,-4.5,-2.58,-2.14,-1.8,-1.44
2025-02-13 03:00:00 PST,2025-02-13 11:00:00 UTC,-3.9,-2.84,-2.36,-1.96,-1.48
2025-02-13 04:00:00 PST,2025-02-13 12:00:00 UTC,-5.3,-3.33,-2.68,-2.16,-1.55
2025-02-13 05:00:00 PST,2025-02-13 13:00:00 UTC,-5.6,-3.79,-3.02,-2.39,-1.64
2025-02-13 06:00:00 PST,2025-02-13 14:00:00 UTC,-6.5,-4.33,-3.41,-2.66,-1.75
2025-02-13 07:00:00 PST,2025-02-13 15:00:00 UTC,-4.4,-4.34,-3.56,-2.86,-1.88
2025-02-13 08:00:00 PST,2025-02-13 16:00:00 UTC,-6.2,-4.72,-3.83,-3.07,-2.0
2025-02-13 09:00:00 PST,2025-02-13 17:00:00 UTC,-3.6,-4.49,-3.82,-3.18,-2.13
2025-02-13 10:00:00 PST,2025-02-13 18:00:00 UTC,-1.0,-3.79,-3.5,-3.12,-2.23
2025-02-13 11:00:00 PST,2025-02-13 19:00:00 UTC,1.4,-2.75,-2.91,-2.88,-2.27
2025-02-13 12:00:00 PST,2025-02-13 20:00:00 UTC,1.6,-1.88,-2.32,-2.53,-2.23
2025-02-13 13:00:00 PST,2025-02-13 21:00:00 UTC,2.2,-1.07,-1.72,-2.13,-2.13
2025-02-13 14:00:00 PST,2025-02-13 22:00:00 UTC,2.6,-0.33,-1.14,-1.72,-1.98
2025-02-13 15:00:00 PST,2025-02-13 23:00:00 UTC,2.0,0.13,-0.7,-1.34,-1.8
2025-02-13 16:00:00 PST,2025-02-14 00:00:00 UTC,1.3,0.37,-0.4,-1.03,-1.61
2025-02-13 17:00:00 PST,2025-02-14 01:00:00 UTC,1.5,0.59,-0.15,-0.77,-1.42
2025-02-13 18:00:00 PST,2025-02-14 02:00:00 UTC,1.4,0.75,0.05,-0.55,-1.24
2025-02-13 19:00:00 PST,2025-02-14 03:00:00 UTC,1.3,0.86,0.21,-0.36,-1.08
2025-02-13 20:00:00 PST,2025-02-14 04:00:00 UTC,0.0,0.69,0.2,-0.26,-0.93
2025-02-13 21:00:00 PST,2025-02-14 05:00:00 UTC,2.0,0.95,0.37,-0.13,-0.8
2025-02-13 22:00:00 PST,2025-02-14 06:00:00 UTC,0.3,0.82,0.38,-0.04,-0.69
2025-02-13 23:00:00 PST,2025-02-14 07:00:00 UTC,0.3,0.72,0.35,0.0,-0.59
2025-02-14 00:00:00 PST,2025-02-14 08:00:00 UTC,-0.2,0.53,0.28,0.0,-0.51
2025-02-14 01:00:00 PST,2025-02-14 09:00:00 UTC,-0.4,0.35,0.18,-0.02,-0.45
2025-02-14 02:00:00 PST,2025-02-14 10:00:00 UTC,-2.5,-0.22,-0.13,-0.14,-0.41
2025-02-14 03:00:00 PST,2025-02-14 11:00:00 UTC,-2.8,-0.74,-0.47,-0.33,-0.41
2025-02-14 04:00:00 PST,2025-02-14 12:00:00 UTC,-2.8,-1.15,-0.78,-0.53,-0.45
2025-02-14 05:00:00 PST,2025-02-14 13:00:00 UTC,-1.8,-1.28,-0.95,-0.7,-0.51
2025-02-14 06:00:00 PST,2025-02-14 14:00:00 UTC,-1.8,-1.38,-1.07,-0.82,-0.58
2025-02-14 07:00:00 PST,2025-02-14 15:00:00 UTC,-0.8,-1.27,-1.07,-0.89,-0.64
2025-02-14 08:00:00 PST,2025-02-14 16:00:00 UTC,-1.1,-1.23,-1.07,-0.92,-0.69
2025-02-14 09:00:00 PST,2025-02-14 17:00:00 UTC,-0.9,-1.17,-1.05,-0.93,-0.72
2025-02-14 10:00:00 PST,2025-02-14 18:00:00 UTC,1.3,-0.67,-0.8,-0.85,-0.74
2025-02-14 11:00:00 PST,2025-02-14 19:00:00 UTC,3.1,0.08,-0.36,-0.64,-0.73
2025-02-14 12:00:00 PST,2025-02-14 20:00:00 UTC,4.6,0.98,0.23,-0.31,-0.66
2025-02-14 13:00:00 PST,2025-02-14 21:00:00 UTC,5.2,1.83,0.84,0.1,-0.54
2025-02-14 14:00:00 PST,2025-02-14 22:00:00 UTC,5.7,2.6,1.44,0.53,-0.36
2025-02-14 15:00:00 PST,2025-02-14 23:00:00 UTC,5.5,3.18,1.95,0.95,-0.16
2025-02-14 16:00:00 PST,2025-02-15 00:00:00 UTC,4.7,3.49,2.31,1.31,0.07
2025-02-14 17:00:00 PST,2025-02-15 01:00:00 UTC,4.5,3.69,2.57,1.6,0.29
2025-02-14 18:00:00 PST,2025-02-15 02:00:00 UTC,3.5,3.65,2.69,1.8,0.5
2025-02-14 19:00:00 PST,2025-02-15 03:00:00 UTC,3.5,3.62,2.76,1.95,0.69
2025-02-14 20:00:00 PST,2025-02-15 04:00:00 UTC,3.1,3.52,2.76,2.04,0.84
2025-02-14 21:00:00 PST,2025-02-15 05:00:00 UTC,3.4,3.49,2.79,2.12,0.97
2025-02-14 22:00:00 PST,2025-02-15 06:00:00 UTC,3.7,3.53,2.84,2.19,1.09
2025-02-14 23:00:00 PST,2025-02-15 07:00:00 UTC,3.2,3.47,2.85,2.24,1.19
2025-02-15 00:00:00 PST,2025-02-15 08:00:00 UTC,3.3,3.43,2.85,2.29,1.27
2025-02-15 01:00:00 PST,2025-02-15 09:00:00 UTC,2.9,3.33,2.82,2.31,1.35
2025-02-15 02:00:00 PST,2025-02-15 10:00:00 UTC,3.1,3.28,2.8,2.32,1.41
2025-02-15 03:00:00 PST,2025-02-15 11:00:00 UTC,2.8,3.19,2.76,2.32,1.47
2025-02-15 04:00:00 PST,2025-02-15 12:00:00 UTC,3.0,3.15,2.73,2.32,1.51
2025-02-15 05:00:00 PST,2025-02-15 13:00:00 UTC,3.0,3.12,2.72,2.32,1.55
2025-02-15 06:00:00 PST,2025-02-15 14:00:00 UTC,2.1,2.91,2.62,2.29,1.58
2025-02-15 07:00:00 PST,2025-02-15 15:00:00 UTC,2.4,2.81,2.55,2.25,1.61
2025-02-15 08:00:00 PST,2025-02-15 16:00:00 UTC,2.5,2.75,2.49,2.22,1.62
2025-02-15 09:00:00 PST,2025-02-15 17:00:00 UTC,2.7,2.74,2.47,2.2,1.63
2025-02-15 10:00:00 PST,2025-02-15 18:00:00 UTC,3.1,2.81,2.5,2.21,1.64
2025-02-15 11:00:00 PST,2025-02-15 19:00:00 UTC,3.6,2.97,2.59,2.24,1.65
2025-02-15 12:00:00 PST,2025-02-15 20:00:00 UTC,4.0,3.18,2.72,2.32,1.68
2025-02-15 13:00:00 PST,2025-02-15 21:00:00 UTC,4.3,3.4,2.88,2.42,1.72
2025-02-15 14:00:00 PST,2025-02-15 22:00:00 UTC,4.5,3.62,3.04,2.53,1.77
2025-02-15 15:00:00 PST,2025-02-15 23:00:00 UTC,4.0,3.7,3.14,2.63,1.84
2025-02-15 16:00:00 PST,2025-02-16 00:00:00 UTC,3.9,3.74,3.21,2.71,1.91
2025-02-15 17:00:00 PST,2025-02-16 01:00:00 UTC,3.7,3.73,3.24,2.77,1.97
2025-02-15 18:00:00 PST,2025-02-16 02:00:00 UTC,3.0,3.58,3.19,2.79,2.03
2025-02-15 19:00:00 PST,2025-02-16 03:00:00 UTC,3.1,3.49,3.14,2.78,2.07
2025-02-15 20:00:00 PST,2025-02-16 04:00:00 UTC,2.9,3.37,3.07,2.76,2.1
2025-02-15 21:00:00 PST,2025-02-16 05:00:00 UTC,3.1,3.32,3.03,2.74,2.12
2025-02-15 22:00:00 PST,2025-02-16 06:00:00 UTC,3.2,3.29,3.01,2.72,2.14
2025-02-15 23:00:00 PST,2025-02-16 07:00:00 UTC,2.9,3.21,2.97,2.71,2.15
2025-02-16 00:00:00 PST,2025-02-16 08:00:00 UTC,3.0,3.17,2.93,2.69,2.16
2025-02-16 01:00:00 PST,2025-02-16 09:00:00 UTC,3.0,3.14,2.91,2.67,2.16
2025-02-16 02:00:00 PST,2025-02-16 10:00:00 UTC,3.2,3.15,2.91,2.66,2.17
2025-02-16 03:00:00 PST,2025-02-16 11:00:00 UTC,2.8,3.08,2.87,2.65,2.17
2025-02-16 04:00:00 PST,2025-02-16 12:00:00 UTC,3.0,3.06,2.85,2.63,2.17
2025-02-16 05:00:00 PST,2025-02-16 13:00:00 UTC,3.1,3.07,2.85,2.63,2.18
2025-02-16 06:00:00 PST,2025-02-16 14:00:00 UTC,2.8,3.02,2.82,2.62,2.18
2025-02-16 07:00:00 PST,2025-02-16 15:00:00 UTC,3.2,3.05,2.83,2.61,2.18
2025-02-16 08:00:00 PST,2025-02-16 16:00:00 UTC,3.1,3.06,2.84,2.62,2.19
2025-02-16 09:00:00 PST,2025-02-16 17:00:00 UTC,3.6,3.17,2.9,2.64,2.2
2025-02-16 10:00:00 PST,2025-02-16 18:00:00 UTC,4.0,3.34,3.0,2.69,2.21
2025-02-16 11:00:00 PST,2025-02-16 19:00:00 UTC,4.0,3.47,3.1,2.76,2.24
2025-02-16 12:00:00 PST,2025-02-16 20:00:00 UTC,4.6,3.7,3.24,2.85,2.27
2025-02-16 13:00:00 PST,2025-02-16 21:00:00 UTC,5.5,4.06,3.48,2.99,2.32
2025-02-16 14:00:00 PST,2025-02-16 22:00:00 UTC,6.4,4.52,3.79,3.18,2.38
2025-02-16 15:00:00 PST,2025-02-16 23:00:00 UTC,6.6,4.94,4.11,3.4,2.48
2025-02-16 16:00:00 PST,2025-02-17 00:00:00 UTC,6.2,5.19,4.35,3.61,2.59
2025-02-16 17:00:00 PST,2025-02-17 01:00:00 UTC,5.8,5.31,4.51,3.78,2.71
2025-02-16 18:00:00 PST,2025-02-17 02:00:00 UTC,5.5,5.35,4.6,3.91,2.82
2025-02-16 19:00:00 PST,2025-02-17 03:00:00 UTC,5.5,5.38,4.67,4.01,2.93
2025-02-16 20:00:00 PST,2025-02-17 04:00:00 UTC,5.7,5.44,4.75,4.1,3.03
2025-02-16 21:00:00 PST,2025-02-17 05:00:00 UTC,5.5,5.46,4.8,4.18,3.11
2025-02-16 22:00:00 PST,2025-02-17 06:00:00 UTC,4.8,5.32,4.77,4.21,3.19
2025-02-16 23:00:00 PST,2025-02-17 07:00:00 UTC,5.0,5.26,4.74,4.23,3.25
2025-02-17 00:00:00 PST,2025-02-17 08:00:00 UTC,4.9,5.19,4.71,4.23,3.31
2025-02-17 01:00:00 PST,2025-02-17 09:00:00 UTC,4.5,5.05,4.64,4.22,3.35
2025-02-17 02:00:00 PST,2025-02-17 10:00:00 UTC,4.5,4.94,4.57,4.19,3.37
2025-02-17 03:00:00 PST,2025-02-17 11:00:00 UTC,4.5,4.85,4.51,4.16,3.39
2025-02-17 04:00:00 PST,2025-02-17 12:00:00 UTC,4.4,4.76,4.45,4.12,3.4
2025-02-17 05:00:00 PST,2025-02-17 13:00:00 UTC,4.2,4.65,4.38,4.08,3.41
2025-02-17 06:00:00 PST,2025-02-17 14:00:00 UTC,4.0,4.52,4.29,4.03,3.41
2025-02-17 07:00:00 PST,2025-02-17 15:00:00 UTC,4.2,4.46,4.23,3.99,3.4
2025-02-17 08:00:00 PST,2025-02-17 16:00:00 UTC,4.3,4.42,4.2,3.95,3.39
2025-02-17 09:00:00 PST,2025-02-17 17:00:00 UTC,4.7,4.48,4.21,3.94,3.39
2025-02-17 10:00:00 PST,2025-02-17 18:00:00 UTC,5.6,4.7,4.32,3.98,3.38
2025-02-17 11:00:00 PST,2025-02-17 19:00:00 UTC,5.9,4.94,4.47,4.06,3.4
2025-02-17 12:00:00 PST,2025-02-17 20:00:00 UTC,6.0,5.15,4.62,4.16,3.43
2025-02-17 13:00:00 PST,2025-02-17 21:00:00 UTC,7.6,5.64,4.92,4.32,3.48
2025-02-17 14:00:00 PST,2025-02-17 22:00:00 UTC,7.5,6.01,5.21,4.52,3.55
2025-02-17 15:00:00 PST,2025-02-17 23:00:00 UTC,7.8,6.37,5.49,4.72,3.65
2025-02-17 16:00:00 PST,2025-02-18 00:00:00 UTC,7.2,6.54,5.68,4.91,3.76
2025-02-17 17:00:00 PST,2025-02-18 01:00:00 UTC,5.6,6.35,5.66,5.0,3.87
2025-02-17 18:00:00 PST,2025-02-18 02:00:00 UTC,4.1,5.9,5.46,4.98,3.96
2025-02-17 19:00:00 PST,2025-02-18 03:00:00 UTC,4.4,5.6,5.28,4.9,4.01
2025-02-17 20:00:00 PST,2025-02-18 04:00:00 UTC,3.5,5.18,5.02,4.77,4.03
2025-02-17 21:00:00 PST,2025-02-18 05:00:00 UTC,4.2,4.98,4.85,4.65,4.01
2025-02-17 22:00:00 PST,2025-02-18 06:00:00 UTC,4.2,4.83,4.71,4.54,3.99
2025-02-17 23:00:00 PST,2025-02-18 07:00:00 UTC,4.9,4.84,4.67,4.47,3.95
2025-02-18 00:00:00 PST,2025-02-18 08:00:00 UTC,5.2,4.91,4.68,4.45,3.93
2025-02-18 01:00:00 PST,2025-02-18 09:00:00 UTC,5.1,4.95,4.69,4.44,3.91
2025-02-18 02:00:00 PST,2025-02-18 10:00:00 UTC,5.1,4.98,4.71,4.44,3.9
2025-02-18 03:00:00 PST,2025-02-18 11:00:00 UTC,4.8,4.94,4.69,4.43,3.9
2025-02-18 04:00:00 PST,2025-02-18 12:00:00 UTC,5.2,5.0,4.71,4.44,3.9
2025-02-18 05:00:00 PST,2025-02-18 13:00:00 UTC,4.7,4.94,4.69,4.43,3.9
2025-02-18 06:00:00 PST,2025-02-18 14:00:00 UTC,4.7,4.89,4.66,4.41,3.9
2025-02-18 07:00:00 PST,2025-02-18 15:00:00 UTC,4.8,4.87,4.64,4.4,3.89
2025-02-18 08:00:00 PST,2025-02-18 16:00:00 UTC,4.9,4.88,4.64,4.39,3.89
2025-02-18 09:00:00 PST,2025-02-18 17:00:00 UTC,5.5,5.0,4.7,4.41,3.89
2025-02-18 10:00:00 PST,2025-02-18 18:00:00 UTC,6.3,5.26,4.84,4.48,3.9
2025-02-18 11:00:00 PST,2025-02-18 19:00:00 UTC,7.4,5.69,5.1,4.61,3.93
2025-02-18 12:00:00 PST,2025-02-18 20:00:00 UTC,8.2,6.19,5.44,4.81,3.98
2025-02-18 13:00:00 PST,2025-02-18 21:00:00 UTC,8.5,6.65,5.78,5.04,4.06
2025-02-18 14:00:00 PST,2025-02-18 22:00:00 UTC,8.6,7.04,6.09,5.28,4.17
2025-02-18 15:00:00 PST,2025-02-18 23:00:00 UTC,7.9,7.21,6.3,5.49,4.3
2025-02-18 16:00:00 PST,2025-02-19 00:00:00 UTC,8.4,7.45,6.51,5.67,4.42
2025-02-18 17:00:00 PST,2025-02-19 01:00:00 UTC,8.8,7.72,6.74,5.87,4.55
2025-02-18 18:00:00 PST,2025-02-19 02:00:00 UTC,8.6,7.9,6.92,6.04,4.68
2025-02-18 19:00:00 PST,2025-02-19 03:00:00 UTC,8.2,7.96,7.04,6.19,4.8
2025-02-18 20:00:00 PST,2025-02-19 04:00:00 UTC,7.8,7.93,7.09,6.29,4.92
2025-02-18 21:00:00 PST,2025-02-19 05:00:00 UTC,7.3,7.8,7.06,6.34,5.02
2025-02-18 22:00:00 PST,2025-02-19 06:00:00 UTC,7.2,7.68,7.02,6.36,5.11
2025-02-18 23:00:00 PST,2025-02-19 07:00:00 UTC,7.3,7.6,6.99,6.37,5.17
2025-02-19 00:00:00 PST,2025-02-19 08:00:00 UTC,7.1,7.5,6.94,6.36,5.22
2025-02-19 01:00:00 PST,2025-02-19 09:00:00 UTC,6.9,7.38,6.87,6.34,5.26
2025-02-19 02:00:00 PST,2025-02-19 10:00:00 UTC,6.9,7.29,6.81,6.32,5.29
2025-02-19 03:00:00 PST,2025-02-19 11:00:00 UTC,7.0,7.23,6.77,6.29,5.31
2025-02-19 04:00:00 PST,2025-02-19 12:00:00 UTC,7.3,7.24,6.77,6.29,5.33
2025-02-19 05:00:00 PST,2025-02-19 13:00:00 UTC,7.5,7.29,6.79,6.3,5.35
2025-02-19 06:00:00 PST,2025-02-19 14:00:00 UTC,6.0,7.04,6.67,6.26,5.36
2025-02-19 07:00:00 PST,2025-02-19 15:00:00 UTC,6.4,6.91,6.57,6.21,5.37
2025-02-19 08:00:00 PST,2025-02-19 16:00:00 UTC,6.6,6.85,6.52,6.16,5.37
2025-02-19 09:00:00 PST,2025-02-19 17:00:00 UTC,8.0,7.08,6.61,6.18,5.36
2025-02-19 10:00:00 PST,2025-02-19 18:00:00 UTC,9.1,7.48,6.84,6.27,5.37
2025-02-19 11:00:00 PST,2025-02-19 19:00:00 UTC,8.5,7.69,7.01,6.39,5.41
2025-02-19 12:00:00 PST,2025-02-19 20:00:00 UTC,9.2,7.99,7.22,6.53,5.47
2025-02-19 13:00:00 PST,2025-02-19 21:00:00 UTC,9.2,8.23,7.41,6.68,5.54
2025-02-19 14:00:00 PST,2025-02-19 22:00:00 UTC,9.4,8.46,7.61,6.83,5.62
2025-02-19 15:00:00 PST,2025-02-19 23:00:00 UTC,9.2,8.61,7.76,6.97,5.71
2025-02-19 16:00:00 PST,2025-02-20 00:00:00 UTC,9.0,8.69,7.86,7.09,5.8
2025-02-19 17:00:00 PST,2025-02-20 01:00:00 UTC,9.0,8.75,7.94,7.18,5.89
2025-02-19 18:00:00 PST,2025-02-20 02:00:00 UTC,8.7,8.74,7.98,7.26,5.97
2025-02-19 19:00:00 PST,2025-02-20 03:00:00 UTC,8.8,8.75,8.02,7.31,6.04
2025-02-19 20:00:00 PST,2025-02-20 04:00:00 UTC,8.7,8.74,8.04,7.36,6.11
2025-02-19 21:00:00 PST,2025-02-20 05:00:00 UTC,8.4,8.67,8.03,7.38,6.17
2025-02-19 22:00:00 PST,2025-02-20 06:00:00 UTC,8.4,8.62,8.01,7.4,6.22
2025-02-19 23:00:00 PST,2025-02-20 07:00:00 UTC,8.1,8.52,7.96,7.39,6.26
2025-02-20 00:00:00 PST,2025-02-20 08:00:00 UTC,7.8,8.37,7.88,7.36,6.29
2025-02-20 01:00:00 PST,2025-02-20 09:00:00 UTC,8.1,8.32,7.84,7.34,6.31
2025-02-20 02:00:00 PST,2025-02-20 10:00:00 UTC,8.0,8.25,7.79,7.31,6.32
2025-02-20 03:00:00 PST,2025-02-20 11:00:00 UTC,7.3,8.06,7.68,7.26,6.33
2025-02-20 04:00:00 PST,2025-02-20 12:00:00 UTC,7.0,7.85,7.55,7.19,6.32
2025-02-20 05:00:00 PST,2025-02-20 13:00:00 UTC,7.4,7.76,7.46,7.12,6.31
2025-02-20 06:00:00 PST,2025-02-20 14:00:00 UTC,7.2,7.65,7.37,7.06,6.29
2025-02-20 07:00:00 PST,2025-02-20 15:00:00 UTC,7.0,7.52,7.27,6.99,6.27
2025-02-20 08:00:00 PST,2025-02-20 16:00:00 UTC,7.2,7.46,7.21,6.93,6.24
2025-02-20 09:00:00 PST,2025-02-20 17:00:00 UTC,8.0,7.56,7.23,6.91,6.22
2025-02-20 10:00:00 PST,2025-02-20 18:00:00 UTC,8.4,7.73,7.32,6.93,6.2
2025-02-20 11:00:00 PST,2025-02-20 19:00:00 UTC,8.5,7.88,7.41,6.98,6.2
2025-02-20 12:00:00 PST,2025-02-20 20:00:00 UTC,8.1,7.93,7.46,7.02,6.21
2025-02-20 13:00:00 PST,2025-02-20 21:00:00 UTC,8.0,7.94,7.49,7.05,6.23
2025-02-20 14:00:00 PST,2025-02-20 22:00:00 UTC,8.5,8.05,7.56,7.09,6.25
2025-02-20 15:00:00 PST,2025-02-20 23:00:00 UTC,7.9,8.02,7.57,7.12,6.28
2025-02-20 16:00:00 PST,2025-02-21 00:00:00 UTC,7.8,7.98,7.55,7.13,6.3
2025-02-20 17:00:00 PST,2025-02-21 01:00:00 UTC,7.3,7.84,7.49,7.11,6.31
2025-02-20 18:00:00 PST,2025-02-21 02:00:00 UTC,7.2,7.71,7.41,7.07,6.32
2025-02-20 19:00:00 PST,2025-02-21 03:00:00 UTC,7.4,7.65,7.35,7.03,6.32
2025-02-20 20:00:00 PST,2025-02-21 04:00:00 UTC,7.3,7.58,7.3,6.99,6.31
2025-02-20 21:00:00 PST,2025-02-21 05:00:00 UTC,7.2,7.5,7.24,6.95,6.3
2025-02-20 22:00:00 PST,2025-02-21 06:00:00 UTC,6.9,7.38,7.16,6.9,6.28
2025-02-20 23:00:00 PST,2025-02-21 07:00:00 UTC,6.8,7.27,7.07,6.85,6.26
2025-02-21 00:00:00 PST,2025-02-21 08:00:00 UTC,6.6,7.13,6.98,6.78,6.24
2025-02-21 01:00:00 PST,2025-02-21 09:00:00 UTC,6.4,6.99,6.87,6.7,6.21
2025-02-21 02:00:00 PST,2025-02-21 10:00:00 UTC,6.2,6.83,6.75,6.62,6.17
2025-02-21 03:00:00 PST,2025-02-21 11:00:00 UTC,6.3,6.72,6.65,6.54,6.13
2025-02-21 04:00:00 PST,2025-02-21 12:00:00 UTC,5.9,6.56,6.53,6.45,6.09
2025-02-21 05:00:00 PST,2025-02-21 13:00:00 UTC,6.0,6.45,6.43,6.36,6.04
2025-02-21 06:00:00 PST,2025-02-21 14:00:00 UTC,6.1,6.38,6.35,6.29,5.99
2025-02-21 07:00:00 PST,2025-02-21 15:00:00 UTC,5.9,6.28,6.27,6.21,5.94
2025-02-21 08:00:00 PST,2025-02-21 16:00:00 UTC,6.1,6.25,6.21,6.15,5.89
2025-02-21 09:00:00 PST,2025-02-21 17:00:00 UTC,6.5,6.3,6.21,6.12,5.85
2025-02-21 10:00:00 PST,2025-02-21 18:00:00 UTC,6.5,6.34,6.22,6.1,5.81
2025-02-21 11:00:00 PST,2025-02-21 19:00:00 UTC,7.1,6.49,6.29,6.11,5.78
2025-02-21 12:00:00 PST,2025-02-21 20:00:00 UTC,7.3,6.65,6.39,6.15,5.77
2025-02-21 13:00:00 PST,2025-02-21 21:00:00 UTC,7.3,6.78,6.48,6.21,5.77
2025-02-21 14:00:00 PST,2025-02-21 22:00:00 UTC,7.7,6.97,6.6,6.28,5.78
2025-02-21 15:00:00 PST,2025-02-21 23:00:00 UTC,7.9,7.15,6.73,6.36,5.8
2025-02-21 16:00:00 PST,2025-02-22 00:00:00 UTC,8.4,7.4,6.9,6.47,5.83
2025-02-21 17:00:00 PST,2025-02-22 01:00:00 UTC,8.2,7.56,7.04,6.58,5.88
2025-02-21 18:00:00 PST,2025-02-22 02:00:00 UTC,8.3,7.66,7.14,6.67,5.93
2025-02-21 19:00:00 PST,2025-02-22 03:00:00 UTC,8.4,7.81,7.26,6.77,5.98
2025-02-21 20:00:00 PST,2025-02-22 04:00:00 UTC,8.4,7.93,7.37,6.86,6.04
2025-02-21 21:00:00 PST,2025-02-22 05:00:00 UTC,8.5,8.04,7.47,6.95,6.1
2025-02-21 22:00:00 PST,2025-02-22 06:00:00 UTC,8.4,8.11,7.55,7.03,6.16
2025-02-21 23:00:00 PST,2025-02-22 07:00:00 UTC,8.3,8.15,7.61,7.09,6.21
2025-02-22 00:00:00 PST,2025-02-22 08:00:00 UTC,8.5,8.22,7.67,7.15,6.27
2025-02-22 01:00:00 PST,2025-02-22 09:00:00 UTC,8.3,8.24,7.71,7.21,6.32
2025-02-22 02:00:00 PST,2025-02-22 10:00:00 UTC,8.1,8.21,7.72,7.24,6.36
2025-02-22 03:00:00 PST,2025-02-22 11:00:00 UTC,7.9,8.15,7.7,7.25,6.4
2025-02-22 04:00:00 PST,2025-02-22 12:00:00 UTC,8.1,8.14,7.7,7.27,6.44
2025-02-22 05:00:00 PST,2025-02-22 13:00:00 UTC,8.2,8.15,7.71,7.28,6.46
2025-02-22 06:00:00 PST,2025-02-22 14:00:00 UTC,8.6,8.24,7.77,7.31,6.49
2025-02-22 07:00:00 PST,2025-02-22 15:00:00 UTC,8.7,8.33,7.83,7.36,6.52
2025-02-22 08:00:00 PST,2025-02-22 16:00:00 UTC,8.8,8.43,7.9,7.41,6.55
2025-02-22 09:00:00 PST,2025-02-22 17:00:00 UTC,9.5,8.64,8.04,7.49,6.59
2025-02-22 10:00:00 PST,2025-02-22 18:00:00 UTC,9.8,8.87,8.2,7.6,6.64
2025-02-22 11:00:00 PST,2025-02-22 19:00:00 UTC,9.8,9.06,8.35,7.72,6.69
2025-02-22 12:00:00 PST,2025-02-22 20:00:00 UTC,9.8,9.21,8.49,7.83,6.76
2025-02-22 13:00:00 PST,2025-02-22 21:00:00 UTC,10.3,9.43,8.65,7.95,6.83
2025-02-22 14:00:00 PST,2025-02-22 22:00:00 UTC,10.1,9.52,8.76,8.07,6.91
2025-02-22 15:00:00 PST,2025-02-22 23:00:00 UTC,10.1,9.6,8.85,8.15,6.98
2025-02-22 16:00:00 PST,2025-02-23 00:00:00 UTC,9.8,9.63,8.91,8.23,7.06
2025-02-22 17:00:00 PST,2025-02-23 01:00:00 UTC,10.0,9.7,8.98,8.31,7.13
2025-02-22 18:00:00 PST,2025-02-23 02:00:00 UTC,9.6,9.68,9.01,8.36,7.19
2025-02-22 19:00:00 PST,2025-02-23 03:00:00 UTC,9.2,9.59,8.98,8.39,7.25
2025-02-22 20:00:00 PST,2025-02-23 04:00:00 UTC,9.2,9.51,8.95,8.39,7.3
2025-02-22 21:00:00 PST,2025-02-23 05:00:00 UTC,9.5,9.51,8.95,8.4,7.34
2025-02-22 22:00:00 PST,2025-02-23 06:00:00 UTC,9.4,9.49,8.95,8.41,7.37
2025-02-22 23:00:00 PST,2025-02-23 07:00:00 UTC,9.7,9.53,8.97,8.43,7.4
2025-02-23 00:00:00 PST,2025-02-23 08:00:00 UTC,9.1,9.44,8.94,8.43,7.43
2025-02-23 01:00:00 PST,2025-02-23 09:00:00 UTC,8.4,9.23,8.83,8.4,7.45
2025-02-23 02:00:00 PST,2025-02-23 10:00:00 UTC,8.0,8.99,8.68,8.32,7.45
2025-02-23 03:00:00 PST,2025-02-23 11:00:00 UTC,7.7,8.73,8.51,8.22,7.45
2025-02-23 04:00:00 PST,2025-02-23 12:00:00 UTC,7.2,8.42,8.3,8.1,7.42
2025-02-23 05:00:00 PST,2025-02-23 13:00:00 UTC,6.7,8.08,8.06,7.94,7.38
2025-02-23 06:00:00 PST,2025-02-23 14:00:00 UTC,7.0,7.86,7.87,7.79,7.32
2025-02-23 07:00:00 PST,2025-02-23 15:00:00 UTC,6.1,7.51,7.62,7.62,7.25
2025-02-23 08:00:00 PST,2025-02-23 16:00:00 UTC,6.8,7.37,7.46,7.47,7.17
2025-02-23 09:00:00 PST,2025-02-23 17:00:00 UTC,8.0,7.49,7.45,7.38,7.09
2025-02-23 10:00:00 PST,2025-02-23 18:00:00 UTC,9.8,7.96,7.66,7.42,7.02
2025-02-23 11:00:00 PST,2025-02-23 19:00:00 UTC,10.7,8.5,7.98,7.55,7.0
2025-02-23 12:00:00 PST,2025-02-23 20:00:00 UTC,11.2,9.04,8.33,7.76,7.02
2025-02-23 13:00:00 PST,2025-02-23 21:00:00 UTC,11.6,9.55,8.7,7.99,7.08
2025-02-23 14:00:00 PST,2025-02-23 22:00:00 UTC,11.5,9.94,9.02,8.24,7.17
2025-02-23 15:00:00 PST,2025-02-23 23:00:00 UTC,11.4,10.24,9.29,8.46,7.28
2025-02-23 16:00:00 PST,2025-02-24 00:00:00 UTC,10.8,10.35,9.45,8.64,7.4
2025-02-23 17:00:00 PST,2025-02-24 01:00:00 UTC,9.5,10.18,9.44,8.73,7.51
2025-02-23 18:00:00 PST,2025-02-24 02:00:00 UTC,8.6,9.96,9.36,8.75,7.58
2025-02-23 19:00:00 PST,2025-02-24 03:00:00 UTC,8.7,9.78,9.27,8.73,7.65
2025-02-23 20:00:00 PST,2025-02-24 04:00:00 UTC,7.7,9.37,9.04,8.65,7.69
2025-02-23 21:00:00 PST,2025-02-24 05:00:00 UTC,8.9,9.27,8.94,8.57,7.7
2025-02-23 22:00:00 PST,2025-02-24 06:00:00 UTC,8.8,9.18,8.86,8.51,7.69
2025-02-23 23:00:00 PST,2025-02-24 07:00:00 UTC,7.7,8.88,8.68,8.42,7.68
2025-02-24 00:00:00 PST,2025-02-24 08:00:00 UTC,7.7,8.65,8.51,8.3,7.66
2025-02-24 01:00:00 PST,2025-02-24 09:00:00 UTC,7.8,8.48,8.36,8.19,7.62
2025-02-24 02:00:00 PST,2025-02-24 10:00:00 UTC,7.7,8.32,8.23,8.09,7.57
2025-02-24 03:00:00 PST,2025-02-24 11:00:00 UTC,6.7,8.0,8.02,7.95,7.52
2025-02-24 04:00:00 PST,2025-02-24 12:00:00 UTC,6.7,7.74,7.81,7.8,7.46
2025-02-24 05:00:00 PST,2025-02-24 13:00:00 UTC,7.4,7.67,7.7,7.68,7.38
2025-02-24 06:00:00 PST,2025-02-24 14:00:00 UTC,7.8,7.7,7.66,7.6,7.32
2025-02-24 07:00:00 PST,2025-02-24 15:00:00 UTC,6.7,7.5,7.53,7.51,7.25
2025-02-24 08:00:00 PST,2025-02-24 16:00:00 UTC,7.9,7.58,7.52,7.45,7.19
2025-02-24 09:00:00 PST,2025-02-24 17:00:00 UTC,8.8,7.82,7.63,7.46,7.14
2025-02-24 10:00:00 PST,2025-02-24 18:00:00 UTC,10.0,8.26,7.87,7.55,7.12
2025-02-24 11:00:00 PST,2025-02-24 19:00:00 UTC,10.0,8.61,8.1,7.69,7.12
2025-02-24 12:00:00 PST,2025-02-24 20:00:00 UTC,10.7,9.02,8.39,7.86,7.16
2025-02-24 13:00:00 PST,2025-02-24 21:00:00 UTC,10.6,9.34,8.64,8.04,7.22
2025-02-24 14:00:00 PST,2025-02-24 22:00:00 UTC,9.3,9.33,8.72,8.16,7.29
2025-02-24 15:00:00 PST,2025-02-24 23:00:00 UTC,8.8,9.23,8.72,8.22,7.36
2025-02-24 16:00:00 PST,2025-02-25 00:00:00 UTC,9.0,9.18,8.71,8.25,7.42
2025-02-24 17:00:00 PST,2025-02-25 01:00:00 UTC,7.7,8.97,8.62,8.24,7.46
2025-02-24 18:00:00 PST,2025-02-25 02:00:00 UTC,8.0,8.78,8.5,8.19,7.48
2025-02-24 19:00:00 PST,2025-02-25 03:00:00 UTC,8.8,8.78,8.48,8.16,7.48
2025-02-24 20:00:00 PST,2025-02-25 04:00:00 UTC,9.2,8.87,8.51,8.16,7.48
2025-02-24 21:00:00 PST,2025-02-25 05:00:00 UTC,8.6,8.81,8.49,8.16,7.49
2025-02-24 22:00:00 PST,2025-02-25 06:00:00 UTC,8.5,8.75,8.45,8.14,7.49
2025-02-24 23:00:00 PST,2025-02-25 07:00:00 UTC,9.2,8.84,8.49,8.15,7.5
2025-02-25 00:00:00 PST,2025-02-25 08:00:00 UTC,9.0,8.87,8.51,8.17,7.5
2025-02-25 01:00:00 PST,2025-02-25 09:00:00 UTC,9.3,8.96,8.57,8.19,7.51
2025-02-25 02:00:00 PST,2025-02-25 10:00:00 UTC,8.1,8.79,8.49,8.18,7.52
2025-02-25 03:00:00 PST,2025-02-25 11:00:00 UTC,8.1,8.65,8.41,8.14,7.53
2025-02-25 04:00:00 PST,2025-02-25 12:00:00 UTC,7.7,8.46,8.29,8.08,7.52
2025-02-25 05:00:00 PST,2025-02-25 13:00:00 UTC,7.3,8.23,8.14,7.99,7.5
2025-02-25 06:00:00 PST,2025-02-25 14:00:00 UTC,7.5,8.13,8.04,7.91,7.47
2025-02-25 07:00:00 PST,2025-02-25 15:00:00 UTC,7.2,8.0,7.93,7.82,7.43
2025-02-25 08:00:00 PST,2025-02-25 16:00:00 UTC,6.0,7.72,7.75,7.71,7.39
2025-02-25 09:00:00 PST,2025-02-25 17:00:00 UTC,6.3,7.43,7.55,7.58,7.34
2025-02-25 10:00:00 PST,2025-02-25 18:00:00 UTC,6.8,7.31,7.41,7.45,7.27
2025-02-25 11:00:00 PST,2025-02-25 19:00:00 UTC,7.7,7.39,7.39,7.38,7.2
2025-02-25 12:00:00 PST,2025-02-25 20:00:00 UTC,7.9,7.49,7.42,7.35,7.15
2025-02-25 13:00:00 PST,2025-02-25 21:00:00 UTC,8.6,7.71,7.53,7.37,7.11
2025-02-25 14:00:00 PST,2025-02-25 22:00:00 UTC,9.1,7.99,7.69,7.44,7.09
2025-02-25 15:00:00 PST,2025-02-25 23:00:00 UTC,8.4,8.07,7.77,7.51,7.09
2025-02-25 16:00:00 PST,2025-02-26 00:00:00 UTC,8.1,8.08,7.8,7.55,7.1
2025-02-25 17:00:00 PST,2025-02-26 01:00:00 UTC,8.3,8.12,7.84,7.58,7.11
2025-02-25 18:00:00 PST,2025-02-26 02:00:00 UTC,8.2,8.14,7.86,7.6,7.12
2025-02-25 19:00:00 PST,2025-02-26 03:00:00 UTC,8.5,8.21,7.91,7.63,7.14
2025-02-25 20:00:00 PST,2025-02-26 04:00:00 UTC,8.1,8.19,7.92,7.65,7.15
2025-02-25 21:00:00 PST,2025-02-26 05:00:00 UTC,7.8,8.11,7.88,7.64,7.16
2025-02-25 22:00:00 PST,2025-02-26 06:00:00 UTC,7.6,8.01,7.82,7.62,7.16
2025-02-25 23:00:00 PST,2025-02-26 07:00:00 UTC,7.7,7.95,7.78,7.59,7.16
2025-02-26 00:00:00 PST,2025-02-26 08:00:00 UTC,7.3,7.82,7.7,7.55,7.15
2025-02-26 01:00:00 PST,2025-02-26 09:00:00 UTC,6.2,7.49,7.51,7.45,7.13
2025-02-26 02:00:00 PST,2025-02-26 10:00:00 UTC,6.8,7.36,7.38,7.35,7.1
2025-02-26 03:00:00 PST,2025-02-26 11:00:00 UTC,7.0,7.28,7.3,7.27,7.05
2025-02-26 04:00:00 PST,2025-02-26 12:00:00 UTC,7.2,7.27,7.25,7.21,7.01
2025-02-26 05:00:00 PST,2025-02-26 13:00:00 UTC,7.2,7.25,7.22,7.17,6.97
2025-02-26 06:00:00 PST,2025-02-26 14:00:00 UTC,6.5,7.1,7.13,7.11,6.93
2025-02-26 07:00:00 PST,2025-02-26 15:00:00 UTC,7.3,7.14,7.11,7.07,6.89
2025-02-26 08:00:00 PST,2025-02-26 16:00:00 UTC,7.7,7.25,7.15,7.06,6.86
2025-02-26 09:00:00 PST,2025-02-26 17:00:00 UTC,7.8,7.36,7.21,7.08,6.84
2025-02-26 10:00:00 PST,2025-02-26 18:00:00 UTC,9.1,7.71,7.4,7.15,6.83
2025-02-26 11:00:00 PST,2025-02-26 19:00:00 UTC,10.5,8.27,7.73,7.32,6.84
2025-02-26 12:00:00 PST,2025-02-26 20:00:00 UTC,11.1,8.83,8.12,7.54,6.89
2025-02-26 13:00:00 PST,2025-02-26 21:00:00 UTC,11.6,9.39,8.52,7.81,6.98
2025-02-26 14:00:00 PST,2025-02-26 22:00:00 UTC,8.8,9.27,8.6,7.99,7.09
2025-02-26 15:00:00 PST,2025-02-26 23:00:00 UTC,8.1,9.04,8.54,8.05,7.18
2025-02-26 16:00:00 PST,2025-02-27 00:00:00 UTC,8.4,8.91,8.49,8.06,7.26
2025-02-26 17:00:00 PST,2025-02-27 01:00:00 UTC,7.8,8.69,8.38,8.03,7.3
2025-02-26 18:00:00 PST,2025-02-27 02:00:00 UTC,6.6,8.27,8.14,7.94,7.33
2025-02-26 19:00:00 PST,2025-02-27 03:00:00 UTC,7.3,8.08,7.98,7.83,7.32
2025-02-26 20:00:00 PST,2025-02-27 04:00:00 UTC,5.9,7.64,7.71,7.68,7.3
2025-02-26 21:00:00 PST,2025-02-27 05:00:00 UTC,6.5,7.41,7.51,7.53,7.25
2025-02-26 22:00:00 PST,2025-02-27 06:00:00 UTC,7.4,7.41,7.44,7.42,7.19
2025-02-26 23:00:00 PST,2025-02-27 07:00:00 UTC,6.8,7.29,7.34,7.34,7.13
2025-02-27 00:00:00 PST,2025-02-27 08:00:00 UTC,6.6,7.15,7.22,7.24,7.08
2025-02-27 01:00:00 PST,2025-02-27 09:00:00 UTC,5.7,6.86,7.03,7.12,7.02
2025-02-27 02:00:00 PST,2025-02-27 10:00:00 UTC,4.8,6.45,6.75,6.95,6.95
2025-02-27 03:00:00 PST,2025-02-27 11:00:00 UTC,4.3,6.02,6.44,6.74,6.87
2025-02-27 04:00:00 PST,2025-02-27 12:00:00 UTC,5.7,5.95,6.3,6.57,6.76
2025-02-27 05:00:00 PST,2025-02-27 13:00:00 UTC,6.4,6.04,6.27,6.47,6.66
2025-02-27 06:00:00 PST,2025-02-27 14:00:00 UTC,7.0,6.24,6.34,6.44,6.58
2025-02-27 07:00:00 PST,2025-02-27 15:00:00 UTC,9.0,6.79,6.61,6.52,6.52
2025-02-27 08:00:00 PST,2025-02-27 16:00:00 UTC,8.3,7.09,6.83,6.64,6.5
2025-02-27 09:00:00 PST,2025-02-27 17:00:00 UTC,9.2,7.51,7.1,6.8,6.51
2025-02-27 10:00:00 PST,2025-02-27 18:00:00 UTC,11.3,8.27,7.57,7.05,6.56
2025-02-27 11:00:00 PST,2025-02-27 19:00:00 UTC,11.8,8.98,8.08,7.37,6.64
2025-02-27 12:00:00 PST,2025-02-27 20:00:00 UTC,12.1,9.6,8.56,7.72,6.77
2025-02-27 13:00:00 PST,2025-02-27 21:00:00 UTC,13.6,10.4,9.14,8.11,6.93
2025-02-27 14:00:00 PST,2025-02-27 22:00:00 UTC,14.2,11.16,9.73,8.55,7.12
2025-02-27 15:00:00 PST,2025-02-27 23:00:00 UTC,10.9,11.11,9.92,8.85,7.34
2025-02-27 16:00:00 PST,2025-02-28 00:00:00 UTC,11.5,11.19,10.08,9.07,7.54
2025-02-27 17:00:00 PST,2025-02-28 01:00:00 UTC,9.1,10.77,9.96,9.15,7.71
2025-02-27 18:00:00 PST,2025-02-28 02:00:00 UTC,8.7,10.36,9.77,9.13,7.84
2025-02-27 19:00:00 PST,2025-02-28 03:00:00 UTC,8.5,9.98,9.55,9.05,7.92
2025-02-27 20:00:00 PST,2025-02-28 04:00:00 UTC,8.3,9.65,9.33,8.94,7.96
2025-02-27 21:00:00 PST,2025-02-28 05:00:00 UTC,8.3,9.38,9.14,8.82,7.97
2025-02-27 22:00:00 PST,2025-02-28 06:00:00 UTC,7.0,8.9,8.84,8.66,7.96
2025-02-27 23:00:00 PST,2025-02-28 07:00:00 UTC,7.4,8.6,8.59,8.48,7.92
2025-02-28 00:00:00 PST,2025-02-28 08:00:00 UTC,7.4,8.36,8.39,8.32,7.87
2025-02-28 01:00:00 PST,2025-02-28 09:00:00 UTC,7.8,8.25,8.25,8.19,7.8
2025-02-28 02:00:00 PST,2025-02-28 10:00:00 UTC,7.8,8.16,8.15,8.09,7.74
2025-02-28 03:00:00 PST,2025-02-28 11:00:00 UTC,8.1,8.15,8.1,8.01,7.68
2025-02-28 04:00:00 PST,2025-02-28 12:00:00 UTC,7.8,8.08,8.03,7.95,7.63
2025-02-28 05:00:00 PST,2025-02-28 13:00:00 UTC,7.7,8.0,7.96,7.88,7.58
2025-02-28 06:00:00 PST,2025-02-28 14:00:00 UTC,7.5,7.9,7.88,7.81,7.54
2025-02-28 07:00:00 PST,2025-02-28 15:00:00 UTC,6.5,7.62,7.7,7.71,7.49
2025-02-28 08:00:00 PST,2025-02-28 16:00:00 UTC,7.8,7.66,7.66,7.64,7.44
2025-02-28 09:00:00 PST,2025-02-28 17:00:00 UTC,9.3,7.99,7.8,7.65,7.39
2025-02-28 10:00:00 PST,2025-02-28 18:00:00 UTC,10.3,8.45,8.06,7.75,7.37
2025-02-28 11:00:00 PST,2025-02-28 19:00:00 UTC,10.5,8.86,8.33,7.91,7.38
2025-02-28 12:00:00 PST,2025-02-28 20:00:00 UTC,9.3,8.95,8.46,8.03,7.42
2025-02-28 13:00:00 PST,2025-02-28 21:00:00 UTC,9.9,9.14,8.61,8.15,7.47
2025-02-28 14:00:00 PST,2025-02-28 22:00:00 UTC,10.7,9.45,8.83,8.29,7.53
2025-02-28 15:00:00 PST,2025-02-28 23:00:00 UTC,10.0,9.56,8.96,8.42,7.6
2025-02-28 16:00:00 PST,2025-03-01 00:00:00 UTC,9.9,9.63,9.05,8.52,7.67
2025-02-28 17:00:00 PST,2025-03-01 01:00:00 UTC,8.5,9.4,8.98,8.54,7.73
2025-02-28 18:00:00 PST,2025-03-01 02:00:00 UTC,7.8,9.08,8.81,8.5,7.78
2025-02-28 19:00:00 PST,2025-03-01 03:00:00 UTC,7.6,8.79,8.63,8.41,7.79
2025-02-28 20:00:00 PST,2025-03-01 04:00:00 UTC,7.4,8.51,8.44,8.3,7.78
2025-02-28 21:00:00 PST,2025-03-01 05:00:00 UTC,6.7,8.15,8.2,8.15,7.75
2025-02-28 22:00:00 PST,2025-03-01 06:00:00 UTC,7.2,7.96,8.02,8.01,7.71
2025-02-28 23:00:00 PST,2025-03-01 07:00:00 UTC,6.1,7.59,7.77,7.85,7.65
2025-03-01 00:00:00 PST,2025-03-01 08:00:00 UTC,7.1,7.49,7.63,7.71,7.57
2025-03-01 01:00:00 PST,2025-03-01 09:00:00 UTC,6.6,7.31,7.48,7.58,7.5
2025-03-01 02:00:00 PST,2025-03-01 10:00:00 UTC,4.8,6.81,7.16,7.39,7.42
2025-03-01 03:00:00 PST,2025-03-01 11:00:00 UTC,5.5,6.55,6.92,7.2,7.32
2025-03-01 04:00:00 PST,2025-03-01 12:00:00 UTC,5.2,6.28,6.69,7.01,7.21
2025-03-01 05:00:00 PST,2025-03-01 13:00:00 UTC,5.5,6.12,6.52,6.84,7.1
2025-03-01 06:00:00 PST,2025-03-01 14:00:00 UTC,3.5,5.6,6.18,6.62,6.99
2025-03-01 07:00:00 PST,2025-03-01 15:00:00 UTC,4.3,5.34,5.93,6.4,6.86
2025-03-01 08:00:00 PST,2025-03-01 16:00:00 UTC,5.7,5.41,5.86,6.25,6.72
2025-03-01 09:00:00 PST,2025-03-01 17:00:00 UTC,9.4,6.21,6.21,6.3,6.61
2025-03-01 10:00:00 PST,2025-03-01 18:00:00 UTC,10.2,7.01,6.67,6.5,6.56
2025-03-01 11:00:00 PST,2025-03-01 19:00:00 UTC,10.4,7.69,7.14,6.77,6.57
2025-03-01 12:00:00 PST,2025-03-01 20:00:00 UTC,9.7,8.09,7.49,7.03,6.63
2025-03-01 13:00:00 PST,2025-03-01 21:00:00 UTC,10.2,8.51,7.82,7.28,6.72
2025-03-01 14:00:00 PST,2025-03-01 22:00:00 UTC,10.8,8.97,8.18,7.54,6.83
2025-03-01 15:00:00 PST,2025-03-01 23:00:00 UTC,9.9,9.15,8.41,7.77,6.95
2025-03-01 16:00:00 PST,2025-03-02 00:00:00 UTC,9.3,9.18,8.52,7.92,7.07
2025-03-01 17:00:00 PST,2025-03-02 01:00:00 UTC,8.3,9.01,8.5,8.0,7.18
2025-03-01 18:00:00 PST,2025-03-02 02:00:00 UTC,7.9,8.79,8.41,8.01,7.26
2025-03-01 19:00:00 PST,2025-03-02 03:00:00 UTC,7.3,8.49,8.25,7.97,7.31
2025-03-01 20:00:00 PST,2025-03-02 04:00:00 UTC,7.5,8.29,8.12,7.9,7.34
2025-03-01 21:00:00 PST,2025-03-02 05:00:00 UTC,7.0,8.03,7.95,7.81,7.34
2025-03-01 22:00:00 PST,2025-03-02 06:00:00 UTC,6.8,7.79,7.78,7.7,7.33
2025-03-01 23:00:00 PST,2025-03-02 07:00:00 UTC,6.6,7.55,7.6,7.58,7.3
2025-03-02 00:00:00 PST,2025-03-02 08:00:00 UTC,5.8,7.2,7.36,7.43,7.25
2025-03-02 01:00:00 PST,2025-03-02 09:00:00 UTC,6.0,6.96,7.16,7.28,7.19
2025-03-02 02:00:00 PST,2025-03-02 10:00:00 UTC,6.4,6.85,7.03,7.15,7.12
2025-03-02 03:00:00 PST,2025-03-02 11:00:00 UTC,6.4,6.76,6.93,7.05,7.05
2025-03-02 04:00:00 PST,2025-03-02 12:00:00 UTC,6.3,6.67,6.83,6.95,6.98
2025-03-02 05:00:00 PST,2025-03-02 13:00:00 UTC,6.1,6.55,6.73,6.86,6.92
2025-03-02 06:00:00 PST,2025-03-02 14:00:00 UTC,6.2,6.48,6.65,6.78,6.85
2025-03-02 07:00:00 PST,2025-03-02 15:00:00 UTC,6.7,6.53,6.64,6.73,6.79
2025-03-02 08:00:00 PST,2025-03-02 16:00:00 UTC,7.2,6.66,6.68,6.71,6.74
2025-03-02 09:00:00 PST,2025-03-02 17:00:00 UTC,8.5,7.03,6.87,6.77,6.71
2025-03-02 10:00:00 PST,2025-03-02 18:00:00 UTC,8.8,7.38,7.1,6.89,6.7
2025-03-02 11:00:00 PST,2025-03-02 19:00:00 UTC,8.7,7.65,7.29,7.02,6.72
2025-03-02 12:00:00 PST,2025-03-02 20:00:00 UTC,10.0,8.12,7.6,7.19,6.76
2025-03-02 13:00:00 PST,2025-03-02 21:00:00 UTC,10.4,8.57,7.92,7.41,6.83
2025-03-02 14:00:00 PST,2025-03-02 22:00:00 UTC,9.7,8.8,8.15,7.6,6.91
2025-03-02 15:00:00 PST,2025-03-02 23:00:00 UTC,9.7,8.98,8.33,7.77,7.01
2025-03-02 16:00:00 PST,2025-03-03 00:00:00 UTC,9.7,9.12,8.48,7.92,7.11
2025-03-02 17:00:00 PST,2025-03-03 01:00:00 UTC,9.0,9.1,8.54,8.02,7.2
2025-03-02 18:00:00 PST,2025-03-03 02:00:00 UTC,8.5,8.98,8.52,8.07,7.28
2025-03-02 19:00:00 PST,2025-03-03 03:00:00 UTC,8.3,8.84,8.46,8.08,7.34
2025-03-02 20:00:00 PST,2025-03-03 04:00:00 UTC,8.2,8.71,8.4,8.07,7.39
2025-03-02 21:00:00 PST,2025-03-03 05:00:00 UTC,7.6,8.49,8.27,8.02,7.42
2025-03-02 22:00:00 PST,2025-03-03 06:00:00 UTC,7.3,8.25,8.12,7.94,7.43
2025-03-02 23:00:00 PST,2025-03-03 07:00:00 UTC,6.1,7.82,7.86,7.81,7.42
2025-03-03 00:00:00 PST,2025-03-03 08:00:00 UTC,6.5,7.56,7.65,7.66,7.38
2025-03-03 01:00:00 PST,2025-03-03 09:00:00 UTC,5.2,7.09,7.34,7.47,7.33
2025-03-03 02:00:00 PST,2025-03-03 10:00:00 UTC,7.2,7.11,7.25,7.34,7.25
2025-03-03 03:00:00 PST,2025-03-03 11:00:00 UTC,7.5,7.19,7.24,7.27,7.18
2025-03-03 04:00:00 PST,2025-03-03 12:00:00 UTC,7.5,7.25,7.25,7.23,7.13
2025-03-03 05:00:00 PST,2025-03-03 13:00:00 UTC,7.0,7.2,7.21,7.2,7.08
2025-03-03 06:00:00 PST,2025-03-03 14:00:00 UTC,7.1,7.18,7.18,7.16,7.05
2025-03-03 07:00:00 PST,2025-03-03 15:00:00 UTC,7.1,7.16,7.16,7.13,7.01
2025-03-03 08:00:00 PST,2025-03-03 16:00:00 UTC,7.5,7.23,7.18,7.12,6.99
2025-03-03 09:00:00 PST,2025-03-03 17:00:00 UTC,7.7,7.32,7.22,7.13,6.96
2025-03-03 10:00:00 PST,2025-03-03 18:00:00 UTC,8.0,7.46,7.3,7.16,6.95
2025-03-03 11:00:00 PST,2025-03-03 19:00:00 UTC,8.2,7.61,7.39,7.21,6.95
2025-03-03 12:00:00 PST,2025-03-03 20:00:00 UTC,9.2,7.93,7.58,7.31,6.96
2025-03-03 13:00:00 PST,2025-03-03 21:00:00 UTC,8.8,8.1,7.73,7.41,6.99
2025-03-03 14:00:00 PST,2025-03-03 22:00:00 UTC,10.1,8.5,7.98,7.56,7.03
2025-03-03 15:00:00 PST,2025-03-03 23:00:00 UTC,10.3,8.86,8.24,7.73,7.09
2025-03-03 16:00:00 PST,2025-03-04 00:00:00 UTC,10.0,9.09,8.45,7.9,7.17
2025-03-03 17:00:00 PST,2025-03-04 01:00:00 UTC,9.7,9.21,8.59,8.05,7.26
2025-03-03 18:00:00 PST,2025-03-04 02:00:00 UTC,9.6,9.29,8.7,8.16,7.35
2025-03-03 19:00:00 PST,2025-03-04 03:00:00 UTC,9.0,9.23,8.72,8.24,7.43
2025-03-03 20:00:00 PST,2025-03-04 04:00:00 UTC,8.1,9.0,8.63,8.25,7.49
2025-03-03 21:00:00 PST,2025-03-04 05:00:00 UTC,7.8,8.76,8.5,8.21,7.54
2025-03-03 22:00:00 PST,2025-03-04 06:00:00 UTC,7.9,8.59,8.39,8.15,7.56
2025-03-03 23:00:00 PST,2025-03-04 07:00:00 UTC,7.5,8.37,8.25,8.07,7.56
2025-03-04 00:00:00 PST,2025-03-04 08:00:00 UTC,8.4,8.38,8.21,8.02,7.55
2025-03-04 01:00:00 PST,2025-03-04 09:00:00 UTC,8.6,8.42,8.21,8.0,7.54
2025-03-04 02:00:00 PST,2025-03-04 10:00:00 UTC,8.1,8.36,8.17,7.98,7.53
2025-03-04 03:00:00 PST,2025-03-04 11:00:00 UTC,7.8,8.25,8.11,7.94,7.52
2025-03-04 04:00:00 PST,2025-03-04 12:00:00 UTC,7.4,8.08,8.0,7.88,7.51
2025-03-04 05:00:00 PST,2025-03-04 13:00:00 UTC,7.5,7.96,7.91,7.81,7.49
2025-03-04 06:00:00 PST,2025-03-04 14:00:00 UTC,7.0,7.77,7.78,7.73,7.46
2025-03-04 07:00:00 PST,2025-03-04 15:00:00 UTC,7.3,7.68,7.69,7.65,7.43
2025-03-04 08:00:00 PST,2025-03-04 16:00:00 UTC,7.8,7.7,7.66,7.6,7.39
2025-03-04 09:00:00 PST,2025-03-04 17:00:00 UTC,8.4,7.84,7.71,7.6,7.36
2025-03-04 10:00:00 PST,2025-03-04 18:00:00 UTC,9.6,8.19,7.9,7.66,7.34
2025-03-04 11:00:00 PST,2025-03-04 19:00:00 UTC,9.7,8.49,8.1,7.77,7.35
2025-03-04 12:00:00 PST,2025-03-04 20:00:00 UTC,9.3,8.66,8.24,7.88,7.38
2025-03-04 13:00:00 PST,2025-03-04 21:00:00 UTC,8.8,8.68,8.3,7.96,7.42
2025-03-04 14:00:00 PST,2025-03-04 22:00:00 UTC,7.8,8.51,8.24,7.97,7.45
2025-03-04 15:00:00 PST,2025-03-04 23:00:00 UTC,7.5,8.31,8.14,7.94,7.48
2025-03-04 16:00:00 PST,2025-03-05 00:00:00 UTC,7.7,8.18,8.05,7.89,7.48
2025-03-04 17:00:00 PST,2025-03-05 01:00:00 UTC,7.7,8.09,7.98,7.85,7.48
2025-03-04 18:00:00 PST,2025-03-05 02:00:00 UTC,7.9,8.05,7.94,7.81,7.47
2025-03-04 19:00:00 PST,2025-03-05 03:00:00 UTC,7.9,8.02,7.91,7.78,7.45
2025-03-04 20:00:00 PST,2025-03-05 04:00:00 UTC,7.2,7.86,7.81,7.72,7.44
2025-03-04 21:00:00 PST,2025-03-05 05:00:00 UTC,7.7,7.82,7.76,7.68,7.41
2025-03-04 22:00:00 PST,2025-03-05 06:00:00 UTC,7.5,7.76,7.71,7.63,7.39
2025-03-04 23:00:00 PST,2025-03-05 07:00:00 UTC,7.2,7.65,7.63,7.58,7.37
2025-03-05 00:00:00 PST,2025-03-05 08:00:00 UTC,6.8,7.48,7.52,7.51,7.34
2025-03-05 01:00:00 PST,2025-03-05 09:00:00 UTC,6.6,7.3,7.39,7.42,7.3
2025-03-05 02:00:00 PST,2025-03-05 10:00:00 UTC,6.4,7.12,7.25,7.33,7.26
2025-03-05 03:00:00 PST,2025-03-05 11:00:00 UTC,5.4,6.78,7.03,7.19,7.2
2025-03-05 04:00:00 PST,2025-03-05 12:00:00 UTC,4.3,6.28,6.7,6.99,7.13
2025-03-05 05:00:00 PST,2025-03-05 13:00:00 UTC,4.3,5.89,6.39,6.77,7.04
2025-03-05 06:00:00 PST,2025-03-05 14:00:00 UTC,4.8,5.67,6.17,6.57,6.93
2025-03-05 07:00:00 PST,2025-03-05 15:00:00 UTC,4.5,5.43,5.96,6.38,6.81
2025-03-05 08:00:00 PST,2025-03-05 16:00:00 UTC,6.3,5.61,5.96,6.27,6.7
2025-03-05 09:00:00 PST,2025-03-05 17:00:00 UTC,7.6,6.01,6.12,6.28,6.6
2025-03-05 10:00:00 PST,2025-03-05 18:00:00 UTC,8.0,6.41,6.35,6.36,6.55
2025-03-05 11:00:00 PST,2025-03-05 19:00:00 UTC,8.5,6.82,6.61,6.5,6.53
2025-03-05 12:00:00 PST,2025-03-05 20:00:00 UTC,8.9,7.24,6.9,6.67,6.54
2025-03-05 13:00:00 PST,2025-03-05 21:00:00 UTC,8.0,7.39,7.06,6.81,6.58
2025-03-05 14:00:00 PST,2025-03-05 22:00:00 UTC,9.4,7.79,7.33,6.98,6.63
2025-03-05 15:00:00 PST,2025-03-05 23:00:00 UTC,10.1,8.25,7.66,7.19,6.7
2025-03-05 16:00:00 PST,2025-03-06 00:00:00 UTC,9.7,8.54,7.91,7.4,6.79
2025-03-05 17:00:00 PST,2025-03-06 01:00:00 UTC,8.5,8.53,8.01,7.54,6.89
2025-03-05 18:00:00 PST,2025-03-06 02:00:00 UTC,6.1,8.05,7.82,7.54,6.98
2025-03-05 19:00:00 PST,2025-03-06 03:00:00 UTC,5.6,7.56,7.54,7.44,7.03
2025-03-05 20:00:00 PST,2025-03-06 04:00:00 UTC,5.9,7.23,7.31,7.3,7.03
2025-03-05 21:00:00 PST,2025-03-06 05:00:00 UTC,4.3,6.64,6.94,7.11,7.0
2025-03-05 22:00:00 PST,2025-03-06 06:00:00 UTC,4.8,6.27,6.64,6.89,6.94
2025-03-05 23:00:00 PST,2025-03-06 07:00:00 UTC,2.7,5.56,6.17,6.61,6.85
2025-03-06 00:00:00 PST,2025-03-06 08:00:00 UTC,4.0,5.25,5.86,6.34,6.73
2025-03-06 01:00:00 PST,2025-03-06 09:00:00 UTC,3.8,4.96,5.59,6.1,6.6
2025-03-06 02:00:00 PST,2025-03-06 10:00:00 UTC,3.1,4.59,5.29,5.86,6.46
2025-03-06 03:00:00 PST,2025-03-06 11:00:00 UTC,2.8,4.23,4.99,5.61,6.31
2025-03-06 04:00:00 PST,2025-03-06 12:00:00 UTC,3.0,3.98,4.74,5.38,6.16
2025-03-06 05:00:00 PST,2025-03-06 13:00:00 UTC,4.4,4.07,4.68,5.23,6.01
2025-03-06 06:00:00 PST,2025-03-06 14:00:00 UTC,4.5,4.15,4.66,5.14,5.88
2025-03-06 07:00:00 PST,2025-03-06 15:00:00 UTC,4.6,4.24,4.67,5.09,5.77
2025-03-06 08:00:00 PST,2025-03-06 16:00:00 UTC,5.6,4.51,4.79,5.09,5.69
2025-03-06 09:00:00 PST,2025-03-06 17:00:00 UTC,6.3,4.87,4.99,5.16,5.63
2025-03-06 10:00:00 PST,2025-03-06 18:00:00 UTC,7.2,5.34,5.27,5.29,5.6
2025-03-06 11:00:00 PST,2025-03-06 19:00:00 UTC,7.7,5.81,5.58,5.47,5.61
2025-03-06 12:00:00 PST,2025-03-06 20:00:00 UTC,8.3,6.31,5.93,5.69,5.65
2025-03-06 13:00:00 PST,2025-03-06 21:00:00 UTC,8.8,6.81,6.3,5.93,5.72
2025-03-06 14:00:00 PST,2025-03-06 22:00:00 UTC,8.9,7.22,6.63,6.18,5.82
2025-03-06 15:00:00 PST,2025-03-06 23:00:00 UTC,9.2,7.62,6.96,6.44,5.93
2025-03-06 16:00:00 PST,2025-03-07 00:00:00 UTC,9.0,7.9,7.22,6.67,6.05
2025-03-06 17:00:00 PST,2025-03-07 01:00:00 UTC,8.3,7.98,7.37,6.85,6.18
2025-03-06 18:00:00 PST,2025-03-07 02:00:00 UTC,6.3,7.64,7.28,6.91,6.3
2025-03-06 19:00:00 PST,2025-03-07 03:00:00 UTC,6.2,7.35,7.14,6.89,6.38
2025-03-06 20:00:00 PST,2025-03-07 04:00:00 UTC,4.3,6.74,6.81,6.77,6.42
2025-03-06 21:00:00 PST,2025-03-07 05:00:00 UTC,5.2,6.43,6.57,6.62,6.42
2025-03-06 22:00:00 PST,2025-03-07 06:00:00 UTC,4.1,5.97,6.26,6.43,6.39
2025-03-06 23:00:00 PST,2025-03-07 07:00:00 UTC,4.2,5.61,5.98,6.23,6.33
2025-03-07 00:00:00 PST,2025-03-07 08:00:00 UTC,3.7,5.23,5.69,6.03,6.25
2025-03-07 01:00:00 PST,2025-03-07 09:00:00 UTC,3.5,4.88,5.41,5.81,6.16
2025-03-07 02:00:00 PST,2025-03-07 10:00:00 UTC,4.1,4.73,5.22,5.63,6.05
2025-03-07 03:00:00 PST,2025-03-07 11:00:00 UTC,4.7,4.72,5.14,5.5,5.95
2025-03-07 04:00:00 PST,2025-03-07 12:00:00 UTC,5.0,4.78,5.11,5.42,5.85
2025-03-07 05:00:00 PST,2025-03-07 13:00:00 UTC,5.5,4.92,5.16,5.39,5.77
2025-03-07 06:00:00 PST,2025-03-07 14:00:00 UTC,5.7,5.08,5.23,5.39,5.72
2025-03-07 07:00:00 PST,2025-03-07 15:00:00 UTC,6.0,5.26,5.33,5.43,5.68
2025-03-07 08:00:00 PST,2025-03-07 16:00:00 UTC,6.3,5.47,5.46,5.49,5.66
2025-03-07 09:00:00 PST,2025-03-07 17:00:00 UTC,6.7,5.72,5.61,5.57,5.66
2025-03-07 10:00:00 PST,2025-03-07 18:00:00 UTC,7.0,5.97,5.79,5.68,5.67
2025-03-07 11:00:00 PST,2025-03-07 19:00:00 UTC,7.0,6.18,5.95,5.79,5.7
2025-03-07 12:00:00 PST,2025-03-07 20:00:00 UTC,7.6,6.46,6.15,5.92,5.74
2025-03-07 13:00:00 PST,2025-03-07 21:00:00 UTC,7.7,6.71,6.35,6.06,5.8
2025-03-07 14:00:00 PST,2025-03-07 22:00:00 UTC,8.1,6.99,6.56,6.21,5.86
2025-03-07 15:00:00 PST,2025-03-07 23:00:00 UTC,7.8,7.15,6.72,6.36,5.94
2025-03-07 16:00:00 PST,2025-03-08 00:00:00 UTC,7.8,7.28,6.85,6.48,6.01
2025-03-07 17:00:00 PST,2025-03-08 01:00:00 UTC,7.8,7.38,6.96,6.59,6.09
2025-03-07 18:00:00 PST,2025-03-08 02:00:00 UTC,7.3,7.37,7.0,6.67,6.16
2025-03-07 19:00:00 PST,2025-03-08 03:00:00 UTC,7.5,7.39,7.05,6.73,6.23
2025-03-07 20:00:00 PST,2025-03-08 04:00:00 UTC,7.3,7.38,7.06,6.77,6.28
2025-03-07 21:00:00 PST,2025-03-08 05:00:00 UTC,7.3,7.36,7.07,6.8,6.33
2025-03-07 22:00:00 PST,2025-03-08 06:00:00 UTC,7.9,7.47,7.14,6.85,6.37
2025-03-07 23:00:00 PST,2025-03-08 07:00:00 UTC,8.0,7.57,7.22,6.91,6.41
2025-03-08 00:00:00 PST,2025-03-08 08:00:00 UTC,7.8,7.62,7.28,6.96,6.46
2025-03-08 01:00:00 PST,2025-03-08 09:00:00 UTC,7.5,7.6,7.29,7.0,6.5
2025-03-08 02:00:00 PST,2025-03-08 10:00:00 UTC,7.0,7.48,7.24,7.0,6.54
2025-03-08 03:00:00 PST,2025-03-08 11:00:00 UTC,6.8,7.34,7.17,6.98,6.56
2025-03-08 04:00:00 PST,2025-03-08 12:00:00 UTC,6.7,7.21,7.09,6.94,6.58
2025-03-08 05:00:00 PST,2025-03-08 13:00:00 UTC,6.4,7.05,6.99,6.89,6.58
2025-03-08 06:00:00 PST,2025-03-08 14:00:00 UTC,6.2,6.88,6.87,6.82,6.57
2025-03-08 07:00:00 PST,2025-03-08 15:00:00 UTC,6.2,6.74,6.77,6.75,6.55
2025-03-08 08:00:00 PST,2025-03-08 16:00:00 UTC,6.1,6.62,6.66,6.67,6.53
2025-03-08 09:00:00 PST,2025-03-08 17:00:00 UTC,6.2,6.53,6.59,6.6,6.5
2025-03-08 10:00:00 PST,2025-03-08 18:00:00 UTC,6.2,6.47,6.52,6.54,6.46
2025-03-08 11:00:00 PST,2025-03-08 19:00:00 UTC,6.5,6.47,6.5,6.5,6.43
2025-03-08 12:00:00 PST,2025-03-08 20:00:00 UTC,6.5,6.48,6.48,6.48,6.4
2025-03-08 13:00:00 PST,2025-03-08 21:00:00 UTC,6.9,6.56,6.51,6.47,6.38
2025-03-08 14:00:00 PST,2025-03-08 22:00:00 UTC,7.0,6.65,6.56,6.49,6.36
2025-03-08 15:00:00 PST,2025-03-08 23:00:00 UTC,7.4,6.8,6.65,6.52,6.36
2025-03-08 16:00:00 PST,2025-03-09 00:00:00 UTC,7.7,6.98,6.76,6.59,6.37
2025-03-08 17:00:00 PST,2025-03-09 01:00:00 UTC,8.1,7.2,6.91,6.67,6.38
2025-03-08 18:00:00 PST,2025-03-09 02:00:00 UTC,8.0,7.36,7.04,6.77,6.42
2025-03-08 19:00:00 PST,2025-03-09 03:00:00 UTC,7.7,7.43,7.12,6.84,6.46
2025-03-08 20:00:00 PST,2025-03-09 04:00:00 UTC,8.1,7.56,7.22,6.92,6.5
2025-03-08 21:00:00 PST,2025-03-09 05:00:00 UTC,9.9,8.03,7.5,7.07,6.55
2025-03-08 22:00:00 PST,2025-03-09 06:00:00 UTC,9.9,8.41,7.77,7.25,6.61
2025-03-08 23:00:00 PST,2025-03-09 07:00:00 UTC,9.9,8.7,8.02,7.44,6.7
2025-03-09 00:00:00 PST,2025-03-09 08:00:00 UTC,9.8,8.92,8.23,7.62,6.8
2025-03-09 01:00:00 PST,2025-03-09 09:00:00 UTC,9.8,9.1,8.4,7.78,6.91
2025-03-09 03:00:00 PDT,2025-03-09 10:00:00 UTC,9.6,9.2,8.53,7.92,7.01
2025-03-09 04:00:00 PDT,2025-03-09 11:00:00 UTC,9.6,9.28,8.63,8.04,7.11
2025-03-09 05:00:00 PDT,2025-03-09 12:00:00 UTC,9.5,9.32,8.71,8.13,7.21
2025-03-09 06:00:00 PDT,2025-03-09 13:00:00 UTC,9.4,9.34,8.76,8.21,7.29
2025-03-09 07:00:00 PDT,2025-03-09 14:00:00 UTC,8.9,9.25,8.75,8.25,7.37
2025-03-09 08:00:00 PDT,2025-03-09 15:00:00 UTC,8.3,9.06,8.66,8.25,7.43
2025-03-09 09:00:00 PDT,2025-03-09 16:00:00 UTC,8.2,8.89,8.57,8.22,7.47
2025-03-09 10:00:00 PDT,2025-03-09 17:00:00 UTC,8.4,8.79,8.5,8.18,7.5
2025-03-09 11:00:00 PDT,2025-03-09 18:00:00 UTC,8.7,8.77,8.47,8.16,7.51
2025-03-09 12:00:00 PDT,2025-03-09 19:00:00 UTC,8.5,8.72,8.44,8.14,7.53
2025-03-09 13:00:00 PDT,2025-03-09 20:00:00 UTC,7.2,8.41,8.27,8.08,7.53
2025-03-09 14:00:00 PDT,2025-03-09 21:00:00 UTC,6.9,8.11,8.08,7.97,7.52
2025-03-09 15:00:00 PDT,2025-03-09 22:00:00 UTC,7.1,7.91,7.91,7.85,7.49
2025-03-09 16:00:00 PDT,2025-03-09 23:00:00 UTC,7.1,7.75,7.78,7.74,7.46
2025-03-09 17:00:00 PDT,2025-03-10 00:00:00 UTC,7.2,7.64,7.67,7.65,7.41
2025-03-09 18:00:00 PDT,2025-03-10 01:00:00 UTC,6.1,7.33,7.47,7.52,7.36
2025-03-09 19:00:00 PDT,2025-03-10 02:00:00 UTC,6.4,7.14,7.31,7.4,7.3
2025-03-09 20:00:00 PDT,2025-03-10 03:00:00 UTC,5.1,6.74,7.04,7.23,7.24
2025-03-09 21:00:00 PDT,2025-03-10 04:00:00 UTC,5.1,6.41,6.78,7.04,7.15
2025-03-09 22:00:00 PDT,2025-03-10 05:00:00 UTC,5.2,6.17,6.56,6.86,7.06
2025-03-09 23:00:00 PDT,2025-03-10 06:00:00 UTC,4.6,5.85,6.31,6.67,6.95
2025-03-10 00:00:00 PDT,2025-03-10 07:00:00 UTC,5.3,5.74,6.16,6.51,6.84
2025-03-10 01:00:00 PDT,2025-03-10 08:00:00 UTC,5.6,5.71,6.08,6.39,6.74
2025-03-10 02:00:00 PDT,2025-03-10 09:00:00 UTC,5.1,5.59,5.96,6.28,6.64
2025-03-10 03:00:00 PDT,2025-03-10 10:00:00 UTC,4.9,5.45,5.84,6.16,6.55
2025-03-10 04:00:00 PDT,2025-03-10 11:00:00 UTC,4.6,5.28,5.7,6.05,6.46
2025-03-10 05:00:00 PDT,2025-03-10 12:00:00 UTC,4.1,5.05,5.52,5.91,6.37
2025-03-10 06:00:00 PDT,2025-03-10 13:00:00 UTC,2.4,4.52,5.18,5.7,6.28
2025-03-10 07:00:00 PDT,2025-03-10 14:00:00 UTC,3.5,4.31,4.96,5.5,6.16
2025-03-10 08:00:00 PDT,2025-03-10 15:00:00 UTC,2.9,4.03,4.72,5.31,6.04
2025-03-10 09:00:00 PDT,2025-03-10 16:00:00 UTC,4.6,4.14,4.68,5.18,5.91
2025-03-10 10:00:00 PDT,2025-03-10 17:00:00 UTC,5.5,4.42,4.78,5.15,5.8
2025-03-10 11:00:00 PDT,2025-03-10 18:00:00 UTC,6.1,4.75,4.95,5.18,5.72
2025-03-10 12:00:00 PDT,2025-03-10 19:00:00 UTC,7.4,5.28,5.24,5.31,5.68
2025-03-10 13:00:00 PDT,2025-03-10 20:00:00 UTC,7.5,5.73,5.55,5.48,5.67
2025-03-10 14:00:00 PDT,2025-03-10 21:00:00 UTC,8.1,6.2,5.88,5.68,5.7
2025-03-10 15:00:00 PDT,2025-03-10 22:00:00 UTC,7.7,6.5,6.13,5.88,5.76
2025-03-10 16:00:00 PDT,2025-03-10 23:00:00 UTC,7.7,6.74,6.35,6.06,5.84
2025-03-10 17:00:00 PDT,2025-03-11 00:00:00 UTC,6.6,6.71,6.42,6.17,5.91
2025-03-10 18:00:00 PDT,2025-03-11 01:00:00 UTC,6.4,6.65,6.43,6.24,5.98
2025-03-10 19:00:00 PDT,2025-03-11 02:00:00 UTC,4.2,6.16,6.21,6.19,6.03
2025-03-10 20:00:00 PDT,2025-03-11 03:00:00 UTC,4.3,5.79,5.97,6.07,6.05
2025-03-10 21:00:00 PDT,2025-03-11 04:00:00 UTC,4.5,5.53,5.78,5.95,6.03
2025-03-10 22:00:00 PDT,2025-03-11 05:00:00 UTC,4.4,5.3,5.6,5.82,5.99
2025-03-10 23:00:00 PDT,2025-03-11 06:00:00 UTC,4.4,5.12,5.44,5.69,5.93
2025-03-11 00:00:00 PDT,2025-03-11 07:00:00 UTC,4.3,4.96,5.3,5.58,5.87
2025-03-11 01:00:00 PDT,2025-03-11 08:00:00 UTC,4.5,4.87,5.2,5.47,5.81
2025-03-11 02:00:00 PDT,2025-03-11 09:00:00 UTC,4.7,4.83,5.13,5.39,5.74
2025-03-11 03:00:00 PDT,2025-03-11 10:00:00 UTC,4.9,4.85,5.1,5.34,5.69
2025-03-11 04:00:00 PDT,2025-03-11 11:00:00 UTC,4.9,4.86,5.09,5.3,5.63
2025-03-11 05:00:00 PDT,2025-03-11 12:00:00 UTC,4.9,4.87,5.07,5.27,5.59
2025-03-11 06:00:00 PDT,2025-03-11 13:00:00 UTC,5.0,4.89,5.08,5.25,5.55
2025-03-11 07:00:00 PDT,2025-03-11 14:00:00 UTC,5.1,4.93,5.09,5.24,5.52
2025-03-11 08:00:00 PDT,2025-03-11 15:00:00 UTC,4.7,4.89,5.06,5.23,5.5
2025-03-11 09:00:00 PDT,2025-03-11 16:00:00 UTC,4.7,4.85,5.03,5.2,5.47
2025-03-11 10:00:00 PDT,2025-03-11 17:00:00 UTC,5.0,4.88,5.03,5.18,5.45
2025-03-11 11:00:00 PDT,2025-03-11 18:00:00 UTC,5.2,4.94,5.06,5.18,5.42
2025-03-11 12:00:00 PDT,2025-03-11 19:00:00 UTC,6.1,5.18,5.18,5.23,5.41
2025-03-11 13:00:00 PDT,2025-03-11 20:00:00 UTC,6.4,5.42,5.33,5.3,5.41
2025-03-11 14:00:00 PDT,2025-03-11 21:00:00 UTC,6.3,5.6,5.47,5.39,5.42
2025-03-11 15:00:00 PDT,2025-03-11 22:00:00 UTC,6.0,5.68,5.55,5.47,5.45
2025-03-11 16:00:00 PDT,2025-03-11 23:00:00 UTC,6.0,5.74,5.62,5.53,5.48
2025-03-11 17:00:00 PDT,2025-03-12 00:00:00 UTC,5.9,5.77,5.67,5.58,5.51
2025-03-11 18:00:00 PDT,2025-03-12 01:00:00 UTC,5.7,5.76,5.68,5.61,5.54
2025-03-11 19:00:00 PDT,2025-03-12 02:00:00 UTC,5.5,5.71,5.66,5.62,5.56
2025-03-11 20:00:00 PDT,2025-03-12 03:00:00 UTC,5.8,5.73,5.68,5.63,5.58
2025-03-11 21:00:00 PDT,2025-03-12 04:00:00 UTC,5.7,5.72,5.68,5.64,5.59
2025-03-11 22:00:00 PDT,2025-03-12 05:00:00 UTC,5.6,5.7,5.67,5.65,5.6
2025-03-11 23:00:00 PDT,2025-03-12 06:00:00 UTC,4.9,5.54,5.59,5.62,5.61
2025-03-12 00:00:00 PDT,2025-03-12 07:00:00 UTC,4.7,5.37,5.49,5.56,5.6
2025-03-12 01:00:00 PDT,2025-03-12 08:00:00 UTC,5.0,5.3,5.42,5.51,5.59
2025-03-12 02:00:00 PDT,2025-03-12 09:00:00 UTC,5.3,5.3,5.39,5.47,5.57
2025-03-12 03:00:00 PDT,2025-03-12 10:00:00 UTC,5.2,5.28,5.37,5.45,5.55
2025-03-12 04:00:00 PDT,2025-03-12 11:00:00 UTC,5.5,5.32,5.38,5.44,5.53
2025-03-12 05:00:00 PDT,2025-03-12 12:00:00 UTC,5.3,5.32,5.37,5.43,5.51
2025-03-12 06:00:00 PDT,2025-03-12 13:00:00 UTC,5.6,5.37,5.4,5.43,5.5
2025-03-12 07:00:00 PDT,2025-03-12 14:00:00 UTC,5.7,5.44,5.44,5.45,5.5
2025-03-12 08:00:00 PDT,2025-03-12 15:00:00 UTC,5.6,5.47,5.46,5.46,5.5
2025-03-12 09:00:00 PDT,2025-03-12 16:00:00 UTC,5.6,5.5,5.48,5.48,5.5
2025-03-12 10:00:00 PDT,2025-03-12 17:00:00 UTC,6.3,5.66,5.57,5.52,5.5
2025-03-12 11:00:00 PDT,2025-03-12 18:00:00 UTC,6.7,5.87,5.7,5.59,5.51
2025-03-12 12:00:00 PDT,2025-03-12 19:00:00 UTC,7.2,6.13,5.88,5.69,5.54
2025-03-12 13:00:00 PDT,2025-03-12 20:00:00 UTC,8.3,6.57,6.15,5.85,5.58
2025-03-12 14:00:00 PDT,2025-03-12 21:00:00 UTC,7.8,6.81,6.37,6.01,5.65
2025-03-12 15:00:00 PDT,2025-03-12 22:00:00 UTC,7.5,6.95,6.52,6.15,5.72
2025-03-12 16:00:00 PDT,2025-03-12 23:00:00 UTC,7.4,7.04,6.63,6.27,5.8
2025-03-12 17:00:00 PDT,2025-03-13 00:00:00 UTC,7.3,7.09,6.7,6.36,5.88
2025-03-12 18:00:00 PDT,2025-03-13 01:00:00 UTC,7.3,7.13,6.77,6.44,5.95
2025-03-12 19:00:00 PDT,2025-03-13 02:00:00 UTC,6.8,7.07,6.77,6.48,6.01
2025-03-12 20:00:00 PDT,2025-03-13 03:00:00 UTC,6.3,6.91,6.71,6.48,6.06
2025-03-12 21:00:00 PDT,2025-03-13 04:00:00 UTC,6.0,6.73,6.61,6.45,6.09
2025-03-12 22:00:00 PDT,2025-03-13 05:00:00 UTC,5.6,6.5,6.47,6.39,6.11
2025-03-12 23:00:00 PDT,2025-03-13 06:00:00 UTC,5.5,6.3,6.33,6.31,6.11
2025-03-13 00:00:00 PDT,2025-03-13 07:00:00 UTC,5.8,6.2,6.24,6.24,6.09
2025-03-13 01:00:00 PDT,2025-03-13 08:00:00 UTC,5.9,6.14,6.18,6.18,6.07
2025-03-13 02:00:00 PDT,2025-03-13 09:00:00 UTC,5.4,5.99,6.07,6.11,6.05
2025-03-13 03:00:00 PDT,2025-03-13 10:00:00 UTC,5.7,5.94,6.01,6.05,6.02
2025-03-13 04:00:00 PDT,2025-03-13 11:00:00 UTC,5.2,5.79,5.91,5.99,5.99
2025-03-13 05:00:00 PDT,2025-03-13 12:00:00 UTC,5.2,5.67,5.81,5.91,5.95
2025-03-13 06:00:00 PDT,2025-03-13 13:00:00 UTC,5.2,5.58,5.73,5.84,5.92
2025-03-13 07:00:00 PDT,2025-03-13 14:00:00 UTC,5.0,5.46,5.64,5.77,5.88
2025-03-13 08:00:00 PDT,2025-03-13 15:00:00 UTC,5.2,5.41,5.57,5.71,5.83
2025-03-13 09:00:00 PDT,2025-03-13 16:00:00 UTC,6.2,5.57,5.62,5.69,5.8
2025-03-13 10:00:00 PDT,2025-03-13 17:00:00 UTC,7.0,5.85,5.77,5.74,5.77
2025-03-13 11:00:00 PDT,2025-03-13 18:00:00 UTC,7.7,6.22,5.99,5.84,5.77
2025-03-13 12:00:00 PDT,2025-03-13 19:00:00 UTC,7.5,6.48,6.19,5.97,5.79
2025-03-13 13:00:00 PDT,2025-03-13 20:00:00 UTC,8.4,6.86,6.44,6.13,5.83
2025-03-13 14:00:00 PDT,2025-03-13 21:00:00 UTC,7.9,7.07,6.63,6.28,5.9
2025-03-13 15:00:00 PDT,2025-03-13 22:00:00 UTC,6.8,7.02,6.68,6.38,5.97
2025-03-13 16:00:00 PDT,2025-03-13 23:00:00 UTC,7.7,7.15,6.78,6.47,6.03
2025-03-13 17:00:00 PDT,2025-03-14 00:00:00 UTC,6.2,6.96,6.73,6.5,6.09
2025-03-13 18:00:00 PDT,2025-03-14 01:00:00 UTC,6.0,6.77,6.64,6.48,6.13
2025-03-13 19:00:00 PDT,2025-03-14 02:00:00 UTC,5.5,6.52,6.49,6.42,6.15
2025-03-13 20:00:00 PDT,2025-03-14 03:00:00 UTC,5.4,6.29,6.34,6.33,6.15
2025-03-13 21:00:00 PDT,2025-03-14 04:00:00 UTC,4.7,5.97,6.13,6.22,6.14
2025-03-13 22:00:00 PDT,2025-03-14 05:00:00 UTC,3.8,5.54,5.85,6.05,6.1
2025-03-13 23:00:00 PDT,2025-03-14 06:00:00 UTC,4.1,5.25,5.61,5.88,6.04
2025-03-14 00:00:00 PDT,2025-03-14 07:00:00 UTC,3.0,4.8,5.3,5.67,5.96
2025-03-14 01:00:00 PDT,2025-03-14 08:00:00 UTC,1.9,4.22,4.9,5.41,5.86
2025-03-14 02:00:00 PDT,2025-03-14 09:00:00 UTC,2.0,3.78,4.53,5.13,5.73
2025-03-14 03:00:00 PDT,2025-03-14 10:00:00 UTC,3.1,3.64,4.33,4.91,5.59
2025-03-14 04:00:00 PDT,2025-03-14 11:00:00 UTC,3.7,3.65,4.23,4.75,5.46
2025-03-14 05:00:00 PDT,2025-03-14 12:00:00 UTC,3.2,3.56,4.13,4.63,5.33
2025-03-14 06:00:00 PDT,2025-03-14 13:00:00 UTC,3.3,3.51,4.04,4.52,5.23
2025-03-14 07:00:00 PDT,2025-03-14 14:00:00 UTC,3.5,3.51,3.99,4.44,5.13
2025-03-14 08:00:00 PDT,2025-03-14 15:00:00 UTC,4.2,3.65,4.02,4.4,5.04
2025-03-14 09:00:00 PDT,2025-03-14 16:00:00 UTC,4.9,3.9,4.14,4.41,4.97
2025-03-14 10:00:00 PDT,2025-03-14 17:00:00 UTC,6.4,4.4,4.41,4.51,4.93
2025-03-14 11:00:00 PDT,2025-03-14 18:00:00 UTC,7.8,5.08,4.82,4.72,4.93
2025-03-14 12:00:00 PDT,2025-03-14 19:00:00 UTC,8.8,5.82,5.32,5.0,4.97
2025-03-14 13:00:00 PDT,2025-03-14 20:00:00 UTC,9.6,6.58,5.86,5.35,5.06
2025-03-14 14:00:00 PDT,2025-03-14 21:00:00 UTC,9.8,7.22,6.36,5.72,5.2
2025-03-14 15:00:00 PDT,2025-03-14 22:00:00 UTC,10.0,7.78,6.83,6.08,5.36
2025-03-14 16:00:00 PDT,2025-03-14 23:00:00 UTC,9.1,8.04,7.14,6.39,5.54
2025-03-14 17:00:00 PDT,2025-03-15 00:00:00 UTC,8.6,8.15,7.34,6.63,5.72
2025-03-14 18:00:00 PDT,2025-03-15 01:00:00 UTC,9.0,8.32,7.52,6.83,5.89
2025-03-14 19:00:00 PDT,2025-03-15 02:00:00 UTC,8.9,8.44,7.68,7.0,6.04
2025-03-14 20:00:00 PDT,2025-03-15 03:00:00 UTC,8.2,8.39,7.73,7.12,6.18
2025-03-14 21:00:00 PDT,2025-03-15 04:00:00 UTC,7.5,8.21,7.69,7.18,6.3
2025-03-14 22:00:00 PDT,2025-03-15 05:00:00 UTC,6.7,7.91,7.55,7.17,6.39
2025-03-14 23:00:00 PDT,2025-03-15 06:00:00 UTC,6.9,7.71,7.43,7.12,6.45
2025-03-15 00:00:00 PDT,2025-03-15 07:00:00 UTC,6.4,7.45,7.28,7.05,6.49
2025-03-15 01:00:00 PDT,2025-03-15 08:00:00 UTC,5.8,7.12,7.07,6.95,6.5
2025-03-15 02:00:00 PDT,2025-03-15 09:00:00 UTC,5.4,6.77,6.84,6.81,6.49
2025-03-15 03:00:00 PDT,2025-03-15 10:00:00 UTC,5.3,6.48,6.62,6.66,6.46
2025-03-15 04:00:00 PDT,2025-03-15 11:00:00 UTC,5.1,6.2,6.4,6.51,6.41
2025-03-15 05:00:00 PDT,2025-03-15 12:00:00 UTC,5.0,5.96,6.2,6.36,6.35
2025-03-15 06:00:00 PDT,2025-03-15 13:00:00 UTC,4.6,5.69,5.99,6.2,6.28
2025-03-15 07:00:00 PDT,2025-03-15 14:00:00 UTC,4.5,5.45,5.79,6.04,6.2
2025-03-15 08:00:00 PDT,2025-03-15 15:00:00 UTC,4.3,5.22,5.6,5.89,6.12
2025-03-15 09:00:00 PDT,2025-03-15 16:00:00 UTC,3.8,4.94,5.38,5.72,6.03
2025-03-15 10:00:00 PDT,2025-03-15 17:00:00 UTC,3.5,4.65,5.15,5.54,5.94
2025-03-15 11:00:00 PDT,2025-03-15 18:00:00 UTC,3.8,4.48,4.97,5.38,5.83
2025-03-15 12:00:00 PDT,2025-03-15 19:00:00 UTC,3.7,4.32,4.81,5.23,5.73
2025-03-15 13:00:00 PDT,2025-03-15 20:00:00 UTC,4.2,4.3,4.73,5.12,5.63
2025-03-15 14:00:00 PDT,2025-03-15 21:00:00 UTC,6.6,4.76,4.92,5.12,5.54
2025-03-15 15:00:00 PDT,2025-03-15 22:00:00 UTC,7.3,5.27,5.2,5.23,5.49
2025-03-15 16:00:00 PDT,2025-03-15 23:00:00 UTC,8.1,5.83,5.56,5.41,5.48
2025-03-15 17:00:00 PDT,2025-03-16 00:00:00 UTC,7.9,6.25,5.87,5.61,5.52
2025-03-15 18:00:00 PDT,2025-03-16 01:00:00 UTC,6.8,6.36,6.03,5.77,5.58
2025-03-15 19:00:00 PDT,2025-03-16 02:00:00 UTC,7.1,6.51,6.17,5.9,5.65
2025-03-15 20:00:00 PDT,2025-03-16 03:00:00 UTC,6.7,6.54,6.25,6.0,5.71
2025-03-15 21:00:00 PDT,2025-03-16 04:00:00 UTC,6.2,6.48,6.26,6.06,5.77
2025-03-15 22:00:00 PDT,2025-03-16 05:00:00 UTC,6.3,6.44,6.26,6.09,5.82
2025-03-15 23:00:00 PDT,2025-03-16 06:00:00 UTC,5.9,6.33,6.22,6.09,5.85
2025-03-16 00:00:00 PDT,2025-03-16 07:00:00 UTC,5.5,6.17,6.13,6.06,5.88
2025-03-16 01:00:00 PDT,2025-03-16 08:00:00 UTC,5.9,6.11,6.08,6.03,5.89
2025-03-16 02:00:00 PDT,2025-03-16 09:00:00 UTC,5.7,6.03,6.03,6.0,5.89
2025-03-16 03:00:00 PDT,2025-03-16 10:00:00 UTC,5.3,5.88,5.93,5.95,5.88
2025-03-16 04:00:00 PDT,2025-03-16 11:00:00 UTC,4.9,5.69,5.81,5.88,5.87
2025-03-16 05:00:00 PDT,2025-03-16 12:00:00 UTC,4.8,5.51,5.68,5.79,5.84
2025-03-16 06:00:00 PDT,2025-03-16 13:00:00 UTC,4.8,5.37,5.56,5.7,5.81
2025-03-16 07:00:00 PDT,2025-03-16 14:00:00 UTC,4.5,5.19,5.43,5.61,5.76
2025-03-16 08:00:00 PDT,2025-03-16 15:00:00 UTC,4.6,5.08,5.32,5.52,5.71
2025-03-16 09:00:00 PDT,2025-03-16 16:00:00 UTC,6.1,5.28,5.38,5.49,5.67
2025-03-16 10:00:00 PDT,2025-03-16 17:00:00 UTC,6.3,5.48,5.49,5.52,5.63
2025-03-16 11:00:00 PDT,2025-03-16 18:00:00 UTC,7.2,5.83,5.68,5.6,5.62
2025-03-16 12:00:00 PDT,2025-03-16 19:00:00 UTC,8.8,6.42,6.04,5.77,5.63
2025-03-16 13:00:00 PDT,2025-03-16 20:00:00 UTC,9.6,7.06,6.46,6.02,5.69
2025-03-16 14:00:00 PDT,2025-03-16 21:00:00 UTC,9.0,7.45,6.79,6.28,5.78
2025-03-16 15:00:00 PDT,2025-03-16 22:00:00 UTC,8.8,7.72,7.05,6.5,5.89
2025-03-16 16:00:00 PDT,2025-03-16 23:00:00 UTC,9.6,8.09,7.35,6.73,6.01
2025-03-16 17:00:00 PDT,2025-03-17 00:00:00 UTC,8.8,8.23,7.53,6.93,6.14
2025-03-16 18:00:00 PDT,2025-03-17 01:00:00 UTC,7.9,8.17,7.59,7.05,6.26
2025-03-16 19:00:00 PDT,2025-03-17 02:00:00 UTC,7.7,8.07,7.59,7.12,6.37
2025-03-16 20:00:00 PDT,2025-03-17 03:00:00 UTC,7.2,7.9,7.53,7.15,6.45
2025-03-16 21:00:00 PDT,2025-03-17 04:00:00 UTC,6.8,7.68,7.42,7.12,6.51
2025-03-16 22:00:00 PDT,2025-03-17 05:00:00 UTC,6.7,7.48,7.3,7.08,6.55
2025-03-16 23:00:00 PDT,2025-03-17 06:00:00 UTC,6.0,7.19,7.12,6.99,6.57
2025-03-17 00:00:00 PDT,2025-03-17 07:00:00 UTC,5.7,6.89,6.92,6.88,6.56
2025-03-17 01:00:00 PDT,2025-03-17 08:00:00 UTC,4.2,6.35,6.59,6.7,6.54
2025-03-17 02:00:00 PDT,2025-03-17 09:00:00 UTC,3.4,5.76,6.19,6.46,6.48
2025-03-17 03:00:00 PDT,2025-03-17 10:00:00 UTC,1.8,4.97,5.65,6.13,6.39
2025-03-17 04:00:00 PDT,2025-03-17 11:00:00 UTC,2.5,4.48,5.23,5.8,6.25
2025-03-17 05:00:00 PDT,2025-03-17 12:00:00 UTC,1.6,3.9,4.78,5.46,6.1
2025-03-17 06:00:00 PDT,2025-03-17 13:00:00 UTC,1.2,3.36,4.34,5.12,5.92
2025-03-17 07:00:00 PDT,2025-03-17 14:00:00 UTC,2.5,3.19,4.08,4.83,5.73
2025-03-17 08:00:00 PDT,2025-03-17 15:00:00 UTC,3.1,3.17,3.94,4.63,5.55
2025-03-17 09:00:00 PDT,2025-03-17 16:00:00 UTC,5.1,3.56,4.05,4.55,5.39
2025-03-17 10:00:00 PDT,2025-03-17 17:00:00 UTC,6.6,4.17,4.35,4.62,5.28
2025-03-17 11:00:00 PDT,2025-03-17 18:00:00 UTC,8.2,4.97,4.82,4.82,5.22
2025-03-17 12:00:00 PDT,2025-03-17 19:00:00 UTC,7.9,5.56,5.23,5.07,5.23
2025-03-17 13:00:00 PDT,2025-03-17 20:00:00 UTC,8.3,6.11,5.64,5.34,5.28
2025-03-17 14:00:00 PDT,2025-03-17 21:00:00 UTC,8.4,6.56,6.01,5.61,5.37
2025-03-17 15:00:00 PDT,2025-03-17 22:00:00 UTC,9.2,7.09,6.41,5.9,5.48
2025-03-17 16:00:00 PDT,2025-03-17 23:00:00 UTC,9.0,7.47,6.75,6.17,5.61
2025-03-17 17:00:00 PDT,2025-03-18 00:00:00 UTC,8.0,7.58,6.93,6.39,5.75
2025-03-17 18:00:00 PDT,2025-03-18 01:00:00 UTC,7.1,7.48,6.98,6.52,5.88
2025-03-17 19:00:00 PDT,2025-03-18 02:00:00 UTC,6.6,7.31,6.94,6.58,5.99
2025-03-17 20:00:00 PDT,2025-03-18 03:00:00 UTC,6.6,7.17,6.88,6.59,6.07
2025-03-17 21:00:00 PDT,2025-03-18 04:00:00 UTC,6.0,6.93,6.76,6.56,6.12
2025-03-17 22:00:00 PDT,2025-03-18 05:00:00 UTC,5.6,6.67,6.61,6.5,6.15
2025-03-17 23:00:00 PDT,2025-03-18 06:00:00 UTC,5.4,6.41,6.44,6.41,6.16
2025-03-18 00:00:00 PDT,2025-03-18 07:00:00 UTC,5.6,6.25,6.31,6.31,6.15
2025-03-18 01:00:00 PDT,2025-03-18 08:00:00 UTC,5.3,6.06,6.17,6.22,6.13
2025-03-18 02:00:00 PDT,2025-03-18 09:00:00 UTC,5.0,5.85,6.01,6.11,6.09
2025-03-18 03:00:00 PDT,2025-03-18 10:00:00 UTC,2.4,5.16,5.61,5.91,6.05
2025-03-18 04:00:00 PDT,2025-03-18 11:00:00 UTC,1.7,4.47,5.14,5.62,5.97
2025-03-18 05:00:00 PDT,2025-03-18 12:00:00 UTC,1.8,3.93,4.71,5.31,5.85
2025-03-18 06:00:00 PDT,2025-03-18 13:00:00 UTC,1.9,3.53,4.35,5.01,5.7
2025-03-18 07:00:00 PDT,2025-03-18 14:00:00 UTC,1.8,3.18,4.03,4.74,5.54
2025-03-18 08:00:00 PDT,2025-03-18 15:00:00 UTC,1.7,2.89,3.75,4.48,5.38
2025-03-18 09:00:00 PDT,2025-03-18 16:00:00 UTC,4.2,3.15,3.76,4.34,5.22
2025-03-18 10:00:00 PDT,2025-03-18 17:00:00 UTC,5.7,3.66,3.98,4.35,5.09
2025-03-18 11:00:00 PDT,2025-03-18 18:00:00 UTC,6.3,4.19,4.28,4.46,5.02
2025-03-18 12:00:00 PDT,2025-03-18 19:00:00 UTC,7.8,4.91,4.71,4.66,4.99
2025-03-18 13:00:00 PDT,2025-03-18 20:00:00 UTC,7.2,5.37,5.06,4.9,5.02
2025-03-18 14:00:00 PDT,2025-03-18 21:00:00 UTC,9.3,6.15,5.58,5.2,5.08
2025-03-18 15:00:00 PDT,2025-03-18 22:00:00 UTC,9.3,6.78,6.06,5.53,5.19
2025-03-18 16:00:00 PDT,2025-03-18 23:00:00 UTC,9.4,7.31,6.49,5.87,5.32
2025-03-18 17:00:00 PDT,2025-03-19 00:00:00 UTC,8.6,7.57,6.79,6.15,5.48
2025-03-18 18:00:00 PDT,2025-03-19 01:00:00 UTC,8.1,7.67,6.97,6.37,5.64
2025-03-18 19:00:00 PDT,2025-03-19 02:00:00 UTC,8.0,7.74,7.1,6.54,5.78
2025-03-18 20:00:00 PDT,2025-03-19 03:00:00 UTC,7.6,7.71,7.16,6.65,5.91
2025-03-18 21:00:00 PDT,2025-03-19 04:00:00 UTC,7.7,7.71,7.21,6.74,6.02
2025-03-18 22:00:00 PDT,2025-03-19 05:00:00 UTC,7.3,7.63,7.2,6.79,6.11
2025-03-18 23:00:00 PDT,2025-03-19 06:00:00 UTC,7.1,7.52,7.17,6.82,6.19
2025-03-19 00:00:00 PDT,2025-03-19 07:00:00 UTC,7.0,7.42,7.12,6.82,6.25
2025-03-19 01:00:00 PDT,2025-03-19 08:00:00 UTC,6.2,7.17,7.0,6.78,6.29
2025-03-19 02:00:00 PDT,2025-03-19 09:00:00 UTC,6.6,7.06,6.91,6.74,6.31
2025-03-19 03:00:00 PDT,2025-03-19 10:00:00 UTC,6.4,6.93,6.82,6.69,6.32
2025-03-19 04:00:00 PDT,2025-03-19 11:00:00 UTC,6.1,6.76,6.71,6.63,6.33
2025-03-19 05:00:00 PDT,2025-03-19 12:00:00 UTC,6.3,6.67,6.63,6.57,6.32
2025-03-19 06:00:00 PDT,2025-03-19 13:00:00 UTC,6.8,6.7,6.62,6.53,6.3
2025-03-19 07:00:00 PDT,2025-03-19 14:00:00 UTC,6.5,6.66,6.59,6.51,6.29
2025-03-19 08:00:00 PDT,2025-03-19 15:00:00 UTC,7.0,6.73,6.61,6.5,6.28
2025-03-19 09:00:00 PDT,2025-03-19 16:00:00 UTC,7.9,6.96,6.73,6.55,6.28
2025-03-19 10:00:00 PDT,2025-03-19 17:00:00 UTC,8.6,7.29,6.93,6.65,6.3
2025-03-19 11:00:00 PDT,2025-03-19 18:00:00 UTC,9.1,7.65,7.17,6.79,6.33
2025-03-19 12:00:00 PDT,2025-03-19 19:00:00 UTC,9.1,7.94,7.4,6.95,6.39
2025-03-19 13:00:00 PDT,2025-03-19 20:00:00 UTC,8.8,8.11,7.57,7.1,6.47
2025-03-19 14:00:00 PDT,2025-03-19 21:00:00 UTC,8.4,8.17,7.66,7.21,6.55
2025-03-19 15:00:00 PDT,2025-03-19 22:00:00 UTC,8.1,8.16,7.71,7.29,6.63
2025-03-19 16:00:00 PDT,2025-03-19 23:00:00 UTC,8.8,8.28,7.8,7.37,6.69
2025-03-19 17:00:00 PDT,2025-03-20 00:00:00 UTC,9.3,8.49,7.95,7.47,6.76
2025-03-19 18:00:00 PDT,2025-03-20 01:00:00 UTC,8.0,8.39,7.95,7.53,6.83
2025-03-19 19:00:00 PDT,2025-03-20 02:00:00 UTC,9.1,8.53,8.05,7.6,6.89
2025-03-19 20:00:00 PDT,2025-03-20 03:00:00 UTC,8.5,8.53,8.08,7.66,6.95
2025-03-19 21:00:00 PDT,2025-03-20 04:00:00 UTC,8.6,8.54,8.11,7.71,7.01
2025-03-19 22:00:00 PDT,2025-03-20 05:00:00 UTC,7.9,8.41,8.07,7.72,7.05
2025-03-19 23:00:00 PDT,2025-03-20 06:00:00 UTC,7.8,8.29,8.01,7.71,7.09
2025-03-20 00:00:00 PDT,2025-03-20 07:00:00 UTC,7.1,8.05,7.88,7.66,7.12
2025-03-20 01:00:00 PDT,2025-03-20 08:00:00 UTC,7.3,7.9,7.77,7.59,7.12
2025-03-20 02:00:00 PDT,2025-03-20 09:00:00 UTC,7.2,7.76,7.66,7.52,7.12
2025-03-20 03:00:00 PDT,2025-03-20 10:00:00 UTC,6.7,7.55,7.52,7.44,7.1
2025-03-20 04:00:00 PDT,2025-03-20 11:00:00 UTC,5.7,7.18,7.29,7.31,7.08
2025-03-20 05:00:00 PDT,2025-03-20 12:00:00 UTC,5.6,6.86,7.06,7.16,7.03
2025-03-20 06:00:00 PDT,2025-03-20 13:00:00 UTC,5.9,6.67,6.88,7.01,6.97
2025-03-20 07:00:00 PDT,2025-03-20 14:00:00 UTC,5.5,6.44,6.69,6.87,6.9
2025-03-20 08:00:00 PDT,2025-03-20 15:00:00 UTC,5.4,6.23,6.52,6.72,6.82
2025-03-20 09:00:00 PDT,2025-03-20 16:00:00 UTC,6.5,6.28,6.47,6.63,6.75
2025-03-20 10:00:00 PDT,2025-03-20 17:00:00 UTC,7.4,6.51,6.55,6.61,6.68
2025-03-20 11:00:00 PDT,2025-03-20 18:00:00 UTC,8.6,6.93,6.77,6.68,6.64
2025-03-20 12:00:00 PDT,2025-03-20 19:00:00 UTC,8.6,7.26,6.99,6.79,6.63
2025-03-20 13:00:00 PDT,2025-03-20 20:00:00 UTC,8.8,7.57,7.21,6.93,6.65
2025-03-20 14:00:00 PDT,2025-03-20 21:00:00 UTC,8.8,7.81,7.4,7.07,6.69
2025-03-20 15:00:00 PDT,2025-03-20 22:00:00 UTC,7.4,7.73,7.43,7.15,6.74
2025-03-20 16:00:00 PDT,2025-03-20 23:00:00 UTC,7.6,7.71,7.44,7.19,6.79
2025-03-20 17:00:00 PDT,2025-03-21 00:00:00 UTC,7.2,7.6,7.41,7.2,6.83
2025-03-20 18:00:00 PDT,2025-03-21 01:00:00 UTC,6.9,7.46,7.33,7.19,6.85
2025-03-20 19:00:00 PDT,2025-03-21 02:00:00 UTC,7.4,7.45,7.31,7.17,6.86
2025-03-20 20:00:00 PDT,2025-03-21 03:00:00 UTC,7.4,7.44,7.3,7.16,6.87
2025-03-20 21:00:00 PDT,2025-03-21 04:00:00 UTC,7.1,7.37,7.27,7.15,6.87
2025-03-20 22:00:00 PDT,2025-03-21 05:00:00 UTC,7.1,7.32,7.23,7.12,6.87
2025-03-20 23:00:00 PDT,2025-03-21 06:00:00 UTC,7.2,7.29,7.2,7.11,6.87
2025-03-21 00:00:00 PDT,2025-03-21 07:00:00 UTC,7.5,7.34,7.22,7.1,6.87
2025-03-21 01:00:00 PDT,2025-03-21 08:00:00 UTC,7.5,7.37,7.23,7.11,6.86
2025-03-21 02:00:00 PDT,2025-03-21 09:00:00 UTC,7.1,7.31,7.21,7.1,6.87
2025-03-21 03:00:00 PDT,2025-03-21 10:00:00 UTC,6.3,7.11,7.1,7.06,6.86
2025-03-21 04:00:00 PDT,2025-03-21 11:00:00 UTC,6.7,7.03,7.03,7.01,6.85
2025-03-21 05:00:00 PDT,2025-03-21 12:00:00 UTC,6.8,6.98,6.98,6.96,6.83
2025-03-21 06:00:00 PDT,2025-03-21 13:00:00 UTC,6.8,6.95,6.95,6.93,6.81
2025-03-21 07:00:00 PDT,2025-03-21 14:00:00 UTC,6.3,6.82,6.86,6.88,6.79
2025-03-21 08:00:00 PDT,2025-03-21 15:00:00 UTC,6.4,6.73,6.79,6.82,6.77
2025-03-21 09:00:00 PDT,2025-03-21 16:00:00 UTC,6.3,6.65,6.72,6.77,6.74
2025-03-21 10:00:00 PDT,2025-03-21 17:00:00 UTC,6.2,6.56,6.65,6.71,6.71
2025-03-21 11:00:00 PDT,2025-03-21 18:00:00 UTC,6.4,6.53,6.61,6.66,6.67
2025-03-21 12:00:00 PDT,2025-03-21 19:00:00 UTC,6.3,6.48,6.56,6.62,6.64
2025-03-21 13:00:00 PDT,2025-03-21 20:00:00 UTC,9.2,7.02,6.82,6.69,6.62
2025-03-21 14:00:00 PDT,2025-03-21 21:00:00 UTC,8.7,7.36,7.05,6.82,6.62
2025-03-21 15:00:00 PDT,2025-03-21 22:00:00 UTC,9.2,7.73,7.3,6.98,6.65
2025-03-21 16:00:00 PDT,2025-03-21 23:00:00 UTC,8.8,7.94,7.49,7.13,6.71
2025-03-21 17:00:00 PDT,2025-03-22 00:00:00 UTC,8.2,7.99,7.59,7.24,6.78
2025-03-21 18:00:00 PDT,2025-03-22 01:00:00 UTC,6.3,7.76,7.52,7.27,6.84
2025-03-21 19:00:00 PDT,2025-03-22 02:00:00 UTC,6.1,7.43,7.35,7.23,6.88
2025-03-21 20:00:00 PDT,2025-03-22 03:00:00 UTC,5.5,7.04,7.12,7.12,6.89
2025-03-21 21:00:00 PDT,2025-03-22 04:00:00 UTC,5.4,6.71,6.89,6.98,6.87
2025-03-21 22:00:00 PDT,2025-03-22 05:00:00 UTC,5.0,6.37,6.64,6.82,6.83
2025-03-21 23:00:00 PDT,2025-03-22 06:00:00 UTC,4.8,6.06,6.4,6.64,6.77
2025-03-22 00:00:00 PDT,2025-03-22 07:00:00 UTC,3.5,5.54,6.05,6.43,6.69
2025-03-22 01:00:00 PDT,2025-03-22 08:00:00 UTC,3.7,5.18,5.75,6.19,6.59
2025-03-22 02:00:00 PDT,2025-03-22 09:00:00 UTC,4.2,4.98,5.54,5.99,6.47
2025-03-22 03:00:00 PDT,2025-03-22 10:00:00 UTC,4.4,4.86,5.39,5.83,6.35
2025-03-22 04:00:00 PDT,2025-03-22 11:00:00 UTC,5.7,5.03,5.4,5.74,6.24
2025-03-22 05:00:00 PDT,2025-03-22 12:00:00 UTC,5.4,5.11,5.41,5.7,6.15
2025-03-22 06:00:00 PDT,2025-03-22 13:00:00 UTC,4.8,5.04,5.36,5.65,6.08
2025-03-22 07:00:00 PDT,2025-03-22 14:00:00 UTC,4.8,5.0,5.31,5.59,6.02
2025-03-22 08:00:00 PDT,2025-03-22 15:00:00 UTC,5.2,5.04,5.3,5.55,5.96
2025-03-22 09:00:00 PDT,2025-03-22 16:00:00 UTC,6.1,5.25,5.39,5.56,5.92
2025-03-22 10:00:00 PDT,2025-03-22 17:00:00 UTC,6.4,5.48,5.53,5.61,5.89
2025-03-22 11:00:00 PDT,2025-03-22 18:00:00 UTC,6.8,5.74,5.69,5.7,5.87
2025-03-22 12:00:00 PDT,2025-03-22 19:00:00 UTC,7.8,6.15,5.95,5.83,5.88
2025-03-22 13:00:00 PDT,2025-03-22 20:00:00 UTC,8.5,6.62,6.26,6.02,5.92
2025-03-22 14:00:00 PDT,2025-03-22 21:00:00 UTC,8.8,7.06,6.58,6.23,5.98
2025-03-22 15:00:00 PDT,2025-03-22 22:00:00 UTC,9.8,7.61,6.97,6.48,6.07
2025-03-22 16:00:00 PDT,2025-03-22 23:00:00 UTC,8.8,7.85,7.22,6.72,6.18
2025-03-22 17:00:00 PDT,2025-03-23 00:00:00 UTC,9.1,8.1,7.45,6.92,6.3
2025-03-22 18:00:00 PDT,2025-03-23 01:00:00 UTC,7.2,7.92,7.46,7.04,6.42
2025-03-22 19:00:00 PDT,2025-03-23 02:00:00 UTC,7.4,7.81,7.45,7.09,6.51
2025-03-22 20:00:00 PDT,2025-03-23 03:00:00 UTC,7.2,7.69,7.4,7.11,6.59
2025-03-22 21:00:00 PDT,2025-03-23 04:00:00 UTC,6.4,7.43,7.27,7.08,6.64
2025-03-22 22:00:00 PDT,2025-03-23 05:00:00 UTC,6.2,7.19,7.12,7.01,6.67
2025-03-22 23:00:00 PDT,2025-03-23 06:00:00 UTC,6.3,7.01,7.0,6.94,6.67
2025-03-23 00:00:00 PDT,2025-03-23 07:00:00 UTC,6.1,6.83,6.87,6.85,6.66
2025-03-23 01:00:00 PDT,2025-03-23 08:00:00 UTC,5.7,6.6,6.71,6.76,6.64
2025-03-23 02:00:00 PDT,2025-03-23 09:00:00 UTC,5.5,6.38,6.55,6.64,6.61
2025-03-23 03:00:00 PDT,2025-03-23 10:00:00 UTC,5.6,6.23,6.41,6.54,6.57
2025-03-23 04:00:00 PDT,2025-03-23 11:00:00 UTC,5.4,6.06,6.28,6.43,6.52
2025-03-23 05:00:00 PDT,2025-03-23 12:00:00 UTC,5.0,5.85,6.12,6.32,6.46
2025-03-23 06:00:00 PDT,2025-03-23 13:00:00 UTC,4.8,5.7,5.98,6.2,6.4
2025-03-23 07:00:00 PDT,2025-03-23 14:00:00 UTC,4.9,5.54,5.85,6.09,6.34
2025-03-23 08:00:00 PDT,2025-03-23 15:00:00 UTC,5.2,5.47,5.76,6.0,6.27
2025-03-23 09:00:00 PDT,2025-03-23 16:00:00 UTC,5.3,5.44,5.7,5.92,6.21
2025-03-23 10:00:00 PDT,2025-03-23 17:00:00 UTC,5.7,5.49,5.69,5.88,6.15
2025-03-23 11:00:00 PDT,2025-03-23 18:00:00 UTC,6.0,5.59,5.73,5.86,6.1
2025-03-23 12:00:00 PDT,2025-03-23 19:00:00 UTC,6.3,5.73,5.8,5.88,6.07
2025-03-23 13:00:00 PDT,2025-03-23 20:00:00 UTC,6.7,5.93,5.91,5.93,6.05
2025-03-23 14:00:00 PDT,2025-03-23 21:00:00 UTC,7.4,6.22,6.09,6.01,6.05
2025-03-23 15:00:00 PDT,2025-03-23 22:00:00 UTC,7.5,6.48,6.27,6.12,6.06
2025-03-23 16:00:00 PDT,2025-03-23 23:00:00 UTC,7.7,6.72,6.45,6.24,6.1
2025-03-23 17:00:00 PDT,2025-03-24 00:00:00 UTC,8.0,6.98,6.64,6.38,6.14
2025-03-23 18:00:00 PDT,2025-03-24 01:00:00 UTC,8.6,7.3,6.87,6.53,6.2
2025-03-23 19:00:00 PDT,2025-03-24 02:00:00 UTC,8.8,7.6,7.1,6.71,6.28
2025-03-23 20:00:00 PDT,2025-03-24 03:00:00 UTC,9.6,8.0,7.39,6.9,6.36
2025-03-23 21:00:00 PDT,2025-03-24 04:00:00 UTC,9.1,8.22,7.61,7.09,6.46
2025-03-23 22:00:00 PDT,2025-03-24 05:00:00 UTC,9.3,8.44,7.81,7.27,6.57
2025-03-23 23:00:00 PDT,2025-03-24 06:00:00 UTC,9.7,8.69,8.02,7.44,6.68
2025-03-24 00:00:00 PDT,2025-03-24 07:00:00 UTC,10.6,9.07,8.3,7.64,6.79
2025-03-24 01:00:00 PDT,2025-03-24 08:00:00 UTC,9.8,9.22,8.48,7.82,6.92
2025-03-24 02:00:00 PDT,2025-03-24 09:00:00 UTC,9.5,9.27,8.59,7.96,7.04
2025-03-24 03:00:00 PDT,2025-03-24 10:00:00 UTC,9.4,9.3,8.66,8.07,7.15
2025-03-24 04:00:00 PDT,2025-03-24 11:00:00 UTC,8.2,9.08,8.6,8.11,7.25
2025-03-24 05:00:00 PDT,2025-03-24 12:00:00 UTC,9.2,9.1,8.62,8.15,7.32
2025-03-24 06:00:00 PDT,2025-03-24 13:00:00 UTC,8.9,9.06,8.62,8.18,7.39
2025-03-24 07:00:00 PDT,2025-03-24 14:00:00 UTC,9.2,9.09,8.64,8.21,7.44
2025-03-24 08:00:00 PDT,2025-03-24 15:00:00 UTC,9.1,9.09,8.66,8.24,7.49
2025-03-24 09:00:00 PDT,2025-03-24 16:00:00 UTC,9.5,9.17,8.72,8.28,7.54
2025-03-24 10:00:00 PDT,2025-03-24 17:00:00 UTC,9.9,9.32,8.81,8.35,7.58
2025-03-24 11:00:00 PDT,2025-03-24 18:00:00 UTC,9.1,9.29,8.83,8.4,7.64
2025-03-24 12:00:00 PDT,2025-03-24 19:00:00 UTC,9.5,9.33,8.88,8.44,7.68
2025-03-24 13:00:00 PDT,2025-03-24 20:00:00 UTC,10.9,9.64,9.06,8.54,7.73
2025-03-24 14:00:00 PDT,2025-03-24 21:00:00 UTC,11.9,10.1,9.34,8.7,7.8
2025-03-24 15:00:00 PDT,2025-03-24 22:00:00 UTC,9.9,10.06,9.42,8.82,7.88
2025-03-24 16:00:00 PDT,2025-03-24 23:00:00 UTC,11.5,10.35,9.61,8.95,7.96
2025-03-24 17:00:00 PDT,2025-03-25 00:00:00 UTC,10.8,10.44,9.73,9.08,8.05
2025-03-24 18:00:00 PDT,2025-03-25 01:00:00 UTC,10.8,10.51,9.82,9.18,8.14
2025-03-24 19:00:00 PDT,2025-03-25 02:00:00 UTC,10.4,10.49,9.86,9.26,8.22
2025-03-24 20:00:00 PDT,2025-03-25 03:00:00 UTC,10.4,10.47,9.88,9.31,8.3
2025-03-24 21:00:00 PDT,2025-03-25 04:00:00 UTC,10.0,10.38,9.85,9.33,8.36
2025-03-24 22:00:00 PDT,2025-03-25 05:00:00 UTC,10.2,10.34,9.84,9.35,8.42
2025-03-24 23:00:00 PDT,2025-03-25 06:00:00 UTC,9.7,10.21,9.78,9.34,8.46
2025-03-25 00:00:00 PDT,2025-03-25 07:00:00 UTC,9.5,10.07,9.7,9.32,8.49
2025-03-25 01:00:00 PDT,2025-03-25 08:00:00 UTC,9.5,9.96,9.63,9.28,8.51
2025-03-25 02:00:00 PDT,2025-03-25 09:00:00 UTC,9.2,9.8,9.53,9.23,8.52
2025-03-25 03:00:00 PDT,2025-03-25 10:00:00 UTC,9.3,9.7,9.46,9.18,8.52
2025-03-25 04:00:00 PDT,2025-03-25 11:00:00 UTC,9.3,9.62,9.39,9.13,8.52
2025-03-25 05:00:00 PDT,2025-03-25 12:00:00 UTC,9.3,9.56,9.33,9.09,8.51
2025-03-25 06:00:00 PDT,2025-03-25 13:00:00 UTC,9.6,9.57,9.32,9.06,8.5
2025-03-25 07:00:00 PDT,2025-03-25 14:00:00 UTC,9.4,9.53,9.29,9.04,8.49
2025-03-25 08:00:00 PDT,2025-03-25 15:00:00 UTC,9.5,9.53,9.28,9.02,8.49
2025-03-25 09:00:00 PDT,2025-03-25 16:00:00 UTC,10.4,9.7,9.36,9.05,8.48
2025-03-25 10:00:00 PDT,2025-03-25 17:00:00 UTC,10.8,9.92,9.49,9.11,8.49
2025-03-25 11:00:00 PDT,2025-03-25 18:00:00 UTC,10.9,10.12,9.63,9.2,8.52
2025-03-25 12:00:00 PDT,2025-03-25 19:00:00 UTC,13.8,10.85,10.05,9.4,8.56
2025-03-25 13:00:00 PDT,2025-03-25 20:00:00 UTC,14.5,11.58,10.54,9.69,8.64
2025-03-25 14:00:00 PDT,2025-03-25 21:00:00 UTC,14.5,12.17,11.0,10.02,8.77
2025-03-25 15:00:00 PDT,2025-03-25 22:00:00 UTC,15.3,12.79,11.48,10.37,8.93
2025-03-25 16:00:00 PDT,2025-03-25 23:00:00 UTC,15.4,13.31,11.92,10.73,9.11
2025-03-25 17:00:00 PDT,2025-03-26 00:00:00 UTC,15.1,13.67,12.28,11.05,9.31
2025-03-25 18:00:00 PDT,2025-03-26 01:00:00 UTC,15.3,14.0,12.6,11.35,9.52
2025-03-25 19:00:00 PDT,2025-03-26 02:00:00 UTC,13.7,13.94,12.71,11.56,9.72
2025-03-25 20:00:00 PDT,2025-03-26 03:00:00 UTC,10.9,13.33,12.48,11.59,9.89
2025-03-25 21:00:00 PDT,2025-03-26 04:00:00 UTC,9.8,12.62,12.11,11.48,10.01
2025-03-25 22:00:00 PDT,2025-03-26 05:00:00 UTC,9.4,11.98,11.7,11.28,10.06
2025-03-25 23:00:00 PDT,2025-03-26 06:00:00 UTC,8.1,11.2,11.2,11.0,10.06
2025-03-26 00:00:00 PDT,2025-03-26 07:00:00 UTC,8.2,10.6,10.74,10.7,10.0
2025-03-26 01:00:00 PDT,2025-03-26 08:00:00 UTC,8.8,10.24,10.41,10.42,9.91
2025-03-26 02:00:00 PDT,2025-03-26 09:00:00 UTC,8.1,9.81,10.06,10.16,9.8
2025-03-26 03:00:00 PDT,2025-03-26 10:00:00 UTC,8.0,9.45,9.75,9.91,9.68
2025-03-26 04:00:00 PDT,2025-03-26 11:00:00 UTC,8.6,9.28,9.54,9.7,9.56
2025-03-26 05:00:00 PDT,2025-03-26 12:00:00 UTC,8.2,9.06,9.33,9.51,9.43
2025-03-26 06:00:00 PDT,2025-03-26 13:00:00 UTC,8.3,8.91,9.17,9.34,9.32
2025-03-26 07:00:00 PDT,2025-03-26 14:00:00 UTC,7.8,8.69,8.98,9.18,9.2
2025-03-26 08:00:00 PDT,2025-03-26 15:00:00 UTC,8.5,8.65,8.88,9.05,9.1
2025-03-26 09:00:00 PDT,2025-03-26 16:00:00 UTC,9.7,8.86,8.93,8.99,9.0
2025-03-26 10:00:00 PDT,2025-03-26 17:00:00 UTC,9.6,9.01,8.99,8.98,8.93
2025-03-26 11:00:00 PDT,2025-03-26 18:00:00 UTC,9.0,9.01,8.99,8.97,8.87
2025-03-26 12:00:00 PDT,2025-03-26 19:00:00 UTC,9.9,9.19,9.08,8.99,8.83
2025-03-26 13:00:00 PDT,2025-03-26 20:00:00 UTC,9.8,9.31,9.15,9.02,8.81
2025-03-26 14:00:00 PDT,2025-03-26 21:00:00 UTC,9.4,9.33,9.18,9.04,8.8
2025-03-26 15:00:00 PDT,2025-03-26 22:00:00 UTC,9.6,9.38,9.22,9.06,8.79
2025-03-26 16:00:00 PDT,2025-03-26 23:00:00 UTC,14.3,10.37,9.73,9.26,8.79
2025-03-26 17:00:00 PDT,2025-03-27 00:00:00 UTC,11.5,10.59,9.98,9.47,8.85
2025-03-26 18:00:00 PDT,2025-03-27 01:00:00 UTC,11.8,10.83,10.19,9.64,8.92
2025-03-26 19:00:00 PDT,2025-03-27 02:00:00 UTC,10.1,10.69,10.2,9.74,9.0
2025-03-26 20:00:00 PDT,2025-03-27 03:00:00 UTC,10.2,10.59,10.18,9.78,9.07
2025-03-26 21:00:00 PDT,2025-03-27 04:00:00 UTC,9.5,10.37,10.08,9.77,9.12
2025-03-26 22:00:00 PDT,2025-03-27 05:00:00 UTC,9.4,10.18,9.97,9.72,9.14
2025-03-26 23:00:00 PDT,2025-03-27 06:00:00 UTC,9.7,10.11,9.91,9.68,9.15
2025-03-27 00:00:00 PDT,2025-03-27 07:00:00 UTC,11.2,10.26,9.96,9.68,9.15
2025-03-27 01:00:00 PDT,2025-03-27 08:00:00 UTC,11.7,10.46,10.08,9.73,9.16
2025-03-27 02:00:00 PDT,2025-03-27 09:00:00 UTC,11.2,10.61,10.19,9.8,9.18
2025-03-27 03:00:00 PDT,2025-03-27 10:00:00 UTC,11.1,10.71,10.27,9.87,9.21
2025-03-27 04:00:00 PDT,2025-03-27 11:00:00 UTC,11.0,10.75,10.32,9.93,9.25
2025-03-27 05:00:00 PDT,2025-03-27 12:00:00 UTC,10.8,10.76,10.35,9.97,9.29
2025-03-27 06:00:00 PDT,2025-03-27 13:00:00 UTC,10.8,10.77,10.38,10.0,9.32
2025-03-27 07:00:00 PDT,2025-03-27 14:00:00 UTC,10.1,10.63,10.32,10.0,9.35
2025-03-27 08:00:00 PDT,2025-03-27 15:00:00 UTC,9.8,10.47,10.23,9.97,9.37
2025-03-27 09:00:00 PDT,2025-03-27 16:00:00 UTC,10.0,10.37,10.16,9.92,9.37
2025-03-27 10:00:00 PDT,2025-03-27 17:00:00 UTC,11.3,10.56,10.24,9.93,9.37
2025-03-27 11:00:00 PDT,2025-03-27 18:00:00 UTC,13.6,11.17,10.56,10.06,9.39
2025-03-27 12:00:00 PDT,2025-03-27 19:00:00 UTC,14.1,11.75,10.95,10.28,9.43
2025-03-27 13:00:00 PDT,2025-03-27 20:00:00 UTC,14.3,12.26,11.33,10.54,9.52
2025-03-27 14:00:00 PDT,2025-03-27 21:00:00 UTC,14.3,12.67,11.66,10.8,9.63
2025-03-27 15:00:00 PDT,2025-03-27 22:00:00 UTC,14.9,13.12,12.02,11.07,9.77
2025-03-27 16:00:00 PDT,2025-03-27 23:00:00 UTC,14.6,13.41,12.3,11.32,9.92
2025-03-27 17:00:00 PDT,2025-03-28 00:00:00 UTC,13.7,13.47,12.45,11.52,10.07
2025-03-27 18:00:00 PDT,2025-03-28 01:00:00 UTC,12.2,13.22,12.4,11.61,10.21
2025-03-27 19:00:00 PDT,2025-03-28 02:00:00 UTC,11.5,12.87,12.26,11.6,10.32
2025-03-27 20:00:00 PDT,2025-03-28 03:00:00 UTC,11.3,12.56,12.08,11.55,10.39
2025-03-27 21:00:00 PDT,2025-03-28 04:00:00 UTC,11.4,12.33,11.92,11.47,10.43
2025-03-27 22:00:00 PDT,2025-03-28 05:00:00 UTC,10.9,12.04,11.74,11.37,10.45
2025-03-27 23:00:00 PDT,2025-03-28 06:00:00 UTC,11.1,11.85,11.59,11.27,10.44
2025-03-28 00:00:00 PDT,2025-03-28 07:00:00 UTC,10.6,11.6,11.42,11.16,10.43
2025-03-28 01:00:00 PDT,2025-03-28 08:00:00 UTC,10.8,11.44,11.28,11.05,10.4
2025-03-28 02:00:00 PDT,2025-03-28 09:00:00 UTC,10.8,11.31,11.16,10.96,10.36
2025-03-28 03:00:00 PDT,2025-03-28 10:00:00 UTC,10.5,11.15,11.03,10.86,10.32
2025-03-28 04:00:00 PDT,2025-03-28 11:00:00 UTC,9.7,10.86,10.84,10.74,10.28
2025-03-28 05:00:00 PDT,2025-03-28 12:00:00 UTC,9.3,10.55,10.62,10.59,10.22
2025-03-28 06:00:00 PDT,2025-03-28 13:00:00 UTC,9.0,10.24,10.38,10.43,10.15
2025-03-28 07:00:00 PDT,2025-03-28 14:00:00 UTC,9.0,9.99,10.17,10.26,10.07
2025-03-28 08:00:00 PDT,2025-03-28 15:00:00 UTC,9.6,9.91,10.05,10.12,9.99
2025-03-28 09:00:00 PDT,2025-03-28 16:00:00 UTC,10.0,9.93,10.0,10.03,9.91
2025-03-28 10:00:00 PDT,2025-03-28 17:00:00 UTC,10.3,10.0,10.0,9.98,9.83
2025-03-28 11:00:00 PDT,2025-03-28 18:00:00 UTC,10.5,10.1,10.03,9.97,9.78
2025-03-28 12:00:00 PDT,2025-03-28 19:00:00 UTC,10.1,10.1,10.03,9.95,9.74
2025-03-28 13:00:00 PDT,2025-03-28 20:00:00 UTC,10.6,10.2,10.07,9.95,9.71
2025-03-28 14:00:00 PDT,2025-03-28 21:00:00 UTC,10.8,10.32,10.14,9.97,9.69
2025-03-28 15:00:00 PDT,2025-03-28 22:00:00 UTC,10.5,10.36,10.17,9.99,9.67
2025-03-28 16:00:00 PDT,2025-03-28 23:00:00 UTC,10.3,10.35,10.17,10.0,9.67
2025-03-28 17:00:00 PDT,2025-03-29 00:00:00 UTC,10.5,10.38,10.19,10.01,9.66
2025-03-28 18:00:00 PDT,2025-03-29 01:00:00 UTC,10.6,10.42,10.22,10.02,9.66
2025-03-28 19:00:00 PDT,2025-03-29 02:00:00 UTC,10.4,10.42,10.22,10.03,9.66
2025-03-28 20:00:00 PDT,2025-03-29 03:00:00 UTC,9.7,10.27,10.15,10.01,9.66
2025-03-28 21:00:00 PDT,2025-03-29 04:00:00 UTC,9.7,10.16,10.08,9.96,9.65
2025-03-28 22:00:00 PDT,2025-03-29 05:00:00 UTC,9.6,10.05,10.0,9.91,9.63
2025-03-28 23:00:00 PDT,2025-03-29 06:00:00 UTC,8.7,9.78,9.83,9.82,9.61
2025-03-29 00:00:00 PDT,2025-03-29 07:00:00 UTC,8.9,9.6,9.69,9.72,9.57
2025-03-29 01:00:00 PDT,2025-03-29 08:00:00 UTC,8.5,9.38,9.53,9.61,9.52
2025-03-29 02:00:00 PDT,2025-03-29 09:00:00 UTC,8.4,9.19,9.37,9.49,9.46
2025-03-29 03:00:00 PDT,2025-03-29 10:00:00 UTC,8.4,9.03,9.23,9.37,9.4
2025-03-29 04:00:00 PDT,2025-03-29 11:00:00 UTC,8.3,8.88,9.1,9.26,9.33
2025-03-29 05:00:00 PDT,2025-03-29 12:00:00 UTC,8.2,8.75,8.98,9.15,9.26
2025-03-29 06:00:00 PDT,2025-03-29 13:00:00 UTC,8.1,8.62,8.86,9.05,9.18
2025-03-29 07:00:00 PDT,2025-03-29 14:00:00 UTC,8.3,8.55,8.78,8.96,9.11
2025-03-29 08:00:00 PDT,2025-03-29 15:00:00 UTC,8.0,8.44,8.68,8.87,9.04
2025-03-29 09:00:00 PDT,2025-03-29 16:00:00 UTC,8.2,8.39,8.61,8.79,8.97
2025-03-29 10:00:00 PDT,2025-03-29 17:00:00 UTC,8.6,8.44,8.6,8.74,8.91
2025-03-29 11:00:00 PDT,2025-03-29 18:00:00 UTC,8.5,8.45,8.58,8.71,8.86
2025-03-29 12:00:00 PDT,2025-03-29 19:00:00 UTC,9.0,8.56,8.62,8.7,8.81
2025-03-29 13:00:00 PDT,2025-03-29 20:00:00 UTC,10.2,8.89,8.79,8.75,8.78
2025-03-29 14:00:00 PDT,2025-03-29 21:00:00 UTC,11.0,9.31,9.05,8.87,8.77
2025-03-29 15:00:00 PDT,2025-03-29 22:00:00 UTC,11.0,9.65,9.29,9.02,8.79
2025-03-29 16:00:00 PDT,2025-03-29 23:00:00 UTC,11.3,9.98,9.53,9.19,8.84
2025-03-29 17:00:00 PDT,2025-03-30 00:00:00 UTC,10.7,10.12,9.69,9.33,8.9
2025-03-29 18:00:00 PDT,2025-03-30 01:00:00 UTC,11.1,10.32,9.85,9.46,8.96
2025-03-29 19:00:00 PDT,2025-03-30 02:00:00 UTC,9.6,10.17,9.84,9.53,9.03
2025-03-29 20:00:00 PDT,2025-03-30 03:00:00 UTC,7.6,9.66,9.6,9.47,9.08
2025-03-29 21:00:00 PDT,2025-03-30 04:00:00 UTC,7.2,9.17,9.3,9.33,9.09
2025-03-29 22:00:00 PDT,2025-03-30 05:00:00 UTC,7.4,8.81,9.04,9.16,9.06
2025-03-29 23:00:00 PDT,2025-03-30 06:00:00 UTC,7.0,8.45,8.77,8.98,9.01
2025-03-30 00:00:00 PDT,2025-03-30 07:00:00 UTC,6.3,8.02,8.46,8.77,8.93
2025-03-30 01:00:00 PDT,2025-03-30 08:00:00 UTC,5.6,7.54,8.1,8.52,8.84
2025-03-30 02:00:00 PDT,2025-03-30 09:00:00 UTC,5.6,7.15,7.78,8.27,8.72
2025-03-30 03:00:00 PDT,2025-03-30 10:00:00 UTC,3.5,6.42,7.29,7.96,8.58
2025-03-30 04:00:00 PDT,2025-03-30 11:00:00 UTC,3.7,5.88,6.84,7.61,8.42
2025-03-30 05:00:00 PDT,2025-03-30 12:00:00 UTC,3.3,5.36,6.41,7.27,8.23
2025-03-30 06:00:00 PDT,2025-03-30 13:00:00 UTC,3.8,5.05,6.08,6.96,8.03
2025-03-30 07:00:00 PDT,2025-03-30 14:00:00 UTC,3.7,4.78,5.8,6.68,7.83
2025-03-30 08:00:00 PDT,2025-03-30 15:00:00 UTC,5.6,4.94,5.76,6.51,7.64
2025-03-30 09:00:00 PDT,2025-03-30 16:00:00 UTC,7.8,5.51,5.98,6.49,7.48
2025-03-30 10:00:00 PDT,2025-03-30 17:00:00 UTC,8.2,6.05,6.28,6.59,7.37
2025-03-30 11:00:00 PDT,2025-03-30 18:00:00 UTC,8.6,6.56,6.6,6.74,7.32
2025-03-30 12:00:00 PDT,2025-03-30 19:00:00 UTC,9.2,7.09,6.95,6.94,7.31
2025-03-30 13:00:00 PDT,2025-03-30 20:00:00 UTC,9.6,7.59,7.31,7.17,7.34
2025-03-30 14:00:00 PDT,2025-03-30 21:00:00 UTC,9.6,7.99,7.63,7.4,7.4
2025-03-30 15:00:00 PDT,2025-03-30 22:00:00 UTC,9.8,8.35,7.93,7.62,7.48
2025-03-30 16:00:00 PDT,2025-03-30 23:00:00 UTC,10.1,8.7,8.21,7.84,7.58
2025-03-30 17:00:00 PDT,2025-03-31 00:00:00 UTC,10.1,8.98,8.46,8.05,7.68
2025-03-30 18:00:00 PDT,2025-03-31 01:00:00 UTC,9.4,9.07,8.6,8.22,7.79
2025-03-30 19:00:00 PDT,2025-03-31 02:00:00 UTC,8.8,9.01,8.65,8.32,7.89
2025-03-30 20:00:00 PDT,2025-03-31 03:00:00 UTC,8.6,8.93,8.65,8.38,7.97
2025-03-30 21:00:00 PDT,2025-03-31 04:00:00 UTC,8.5,8.84,8.62,8.4,8.04
2025-03-30 22:00:00 PDT,2025-03-31 05:00:00 UTC,9.1,8.9,8.66,8.44,8.09
2025-03-30 23:00:00 PDT,2025-03-31 06:00:00 UTC,10.2,9.16,8.81,8.51,8.13
2025-03-31 00:00:00 PDT,2025-03-31 07:00:00 UTC,9.2,9.17,8.86,8.58,8.18
2025-03-31 01:00:00 PDT,2025-03-31 08:00:00 UTC,9.2,9.17,8.89,8.63,8.23
2025-03-31 02:00:00 PDT,2025-03-31 09:00:00 UTC,9.0,9.14,8.9,8.66,8.27
2025-03-31 03:00:00 PDT,2025-03-31 10:00:00 UTC,9.3,9.17,8.92,8.69,8.31
2025-03-31 04:00:00 PDT,2025-03-31 11:00:00 UTC,9.2,9.18,8.94,8.72,8.34
2025-03-31 05:00:00 PDT,2025-03-31 12:00:00 UTC,8.9,9.12,8.93,8.73,8.37
2025-03-31 06:00:00 PDT,2025-03-31 13:00:00 UTC,8.9,9.08,8.91,8.73,8.39
2025-03-31 07:00:00 PDT,2025-03-31 14:00:00 UTC,8.6,8.98,8.86,8.72,8.41
2025-03-31 08:00:00 PDT,2025-03-31 15:00:00 UTC,8.6,8.91,8.81,8.69,8.42
2025-03-31 09:00:00 PDT,2025-03-31 16:00:00 UTC,9.5,9.02,8.85,8.7,8.42
2025-03-31 10:00:00 PDT,2025-03-31 17:00:00 UTC,10.9,9.4,9.06,8.78,8.43
2025-03-31 11:00:00 PDT,2025-03-31 18:00:00 UTC,10.3,9.58,9.2,8.89,8.46
2025-03-31 12:00:00 PDT,2025-03-31 19:00:00 UTC,10.0,9.66,9.3,8.97,8.51
2025-03-31 13:00:00 PDT,2025-03-31 20:00:00 UTC,10.7,9.87,9.44,9.07,8.56
2025-03-31 14:00:00 PDT,2025-03-31 21:00:00 UTC,11.7,10.24,9.68,9.22,8.62
2025-03-31 15:00:00 PDT,2025-03-31 22:00:00 UTC,12.6,10.71,10.0,9.42,8.69
2025-03-31 16:00:00 PDT,2025-03-31 23:00:00 UTC,12.9,11.15,10.33,9.65,8.79
2025-03-31 17:00:00 PDT,2025-04-01 00:00:00 UTC,11.5,11.22,10.48,9.83,8.91
2025-03-31 18:00:00 PDT,2025-04-01 01:00:00 UTC,11.0,11.17,10.54,9.95,9.02
2025-03-31 19:00:00 PDT,2025-04-01 02:00:00 UTC,10.3,11.0,10.5,10.0,9.12
2025-03-31 20:00:00 PDT,2025-04-01 03:00:00 UTC,9.2,10.64,10.33,9.97,9.19
2025-03-31 21:00:00 PDT,2025-04-01 04:00:00 UTC,8.7,10.25,10.1,9.87,9.23
2025-03-31 22:00:00 PDT,2025-04-01 05:00:00 UTC,8.9,9.98,9.9,9.76,9.24
2025-03-31 23:00:00 PDT,2025-04-01 06:00:00 UTC,8.5,9.69,9.7,9.63,9.22
2025-04-01 00:00:00 PDT,2025-04-01 07:00:00 UTC,7.4,9.23,9.4,9.45,9.19
2025-04-01 01:00:00 PDT,2025-04-01 08:00:00 UTC,8.1,9.0,9.19,9.28,9.13
2025-04-01 02:00:00 PDT,2025-04-01 09:00:00 UTC,7.7,8.74,8.98,9.12,9.06
2025-04-01 03:00:00 PDT,2025-04-01 10:00:00 UTC,7.8,8.55,8.8,8.97,8.98
2025-04-01 04:00:00 PDT,2025-04-01 11:00:00 UTC,8.7,8.58,8.75,8.87,8.9
2025-04-01 05:00:00 PDT,2025-04-01 12:00:00 UTC,8.7,8.61,8.72,8.8,8.84
2025-04-01 06:00:00 PDT,2025-04-01 13:00:00 UTC,8.3,8.55,8.66,8.75,8.78
2025-04-01 07:00:00 PDT,2025-04-01 14:00:00 UTC,7.5,8.34,8.53,8.66,8.73
2025-04-01 08:00:00 PDT,2025-04-01 15:00:00 UTC,7.5,8.17,8.39,8.56,8.67
2025-04-01 09:00:00 PDT,2025-04-01 16:00:00 UTC,9.1,8.36,8.44,8.52,8.61
2025-04-01 10:00:00 PDT,2025-04-01 17:00:00 UTC,8.9,8.46,8.49,8.52,8.57
2025-04-01 11:00:00 PDT,2025-04-01 18:00:00 UTC,9.7,8.71,8.62,8.56,8.54
2025-04-01 12:00:00 PDT,2025-04-01 19:00:00 UTC,10.6,9.09,8.84,8.66,8.53
2025-04-01 13:00:00 PDT,2025-04-01 20:00:00 UTC,10.8,9.43,9.07,8.8,8.55
2025-04-01 14:00:00 PDT,2025-04-01 21:00:00 UTC,11.3,9.8,9.34,8.97,8.59
2025-04-01 15:00:00 PDT,2025-04-01 22:00:00 UTC,11.3,10.1,9.57,9.14,8.65
2025-04-01 16:00:00 PDT,2025-04-01 23:00:00 UTC,11.6,10.4,9.81,9.32,8.73
2025-04-01 17:00:00 PDT,2025-04-02 00:00:00 UTC,11.9,10.7,10.05,9.51,8.82
2025-04-01 18:00:00 PDT,2025-04-02 01:00:00 UTC,11.1,10.78,10.19,9.66,8.92
2025-04-01 19:00:00 PDT,2025-04-02 02:00:00 UTC,10.3,10.69,10.2,9.74,9.01
2025-04-01 20:00:00 PDT,2025-04-02 03:00:00 UTC,10.5,10.65,10.21,9.79,9.09
2025-04-01 21:00:00 PDT,2025-04-02 04:00:00 UTC,9.0,10.32,10.07,9.78,9.15
2025-04-01 22:00:00 PDT,2025-04-02 05:00:00 UTC,8.4,9.94,9.85,9.68,9.18
2025-04-01 23:00:00 PDT,2025-04-02 06:00:00 UTC,8.9,9.73,9.69,9.58,9.18
2025-04-02 00:00:00 PDT,2025-04-02 07:00:00 UTC,9.1,9.6,9.57,9.49,9.17
2025-04-02 01:00:00 PDT,2025-04-02 08:00:00 UTC,8.9,9.46,9.46,9.41,9.14
2025-04-02 02:00:00 PDT,2025-04-02 09:00:00 UTC,7.8,9.23,9.3,9.31,9.11
2025-04-02 03:00:00 PDT,2025-04-02 10:00:00 UTC,7.5,8.88,9.07,9.17,9.07
2025-04-02 04:00:00 PDT,2025-04-02 11:00:00 UTC,7.3,8.57,8.84,9.01,9.01
2025-04-02 05:00:00 PDT,2025-04-02 12:00:00 UTC,7.4,8.33,8.64,8.85,8.94
2025-04-02 06:00:00 PDT,2025-04-02 13:00:00 UTC,7.6,8.19,8.48,8.71,8.86
2025-04-02 07:00:00 PDT,2025-04-02 14:00:00 UTC,7.4,8.03,8.34,8.58,8.77
2025-04-02 08:00:00 PDT,2025-04-02 15:00:00 UTC,7.6,7.94,8.23,8.47,8.69
2025-04-02 09:00:00 PDT,2025-04-02 16:00:00 UTC,8.0,7.95,8.19,8.39,8.61
2025-04-02 10:00:00 PDT,2025-04-02 17:00:00 UTC,7.0,7.76,8.06,8.3,8.54
2025-04-02 11:00:00 PDT,2025-04-02 18:00:00 UTC,8.6,7.93,8.09,8.25,8.48
2025-04-02 12:00:00 PDT,2025-04-02 19:00:00 UTC,9.2,8.18,8.21,8.27,8.43
2025-04-02 13:00:00 PDT,2025-04-02 20:00:00 UTC,10.0,8.55,8.42,8.35,8.4
2025-04-02 14:00:00 PDT,2025-04-02 21:00:00 UTC,11.2,9.08,8.74,8.51,8.4
2025-04-02 15:00:00 PDT,2025-04-02 22:00:00 UTC,11.5,9.56,9.08,8.72,8.44
2025-04-02 16:00:00 PDT,2025-04-02 23:00:00 UTC,11.2,9.89,9.35,8.93,8.5
2025-04-02 17:00:00 PDT,2025-04-03 00:00:00 UTC,10.5,10.01,9.51,9.09,8.59
2025-04-02 18:00:00 PDT,2025-04-03 01:00:00 UTC,10.0,10.01,9.58,9.2,8.67
2025-04-02 19:00:00 PDT,2025-04-03 02:00:00 UTC,8.9,9.79,9.52,9.24,8.75
2025-04-02 20:00:00 PDT,2025-04-03 03:00:00 UTC,7.5,9.33,9.28,9.17,8.79
2025-04-02 21:00:00 PDT,2025-04-03 04:00:00 UTC,7.3,8.92,9.03,9.04,8.8
2025-04-02 22:00:00 PDT,2025-04-03 05:00:00 UTC,6.5,8.44,8.71,8.86,8.78
2025-04-02 23:00:00 PDT,2025-04-03 06:00:00 UTC,7.2,8.19,8.49,8.68,8.73
2025-04-03 00:00:00 PDT,2025-04-03 07:00:00 UTC,5.1,7.57,8.09,8.45,8.65
2025-04-03 01:00:00 PDT,2025-04-03 08:00:00 UTC,6.1,7.28,7.81,8.22,8.55
2025-04-03 02:00:00 PDT,2025-04-03 09:00:00 UTC,5.2,6.86,7.49,7.98,8.44
2025-04-03 03:00:00 PDT,2025-04-03 10:00:00 UTC,6.1,6.71,7.29,7.78,8.31
2025-04-03 04:00:00 PDT,2025-04-03 11:00:00 UTC,4.5,6.27,6.98,7.55,8.18
2025-04-03 05:00:00 PDT,2025-04-03 12:00:00 UTC,6.0,6.21,6.83,7.37,8.05
2025-04-03 06:00:00 PDT,2025-04-03 13:00:00 UTC,6.3,6.23,6.76,7.24,7.92
2025-04-03 07:00:00 PDT,2025-04-03 14:00:00 UTC,5.9,6.17,6.68,7.14,7.81
2025-04-03 08:00:00 PDT,2025-04-03 15:00:00 UTC,6.4,6.21,6.65,7.06,7.71
2025-04-03 09:00:00 PDT,2025-04-03 16:00:00 UTC,8.3,6.63,6.83,7.08,7.63
2025-04-03 10:00:00 PDT,2025-04-03 17:00:00 UTC,9.3,7.16,7.13,7.2,7.58
2025-04-03 11:00:00 PDT,2025-04-03 18:00:00 UTC,9.7,7.67,7.47,7.38,7.57
2025-04-03 12:00:00 PDT,2025-04-03 19:00:00 UTC,10.1,8.16,7.81,7.6,7.61
2025-04-03 13:00:00 PDT,2025-04-03 20:00:00 UTC,10.3,8.59,8.14,7.82,7.67
2025-04-03 14:00:00 PDT,2025-04-03 21:00:00 UTC,10.5,8.97,8.45,8.05,7.75
2025-04-03 15:00:00 PDT,2025-04-03 22:00:00 UTC,11.2,9.41,8.79,8.3,7.86
2025-04-03 16:00:00 PDT,2025-04-03 23:00:00 UTC,11.2,9.77,9.09,8.54,7.97
2025-04-03 17:00:00 PDT,2025-04-04 00:00:00 UTC,11.3,10.08,9.36,8.78,8.1
2025-04-03 18:00:00 PDT,2025-04-04 01:00:00 UTC,10.8,10.22,9.55,8.97,8.23
2025-04-03 19:00:00 PDT,2025-04-04 02:00:00 UTC,10.5,10.28,9.66,9.12,8.36
2025-04-03 20:00:00 PDT,2025-04-04 03:00:00 UTC,9.2,10.06,9.62,9.19,8.47
2025-04-03 21:00:00 PDT,2025-04-04 04:00:00 UTC,7.6,9.57,9.39,9.14,8.56
2025-04-03 22:00:00 PDT,2025-04-04 05:00:00 UTC,8.5,9.36,9.24,9.06,8.6
2025-04-03 23:00:00 PDT,2025-04-04 06:00:00 UTC,8.3,9.14,9.09,8.98,8.61
2025-04-04 00:00:00 PDT,2025-04-04 07:00:00 UTC,7.0,8.72,8.83,8.85,8.61
2025-04-04 01:00:00 PDT,2025-04-04 08:00:00 UTC,7.8,8.53,8.66,8.72,8.58
2025-04-04 02:00:00 PDT,2025-04-04 09:00:00 UTC,6.3,8.09,8.37,8.55,8.53
2025-04-04 03:00:00 PDT,2025-04-04 10:00:00 UTC,4.7,7.41,7.94,8.3,8.47
2025-04-04 04:00:00 PDT,2025-04-04 11:00:00 UTC,5.5,7.03,7.6,8.04,8.37
2025-04-04 05:00:00 PDT,2025-04-04 12:00:00 UTC,4.8,6.58,7.25,7.77,8.25
2025-04-04 06:00:00 PDT,2025-04-04 13:00:00 UTC,4.7,6.21,6.93,7.51,8.11
2025-04-04 07:00:00 PDT,2025-04-04 14:00:00 UTC,4.7,5.9,6.65,7.27,7.96
2025-04-04 08:00:00 PDT,2025-04-04 15:00:00 UTC,6.8,6.08,6.62,7.12,7.82
2025-04-04 09:00:00 PDT,2025-04-04 16:00:00 UTC,9.2,6.71,6.89,7.14,7.7
2025-04-04 10:00:00 PDT,2025-04-04 17:00:00 UTC,10.6,7.49,7.33,7.31,7.64
2025-04-04 11:00:00 PDT,2025-04-04 18:00:00 UTC,11.4,8.27,7.83,7.58,7.64
2025-04-04 12:00:00 PDT,2025-04-04 19:00:00 UTC,10.9,8.79,8.25,7.87,7.69
2025-04-04 13:00:00 PDT,2025-04-04 20:00:00 UTC,11.4,9.32,8.66,8.16,7.79
2025-04-04 14:00:00 PDT,2025-04-04 21:00:00 UTC,11.3,9.71,9.0,8.44,7.91
2025-04-04 15:00:00 PDT,2025-04-04 22:00:00 UTC,12.3,10.23,9.4,8.73,8.04
2025-04-04 16:00:00 PDT,2025-04-04 23:00:00 UTC,12.4,10.66,9.76,9.03,8.19
2025-04-04 17:00:00 PDT,2025-04-05 00:00:00 UTC,12.2,10.97,10.06,9.3,8.35
2025-04-04 18:00:00 PDT,2025-04-05 01:00:00 UTC,12.0,11.18,10.3,9.53,8.51
2025-04-04 19:00:00 PDT,2025-04-05 02:00:00 UTC,10.6,11.06,10.34,9.68,8.67
2025-04-04 20:00:00 PDT,2025-04-05 03:00:00 UTC,9.2,10.69,10.21,9.71,8.8
2025-04-04 21:00:00 PDT,2025-04-05 04:00:00 UTC,8.6,10.27,9.99,9.66,8.89
2025-04-04 22:00:00 PDT,2025-04-05 05:00:00 UTC,9.4,10.1,9.86,9.59,8.94
2025-04-04 23:00:00 PDT,2025-04-05 06:00:00 UTC,7.8,9.64,9.6,9.47,8.96
2025-04-05 00:00:00 PDT,2025-04-05 07:00:00 UTC,7.4,9.19,9.3,9.3,8.95
2025-04-05 01:00:00 PDT,2025-04-05 08:00:00 UTC,6.6,8.67,8.95,9.08,8.91
2025-04-05 02:00:00 PDT,2025-04-05 09:00:00 UTC,7.1,8.36,8.67,8.87,8.84
2025-04-05 03:00:00 PDT,2025-04-05 10:00:00 UTC,5.0,7.69,8.23,8.6,8.75
2025-04-05 04:00:00 PDT,2025-04-05 11:00:00 UTC,6.5,7.45,7.97,8.36,8.64
2025-04-05 05:00:00 PDT,2025-04-05 12:00:00 UTC,6.8,7.32,7.79,8.17,8.51
2025-04-05 06:00:00 PDT,2025-04-05 13:00:00 UTC,5.5,6.96,7.52,7.96,8.4
2025-04-05 07:00:00 PDT,2025-04-05 14:00:00 UTC,5.5,6.66,7.27,7.76,8.27
2025-04-05 08:00:00 PDT,2025-04-05 15:00:00 UTC,7.7,6.87,7.27,7.64,8.15
2025-04-05 09:00:00 PDT,2025-04-05 16:00:00 UTC,9.8,7.46,7.53,7.68,8.05
2025-04-05 10:00:00 PDT,2025-04-05 17:00:00 UTC,11.6,8.29,8.0,7.87,8.0
2025-04-05 11:00:00 PDT,2025-04-05 18:00:00 UTC,12.4,9.11,8.54,8.16,8.02
2025-04-05 12:00:00 PDT,2025-04-05 19:00:00 UTC,13.0,9.89,9.09,8.51,8.1
2025-04-05 13:00:00 PDT,2025-04-05 20:00:00 UTC,13.8,10.67,9.67,8.91,8.22
2025-04-05 14:00:00 PDT,2025-04-05 21:00:00 UTC,13.9,11.32,10.2,9.31,8.39
2025-04-05 15:00:00 PDT,2025-04-05 22:00:00 UTC,13.5,11.75,10.62,9.68,8.58
2025-04-05 16:00:00 PDT,2025-04-05 23:00:00 UTC,14.0,12.2,11.02,10.02,8.78
2025-04-05 17:00:00 PDT,2025-04-06 00:00:00 UTC,16.3,13.02,11.6,10.43,8.99
2025-04-05 18:00:00 PDT,2025-04-06 01:00:00 UTC,17.0,13.82,12.22,10.88,9.23
2025-04-05 19:00:00 PDT,2025-04-06 02:00:00 UTC,15.0,14.05,12.57,11.27,9.48
2025-04-05 20:00:00 PDT,2025-04-06 03:00:00 UTC,14.4,14.12,12.77,11.55,9.73
2025-04-05 21:00:00 PDT,2025-04-06 04:00:00 UTC,14.0,14.1,12.88,11.75,9.96
2025-04-05 22:00:00 PDT,2025-04-06 05:00:00 UTC,15.3,14.34,13.09,11.95,10.16
2025-04-05 23:00:00 PDT,2025-04-06 06:00:00 UTC,15.1,14.49,13.27,12.14,10.35
2025-04-06 00:00:00 PDT,2025-04-06 07:00:00 UTC,12.7,14.13,13.18,12.23,10.52
2025-04-06 01:00:00 PDT,2025-04-06 08:00:00 UTC,13.5,14.01,13.13,12.26,10.65
2025-04-06 02:00:00 PDT,2025-04-06 09:00:00 UTC,12.5,13.7,12.99,12.25,10.76
2025-04-06 03:00:00 PDT,2025-04-06 10:00:00 UTC,12.4,13.44,12.84,12.2,10.84
2025-04-06 04:00:00 PDT,2025-04-06 11:00:00 UTC,11.7,13.1,12.63,12.11,10.89
2025-04-06 05:00:00 PDT,2025-04-06 12:00:00 UTC,10.3,12.54,12.3,11.95,10.91
2025-04-06 06:00:00 PDT,2025-04-06 13:00:00 UTC,10.4,12.11,11.99,11.75,10.89
2025-04-06 07:00:00 PDT,2025-04-06 14:00:00 UTC,10.3,11.75,11.71,11.55,10.85
2025-04-06 08:00:00 PDT,2025-04-06 15:00:00 UTC,10.9,11.58,11.53,11.39,10.79
2025-04-06 09:00:00 PDT,2025-04-06 16:00:00 UTC,11.8,11.62,11.47,11.29,10.73
2025-04-06 10:00:00 PDT,2025-04-06 17:00:00 UTC,11.6,11.62,11.44,11.23,10.68
2025-04-06 11:00:00 PDT,2025-04-06 18:00:00 UTC,12.2,11.73,11.47,11.21,10.64
2025-04-06 12:00:00 PDT,2025-04-06 19:00:00 UTC,11.7,11.73,11.46,11.19,10.61
2025-04-06 13:00:00 PDT,2025-04-06 20:00:00 UTC,11.3,11.67,11.43,11.17,10.6
2025-04-06 14:00:00 PDT,2025-04-06 21:00:00 UTC,12.0,11.71,11.44,11.16,10.58
2025-04-06 15:00:00 PDT,2025-04-06 22:00:00 UTC,11.8,11.73,11.44,11.15,10.57
2025-04-06 16:00:00 PDT,2025-04-06 23:00:00 UTC,11.6,11.71,11.43,11.15,10.57
2025-04-06 17:00:00 PDT,2025-04-07 00:00:00 UTC,11.1,11.59,11.37,11.12,10.56
2025-04-06 18:00:00 PDT,2025-04-07 01:00:00 UTC,10.7,11.46,11.28,11.07,10.56
2025-04-06 19:00:00 PDT,2025-04-07 02:00:00 UTC,10.7,11.31,11.18,11.01,10.54
2025-04-06 20:00:00 PDT,2025-04-07 03:00:00 UTC,10.3,11.11,11.04,10.93,10.51
2025-04-06 21:00:00 PDT,2025-04-07 04:00:00 UTC,10.0,10.89,10.89,10.83,10.48
2025-04-06 22:00:00 PDT,2025-04-07 05:00:00 UTC,9.7,10.65,10.71,10.71,10.44
2025-04-06 23:00:00 PDT,2025-04-07 06:00:00 UTC,9.2,10.36,10.51,10.57,10.38
2025-04-07 00:00:00 PDT,2025-04-07 07:00:00 UTC,9.0,10.09,10.29,10.41,10.31
2025-04-07 01:00:00 PDT,2025-04-07 08:00:00 UTC,9.1,9.89,10.12,10.26,10.23
2025-04-07 02:00:00 PDT,2025-04-07 09:00:00 UTC,8.9,9.69,9.94,10.12,10.15
2025-04-07 03:00:00 PDT,2025-04-07 10:00:00 UTC,8.6,9.47,9.76,9.97,10.06
2025-04-07 04:00:00 PDT,2025-04-07 11:00:00 UTC,8.5,9.28,9.59,9.83,9.97
2025-04-07 05:00:00 PDT,2025-04-07 12:00:00 UTC,8.6,9.14,9.45,9.69,9.88
2025-04-07 06:00:00 PDT,2025-04-07 13:00:00 UTC,8.8,9.07,9.35,9.58,9.79
2025-04-07 07:00:00 PDT,2025-04-07 14:00:00 UTC,8.7,9.0,9.27,9.49,9.7
2025-04-07 08:00:00 PDT,2025-04-07 15:00:00 UTC,9.2,9.04,9.24,9.42,9.62
2025-04-07 09:00:00 PDT,2025-04-07 16:00:00 UTC,9.6,9.15,9.27,9.39,9.56
2025-04-07 10:00:00 PDT,2025-04-07 17:00:00 UTC,9.4,9.2,9.29,9.38,9.5
2025-04-07 11:00:00 PDT,2025-04-07 18:00:00 UTC,9.9,9.34,9.36,9.39,9.46
2025-04-07 12:00:00 PDT,2025-04-07 19:00:00 UTC,10.5,9.57,9.48,9.44,9.44
2025-04-07 13:00:00 PDT,2025-04-07 20:00:00 UTC,12.8,10.22,9.84,9.59,9.43
2025-04-07 14:00:00 PDT,2025-04-07 21:00:00 UTC,12.4,10.65,10.16,9.79,9.47
2025-04-07 15:00:00 PDT,2025-04-07 22:00:00 UTC,11.0,10.72,10.3,9.95,9.53
2025-04-07 16:00:00 PDT,2025-04-07 23:00:00 UTC,10.3,10.66,10.33,10.03,9.59
2025-04-07 17:00:00 PDT,2025-04-08 00:00:00 UTC,10.5,10.63,10.35,10.08,9.64
2025-04-07 18:00:00 PDT,2025-04-08 01:00:00 UTC,10.4,10.59,10.34,10.1,9.69
2025-04-07 19:00:00 PDT,2025-04-08 02:00:00 UTC,10.3,10.53,10.32,10.11,9.72
2025-04-07 20:00:00 PDT,2025-04-08 03:00:00 UTC,10.2,10.46,10.29,10.11,9.74
2025-04-07 21:00:00 PDT,2025-04-08 04:00:00 UTC,9.5,10.27,10.19,10.07,9.75
2025-04-07 22:00:00 PDT,2025-04-08 05:00:00 UTC,9.3,10.08,10.06,10.0,9.75
2025-04-07 23:00:00 PDT,2025-04-08 06:00:00 UTC,8.7,9.8,9.89,9.9,9.73
2025-04-08 00:00:00 PDT,2025-04-08 07:00:00 UTC,8.6,9.56,9.71,9.79,9.7
2025-04-08 01:00:00 PDT,2025-04-08 08:00:00 UTC,8.5,9.35,9.54,9.66,9.65
2025-04-08 02:00:00 PDT,2025-04-08 09:00:00 UTC,7.9,9.06,9.33,9.52,9.59
2025-04-08 03:00:00 PDT,2025-04-08 10:00:00 UTC,8.0,8.85,9.15,9.38,9.52
2025-04-08 04:00:00 PDT,2025-04-08 11:00:00 UTC,8.2,8.72,9.02,9.25,9.45
2025-04-08 05:00:00 PDT,2025-04-08 12:00:00 UTC,7.8,8.53,8.86,9.13,9.37
2025-04-08 06:00:00 PDT,2025-04-08 13:00:00 UTC,7.8,8.39,8.73,9.01,9.29
2025-04-08 07:00:00 PDT,2025-04-08 14:00:00 UTC,8.3,8.37,8.66,8.91,9.21
2025-04-08 08:00:00 PDT,2025-04-08 15:00:00 UTC,8.4,8.38,8.62,8.85,9.13
2025-04-08 09:00:00 PDT,2025-04-08 16:00:00 UTC,8.6,8.42,8.62,8.8,9.07
2025-04-08 10:00:00 PDT,2025-04-08 17:00:00 UTC,8.3,8.4,8.59,8.77,9.02
2025-04-08 11:00:00 PDT,2025-04-08 18:00:00 UTC,8.2,8.37,8.56,8.73,8.97
2025-04-08 12:00:00 PDT,2025-04-08 19:00:00 UTC,8.5,8.39,8.55,8.7,8.93
2025-04-08 13:00:00 PDT,2025-04-08 20:00:00 UTC,8.7,8.45,8.57,8.69,8.89
2025-04-08 14:00:00 PDT,2025-04-08 21:00:00 UTC,9.5,8.66,8.67,8.72,8.86
2025-04-08 15:00:00 PDT,2025-04-08 22:00:00 UTC,9.2,8.77,8.75,8.76,8.85
2025-04-08 16:00:00 PDT,2025-04-08 23:00:00 UTC,10.0,9.01,8.9,8.83,8.84
2025-04-08 17:00:00 PDT,2025-04-09 00:00:00 UTC,10.6,9.33,9.1,8.94,8.86
2025-04-08 18:00:00 PDT,2025-04-09 01:00:00 UTC,10.6,9.59,9.29,9.07,8.89
2025-04-08 19:00:00 PDT,2025-04-09 02:00:00 UTC,10.0,9.67,9.39,9.17,8.93
2025-04-08 20:00:00 PDT,2025-04-09 03:00:00 UTC,9.1,9.55,9.38,9.22,8.98
2025-04-08 21:00:00 PDT,2025-04-09 04:00:00 UTC,8.9,9.42,9.33,9.22,9.02
2025-04-08 22:00:00 PDT,2025-04-09 05:00:00 UTC,9.1,9.36,9.29,9.21,9.04
2025-04-08 23:00:00 PDT,2025-04-09 06:00:00 UTC,8.9,9.27,9.24,9.19,9.04
2025-04-09 00:00:00 PDT,2025-04-09 07:00:00 UTC,8.5,9.11,9.14,9.14,9.04
2025-04-09 01:00:00 PDT,2025-04-09 08:00:00 UTC,8.2,8.93,9.03,9.08,9.03
2025-04-09 02:00:00 PDT,2025-04-09 09:00:00 UTC,7.5,8.64,8.84,8.97,9.01
2025-04-09 03:00:00 PDT,2025-04-09 10:00:00 UTC,5.7,8.06,8.49,8.79,8.97
2025-04-09 04:00:00 PDT,2025-04-09 11:00:00 UTC,6.2,7.68,8.19,8.57,8.89
2025-04-09 05:00:00 PDT,2025-04-09 12:00:00 UTC,5.8,7.31,7.89,8.35,8.8
2025-04-09 06:00:00 PDT,2025-04-09 13:00:00 UTC,6.7,7.19,7.72,8.17,8.69
2025-04-09 07:00:00 PDT,2025-04-09 14:00:00 UTC,6.7,7.09,7.59,8.03,8.58
2025-04-09 08:00:00 PDT,2025-04-09 15:00:00 UTC,7.8,7.23,7.6,7.95,8.48
2025-04-09 09:00:00 PDT,2025-04-09 16:00:00 UTC,8.9,7.56,7.74,7.96,8.4
2025-04-09 10:00:00 PDT,2025-04-09 17:00:00 UTC,10.1,8.07,8.02,8.06,8.35
2025-04-09 11:00:00 PDT,2025-04-09 18:00:00 UTC,12.0,8.86,8.49,8.28,8.34
2025-04-09 12:00:00 PDT,2025-04-09 19:00:00 UTC,11.4,9.37,8.88,8.54,8.39
2025-04-09 13:00:00 PDT,2025-04-09 20:00:00 UTC,12.7,10.03,9.34,8.84,8.48
2025-04-09 14:00:00 PDT,2025-04-09 21:00:00 UTC,12.4,10.51,9.74,9.15,8.59
2025-04-09 15:00:00 PDT,2025-04-09 22:00:00 UTC,14.3,11.27,10.27,9.5,8.74
2025-04-09 16:00:00 PDT,2025-04-09 23:00:00 UTC,13.0,11.61,10.64,9.83,8.9
2025-04-09 17:00:00 PDT,2025-04-10 00:00:00 UTC,13.4,11.97,10.97,10.12,9.08
2025-04-09 18:00:00 PDT,2025-04-10 01:00:00 UTC,13.1,12.2,11.22,10.38,9.26
2025-04-09 19:00:00 PDT,2025-04-10 02:00:00 UTC,11.4,12.04,11.26,10.54,9.44
2025-04-09 20:00:00 PDT,2025-04-10 03:00:00 UTC,9.6,11.55,11.07,10.56,9.58
2025-04-09 21:00:00 PDT,2025-04-10 04:00:00 UTC,11.4,11.52,11.04,10.56,9.67
2025-04-09 22:00:00 PDT,2025-04-10 05:00:00 UTC,10.6,11.34,10.95,10.55,9.74
2025-04-09 23:00:00 PDT,2025-04-10 06:00:00 UTC,9.3,10.93,10.73,10.47,9.79
2025-04-10 00:00:00 PDT,2025-04-10 07:00:00 UTC,10.0,10.74,10.59,10.38,9.81
2025-04-10 01:00:00 PDT,2025-04-10 08:00:00 UTC,9.1,10.41,10.38,10.27,9.81
2025-04-10 02:00:00 PDT,2025-04-10 09:00:00 UTC,9.1,10.15,10.18,10.14,9.79
2025-04-10 03:00:00 PDT,2025-04-10 10:00:00 UTC,9.0,9.92,10.0,10.01,9.75
2025-04-10 04:00:00 PDT,2025-04-10 11:00:00 UTC,9.5,9.84,9.89,9.9,9.7
2025-04-10 05:00:00 PDT,2025-04-10 12:00:00 UTC,8.6,9.59,9.72,9.79,9.65
2025-04-10 06:00:00 PDT,2025-04-10 13:00:00 UTC,9.1,9.49,9.61,9.68,9.6
2025-04-10 07:00:00 PDT,2025-04-10 14:00:00 UTC,9.2,9.43,9.54,9.6,9.55
2025-04-10 08:00:00 PDT,2025-04-10 15:00:00 UTC,9.7,9.49,9.53,9.55,9.5
2025-04-10 09:00:00 PDT,2025-04-10 16:00:00 UTC,10.3,9.65,9.59,9.55,9.46
2025-04-10 10:00:00 PDT,2025-04-10 17:00:00 UTC,11.1,9.94,9.75,9.6,9.43
2025-04-10 11:00:00 PDT,2025-04-10 18:00:00 UTC,12.2,10.39,10.01,9.73,9.44
2025-04-10 12:00:00 PDT,2025-04-10 19:00:00 UTC,13.4,10.99,10.39,9.94,9.47
2025-04-10 13:00:00 PDT,2025-04-10 20:00:00 UTC,14.0,11.59,10.82,10.2,9.54
2025-04-10 14:00:00 PDT,2025-04-10 21:00:00 UTC,10.9,11.46,10.88,10.37,9.65
2025-04-10 15:00:00 PDT,2025-04-10 22:00:00 UTC,11.5,11.46,10.95,10.47,9.74
2025-04-10 16:00:00 PDT,2025-04-10 23:00:00 UTC,15.3,12.23,11.38,10.68,9.83
2025-04-10 17:00:00 PDT,2025-04-11 00:00:00 UTC,13.8,12.55,11.67,10.93,9.94
2025-04-10 18:00:00 PDT,2025-04-11 01:00:00 UTC,13.5,12.74,11.88,11.13,10.07
2025-04-10 19:00:00 PDT,2025-04-11 02:00:00 UTC,11.6,12.51,11.86,11.23,10.2
2025-04-10 20:00:00 PDT,2025-04-11 03:00:00 UTC,10.8,12.17,11.72,11.24,10.3
2025-04-10 21:00:00 PDT,2025-04-11 04:00:00 UTC,10.1,11.75,11.49,11.16,10.36
2025-04-10 22:00:00 PDT,2025-04-11 05:00:00 UTC,9.5,11.3,11.21,11.03,10.39
2025-04-10 23:00:00 PDT,2025-04-11 06:00:00 UTC,8.8,10.8,10.88,10.84,10.37
2025-04-11 00:00:00 PDT,2025-04-11 07:00:00 UTC,8.5,10.34,10.55,10.62,10.33
2025-04-11 01:00:00 PDT,2025-04-11 08:00:00 UTC,8.6,9.99,10.26,10.41,10.26
2025-04-11 02:00:00 PDT,2025-04-11 09:00:00 UTC,7.8,9.55,9.93,10.18,10.17
2025-04-11 03:00:00 PDT,2025-04-11 10:00:00 UTC,6.6,8.96,9.52,9.9,10.06
2025-04-11 04:00:00 PDT,2025-04-11 11:00:00 UTC,6.7,8.51,9.14,9.61,9.93
2025-04-11 05:00:00 PDT,2025-04-11 12:00:00 UTC,4.8,7.77,8.62,9.27,9.78
2025-04-11 06:00:00 PDT,2025-04-11 13:00:00 UTC,5.2,7.26,8.18,8.91,9.61
2025-04-11 07:00:00 PDT,2025-04-11 14:00:00 UTC,5.6,6.92,7.84,8.59,9.41
2025-04-11 08:00:00 PDT,2025-04-11 15:00:00 UTC,7.5,7.04,7.75,8.39,9.22
2025-04-11 09:00:00 PDT,2025-04-11 16:00:00 UTC,9.7,7.57,7.94,8.34,9.06
2025-04-11 10:00:00 PDT,2025-04-11 17:00:00 UTC,9.5,7.96,8.15,8.39,8.95
2025-04-11 11:00:00 PDT,2025-04-11 18:00:00 UTC,10.2,8.41,8.41,8.5,8.88
2025-04-11 12:00:00 PDT,2025-04-11 19:00:00 UTC,11.0,8.92,8.74,8.67,8.86
2025-04-11 13:00:00 PDT,2025-04-11 20:00:00 UTC,10.9,9.32,9.03,8.86,8.88
2025-04-11 14:00:00 PDT,2025-04-11 21:00:00 UTC,11.8,9.82,9.38,9.07,8.92
2025-04-11 15:00:00 PDT,2025-04-11 22:00:00 UTC,11.8,10.21,9.69,9.3,9.0
2025-04-11 16:00:00 PDT,2025-04-11 23:00:00 UTC,11.4,10.45,9.92,9.51,9.09
2025-04-11 17:00:00 PDT,2025-04-12 00:00:00 UTC,10.9,10.54,10.06,9.66,9.18
2025-04-11 18:00:00 PDT,2025-04-12 01:00:00 UTC,9.8,10.39,10.06,9.74,9.27
2025-04-11 19:00:00 PDT,2025-04-12 02:00:00 UTC,9.2,10.15,9.96,9.75,9.34
2025-04-11 20:00:00 PDT,2025-04-12 03:00:00 UTC,9.0,9.92,9.83,9.71,9.38
2025-04-11 21:00:00 PDT,2025-04-12 04:00:00 UTC,9.0,9.74,9.71,9.65,9.4
2025-04-11 22:00:00 PDT,2025-04-12 05:00:00 UTC,9.3,9.65,9.64,9.59,9.4
2025-04-11 23:00:00 PDT,2025-04-12 06:00:00 UTC,9.1,9.54,9.55,9.54,9.39
2025-04-12 00:00:00 PDT,2025-04-12 07:00:00 UTC,8.8,9.39,9.45,9.47,9.37
2025-04-12 01:00:00 PDT,2025-04-12 08:00:00 UTC,8.2,9.15,9.3,9.38,9.35
2025-04-12 02:00:00 PDT,2025-04-12 09:00:00 UTC,7.7,8.86,9.1,9.26,9.31
2025-04-12 03:00:00 PDT,2025-04-12 10:00:00 UTC,7.6,8.61,8.91,9.12,9.26
2025-04-12 04:00:00 PDT,2025-04-12 11:00:00 UTC,7.3,8.35,8.7,8.97,9.19
2025-04-12 05:00:00 PDT,2025-04-12 12:00:00 UTC,7.1,8.1,8.5,8.82,9.11
2025-04-12 06:00:00 PDT,2025-04-12 13:00:00 UTC,7.0,7.88,8.31,8.67,9.03
2025-04-12 07:00:00 PDT,2025-04-12 14:00:00 UTC,7.1,7.72,8.16,8.52,8.94
2025-04-12 08:00:00 PDT,2025-04-12 15:00:00 UTC,7.8,7.74,8.1,8.42,8.85
2025-04-12 09:00:00 PDT,2025-04-12 16:00:00 UTC,8.4,7.87,8.13,8.38,8.77
2025-04-12 10:00:00 PDT,2025-04-12 17:00:00 UTC,9.0,8.1,8.23,8.39,8.71
2025-04-12 11:00:00 PDT,2025-04-12 18:00:00 UTC,9.4,8.36,8.38,8.44,8.68
2025-04-12 12:00:00 PDT,2025-04-12 19:00:00 UTC,10.0,8.69,8.58,8.54,8.66
2025-04-12 13:00:00 PDT,2025-04-12 20:00:00 UTC,10.4,9.03,8.81,8.67,8.67
2025-04-12 14:00:00 PDT,2025-04-12 21:00:00 UTC,10.6,9.34,9.04,8.82,8.71
2025-04-12 15:00:00 PDT,2025-04-12 22:00:00 UTC,11.1,9.69,9.29,9.0,8.76
2025-04-12 16:00:00 PDT,2025-04-12 23:00:00 UTC,11.9,10.14,9.6,9.2,8.83
2025-04-12 17:00:00 PDT,2025-04-13 00:00:00 UTC,11.5,10.41,9.85,9.4,8.92
2025-04-12 18:00:00 PDT,2025-04-13 01:00:00 UTC,10.9,10.51,10.0,9.56,9.02
2025-04-12 19:00:00 PDT,2025-04-13 02:00:00 UTC,10.2,10.45,10.03,9.66,9.12
2025-04-12 20:00:00 PDT,2025-04-13 03:00:00 UTC,9.1,10.18,9.93,9.68,9.19
2025-04-12 21:00:00 PDT,2025-04-13 04:00:00 UTC,9.6,10.06,9.87,9.66,9.25
2025-04-12 22:00:00 PDT,2025-04-13 05:00:00 UTC,8.9,9.83,9.74,9.62,9.28
2025-04-12 23:00:00 PDT,2025-04-13 06:00:00 UTC,6.5,9.16,9.37,9.46,9.28
2025-04-13 00:00:00 PDT,2025-04-13 07:00:00 UTC,6.6,8.65,9.02,9.24,9.25
2025-04-13 01:00:00 PDT,2025-04-13 08:00:00 UTC,5.2,7.96,8.55,8.96,9.18
2025-04-13 02:00:00 PDT,2025-04-13 09:00:00 UTC,3.8,7.13,7.98,8.6,9.07
2025-04-13 03:00:00 PDT,2025-04-13 10:00:00 UTC,5.0,6.7,7.57,8.26,8.92
2025-04-13 04:00:00 PDT,2025-04-13 11:00:00 UTC,5.2,6.4,7.26,7.96,8.75
2025-04-13 05:00:00 PDT,2025-04-13 12:00:00 UTC,4.7,6.06,6.95,7.69,8.58
2025-04-13 06:00:00 PDT,2025-04-13 13:00:00 UTC,3.9,5.63,6.6,7.41,8.4
2025-04-13 07:00:00 PDT,2025-04-13 14:00:00 UTC,4.8,5.46,6.37,7.17,8.22
2025-04-13 08:00:00 PDT,2025-04-13 15:00:00 UTC,6.6,5.69,6.38,7.04,8.05
2025-04-13 09:00:00 PDT,2025-04-13 16:00:00 UTC,8.5,6.25,6.62,7.05,7.92
2025-04-13 10:00:00 PDT,2025-04-13 17:00:00 UTC,10.1,7.02,7.05,7.21,7.84
2025-04-13 11:00:00 PDT,2025-04-13 18:00:00 UTC,11.3,7.88,7.58,7.48,7.82
2025-04-13 12:00:00 PDT,2025-04-13 19:00:00 UTC,10.6,8.42,8.01,7.77,7.87
2025-04-13 13:00:00 PDT,2025-04-13 20:00:00 UTC,11.2,8.98,8.44,8.07,7.95
2025-04-13 14:00:00 PDT,2025-04-13 21:00:00 UTC,10.8,9.34,8.77,8.34,8.06
2025-04-13 15:00:00 PDT,2025-04-13 22:00:00 UTC,11.9,9.85,9.16,8.63,8.19
2025-04-13 16:00:00 PDT,2025-04-13 23:00:00 UTC,11.7,10.22,9.49,8.91,8.33
2025-04-13 17:00:00 PDT,2025-04-14 00:00:00 UTC,12.3,10.64,9.83,9.18,8.48
2025-04-13 18:00:00 PDT,2025-04-14 01:00:00 UTC,11.6,10.83,10.07,9.42,8.64
2025-04-13 19:00:00 PDT,2025-04-14 02:00:00 UTC,10.5,10.76,10.14,9.58,8.78
2025-04-13 20:00:00 PDT,2025-04-14 03:00:00 UTC,8.2,10.25,9.94,9.59,8.91
2025-04-13 21:00:00 PDT,2025-04-14 04:00:00 UTC,7.9,9.78,9.68,9.5,8.99
2025-04-13 22:00:00 PDT,2025-04-14 05:00:00 UTC,8.4,9.51,9.48,9.39,9.02
2025-04-13 23:00:00 PDT,2025-04-14 06:00:00 UTC,7.6,9.12,9.24,9.26,9.02
2025-04-14 00:00:00 PDT,2025-04-14 07:00:00 UTC,7.2,8.74,8.97,9.09,9.0
2025-04-14 01:00:00 PDT,2025-04-14 08:00:00 UTC,7.6,8.51,8.77,8.93,8.95
2025-04-14 02:00:00 PDT,2025-04-14 09:00:00 UTC,7.0,8.21,8.54,8.77,8.89
2025-04-14 03:00:00 PDT,2025-04-14 10:00:00 UTC,7.8,8.13,8.41,8.64,8.82
2025-04-14 04:00:00 PDT,2025-04-14 11:00:00 UTC,4.8,7.46,8.02,8.43,8.74
2025-04-14 05:00:00 PDT,2025-04-14 12:00:00 UTC,7.2,7.41,7.87,8.25,8.65
2025-04-14 06:00:00 PDT,2025-04-14 13:00:00 UTC,4.8,6.89,7.53,8.03,8.54
2025-04-14 07:00:00 PDT,2025-04-14 14:00:00 UTC,6.5,6.81,7.37,7.85,8.43
2025-04-14 08:00:00 PDT,2025-04-14 15:00:00 UTC,8.0,7.05,7.41,7.77,8.32
2025-04-14 09:00:00 PDT,2025-04-14 16:00:00 UTC,9.7,7.58,7.66,7.82,8.24
2025-04-14 10:00:00 PDT,2025-04-14 17:00:00 UTC,11.0,8.26,8.06,7.99,8.2
2025-04-14 11:00:00 PDT,2025-04-14 18:00:00 UTC,12.2,9.05,8.56,8.26,8.22
2025-04-14 12:00:00 PDT,2025-04-14 19:00:00 UTC,12.4,9.72,9.05,8.58,8.29
2025-04-14 13:00:00 PDT,2025-04-14 20:00:00 UTC,13.0,10.38,9.55,8.92,8.4
2025-04-14 14:00:00 PDT,2025-04-14 21:00:00 UTC,13.2,10.94,10.01,9.27,8.55
2025-04-14 15:00:00 PDT,2025-04-14 22:00:00 UTC,13.1,11.37,10.4,9.6,8.72
2025-04-14 16:00:00 PDT,2025-04-14 23:00:00 UTC,13.3,11.76,10.75,9.91,8.9
2025-04-14 17:00:00 PDT,2025-04-15 00:00:00 UTC,12.8,11.97,11.01,10.17,9.08
2025-04-14 18:00:00 PDT,2025-04-15 01:00:00 UTC,12.2,12.01,11.15,10.37,9.26
2025-04-14 19:00:00 PDT,2025-04-15 02:00:00 UTC,11.8,11.97,11.21,10.51,9.42
2025-04-14 20:00:00 PDT,2025-04-15 03:00:00 UTC,10.8,11.74,11.15,10.57,9.55
2025-04-14 21:00:00 PDT,2025-04-15 04:00:00 UTC,10.7,11.53,11.06,10.57,9.65
2025-04-14 22:00:00 PDT,2025-04-15 05:00:00 UTC,10.6,11.34,10.96,10.55,9.72
2025-04-14 23:00:00 PDT,2025-04-15 06:00:00 UTC,10.7,11.21,10.88,10.52,9.77
2025-04-15 00:00:00 PDT,2025-04-15 07:00:00 UTC,10.8,11.13,10.82,10.49,9.81
2025-04-15 01:00:00 PDT,2025-04-15 08:00:00 UTC,10.5,11.01,10.75,10.46,9.83
2025-04-15 02:00:00 PDT,2025-04-15 09:00:00 UTC,10.3,10.86,10.65,10.41,9.85
2025-04-15 03:00:00 PDT,2025-04-15 10:00:00 UTC,9.9,10.67,10.53,10.35,9.85
2025-04-15 04:00:00 PDT,2025-04-15 11:00:00 UTC,9.7,10.48,10.4,10.27,9.85
2025-04-15 05:00:00 PDT,2025-04-15 12:00:00 UTC,9.3,10.24,10.24,10.17,9.83
2025-04-15 06:00:00 PDT,2025-04-15 13:00:00 UTC,9.1,10.01,10.07,10.06,9.8
2025-04-15 07:00:00 PDT,2025-04-15 14:00:00 UTC,8.2,9.65,9.83,9.91,9.76
2025-04-15 08:00:00 PDT,2025-04-15 15:00:00 UTC,9.5,9.62,9.73,9.8,9.7
2025-04-15 09:00:00 PDT,2025-04-15 16:00:00 UTC,10.3,9.76,9.76,9.75,9.64
2025-04-15 10:00:00 PDT,2025-04-15 17:00:00 UTC,11.3,10.07,9.9,9.78,9.61
2025-04-15 11:00:00 PDT,2025-04-15 18:00:00 UTC,11.7,10.39,10.1,9.87,9.59
2025-04-15 12:00:00 PDT,2025-04-15 19:00:00 UTC,12.1,10.73,10.32,10.0,9.61
2025-04-15 13:00:00 PDT,2025-04-15 20:00:00 UTC,12.4,11.07,10.56,10.15,9.65
2025-04-15 14:00:00 PDT,2025-04-15 21:00:00 UTC,12.5,11.35,10.79,10.31,9.71
2025-04-15 15:00:00 PDT,2025-04-15 22:00:00 UTC,13.9,11.86,11.13,10.52,9.79
2025-04-15 16:00:00 PDT,2025-04-15 23:00:00 UTC,13.8,12.25,11.44,10.76,9.89
2025-04-15 17:00:00 PDT,2025-04-16 00:00:00 UTC,13.1,12.42,11.64,10.95,10.01
2025-04-15 18:00:00 PDT,2025-04-16 01:00:00 UTC,12.4,12.42,11.73,11.09,10.12
2025-04-15 19:00:00 PDT,2025-04-16 02:00:00 UTC,12.0,12.33,11.74,11.17,10.23
2025-04-15 20:00:00 PDT,2025-04-16 03:00:00 UTC,10.5,11.97,11.58,11.17,10.31
2025-04-15 21:00:00 PDT,2025-04-16 04:00:00 UTC,9.6,11.49,11.32,11.07,10.36
2025-04-15 22:00:00 PDT,2025-04-16 05:00:00 UTC,10.1,11.21,11.12,10.95,10.38
2025-04-15 23:00:00 PDT,2025-04-16 06:00:00 UTC,9.6,10.89,10.89,10.81,10.36
2025-04-16 00:00:00 PDT,2025-04-16 07:00:00 UTC,9.1,10.53,10.64,10.65,10.33
2025-04-16 01:00:00 PDT,2025-04-16 08:00:00 UTC,8.9,10.21,10.39,10.47,10.28
2025-04-16 02:00:00 PDT,2025-04-16 09:00:00 UTC,8.7,9.91,10.15,10.3,10.21
2025-04-16 03:00:00 PDT,2025-04-16 10:00:00 UTC,8.1,9.54,9.88,10.1,10.12
2025-04-16 04:00:00 PDT,2025-04-16 11:00:00 UTC,7.9,9.22,9.61,9.9,10.03
2025-04-16 05:00:00 PDT,2025-04-16 12:00:00 UTC,7.5,8.87,9.34,9.69,9.92
2025-04-16 06:00:00 PDT,2025-04-16 13:00:00 UTC,7.4,8.58,9.09,9.48,9.81
2025-04-16 07:00:00 PDT,2025-04-16 14:00:00 UTC,7.8,8.42,8.91,9.3,9.69
2025-04-16 08:00:00 PDT,2025-04-16 15:00:00 UTC,8.9,8.52,8.87,9.19,9.57
2025-04-16 09:00:00 PDT,2025-04-16 16:00:00 UTC,8.9,8.59,8.87,9.12,9.48
2025-04-16 10:00:00 PDT,2025-04-16 17:00:00 UTC,10.2,8.92,9.01,9.13,9.4
2025-04-16 11:00:00 PDT,2025-04-16 18:00:00 UTC,10.9,9.31,9.23,9.22,9.35
2025-04-16 12:00:00 PDT,2025-04-16 19:00:00 UTC,11.4,9.73,9.49,9.35,9.34
2025-04-16 13:00:00 PDT,2025-04-16 20:00:00 UTC,12.2,10.22,9.82,9.54,9.36
2025-04-16 14:00:00 PDT,2025-04-16 21:00:00 UTC,12.4,10.66,10.14,9.75,9.42
2025-04-16 15:00:00 PDT,2025-04-16 22:00:00 UTC,13.9,11.31,10.58,10.02,9.5
2025-04-16 16:00:00 PDT,2025-04-16 23:00:00 UTC,14.1,11.87,11.01,10.33,9.61
2025-04-16 17:00:00 PDT,2025-04-17 00:00:00 UTC,13.8,12.25,11.36,10.62,9.75
2025-04-16 18:00:00 PDT,2025-04-17 01:00:00 UTC,13.6,12.52,11.63,10.87,9.9
2025-04-16 19:00:00 PDT,2025-04-17 02:00:00 UTC,12.1,12.44,11.71,11.04,10.05
2025-04-16 20:00:00 PDT,2025-04-17 03:00:00 UTC,10.5,12.05,11.57,11.08,10.17
2025-04-16 21:00:00 PDT,2025-04-17 04:00:00 UTC,9.5,11.54,11.31,11.01,10.26
2025-04-16 22:00:00 PDT,2025-04-17 05:00:00 UTC,8.3,10.89,10.93,10.83,10.29
2025-04-16 23:00:00 PDT,2025-04-17 06:00:00 UTC,8.4,10.39,10.57,10.62,10.28
2025-04-17 00:00:00 PDT,2025-04-17 07:00:00 UTC,6.0,9.51,10.02,10.31,10.23
2025-04-17 01:00:00 PDT,2025-04-17 08:00:00 UTC,5.7,8.75,9.46,9.94,10.12
2025-04-17 02:00:00 PDT,2025-04-17 09:00:00 UTC,7.0,8.4,9.09,9.61,9.98
2025-04-17 03:00:00 PDT,2025-04-17 10:00:00 UTC,2.8,7.28,8.37,9.18,9.81
2025-04-17 04:00:00 PDT,2025-04-17 11:00:00 UTC,3.9,6.61,7.79,8.72,9.6
2025-04-17 05:00:00 PDT,2025-04-17 12:00:00 UTC,3.8,6.04,7.28,8.29,9.37
2025-04-17 06:00:00 PDT,2025-04-17 13:00:00 UTC,2.7,5.38,6.74,7.85,9.12
2025-04-17 07:00:00 PDT,2025-04-17 14:00:00 UTC,7.1,5.72,6.7,7.59,8.87
2025-04-17 08:00:00 PDT,2025-04-17 15:00:00 UTC,9.1,6.4,6.95,7.55,8.66
2025-04-17 09:00:00 PDT,2025-04-17 16:00:00 UTC,11.3,7.38,7.47,7.71,8.52
2025-04-17 10:00:00 PDT,2025-04-17 17:00:00 UTC,11.6,8.22,8.01,7.99,8.47
2025-04-17 11:00:00 PDT,2025-04-17 18:00:00 UTC,12.5,9.08,8.59,8.33,8.49
2025-04-17 12:00:00 PDT,2025-04-17 19:00:00 UTC,12.7,9.8,9.14,8.7,8.57
2025-04-17 13:00:00 PDT,2025-04-17 20:00:00 UTC,12.7,10.38,9.62,9.06,8.69
2025-04-17 14:00:00 PDT,2025-04-17 21:00:00 UTC,14.3,11.17,10.19,9.46,8.84
2025-04-17 15:00:00 PDT,2025-04-17 22:00:00 UTC,14.7,11.87,10.76,9.88,9.03
2025-04-17 16:00:00 PDT,2025-04-17 23:00:00 UTC,15.3,12.56,11.31,10.31,9.24
2025-04-17 17:00:00 PDT,2025-04-18 00:00:00 UTC,14.4,12.93,11.71,10.69,9.46
2025-04-17 18:00:00 PDT,2025-04-18 01:00:00 UTC,13.7,13.08,11.97,10.99,9.69
2025-04-17 19:00:00 PDT,2025-04-18 02:00:00 UTC,12.4,12.94,12.03,11.18,9.9
2025-04-17 20:00:00 PDT,2025-04-18 03:00:00 UTC,11.2,12.6,11.92,11.25,10.07
2025-04-17 21:00:00 PDT,2025-04-18 04:00:00 UTC,9.3,11.94,11.6,11.18,10.2
2025-04-17 22:00:00 PDT,2025-04-18 05:00:00 UTC,11.0,11.75,11.45,11.09,10.26
2025-04-17 23:00:00 PDT,2025-04-18 06:00:00 UTC,7.3,10.86,10.95,10.88,10.29
2025-04-18 00:00:00 PDT,2025-04-18 07:00:00 UTC,9.8,10.65,10.72,10.69,10.27
2025-04-18 01:00:00 PDT,2025-04-18 08:00:00 UTC,9.6,10.44,10.53,10.53,10.23
2025-04-18 02:00:00 PDT,2025-04-18 09:00:00 UTC,7.6,9.87,10.17,10.32,10.17
2025-04-18 03:00:00 PDT,2025-04-18 10:00:00 UTC,5.1,8.92,9.56,9.99,10.09
2025-04-18 04:00:00 PDT,2025-04-18 11:00:00 UTC,6.5,8.43,9.13,9.64,9.96
2025-04-18 05:00:00 PDT,2025-04-18 12:00:00 UTC,6.5,8.05,8.77,9.34,9.81
2025-04-18 06:00:00 PDT,2025-04-18 13:00:00 UTC,6.5,7.74,8.47,9.06,9.64
2025-04-18 07:00:00 PDT,2025-04-18 14:00:00 UTC,7.0,7.59,8.27,8.83,9.48
2025-04-18 08:00:00 PDT,2025-04-18 15:00:00 UTC,10.1,8.09,8.42,8.77,9.33
2025-04-18 09:00:00 PDT,2025-04-18 16:00:00 UTC,12.4,8.95,8.86,8.89,9.23
2025-04-18 10:00:00 PDT,2025-04-18 17:00:00 UTC,12.6,9.68,9.32,9.13,9.2
2025-04-18 11:00:00 PDT,2025-04-18 18:00:00 UTC,13.8,10.51,9.87,9.44,9.24
2025-04-18 12:00:00 PDT,2025-04-18 19:00:00 UTC,12.6,10.92,10.25,9.74,9.32
2025-04-18 13:00:00 PDT,2025-04-18 20:00:00 UTC,13.8,11.5,10.69,10.05,9.44
2025-04-18 14:00:00 PDT,2025-04-18 21:00:00 UTC,15.3,12.26,11.23,10.41,9.58
2025-04-18 15:00:00 PDT,2025-04-18 22:00:00 UTC,16.6,13.13,11.86,10.84,9.75
2025-04-18 16:00:00 PDT,2025-04-18 23:00:00 UTC,16.5,13.8,12.42,11.28,9.96
2025-04-18 17:00:00 PDT,2025-04-19 00:00:00 UTC,15.7,14.18,12.83,11.67,10.2
2025-04-18 18:00:00 PDT,2025-04-19 01:00:00 UTC,15.3,14.41,13.12,11.99,10.43
2025-04-18 19:00:00 PDT,2025-04-19 02:00:00 UTC,12.5,14.02,13.07,12.15,10.65
2025-04-18 20:00:00 PDT,2025-04-19 03:00:00 UTC,11.8,13.58,12.89,12.17,10.82
2025-04-18 21:00:00 PDT,2025-04-19 04:00:00 UTC,12.7,13.4,12.79,12.16,10.94
2025-04-18 22:00:00 PDT,2025-04-19 05:00:00 UTC,12.2,13.16,12.66,12.13,11.02
2025-04-18 23:00:00 PDT,2025-04-19 06:00:00 UTC,11.5,12.83,12.47,12.05,11.08
2025-04-19 00:00:00 PDT,2025-04-19 07:00:00 UTC,11.2,12.5,12.26,11.94,11.11
2025-04-19 01:00:00 PDT,2025-04-19 08:00:00 UTC,10.8,12.16,12.03,11.81,11.11
2025-04-19 02:00:00 PDT,2025-04-19 09:00:00 UTC,10.1,11.75,11.75,11.64,11.09
2025-04-19 03:00:00 PDT,2025-04-19 10:00:00 UTC,9.5,11.3,11.43,11.44,11.04
2025-04-19 04:00:00 PDT,2025-04-19 11:00:00 UTC,8.7,10.78,11.07,11.2,10.97
2025-04-19 05:00:00 PDT,2025-04-19 12:00:00 UTC,8.3,10.28,10.69,10.94,10.88
2025-04-19 06:00:00 PDT,2025-04-19 13:00:00 UTC,8.2,9.87,10.34,10.67,10.76
2025-04-19 07:00:00 PDT,2025-04-19 14:00:00 UTC,8.4,9.57,10.07,10.43,10.63
2025-04-19 08:00:00 PDT,2025-04-19 15:00:00 UTC,9.0,9.46,9.89,10.23,10.5
2025-04-19 09:00:00 PDT,2025-04-19 16:00:00 UTC,9.7,9.51,9.83,10.11,10.38
2025-04-19 10:00:00 PDT,2025-04-19 17:00:00 UTC,10.4,9.69,9.87,10.05,10.27
2025-04-19 11:00:00 PDT,2025-04-19 18:00:00 UTC,11.3,10.01,10.02,10.07,10.19
2025-04-19 12:00:00 PDT,2025-04-19 19:00:00 UTC,11.4,10.29,10.18,10.13,10.15
2025-04-19 13:00:00 PDT,2025-04-19 20:00:00 UTC,12.2,10.67,10.42,10.25,10.14
2025-04-19 14:00:00 PDT,2025-04-19 21:00:00 UTC,12.8,11.1,10.7,10.41,10.15
2025-04-19 15:00:00 PDT,2025-04-19 22:00:00 UTC,12.7,11.42,10.95,10.58,10.19
2025-04-19 16:00:00 PDT,2025-04-19 23:00:00 UTC,13.4,11.81,11.23,10.77,10.25
2025-04-19 17:00:00 PDT,2025-04-20 00:00:00 UTC,13.5,12.15,11.5,10.97,10.34
2025-04-19 18:00:00 PDT,2025-04-20 01:00:00 UTC,12.7,12.26,11.66,11.14,10.43
2025-04-19 19:00:00 PDT,2025-04-20 02:00:00 UTC,11.9,12.19,11.69,11.23,10.52
2025-04-19 20:00:00 PDT,2025-04-20 03:00:00 UTC,11.1,11.97,11.62,11.26,10.6
2025-04-19 21:00:00 PDT,2025-04-20 04:00:00 UTC,9.6,11.5,11.38,11.19,10.65
2025-04-19 22:00:00 PDT,2025-04-20 05:00:00 UTC,8.8,10.96,11.05,11.03,10.66
2025-04-19 23:00:00 PDT,2025-04-20 06:00:00 UTC,9.9,10.75,10.85,10.88,10.63
2025-04-20 00:00:00 PDT,2025-04-20 07:00:00 UTC,8.9,10.38,10.59,10.71,10.59
2025-04-20 01:00:00 PDT,2025-04-20 08:00:00 UTC,9.1,10.12,10.38,10.54,10.52
2025-04-20 02:00:00 PDT,2025-04-20 09:00:00 UTC,8.9,9.88,10.17,10.38,10.45
2025-04-20 03:00:00 PDT,2025-04-20 10:00:00 UTC,9.0,9.7,10.01,10.23,10.36
2025-04-20 04:00:00 PDT,2025-04-20 11:00:00 UTC,8.6,9.48,9.82,10.08,10.28
2025-04-20 05:00:00 PDT,2025-04-20 12:00:00 UTC,8.6,9.31,9.66,9.94,10.19
2025-04-20 06:00:00 PDT,2025-04-20 13:00:00 UTC,8.9,9.22,9.55,9.82,10.1
2025-04-20 07:00:00 PDT,2025-04-20 14:00:00 UTC,8.9,9.16,9.47,9.72,10.02
2025-04-20 08:00:00 PDT,2025-04-20 15:00:00 UTC,9.2,9.17,9.42,9.65,9.94
2025-04-20 09:00:00 PDT,2025-04-20 16:00:00 UTC,9.2,9.17,9.4,9.6,9.87
2025-04-20 10:00:00 PDT,2025-04-20 17:00:00 UTC,10.3,9.4,9.49,9.6,9.82
2025-04-20 11:00:00 PDT,2025-04-20 18:00:00 UTC,10.9,9.7,9.65,9.66,9.78
2025-04-20 12:00:00 PDT,2025-04-20 19:00:00 UTC,11.2,10.0,9.84,9.75,9.77
2025-04-20 13:00:00 PDT,2025-04-20 20:00:00 UTC,11.1,10.22,10.01,9.86,9.78
2025-04-20 14:00:00 PDT,2025-04-20 21:00:00 UTC,12.1,10.6,10.25,10.0,9.81
2025-04-20 15:00:00 PDT,2025-04-20 22:00:00 UTC,11.7,10.82,10.44,10.15,9.86
2025-04-20 16:00:00 PDT,2025-04-20 23:00:00 UTC,11.7,10.99,10.6,10.28,9.92
2025-04-20 17:00:00 PDT,2025-04-21 00:00:00 UTC,12.5,11.29,10.82,10.43,9.98
2025-04-20 18:00:00 PDT,2025-04-21 01:00:00 UTC,11.3,11.3,10.89,10.54,10.05
2025-04-20 19:00:00 PDT,2025-04-21 02:00:00 UTC,10.6,11.16,10.87,10.59,10.12
2025-04-20 20:00:00 PDT,2025-04-21 03:00:00 UTC,9.7,10.87,10.73,10.56,10.17
2025-04-20 21:00:00 PDT,2025-04-21 04:00:00 UTC,9.3,10.55,10.55,10.48,10.19
2025-04-20 22:00:00 PDT,2025-04-21 05:00:00 UTC,9.8,10.4,10.42,10.4,10.19
2025-04-20 23:00:00 PDT,2025-04-21 06:00:00 UTC,9.2,10.16,10.26,10.3,10.17
2025-04-21 00:00:00 PDT,2025-04-21 07:00:00 UTC,9.0,9.93,10.09,10.19,10.14
2025-04-21 01:00:00 PDT,2025-04-21 08:00:00 UTC,8.4,9.62,9.88,10.05,10.09
2025-04-21 02:00:00 PDT,2025-04-21 09:00:00 UTC,8.0,9.3,9.64,9.89,10.03
2025-04-21 03:00:00 PDT,2025-04-21 10:00:00 UTC,7.4,8.92,9.37,9.7,9.96
2025-04-21 04:00:00 PDT,2025-04-21 11:00:00 UTC,7.4,8.62,9.11,9.5,9.86
2025-04-21 05:00:00 PDT,2025-04-21 12:00:00 UTC,7.2,8.33,8.87,9.31,9.76
2025-04-21 06:00:00 PDT,2025-04-21 13:00:00 UTC,7.1,8.09,8.65,9.12,9.65
2025-04-21 07:00:00 PDT,2025-04-21 14:00:00 UTC,7.5,7.97,8.51,8.96,9.53
2025-04-21 08:00:00 PDT,2025-04-21 15:00:00 UTC,8.3,8.03,8.47,8.86,9.43
2025-04-21 09:00:00 PDT,2025-04-21 16:00:00 UTC,8.5,8.13,8.47,8.81,9.33
2025-04-21 10:00:00 PDT,2025-04-21 17:00:00 UTC,9.2,8.34,8.56,8.8,9.26
2025-04-21 11:00:00 PDT,2025-04-21 18:00:00 UTC,9.8,8.63,8.72,8.85,9.21
2025-04-21 12:00:00 PDT,2025-04-21 19:00:00 UTC,10.4,8.99,8.93,8.95,9.18
2025-04-21 13:00:00 PDT,2025-04-21 20:00:00 UTC,10.3,9.25,9.12,9.07,9.19
2025-04-21 14:00:00 PDT,2025-04-21 21:00:00 UTC,10.9,9.58,9.35,9.21,9.21
2025-04-21 15:00:00 PDT,2025-04-21 22:00:00 UTC,10.5,9.76,9.52,9.34,9.25
2025-04-21 16:00:00 PDT,2025-04-21 23:00:00 UTC,10.9,9.99,9.69,9.47,9.3
2025-04-21 17:00:00 PDT,2025-04-22 00:00:00 UTC,11.3,10.25,9.89,9.61,9.36
2025-04-21 18:00:00 PDT,2025-04-22 01:00:00 UTC,11.5,10.5,10.09,9.76,9.43
2025-04-21 19:00:00 PDT,2025-04-22 02:00:00 UTC,10.8,10.56,10.19,9.88,9.51
2025-04-21 20:00:00 PDT,2025-04-22 03:00:00 UTC,9.1,10.27,10.1,9.91,9.58
2025-04-21 21:00:00 PDT,2025-04-22 04:00:00 UTC,8.3,9.88,9.89,9.85,9.62
2025-04-21 22:00:00 PDT,2025-04-22 05:00:00 UTC,7.7,9.44,9.62,9.72,9.63
2025-04-21 23:00:00 PDT,2025-04-22 06:00:00 UTC,8.0,9.15,9.4,9.57,9.6
2025-04-22 00:00:00 PDT,2025-04-22 07:00:00 UTC,7.3,8.78,9.14,9.4,9.56
2025-04-22 01:00:00 PDT,2025-04-22 08:00:00 UTC,7.2,8.47,8.89,9.22,9.49
2025-04-22 02:00:00 PDT,2025-04-22 09:00:00 UTC,6.0,7.97,8.55,9.0,9.4
2025-04-22 03:00:00 PDT,2025-04-22 10:00:00 UTC,4.7,7.32,8.11,8.71,9.3
2025-04-22 04:00:00 PDT,2025-04-22 11:00:00 UTC,5.8,7.01,7.8,8.44,9.16
2025-04-22 05:00:00 PDT,2025-04-22 12:00:00 UTC,4.2,6.45,7.39,8.15,9.01
2025-04-22 06:00:00 PDT,2025-04-22 13:00:00 UTC,3.5,5.86,6.94,7.82,8.85
2025-04-22 07:00:00 PDT,2025-04-22 14:00:00 UTC,5.6,5.81,6.74,7.56,8.66
2025-04-22 08:00:00 PDT,2025-04-22 15:00:00 UTC,7.9,6.23,6.85,7.46,8.49
2025-04-22 09:00:00 PDT,2025-04-22 16:00:00 UTC,9.9,6.96,7.2,7.54,8.37
2025-04-22 10:00:00 PDT,2025-04-22 17:00:00 UTC,10.4,7.65,7.62,7.73,8.31
2025-04-22 11:00:00 PDT,2025-04-22 18:00:00 UTC,10.8,8.28,8.05,7.97,8.31
2025-04-22 12:00:00 PDT,2025-04-22 19:00:00 UTC,11.0,8.82,8.45,8.24,8.35
2025-04-22 13:00:00 PDT,2025-04-22 20:00:00 UTC,11.8,9.42,8.89,8.53,8.44
2025-04-22 14:00:00 PDT,2025-04-22 21:00:00 UTC,12.1,9.96,9.31,8.84,8.55
2025-04-22 15:00:00 PDT,2025-04-22 22:00:00 UTC,12.5,10.46,9.72,9.15,8.68
2025-04-22 16:00:00 PDT,2025-04-22 23:00:00 UTC,12.3,10.83,10.06,9.44,8.84
2025-04-22 17:00:00 PDT,2025-04-23 00:00:00 UTC,12.6,11.19,10.38,9.72,8.99
2025-04-22 18:00:00 PDT,2025-04-23 01:00:00 UTC,12.1,11.37,10.6,9.95,9.16
2025-04-22 19:00:00 PDT,2025-04-23 02:00:00 UTC,11.0,11.29,10.67,10.1,9.31
2025-04-22 20:00:00 PDT,2025-04-23 03:00:00 UTC,9.5,10.94,10.55,10.15,9.44
2025-04-22 21:00:00 PDT,2025-04-23 04:00:00 UTC,9.7,10.69,10.42,10.13,9.53
2025-04-22 22:00:00 PDT,2025-04-23 05:00:00 UTC,8.9,10.33,10.22,10.05,9.58
2025-04-22 23:00:00 PDT,2025-04-23 06:00:00 UTC,8.4,9.94,9.98,9.93,9.6
2025-04-23 00:00:00 PDT,2025-04-23 07:00:00 UTC,7.0,9.36,9.62,9.74,9.6
2025-04-23 01:00:00 PDT,2025-04-23 08:00:00 UTC,6.7,8.82,9.24,9.51,9.55
2025-04-23 02:00:00 PDT,2025-04-23 09:00:00 UTC,6.4,8.34,8.87,9.25,9.47
2025-04-23 03:00:00 PDT,2025-04-23 10:00:00 UTC,5.5,7.77,8.45,8.96,9.36
2025-04-23 04:00:00 PDT,2025-04-23 11:00:00 UTC,5.8,7.38,8.11,8.68,9.23
2025-04-23 05:00:00 PDT,2025-04-23 12:00:00 UTC,3.0,6.5,7.53,8.32,9.08
2025-04-23 06:00:00 PDT,2025-04-23 13:00:00 UTC,5.5,6.3,7.23,8.0,8.91
2025-04-23 07:00:00 PDT,2025-04-23 14:00:00 UTC,6.5,6.34,7.11,7.8,8.73
2025-04-23 08:00:00 PDT,2025-04-23 15:00:00 UTC,8.8,6.83,7.28,7.75,8.57
2025-04-23 09:00:00 PDT,2025-04-23 16:00:00 UTC,10.2,7.51,7.62,7.84,8.47
2025-04-23 10:00:00 PDT,2025-04-23 17:00:00 UTC,10.7,8.15,8.02,8.03,8.43
2025-04-23 11:00:00 PDT,2025-04-23 18:00:00 UTC,11.6,8.84,8.48,8.29,8.44
2025-04-23 12:00:00 PDT,2025-04-23 19:00:00 UTC,11.8,9.43,8.92,8.58,8.5
2025-04-23 13:00:00 PDT,2025-04-23 20:00:00 UTC,12.1,9.96,9.34,8.88,8.6
2025-04-23 14:00:00 PDT,2025-04-23 21:00:00 UTC,13.4,10.65,9.83,9.22,8.73
2025-04-23 15:00:00 PDT,2025-04-23 22:00:00 UTC,13.8,11.28,10.33,9.58,8.88
2025-04-23 16:00:00 PDT,2025-04-23 23:00:00 UTC,13.9,11.8,10.78,9.94,9.06
2025-04-23 17:00:00 PDT,2025-04-24 00:00:00 UTC,14.3,12.3,11.2,10.3,9.25
2025-04-23 18:00:00 PDT,2025-04-24 01:00:00 UTC,13.4,12.52,11.49,10.6,9.46
2025-04-23 19:00:00 PDT,2025-04-24 02:00:00 UTC,12.7,12.56,11.64,10.81,9.65
2025-04-23 20:00:00 PDT,2025-04-24 03:00:00 UTC,10.7,12.19,11.54,10.9,9.82
2025-04-23 21:00:00 PDT,2025-04-24 04:00:00 UTC,9.8,11.71,11.32,10.87,9.95
2025-04-23 22:00:00 PDT,2025-04-24 05:00:00 UTC,9.4,11.25,11.05,10.77,10.03
2025-04-23 23:00:00 PDT,2025-04-24 06:00:00 UTC,6.6,10.32,10.52,10.53,10.06
2025-04-24 00:00:00 PDT,2025-04-24 07:00:00 UTC,7.3,9.71,10.07,10.24,10.02
2025-04-24 01:00:00 PDT,2025-04-24 08:00:00 UTC,7.3,9.23,9.68,9.96,9.95
2025-04-24 02:00:00 PDT,2025-04-24 09:00:00 UTC,8.6,9.11,9.47,9.74,9.84
2025-04-24 03:00:00 PDT,2025-04-24 10:00:00 UTC,7.3,8.74,9.2,9.53,9.74
2025-04-24 04:00:00 PDT,2025-04-24 11:00:00 UTC,5.3,8.06,8.74,9.25,9.63
2025-04-24 05:00:00 PDT,2025-04-24 12:00:00 UTC,6.9,7.82,8.47,8.99,9.49
2025-04-24 06:00:00 PDT,2025-04-24 13:00:00 UTC,5.9,7.44,8.16,8.74,9.35
2025-04-24 07:00:00 PDT,2025-04-24 14:00:00 UTC,7.0,7.35,7.99,8.54,9.21
2025-04-24 08:00:00 PDT,2025-04-24 15:00:00 UTC,10.1,7.9,8.18,8.5,9.07
2025-04-24 09:00:00 PDT,2025-04-24 16:00:00 UTC,12.1,8.74,8.62,8.64,8.99
2025-04-24 10:00:00 PDT,2025-04-24 17:00:00 UTC,13.0,9.59,9.16,8.91,8.97
2025-04-24 11:00:00 PDT,2025-04-24 18:00:00 UTC,13.7,10.41,9.73,9.26,9.03
2025-04-24 12:00:00 PDT,2025-04-24 19:00:00 UTC,14.3,11.19,10.3,9.64,9.13
2025-04-24 13:00:00 PDT,2025-04-24 20:00:00 UTC,14.9,11.93,10.87,10.05,9.29
2025-04-24 14:00:00 PDT,2025-04-24 21:00:00 UTC,15.4,12.63,11.43,10.48,9.47
2025-04-24 15:00:00 PDT,2025-04-24 22:00:00 UTC,15.6,13.22,11.94,10.89,9.68
2025-04-24 16:00:00 PDT,2025-04-24 23:00:00 UTC,16.3,13.84,12.46,11.3,9.91
2025-04-24 17:00:00 PDT,2025-04-25 00:00:00 UTC,16.4,14.35,12.92,11.7,10.15
2025-04-24 18:00:00 PDT,2025-04-25 01:00:00 UTC,15.7,14.62,13.25,12.05,10.4
2025-04-24 19:00:00 PDT,2025-04-25 02:00:00 UTC,15.3,14.76,13.48,12.32,10.64
2025-04-24 20:00:00 PDT,2025-04-25 03:00:00 UTC,12.6,14.32,13.38,12.45,10.85
2025-04-24 21:00:00 PDT,2025-04-25 04:00:00 UTC,11.9,13.84,13.16,12.44,11.02
2025-04-24 22:00:00 PDT,2025-04-25 05:00:00 UTC,9.6,12.99,12.71,12.28,11.13
2025-04-24 23:00:00 PDT,2025-04-25 06:00:00 UTC,11.2,12.63,12.42,12.11,11.17
2025-04-25 00:00:00 PDT,2025-04-25 07:00:00 UTC,10.0,12.11,12.07,11.9,11.17
2025-04-25 01:00:00 PDT,2025-04-25 08:00:00 UTC,9.2,11.53,11.67,11.66,11.13
2025-04-25 02:00:00 PDT,2025-04-25 09:00:00 UTC,6.6,10.54,11.04,11.3,11.06
2025-04-25 03:00:00 PDT,2025-04-25 10:00:00 UTC,9.5,10.33,10.74,11.0,10.94
2025-04-25 04:00:00 PDT,2025-04-25 11:00:00 UTC,6.8,9.63,10.25,10.68,10.81
2025-04-25 05:00:00 PDT,2025-04-25 12:00:00 UTC,9.6,9.62,10.08,10.43,10.66
2025-04-25 06:00:00 PDT,2025-04-25 13:00:00 UTC,9.4,9.58,9.96,10.27,10.52
2025-04-25 07:00:00 PDT,2025-04-25 14:00:00 UTC,10.7,9.8,10.0,10.19,10.4
2025-04-25 08:00:00 PDT,2025-04-25 15:00:00 UTC,12.2,10.28,10.22,10.23,10.31
2025-04-25 09:00:00 PDT,2025-04-25 16:00:00 UTC,13.0,10.82,10.54,10.36,10.27
2025-04-25 10:00:00 PDT,2025-04-25 17:00:00 UTC,13.7,11.4,10.91,10.56,10.27
2025-04-25 11:00:00 PDT,2025-04-25 18:00:00 UTC,14.0,11.92,11.29,10.8,10.32
2025-04-25 12:00:00 PDT,2025-04-25 19:00:00 UTC,14.0,12.34,11.62,11.05,10.4
2025-04-25 13:00:00 PDT,2025-04-25 20:00:00 UTC,14.6,12.79,11.97,11.3,10.51
2025-04-25 14:00:00 PDT,2025-04-25 21:00:00 UTC,15.3,13.29,12.35,11.58,10.63
2025-04-25 15:00:00 PDT,2025-04-25 22:00:00 UTC,15.1,13.65,12.68,11.85,10.77
2025-04-25 16:00:00 PDT,2025-04-25 23:00:00 UTC,16.3,14.18,13.08,12.14,10.93
2025-04-25 17:00:00 PDT,2025-04-26 00:00:00 UTC,15.4,14.43,13.35,12.41,11.1
2025-04-25 18:00:00 PDT,2025-04-26 01:00:00 UTC,15.4,14.62,13.57,12.63,11.26
2025-04-25 19:00:00 PDT,2025-04-26 02:00:00 UTC,14.7,14.64,13.68,12.8,11.42
2025-04-25 20:00:00 PDT,2025-04-26 03:00:00 UTC,13.7,14.45,13.66,12.89,11.57
2025-04-25 21:00:00 PDT,2025-04-26 04:00:00 UTC,12.2,14.0,13.46,12.87,11.68
2025-04-25 22:00:00 PDT,2025-04-26 05:00:00 UTC,12.5,13.7,13.28,12.81,11.75
2025-04-25 23:00:00 PDT,2025-04-26 06:00:00 UTC,12.7,13.5,13.14,12.73,11.79
2025-04-26 00:00:00 PDT,2025-04-26 07:00:00 UTC,12.0,13.2,12.95,12.63,11.81
2025-04-26 01:00:00 PDT,2025-04-26 08:00:00 UTC,11.7,12.9,12.74,12.51,11.8
2025-04-26 02:00:00 PDT,2025-04-26 09:00:00 UTC,11.3,12.58,12.52,12.37,11.78
2025-04-26 03:00:00 PDT,2025-04-26 10:00:00 UTC,10.9,12.24,12.27,12.21,11.74
2025-04-26 04:00:00 PDT,2025-04-26 11:00:00 UTC,10.5,11.9,12.02,12.03,11.69
2025-04-26 05:00:00 PDT,2025-04-26 12:00:00 UTC,10.1,11.54,11.74,11.84,11.61
2025-04-26 06:00:00 PDT,2025-04-26 13:00:00 UTC,9.7,11.17,11.46,11.63,11.53
2025-04-26 07:00:00 PDT,2025-04-26 14:00:00 UTC,10.1,10.96,11.25,11.44,11.43
2025-04-26 08:00:00 PDT,2025-04-26 15:00:00 UTC,10.8,10.92,11.14,11.3,11.33
2025-04-26 09:00:00 PDT,2025-04-26 16:00:00 UTC,11.6,11.06,11.15,11.23,11.24
2025-04-26 10:00:00 PDT,2025-04-26 17:00:00 UTC,12.3,11.31,11.26,11.23,11.17
2025-04-26 11:00:00 PDT,2025-04-26 18:00:00 UTC,13.1,11.67,11.45,11.3,11.13
2025-04-26 12:00:00 PDT,2025-04-26 19:00:00 UTC,13.4,12.01,11.67,11.41,11.12
2025-04-26 13:00:00 PDT,2025-04-26 20:00:00 UTC,13.5,12.31,11.89,11.55,11.14
2025-04-26 14:00:00 PDT,2025-04-26 21:00:00 UTC,13.8,12.61,12.11,11.69,11.18
2025-04-26 15:00:00 PDT,2025-04-26 22:00:00 UTC,14.2,12.93,12.34,11.86,11.23
2025-04-26 16:00:00 PDT,2025-04-26 23:00:00 UTC,14.6,13.26,12.6,12.04,11.31
2025-04-26 17:00:00 PDT,2025-04-27 00:00:00 UTC,14.3,13.47,12.79,12.21,11.39
2025-04-26 18:00:00 PDT,2025-04-27 01:00:00 UTC,14.0,13.58,12.93,12.35,11.48
2025-04-26 19:00:00 PDT,2025-04-27 02:00:00 UTC,13.1,13.48,12.94,12.43,11.57
2025-04-26 20:00:00 PDT,2025-04-27 03:00:00 UTC,11.0,12.98,12.72,12.39,11.64
2025-04-26 21:00:00 PDT,2025-04-27 04:00:00 UTC,11.2,12.63,12.49,12.29,11.67
2025-04-26 22:00:00 PDT,2025-04-27 05:00:00 UTC,11.7,12.44,12.34,12.18,11.67
2025-04-26 23:00:00 PDT,2025-04-27 06:00:00 UTC,10.8,12.11,12.13,12.06,11.66
2025-04-27 00:00:00 PDT,2025-04-27 07:00:00 UTC,10.1,11.71,11.85,11.89,11.62
2025-04-27 01:00:00 PDT,2025-04-27 08:00:00 UTC,8.2,11.01,11.41,11.64,11.56
2025-04-27 02:00:00 PDT,2025-04-27 09:00:00 UTC,8.0,10.41,10.96,11.34,11.46
2025-04-27 03:00:00 PDT,2025-04-27 10:00:00 UTC,7.6,9.85,10.53,11.02,11.33
2025-04-27 04:00:00 PDT,2025-04-27 11:00:00 UTC,8.7,9.62,10.25,10.75,11.17
2025-04-27 05:00:00 PDT,2025-04-27 12:00:00 UTC,8.5,9.39,10.01,10.52,11.02
2025-04-27 06:00:00 PDT,2025-04-27 13:00:00 UTC,8.9,9.29,9.86,10.33,10.87
2025-04-27 07:00:00 PDT,2025-04-27 14:00:00 UTC,8.8,9.2,9.72,10.18,10.73
2025-04-27 08:00:00 PDT,2025-04-27 15:00:00 UTC,10.5,9.46,9.79,10.11,10.61
2025-04-27 09:00:00 PDT,2025-04-27 16:00:00 UTC,10.9,9.75,9.92,10.12,10.51
2025-04-27 10:00:00 PDT,2025-04-27 17:00:00 UTC,11.3,10.06,10.09,10.18,10.45
2025-04-27 11:00:00 PDT,2025-04-27 18:00:00 UTC,11.0,10.24,10.22,10.25,10.42
2025-04-27 12:00:00 PDT,2025-04-27 19:00:00 UTC,12.6,10.72,10.5,10.38,10.41
2025-04-27 13:00:00 PDT,2025-04-27 20:00:00 UTC,12.9,11.15,10.8,10.56,10.44
2025-04-27 14:00:00 PDT,2025-04-27 21:00:00 UTC,13.4,11.6,11.12,10.76,10.48
2025-04-27 15:00:00 PDT,2025-04-27 22:00:00 UTC,14.9,12.26,11.56,11.03,10.56
2025-04-27 16:00:00 PDT,2025-04-27 23:00:00 UTC,14.4,12.69,11.92,11.31,10.67
2025-04-27 17:00:00 PDT,2025-04-28 00:00:00 UTC,14.7,13.09,12.26,11.58,10.8
2025-04-27 18:00:00 PDT,2025-04-28 01:00:00 UTC,14.4,13.35,12.53,11.82,10.94
2025-04-27 19:00:00 PDT,2025-04-28 02:00:00 UTC,14.2,13.52,12.72,12.03,11.08
2025-04-27 20:00:00 PDT,2025-04-28 03:00:00 UTC,12.4,13.3,12.7,12.13,11.21
2025-04-27 21:00:00 PDT,2025-04-28 04:00:00 UTC,11.4,12.92,12.54,12.13,11.31
2025-04-27 22:00:00 PDT,2025-04-28 05:00:00 UTC,10.7,12.47,12.3,12.04,11.38
2025-04-27 23:00:00 PDT,2025-04-28 06:00:00 UTC,11.2,12.22,12.11,11.94,11.4
2025-04-28 00:00:00 PDT,2025-04-28 07:00:00 UTC,11.6,12.1,12.0,11.85,11.4
2025-04-28 01:00:00 PDT,2025-04-28 08:00:00 UTC,11.1,11.9,11.86,11.76,11.39
2025-04-28 02:00:00 PDT,2025-04-28 09:00:00 UTC,10.7,11.66,11.69,11.65,11.36
2025-04-28 03:00:00 PDT,2025-04-28 10:00:00 UTC,10.4,11.41,11.51,11.53,11.33
2025-04-28 04:00:00 PDT,2025-04-28 11:00:00 UTC,10.2,11.16,11.32,11.4,11.28
2025-04-28 05:00:00 PDT,2025-04-28 12:00:00 UTC,10.0,10.93,11.14,11.26,11.22
2025-04-28 06:00:00 PDT,2025-04-28 13:00:00 UTC,9.7,10.69,10.94,11.12,11.15
2025-04-28 07:00:00 PDT,2025-04-28 14:00:00 UTC,9.8,10.51,10.78,10.98,11.08
2025-04-28 08:00:00 PDT,2025-04-28 15:00:00 UTC,10.0,10.41,10.66,10.86,11.0
2025-04-28 09:00:00 PDT,2025-04-28 16:00:00 UTC,10.4,10.41,10.61,10.78,10.93
2025-04-28 10:00:00 PDT,2025-04-28 17:00:00 UTC,10.7,10.46,10.6,10.73,10.86
2025-04-28 11:00:00 PDT,2025-04-28 18:00:00 UTC,10.9,10.55,10.63,10.71,10.81
2025-04-28 12:00:00 PDT,2025-04-28 19:00:00 UTC,10.8,10.6,10.65,10.7,10.77
2025-04-28 13:00:00 PDT,2025-04-28 20:00:00 UTC,10.8,10.64,10.67,10.7,10.74
2025-04-28 14:00:00 PDT,2025-04-28 21:00:00 UTC,10.4,10.59,10.64,10.68,10.71
2025-04-28 15:00:00 PDT,2025-04-28 22:00:00 UTC,10.1,10.52,10.6,10.65,10.69
2025-04-28 16:00:00 PDT,2025-04-28 23:00:00 UTC,10.2,10.46,10.55,10.62,10.67
2025-04-28 17:00:00 PDT,2025-04-29 00:00:00 UTC,10.1,10.39,10.49,10.57,10.64
2025-04-28 18:00:00 PDT,2025-04-29 01:00:00 UTC,10.3,10.37,10.46,10.54,10.61
2025-04-28 19:00:00 PDT,2025-04-29 02:00:00 UTC,10.2,10.34,10.43,10.5,10.58
2025-04-28 20:00:00 PDT,2025-04-29 03:00:00 UTC,9.8,10.23,10.36,10.46,10.55
2025-04-28 21:00:00 PDT,2025-04-29 04:00:00 UTC,9.9,10.16,10.3,10.41,10.52
2025-04-28 22:00:00 PDT,2025-04-29 05:00:00 UTC,9.7,10.07,10.23,10.36,10.48
2025-04-28 23:00:00 PDT,2025-04-29 06:00:00 UTC,9.8,10.02,10.17,10.3,10.45
2025-04-29 00:00:00 PDT,2025-04-29 07:00:00 UTC,9.8,9.97,10.13,10.26,10.41
2025-04-29 01:00:00 PDT,2025-04-29 08:00:00 UTC,10.1,10.0,10.12,10.23,10.37
2025-04-29 02:00:00 PDT,2025-04-29 09:00:00 UTC,9.9,9.98,10.1,10.2,10.34
2025-04-29 03:00:00 PDT,2025-04-29 10:00:00 UTC,9.9,9.96,10.08,10.18,10.31
2025-04-29 04:00:00 PDT,2025-04-29 11:00:00 UTC,9.9,9.95,10.06,10.15,10.29
2025-04-29 05:00:00 PDT,2025-04-29 12:00:00 UTC,9.8,9.92,10.03,10.13,10.26
2025-04-29 06:00:00 PDT,2025-04-29 13:00:00 UTC,9.1,9.76,9.94,10.08,10.24
2025-04-29 07:00:00 PDT,2025-04-29 14:00:00 UTC,10.1,9.82,9.94,10.05,10.21
2025-04-29 08:00:00 PDT,2025-04-29 15:00:00 UTC,10.4,9.94,9.99,10.05,10.18
2025-04-29 09:00:00 PDT,2025-04-29 16:00:00 UTC,11.2,10.19,10.12,10.1,10.16
2025-04-29 10:00:00 PDT,2025-04-29 17:00:00 UTC,13.2,10.79,10.46,10.25,10.17
2025-04-29 11:00:00 PDT,2025-04-29 18:00:00 UTC,12.5,11.13,10.73,10.43,10.21
2025-04-29 12:00:00 PDT,2025-04-29 19:00:00 UTC,12.8,11.47,10.99,10.62,10.27
2025-04-29 13:00:00 PDT,2025-04-29 20:00:00 UTC,14.3,12.03,11.37,10.86,10.36
2025-04-29 14:00:00 PDT,2025-04-29 21:00:00 UTC,13.7,12.37,11.67,11.1,10.46
2025-04-29 15:00:00 PDT,2025-04-29 22:00:00 UTC,14.0,12.69,11.95,11.33,10.58
2025-04-29 16:00:00 PDT,2025-04-29 23:00:00 UTC,14.0,12.96,12.19,11.54,10.71
2025-04-29 17:00:00 PDT,2025-04-30 00:00:00 UTC,13.5,13.06,12.35,11.72,10.84
2025-04-29 18:00:00 PDT,2025-04-30 01:00:00 UTC,13.2,13.09,12.44,11.85,10.96
2025-04-29 19:00:00 PDT,2025-04-30 02:00:00 UTC,12.8,13.03,12.47,11.94,11.07
2025-04-29 20:00:00 PDT,2025-04-30 03:00:00 UTC,11.5,12.73,12.35,11.94,11.16
2025-04-29 21:00:00 PDT,2025-04-30 04:00:00 UTC,10.8,12.34,12.14,11.88,11.22
2025-04-29 22:00:00 PDT,2025-04-30 05:00:00 UTC,10.1,11.89,11.87,11.75,11.25
2025-04-29 23:00:00 PDT,2025-04-30 06:00:00 UTC,9.8,11.47,11.58,11.58,11.24
2025-04-30 00:00:00 PDT,2025-04-30 07:00:00 UTC,9.9,11.16,11.33,11.4,11.2
2025-04-30 01:00:00 PDT,2025-04-30 08:00:00 UTC,8.5,10.63,10.98,11.19,11.14
2025-04-30 02:00:00 PDT,2025-04-30 09:00:00 UTC,8.0,10.1,10.59,10.93,11.05
2025-04-30 03:00:00 PDT,2025-04-30 10:00:00 UTC,8.4,9.76,10.29,10.68,10.94
2025-04-30 04:00:00 PDT,2025-04-30 11:00:00 UTC,8.0,9.41,9.99,10.44,10.82
2025-04-30 05:00:00 PDT,2025-04-30 12:00:00 UTC,8.2,9.17,9.75,10.22,10.69
2025-04-30 06:00:00 PDT,2025-04-30 13:00:00 UTC,7.5,8.83,9.48,10.0,10.55
2025-04-30 07:00:00 PDT,2025-04-30 14:00:00 UTC,9.3,8.93,9.42,9.85,10.42
2025-04-30 08:00:00 PDT,2025-04-30 15:00:00 UTC,10.2,9.18,9.49,9.8,10.31
2025-04-30 09:00:00 PDT,2025-04-30 16:00:00 UTC,11.3,9.61,9.7,9.85,10.22
2025-04-30 10:00:00 PDT,2025-04-30 17:00:00 UTC,12.4,10.16,10.02,9.98,10.18
2025-04-30 11:00:00 PDT,2025-04-30 18:00:00 UTC,13.1,10.75,10.4,10.19,10.18
2025-04-30 12:00:00 PDT,2025-04-30 19:00:00 UTC,12.9,11.18,10.73,10.41,10.23
2025-04-30 13:00:00 PDT,2025-04-30 20:00:00 UTC,12.8,11.5,11.01,10.63,10.3
2025-04-30 14:00:00 PDT,2025-04-30 21:00:00 UTC,13.2,11.84,11.28,10.84,10.39
2025-04-30 15:00:00 PDT,2025-04-30 22:00:00 UTC,14.3,12.34,11.63,11.08,10.49
2025-04-30 16:00:00 PDT,2025-04-30 23:00:00 UTC,14.2,12.71,11.95,11.32,10.61
2025-04-30 17:00:00 PDT,2025-05-01 00:00:00 UTC,14.8,13.13,12.28,11.58,10.74
2025-04-30 18:00:00 PDT,2025-05-01 01:00:00 UTC,14.7,13.44,12.57,11.83,10.88
2025-04-30 19:00:00 PDT,2025-05-01 02:00:00 UTC,13.8,13.51,12.72,12.02,11.03
2025-04-30 20:00:00 PDT,2025-05-01 03:00:00 UTC,11.3,13.07,12.58,12.07,11.16
2025-04-30 21:00:00 PDT,2025-05-01 04:00:00 UTC,11.4,12.74,12.41,12.04,11.26
2025-04-30 22:00:00 PDT,2025-05-01 05:00:00 UTC,9.7,12.13,12.07,11.91,11.31
2025-04-30 23:00:00 PDT,2025-05-01 06:00:00 UTC,10.6,11.82,11.84,11.76,11.31
2025-05-01 00:00:00 PDT,2025-05-01 07:00:00 UTC,10.3,11.52,11.61,11.6,11.29
2025-05-01 01:00:00 PDT,2025-05-01 08:00:00 UTC,9.6,11.13,11.34,11.43,11.25
2025-05-01 02:00:00 PDT,2025-05-01 09:00:00 UTC,8.4,10.59,10.97,11.2,11.18
2025-05-01 03:00:00 PDT,2025-05-01 10:00:00 UTC,7.5,9.97,10.53,10.92,11.09
2025-05-01 04:00:00 PDT,2025-05-01 11:00:00 UTC,7.7,9.52,10.16,10.63,10.97
2025-05-01 05:00:00 PDT,2025-05-01 12:00:00 UTC,5.2,8.65,9.58,10.27,10.83
2025-05-01 06:00:00 PDT,2025-05-01 13:00:00 UTC,6.5,8.22,9.16,9.91,10.65
2025-05-01 07:00:00 PDT,2025-05-01 14:00:00 UTC,8.9,8.36,9.06,9.68,10.47
2025-05-01 08:00:00 PDT,2025-05-01 15:00:00 UTC,11.0,8.89,9.25,9.63,10.3
2025-05-01 09:00:00 PDT,2025-05-01 16:00:00 UTC,13.0,9.71,9.67,9.76,10.2
2025-05-01 10:00:00 PDT,2025-05-01 17:00:00 UTC,13.4,10.45,10.14,9.99,10.17
2025-05-01 11:00:00 PDT,2025-05-01 18:00:00 UTC,13.6,11.08,10.59,10.27,10.19
2025-05-01 12:00:00 PDT,2025-05-01 19:00:00 UTC,14.1,11.68,11.04,10.57,10.27
2025-05-01 13:00:00 PDT,2025-05-01 20:00:00 UTC,14.5,12.25,11.48,10.89,10.38
2025-05-01 14:00:00 PDT,2025-05-01 21:00:00 UTC,16.6,13.12,12.08,11.27,10.51
2025-05-01 15:00:00 PDT,2025-05-01 22:00:00 UTC,17.4,13.97,12.71,11.72,10.69
2025-05-01 16:00:00 PDT,2025-05-01 23:00:00 UTC,18.0,14.78,13.35,12.19,10.9
2025-05-01 17:00:00 PDT,2025-05-02 00:00:00 UTC,18.3,15.48,13.94,12.67,11.15
2025-05-01 18:00:00 PDT,2025-05-02 01:00:00 UTC,18.1,16.01,14.44,13.11,11.41
2025-05-01 19:00:00 PDT,2025-05-02 02:00:00 UTC,16.4,16.09,14.69,13.45,11.68
2025-05-01 20:00:00 PDT,2025-05-02 03:00:00 UTC,13.5,15.57,14.57,13.59,11.92
2025-05-01 21:00:00 PDT,2025-05-02 04:00:00 UTC,12.9,15.03,14.33,13.58,12.11
2025-05-01 22:00:00 PDT,2025-05-02 05:00:00 UTC,12.2,14.47,14.02,13.48,12.22
2025-05-01 23:00:00 PDT,2025-05-02 06:00:00 UTC,13.5,14.27,13.86,13.38,12.29
2025-05-02 00:00:00 PDT,2025-05-02 07:00:00 UTC,11.9,13.8,13.57,13.24,12.32
2025-05-02 01:00:00 PDT,2025-05-02 08:00:00 UTC,12.4,13.52,13.35,13.1,12.32
2025-05-02 02:00:00 PDT,2025-05-02 09:00:00 UTC,11.8,13.18,13.11,12.94,12.3
2025-05-02 03:00:00 PDT,2025-05-02 10:00:00 UTC,9.1,12.36,12.61,12.69,12.26
2025-05-02 04:00:00 PDT,2025-05-02 11:00:00 UTC,9.0,11.69,12.12,12.37,12.18
2025-05-02 05:00:00 PDT,2025-05-02 12:00:00 UTC,9.6,11.27,11.75,12.06,12.06
2025-05-02 06:00:00 PDT,2025-05-02 13:00:00 UTC,9.7,10.96,11.44,11.79,11.92
2025-05-02 07:00:00 PDT,2025-05-02 14:00:00 UTC,11.6,11.09,11.39,11.63,11.79
2025-05-02 08:00:00 PDT,2025-05-02 15:00:00 UTC,13.7,11.61,11.59,11.62,11.67
2025-05-02 09:00:00 PDT,2025-05-02 16:00:00 UTC,15.7,12.43,12.03,11.78,11.61
2025-05-02 10:00:00 PDT,2025-05-02 17:00:00 UTC,18.0,13.54,12.71,12.11,11.62
2025-05-02 11:00:00 PDT,2025-05-02 18:00:00 UTC,18.5,14.53,13.4,12.54,11.7
2025-05-02 12:00:00 PDT,2025-05-02 19:00:00 UTC,19.2,15.47,14.1,13.01,11.86
2025-05-02 13:00:00 PDT,2025-05-02 20:00:00 UTC,20.2,16.41,14.82,13.53,12.06
2025-05-02 14:00:00 PDT,2025-05-02 21:00:00 UTC,21.4,17.41,15.59,14.09,12.31
2025-05-02 15:00:00 PDT,2025-05-02 22:00:00 UTC,22.1,18.35,16.35,14.67,12.6
2025-05-02 16:00:00 PDT,2025-05-02 23:00:00 UTC,21.2,18.92,16.92,15.2,12.92
2025-05-02 17:00:00 PDT,2025-05-03 00:00:00 UTC,16.9,18.51,16.97,15.51,13.23
2025-05-02 18:00:00 PDT,2025-05-03 01:00:00 UTC,15.9,17.99,16.81,15.62,13.5
2025-05-02 19:00:00 PDT,2025-05-03 02:00:00 UTC,14.9,17.37,16.51,15.58,13.69
2025-05-02 20:00:00 PDT,2025-05-03 03:00:00 UTC,13.2,16.54,16.05,15.41,13.81
2025-05-02 21:00:00 PDT,2025-05-03 04:00:00 UTC,12.4,15.71,15.52,15.14,13.86
2025-05-02 22:00:00 PDT,2025-05-03 05:00:00 UTC,12.6,15.09,15.06,14.84,13.84
2025-05-02 23:00:00 PDT,2025-05-03 06:00:00 UTC,12.6,14.59,14.65,14.55,13.78
2025-05-03 00:00:00 PDT,2025-05-03 07:00:00 UTC,12.4,14.15,14.29,14.28,13.69
2025-05-03 01:00:00 PDT,2025-05-03 08:00:00 UTC,11.9,13.7,13.93,14.01,13.58
2025-05-03 02:00:00 PDT,2025-05-03 09:00:00 UTC,10.1,12.98,13.43,13.68,13.46
2025-05-03 03:00:00 PDT,2025-05-03 10:00:00 UTC,10.1,12.41,12.97,13.33,13.32
2025-05-03 04:00:00 PDT,2025-05-03 11:00:00 UTC,9.9,11.9,12.54,12.99,13.15
2025-05-03 05:00:00 PDT,2025-05-03 12:00:00 UTC,9.6,11.44,12.14,12.66,12.96
2025-05-03 06:00:00 PDT,2025-05-03 13:00:00 UTC,9.4,11.03,11.77,12.34,12.77
2025-05-03 07:00:00 PDT,2025-05-03 14:00:00 UTC,9.9,10.81,11.5,12.06,12.58
2025-05-03 08:00:00 PDT,2025-05-03 15:00:00 UTC,10.2,10.69,11.32,11.84,12.4
2025-05-03 09:00:00 PDT,2025-05-03 16:00:00 UTC,10.4,10.63,11.19,11.67,12.23
2025-05-03 10:00:00 PDT,2025-05-03 17:00:00 UTC,11.5,10.8,11.2,11.57,12.08
2025-05-03 11:00:00 PDT,2025-05-03 18:00:00 UTC,12.0,11.04,11.29,11.54,11.96
2025-05-03 12:00:00 PDT,2025-05-03 19:00:00 UTC,12.6,11.35,11.44,11.57,11.87
2025-05-03 13:00:00 PDT,2025-05-03 20:00:00 UTC,12.4,11.56,11.58,11.63,11.82
2025-05-03 14:00:00 PDT,2025-05-03 21:00:00 UTC,12.9,11.83,11.74,11.71,11.79
2025-05-03 15:00:00 PDT,2025-05-03 22:00:00 UTC,12.8,12.02,11.88,11.8,11.78
2025-05-03 16:00:00 PDT,2025-05-03 23:00:00 UTC,12.9,12.2,12.02,11.88,11.79
2025-05-03 17:00:00 PDT,2025-05-04 00:00:00 UTC,13.5,12.46,12.19,11.99,11.8
2025-05-03 18:00:00 PDT,2025-05-04 01:00:00 UTC,12.7,12.51,12.27,12.07,11.83
2025-05-03 19:00:00 PDT,2025-05-04 02:00:00 UTC,12.1,12.43,12.26,12.11,11.86
2025-05-03 20:00:00 PDT,2025-05-04 03:00:00 UTC,9.8,11.9,12.01,12.03,11.88
2025-05-03 21:00:00 PDT,2025-05-04 04:00:00 UTC,9.5,11.42,11.7,11.87,11.86
2025-05-03 22:00:00 PDT,2025-05-04 05:00:00 UTC,10.3,11.2,11.5,11.71,11.81
2025-05-03 23:00:00 PDT,2025-05-04 06:00:00 UTC,10.1,10.98,11.31,11.56,11.74
2025-05-04 00:00:00 PDT,2025-05-04 07:00:00 UTC,9.7,10.72,11.11,11.41,11.67
2025-05-04 01:00:00 PDT,2025-05-04 08:00:00 UTC,9.8,10.54,10.94,11.26,11.58
2025-05-04 02:00:00 PDT,2025-05-04 09:00:00 UTC,9.3,10.29,10.74,11.11,11.49
2025-05-04 03:00:00 PDT,2025-05-04 10:00:00 UTC,8.8,9.99,10.51,10.94,11.4
2025-05-04 04:00:00 PDT,2025-05-04 11:00:00 UTC,8.2,9.63,10.24,10.74,11.29
2025-05-04 05:00:00 PDT,2025-05-04 12:00:00 UTC,8.3,9.37,10.01,10.54,11.17
2025-05-04 06:00:00 PDT,2025-05-04 13:00:00 UTC,7.0,8.89,9.67,10.31,11.05
2025-05-04 07:00:00 PDT,2025-05-04 14:00:00 UTC,9.0,8.91,9.56,10.13,10.91
2025-05-04 08:00:00 PDT,2025-05-04 15:00:00 UTC,9.9,9.11,9.59,10.05,10.78
2025-05-04 09:00:00 PDT,2025-05-04 16:00:00 UTC,10.8,9.45,9.74,10.05,10.68
2025-05-04 10:00:00 PDT,2025-05-04 17:00:00 UTC,11.9,9.94,10.0,10.15,10.62
2025-05-04 11:00:00 PDT,2025-05-04 18:00:00 UTC,12.5,10.45,10.32,10.31,10.6
2025-05-04 12:00:00 PDT,2025-05-04 19:00:00 UTC,13.1,10.98,10.68,10.52,10.61
2025-05-04 13:00:00 PDT,2025-05-04 20:00:00 UTC,13.3,11.45,11.03,10.75,10.67
2025-05-04 14:00:00 PDT,2025-05-04 21:00:00 UTC,13.8,11.92,11.38,11.0,10.74
2025-05-04 15:00:00 PDT,2025-05-04 22:00:00 UTC,14.3,12.39,11.75,11.26,10.85
2025-05-04 16:00:00 PDT,2025-05-04 23:00:00 UTC,14.9,12.89,12.14,11.54,10.97
2025-05-04 17:00:00 PDT,2025-05-05 00:00:00 UTC,14.3,13.18,12.42,11.8,11.1
2025-05-04 18:00:00 PDT,2025-05-05 01:00:00 UTC,13.9,13.32,12.61,12.01,11.25
2025-05-04 19:00:00 PDT,2025-05-05 02:00:00 UTC,13.4,13.34,12.72,12.16,11.38
2025-05-04 20:00:00 PDT,2025-05-05 03:00:00 UTC,11.9,13.05,12.63,12.21,11.5
2025-05-04 21:00:00 PDT,2025-05-05 04:00:00 UTC,10.3,12.5,12.36,12.15,11.58
2025-05-04 22:00:00 PDT,2025-05-05 05:00:00 UTC,11.6,12.32,12.22,12.06,11.61
2025-05-04 23:00:00 PDT,2025-05-05 06:00:00 UTC,10.2,11.9,11.96,11.93,11.62
2025-05-05 00:00:00 PDT,2025-05-05 07:00:00 UTC,10.2,11.56,11.72,11.78,11.6
2025-05-05 01:00:00 PDT,2025-05-05 08:00:00 UTC,9.3,11.11,11.41,11.59,11.56
2025-05-05 02:00:00 PDT,2025-05-05 09:00:00 UTC,8.2,10.52,11.01,11.35,11.49
2025-05-05 03:00:00 PDT,2025-05-05 10:00:00 UTC,7.5,9.92,10.58,11.06,11.39
2025-05-05 04:00:00 PDT,2025-05-05 11:00:00 UTC,6.0,9.14,10.03,10.7,11.26
2025-05-05 05:00:00 PDT,2025-05-05 12:00:00 UTC,8.0,8.91,9.72,10.39,11.09
2025-05-05 06:00:00 PDT,2025-05-05 13:00:00 UTC,7.8,8.69,9.48,10.14,10.92
2025-05-05 07:00:00 PDT,2025-05-05 14:00:00 UTC,9.7,8.89,9.46,10.0,10.76
2025-05-05 08:00:00 PDT,2025-05-05 15:00:00 UTC,10.9,9.29,9.62,9.98,10.63
2025-05-05 09:00:00 PDT,2025-05-05 16:00:00 UTC,12.4,9.91,9.95,10.08,10.55
2025-05-05 10:00:00 PDT,2025-05-05 17:00:00 UTC,12.4,10.41,10.27,10.25,10.52
2025-05-05 11:00:00 PDT,2025-05-05 18:00:00 UTC,12.7,10.87,10.59,10.44,10.53
2025-05-05 12:00:00 PDT,2025-05-05 19:00:00 UTC,13.1,11.31,10.92,10.66,10.58
2025-05-05 13:00:00 PDT,2025-05-05 20:00:00 UTC,14.1,11.87,11.31,10.91,10.65
2025-05-05 14:00:00 PDT,2025-05-05 21:00:00 UTC,15.4,12.58,11.8,11.23,10.75
2025-05-05 15:00:00 PDT,2025-05-05 22:00:00 UTC,15.5,13.16,12.27,11.56,10.88
2025-05-05 16:00:00 PDT,2025-05-05 23:00:00 UTC,15.8,13.69,12.7,11.91,11.04
2025-05-05 17:00:00 PDT,2025-05-06 00:00:00 UTC,15.8,14.11,13.08,12.23,11.22
2025-05-05 18:00:00 PDT,2025-05-06 01:00:00 UTC,15.7,14.43,13.4,12.52,11.41
2025-05-05 19:00:00 PDT,2025-05-06 02:00:00 UTC,15.0,14.54,13.6,12.76,11.59
2025-05-05 20:00:00 PDT,2025-05-06 03:00:00 UTC,12.8,14.19,13.52,12.86,11.76
2025-05-05 21:00:00 PDT,2025-05-06 04:00:00 UTC,12.0,13.76,13.32,12.85,11.88
2025-05-05 22:00:00 PDT,2025-05-06 05:00:00 UTC,11.7,13.34,13.09,12.76,11.96
2025-05-05 23:00:00 PDT,2025-05-06 06:00:00 UTC,12.3,13.14,12.93,12.67,12.0
2025-05-06 00:00:00 PDT,2025-05-06 07:00:00 UTC,8.9,12.29,12.46,12.46,12.01
2025-05-06 01:00:00 PDT,2025-05-06 08:00:00 UTC,10.8,11.99,12.18,12.25,11.97
2025-05-06 02:00:00 PDT,2025-05-06 09:00:00 UTC,9.2,11.43,11.79,12.0,11.91
2025-05-06 03:00:00 PDT,2025-05-06 10:00:00 UTC,10.7,11.29,11.59,11.8,11.82
2025-05-06 04:00:00 PDT,2025-05-06 11:00:00 UTC,10.4,11.11,11.41,11.64,11.72
2025-05-06 05:00:00 PDT,2025-05-06 12:00:00 UTC,8.2,10.53,11.04,11.41,11.63
2025-05-06 06:00:00 PDT,2025-05-06 13:00:00 UTC,8.0,10.02,10.66,11.14,11.52
2025-05-06 07:00:00 PDT,2025-05-06 14:00:00 UTC,10.6,10.14,10.58,10.97,11.38
2025-05-06 08:00:00 PDT,2025-05-06 15:00:00 UTC,13.7,10.85,10.88,10.99,11.27
2025-05-06 09:00:00 PDT,2025-05-06 16:00:00 UTC,15.4,11.76,11.39,11.19,11.22
2025-05-06 10:00:00 PDT,2025-05-06 17:00:00 UTC,15.6,12.53,11.91,11.48,11.24
2025-05-06 11:00:00 PDT,2025-05-06 18:00:00 UTC,16.4,13.3,12.46,11.83,11.31
2025-05-06 12:00:00 PDT,2025-05-06 19:00:00 UTC,15.6,13.76,12.87,12.17,11.44
2025-05-06 13:00:00 PDT,2025-05-06 20:00:00 UTC,17.8,14.57,13.44,12.55,11.59
2025-05-06 14:00:00 PDT,2025-05-06 21:00:00 UTC,18.6,15.38,14.05,12.98,11.77
2025-05-06 15:00:00 PDT,2025-05-06 22:00:00 UTC,18.1,15.92,14.55,13.39,11.99
2025-05-06 16:00:00 PDT,2025-05-06 23:00:00 UTC,17.9,16.32,14.95,13.77,12.22
2025-05-06 17:00:00 PDT,2025-05-07 00:00:00 UTC,17.8,16.61,15.27,14.09,12.45
2025-05-06 18:00:00 PDT,2025-05-07 01:00:00 UTC,19.0,17.09,15.66,14.42,12.67
2025-05-06 19:00:00 PDT,2025-05-07 02:00:00 UTC,19.2,17.51,16.04,14.74,12.9
2025-05-06 20:00:00 PDT,2025-05-07 03:00:00 UTC,16.1,17.23,16.06,14.94,13.13
2025-05-06 21:00:00 PDT,2025-05-07 04:00:00 UTC,17.9,17.36,16.19,15.1,13.32
2025-05-06 22:00:00 PDT,2025-05-07 05:00:00 UTC,17.6,17.41,16.29,15.24,13.49
2025-05-06 23:00:00 PDT,2025-05-07 06:00:00 UTC,17.1,17.35,16.33,15.34,13.64
2025-05-07 00:00:00 PDT,2025-05-07 07:00:00 UTC,15.6,17.0,16.19,15.36,13.77
2025-05-07 01:00:00 PDT,2025-05-07 08:00:00 UTC,15.8,16.76,16.06,15.34,13.87
2025-05-07 02:00:00 PDT,2025-05-07 09:00:00 UTC,15.0,16.41,15.87,15.26,13.93
2025-05-07 03:00:00 PDT,2025-05-07 10:00:00 UTC,14.2,15.97,15.6,15.14,13.97
2025-05-07 04:00:00 PDT,2025-05-07 11:00:00 UTC,13.3,15.43,15.25,14.95,13.97
2025-05-07 05:00:00 PDT,2025-05-07 12:00:00 UTC,13.3,15.01,14.94,14.75,13.94
2025-05-07 06:00:00 PDT,2025-05-07 13:00:00 UTC,12.9,14.58,14.62,14.53,13.89
2025-05-07 07:00:00 PDT,2025-05-07 14:00:00 UTC,12.7,14.21,14.32,14.3,13.81
2025-05-07 08:00:00 PDT,2025-05-07 15:00:00 UTC,13.2,14.01,14.11,14.11,13.72
2025-05-07 09:00:00 PDT,2025-05-07 16:00:00 UTC,13.7,13.95,13.99,13.97,13.63
2025-05-07 10:00:00 PDT,2025-05-07 17:00:00 UTC,13.9,13.94,13.92,13.87,13.55
2025-05-07 11:00:00 PDT,2025-05-07 18:00:00 UTC,14.6,14.07,13.95,13.83,13.48
2025-05-07 12:00:00 PDT,2025-05-07 19:00:00 UTC,16.1,14.48,14.15,13.87,13.43
2025-05-07 13:00:00 PDT,2025-05-07 20:00:00 UTC,16.4,14.86,14.38,13.98,13.42
2025-05-07 14:00:00 PDT,2025-05-07 21:00:00 UTC,16.4,15.17,14.6,14.12,13.44
2025-05-07 15:00:00 PDT,2025-05-07 22:00:00 UTC,16.1,15.35,14.77,14.25,13.48
2025-05-07 16:00:00 PDT,2025-05-07 23:00:00 UTC,16.8,15.64,14.98,14.39,13.54
2025-05-07 17:00:00 PDT,2025-05-08 00:00:00 UTC,17.1,15.93,15.2,14.55,13.61
2025-05-07 18:00:00 PDT,2025-05-08 01:00:00 UTC,16.5,16.05,15.33,14.69,13.69
2025-05-07 19:00:00 PDT,2025-05-08 02:00:00 UTC,15.3,15.9,15.32,14.76,13.77
2025-05-07 20:00:00 PDT,2025-05-08 03:00:00 UTC,13.9,15.5,15.14,14.73,13.83
2025-05-07 21:00:00 PDT,2025-05-08 04:00:00 UTC,12.3,14.86,14.78,14.58,13.86
2025-05-07 22:00:00 PDT,2025-05-08 05:00:00 UTC,11.7,14.23,14.36,14.35,13.84
2025-05-07 23:00:00 PDT,2025-05-08 06:00:00 UTC,10.7,13.52,13.88,14.05,13.77
2025-05-08 00:00:00 PDT,2025-05-08 07:00:00 UTC,10.3,12.88,13.4,13.72,13.67
2025-05-08 01:00:00 PDT,2025-05-08 08:00:00 UTC,10.2,12.34,12.96,13.39,13.53
2025-05-08 02:00:00 PDT,2025-05-08 09:00:00 UTC,9.9,11.85,12.55,13.06,13.37
2025-05-08 03:00:00 PDT,2025-05-08 10:00:00 UTC,9.6,11.4,12.16,12.74,13.19
2025-05-08 04:00:00 PDT,2025-05-08 11:00:00 UTC,9.2,10.96,11.78,12.42,13.01
2025-05-08 05:00:00 PDT,2025-05-08 12:00:00 UTC,8.4,10.45,11.36,12.09,12.82
2025-05-08 06:00:00 PDT,2025-05-08 13:00:00 UTC,5.8,9.52,10.73,11.67,12.61
2025-05-08 07:00:00 PDT,2025-05-08 14:00:00 UTC,8.2,9.26,10.37,11.3,12.38
2025-05-08 08:00:00 PDT,2025-05-08 15:00:00 UTC,10.3,9.46,10.31,11.08,12.14
2025-05-08 09:00:00 PDT,2025-05-08 16:00:00 UTC,11.9,9.95,10.48,11.02,11.95
2025-05-08 10:00:00 PDT,2025-05-08 17:00:00 UTC,12.8,10.52,10.76,11.08,11.81
2025-05-08 11:00:00 PDT,2025-05-08 18:00:00 UTC,13.4,11.1,11.11,11.23,11.73
2025-05-08 12:00:00 PDT,2025-05-08 19:00:00 UTC,14.8,11.84,11.57,11.46,11.71
2025-05-08 13:00:00 PDT,2025-05-08 20:00:00 UTC,14.7,12.41,11.99,11.73,11.74
2025-05-08 14:00:00 PDT,2025-05-08 21:00:00 UTC,14.4,12.81,12.32,11.98,11.81
2025-05-08 15:00:00 PDT,2025-05-08 22:00:00 UTC,13.6,12.97,12.53,12.18,11.89
2025-05-08 16:00:00 PDT,2025-05-08 23:00:00 UTC,15.1,13.39,12.83,12.39,11.98
2025-05-08 17:00:00 PDT,2025-05-09 00:00:00 UTC,14.2,13.55,13.02,12.58,12.08
2025-05-08 18:00:00 PDT,2025-05-09 01:00:00 UTC,13.8,13.6,13.13,12.72,12.18
2025-05-08 19:00:00 PDT,2025-05-09 02:00:00 UTC,12.9,13.46,13.12,12.79,12.27
2025-05-08 20:00:00 PDT,2025-05-09 03:00:00 UTC,11.9,13.15,12.98,12.77,12.34
2025-05-08 21:00:00 PDT,2025-05-09 04:00:00 UTC,10.5,12.62,12.69,12.66,12.37
2025-05-08 22:00:00 PDT,2025-05-09 05:00:00 UTC,10.0,12.1,12.35,12.48,12.36
2025-05-08 23:00:00 PDT,2025-05-09 06:00:00 UTC,10.4,11.76,12.08,12.29,12.31
2025-05-09 00:00:00 PDT,2025-05-09 07:00:00 UTC,9.9,11.39,11.79,12.09,12.24
2025-05-09 01:00:00 PDT,2025-05-09 08:00:00 UTC,9.8,11.07,11.53,11.88,12.16
2025-05-09 02:00:00 PDT,2025-05-09 09:00:00 UTC,9.5,10.75,11.27,11.68,12.06
2025-05-09 03:00:00 PDT,2025-05-09 10:00:00 UTC,10.2,10.64,11.12,11.51,11.95
2025-05-09 04:00:00 PDT,2025-05-09 11:00:00 UTC,9.8,10.48,10.96,11.36,11.84
2025-05-09 05:00:00 PDT,2025-05-09 12:00:00 UTC,9.6,10.3,10.8,11.22,11.74
2025-05-09 06:00:00 PDT,2025-05-09 13:00:00 UTC,8.0,9.84,10.49,11.03,11.63
2025-05-09 07:00:00 PDT,2025-05-09 14:00:00 UTC,10.0,9.87,10.4,10.88,11.52
2025-05-09 08:00:00 PDT,2025-05-09 15:00:00 UTC,11.6,10.22,10.52,10.84,11.41
2025-05-09 09:00:00 PDT,2025-05-09 16:00:00 UTC,12.8,10.73,10.79,10.92,11.34
2025-05-09 10:00:00 PDT,2025-05-09 17:00:00 UTC,14.1,11.41,11.19,11.1,11.31
2025-05-09 11:00:00 PDT,2025-05-09 18:00:00 UTC,14.8,12.09,11.64,11.36,11.33
2025-05-09 12:00:00 PDT,2025-05-09 19:00:00 UTC,15.3,12.73,12.1,11.66,11.4
2025-05-09 13:00:00 PDT,2025-05-09 20:00:00 UTC,15.3,13.24,12.52,11.97,11.51
2025-05-09 14:00:00 PDT,2025-05-09 21:00:00 UTC,16.6,13.91,13.01,12.31,11.64
2025-05-09 15:00:00 PDT,2025-05-09 22:00:00 UTC,16.0,14.33,13.4,12.63,11.8
2025-05-09 16:00:00 PDT,2025-05-09 23:00:00 UTC,15.2,14.51,13.64,12.9,11.97
2025-05-09 17:00:00 PDT,2025-05-10 00:00:00 UTC,15.2,14.64,13.83,13.11,12.13
2025-05-09 18:00:00 PDT,2025-05-10 01:00:00 UTC,14.6,14.64,13.92,13.26,12.28
2025-05-09 19:00:00 PDT,2025-05-10 02:00:00 UTC,13.9,14.49,13.9,13.34,12.41
2025-05-09 20:00:00 PDT,2025-05-10 03:00:00 UTC,12.9,14.17,13.77,13.34,12.51
2025-05-09 21:00:00 PDT,2025-05-10 04:00:00 UTC,11.9,13.72,13.53,13.26,12.58
2025-05-09 22:00:00 PDT,2025-05-10 05:00:00 UTC,11.1,13.19,13.21,13.11,12.61
2025-05-09 23:00:00 PDT,2025-05-10 06:00:00 UTC,11.9,12.93,12.99,12.95,12.59
2025-05-10 00:00:00 PDT,2025-05-10 07:00:00 UTC,10.7,12.49,12.69,12.77,12.56
2025-05-10 01:00:00 PDT,2025-05-10 08:00:00 UTC,11.7,12.33,12.51,12.61,12.5
2025-05-10 02:00:00 PDT,2025-05-10 09:00:00 UTC,9.6,11.78,12.16,12.41,12.43
2025-05-10 03:00:00 PDT,2025-05-10 10:00:00 UTC,11.5,11.73,12.02,12.24,12.34
2025-05-10 04:00:00 PDT,2025-05-10 11:00:00 UTC,10.8,11.54,11.86,12.1,12.25
2025-05-10 05:00:00 PDT,2025-05-10 12:00:00 UTC,11.0,11.43,11.73,11.97,12.17
2025-05-10 06:00:00 PDT,2025-05-10 13:00:00 UTC,11.0,11.35,11.63,11.86,12.09
2025-05-10 07:00:00 PDT,2025-05-10 14:00:00 UTC,10.9,11.26,11.54,11.77,12.01
2025-05-10 08:00:00 PDT,2025-05-10 15:00:00 UTC,12.8,11.57,11.65,11.75,11.94
2025-05-10 09:00:00 PDT,2025-05-10 16:00:00 UTC,12.9,11.83,11.79,11.8,11.89
2025-05-10 10:00:00 PDT,2025-05-10 17:00:00 UTC,12.9,12.05,11.93,11.87,11.88
2025-05-10 11:00:00 PDT,2025-05-10 18:00:00 UTC,13.7,12.38,12.14,11.98,11.88
2025-05-10 12:00:00 PDT,2025-05-10 19:00:00 UTC,14.7,12.84,12.44,12.14,11.9
2025-05-10 13:00:00 PDT,2025-05-10 20:00:00 UTC,15.2,13.31,12.77,12.35,11.96
2025-05-10 14:00:00 PDT,2025-05-10 21:00:00 UTC,15.1,13.67,13.06,12.57,12.04
2025-05-10 15:00:00 PDT,2025-05-10 22:00:00 UTC,16.4,14.22,13.44,12.82,12.14
2025-05-10 16:00:00 PDT,2025-05-10 23:00:00 UTC,16.2,14.61,13.77,13.08,12.26
2025-05-10 17:00:00 PDT,2025-05-11 00:00:00 UTC,15.1,14.71,13.95,13.29,12.39
2025-05-10 18:00:00 PDT,2025-05-11 01:00:00 UTC,15.2,14.81,14.09,13.45,12.52
2025-05-10 19:00:00 PDT,2025-05-11 02:00:00 UTC,15.0,14.85,14.18,13.57,12.64
2025-05-10 20:00:00 PDT,2025-05-11 03:00:00 UTC,14.1,14.7,14.16,13.64,12.74
2025-05-10 21:00:00 PDT,2025-05-11 04:00:00 UTC,13.6,14.48,14.07,13.64,12.83
2025-05-10 22:00:00 PDT,2025-05-11 05:00:00 UTC,13.5,14.28,13.96,13.62,12.88
2025-05-10 23:00:00 PDT,2025-05-11 06:00:00 UTC,12.1,13.85,13.72,13.52,12.92
2025-05-11 00:00:00 PDT,2025-05-11 07:00:00 UTC,10.9,13.26,13.36,13.34,12.92
2025-05-11 01:00:00 PDT,2025-05-11 08:00:00 UTC,11.1,12.83,13.04,13.13,12.88
2025-05-11 02:00:00 PDT,2025-05-11 09:00:00 UTC,9.9,12.24,12.64,12.88,12.81
2025-05-11 03:00:00 PDT,2025-05-11 10:00:00 UTC,10.1,11.81,12.29,12.61,12.71
2025-05-11 04:00:00 PDT,2025-05-11 11:00:00 UTC,10.8,11.61,12.06,12.39,12.6
2025-05-11 05:00:00 PDT,2025-05-11 12:00:00 UTC,10.0,11.29,11.79,12.18,12.48
2025-05-11 06:00:00 PDT,2025-05-11 13:00:00 UTC,10.7,11.17,11.63,12.0,12.35
2025-05-11 07:00:00 PDT,2025-05-11 14:00:00 UTC,11.0,11.14,11.53,11.86,12.24
2025-05-11 08:00:00 PDT,2025-05-11 15:00:00 UTC,11.3,11.17,11.49,11.77,12.14
2025-05-11 09:00:00 PDT,2025-05-11 16:00:00 UTC,13.1,11.56,11.65,11.78,12.05
2025-05-11 10:00:00 PDT,2025-05-11 17:00:00 UTC,14.6,12.16,11.98,11.9,12.0
2025-05-11 11:00:00 PDT,2025-05-11 18:00:00 UTC,14.7,12.67,12.32,12.09,12.0
2025-05-11 12:00:00 PDT,2025-05-11 19:00:00 UTC,15.8,13.3,12.74,12.33,12.04
2025-05-11 13:00:00 PDT,2025-05-11 20:00:00 UTC,16.4,13.92,13.18,12.62,12.12
2025-05-11 14:00:00 PDT,2025-05-11 21:00:00 UTC,16.6,14.45,13.6,12.93,12.23
2025-05-11 15:00:00 PDT,2025-05-11 22:00:00 UTC,15.9,14.74,13.9,13.2,12.37
2025-05-11 16:00:00 PDT,2025-05-11 23:00:00 UTC,15.0,14.79,14.05,13.4,12.51
2025-05-11 17:00:00 PDT,2025-05-12 00:00:00 UTC,14.3,14.7,14.09,13.52,12.64
2025-05-11 18:00:00 PDT,2025-05-12 01:00:00 UTC,14.2,14.6,14.08,13.58,12.75
2025-05-11 19:00:00 PDT,2025-05-12 02:00:00 UTC,13.6,14.4,14.0,13.6,12.83
2025-05-11 20:00:00 PDT,2025-05-12 03:00:00 UTC,11.8,13.88,13.74,13.51,12.88
2025-05-11 21:00:00 PDT,2025-05-12 04:00:00 UTC,11.2,13.34,13.4,13.35,12.9
2025-05-11 22:00:00 PDT,2025-05-12 05:00:00 UTC,11.0,12.87,13.07,13.14,12.87
2025-05-11 23:00:00 PDT,2025-05-12 06:00:00 UTC,11.2,12.54,12.8,12.94,12.82
2025-05-12 00:00:00 PDT,2025-05-12 07:00:00 UTC,9.9,12.01,12.43,12.7,12.74
2025-05-12 01:00:00 PDT,2025-05-12 08:00:00 UTC,10.4,11.69,12.14,12.47,12.64
2025-05-12 02:00:00 PDT,2025-05-12 09:00:00 UTC,9.8,11.31,11.84,12.24,12.53
2025-05-12 03:00:00 PDT,2025-05-12 10:00:00 UTC,8.9,10.83,11.48,11.98,12.4
2025-05-12 04:00:00 PDT,2025-05-12 11:00:00 UTC,8.6,10.38,11.12,11.7,12.26
2025-05-12 05:00:00 PDT,2025-05-12 12:00:00 UTC,8.9,10.09,10.83,11.44,12.11
2025-05-12 06:00:00 PDT,2025-05-12 13:00:00 UTC,9.3,9.93,10.63,11.23,11.95
2025-05-12 07:00:00 PDT,2025-05-12 14:00:00 UTC,10.4,10.02,10.58,11.09,11.8
2025-05-12 08:00:00 PDT,2025-05-12 15:00:00 UTC,11.2,10.26,10.65,11.04,11.68
2025-05-12 09:00:00 PDT,2025-05-12 16:00:00 UTC,12.0,10.61,10.81,11.06,11.58
2025-05-12 10:00:00 PDT,2025-05-12 17:00:00 UTC,12.8,11.05,11.06,11.16,11.53
2025-05-12 11:00:00 PDT,2025-05-12 18:00:00 UTC,13.5,11.54,11.37,11.31,11.51
2025-05-12 12:00:00 PDT,2025-05-12 19:00:00 UTC,15.1,12.25,11.82,11.55,11.53
2025-05-12 13:00:00 PDT,2025-05-12 20:00:00 UTC,15.5,12.9,12.28,11.85,11.6
2025-05-12 14:00:00 PDT,2025-05-12 21:00:00 UTC,15.7,13.46,12.72,12.16,11.7
2025-05-12 15:00:00 PDT,2025-05-12 22:00:00 UTC,14.9,13.75,13.02,12.44,11.83
2025-05-12 16:00:00 PDT,2025-05-12 23:00:00 UTC,16.1,14.22,13.39,12.71,11.97
2025-05-12 17:00:00 PDT,2025-05-13 00:00:00 UTC,16.6,14.69,13.77,13.0,12.12
2025-05-12 18:00:00 PDT,2025-05-13 01:00:00 UTC,16.2,15.0,14.06,13.27,12.28
2025-05-12 19:00:00 PDT,2025-05-13 02:00:00 UTC,16.0,15.2,14.29,13.51,12.45
2025-05-12 20:00:00 PDT,2025-05-13 03:00:00 UTC,15.2,15.2,14.4,13.68,12.6
2025-05-12 21:00:00 PDT,2025-05-13 04:00:00 UTC,14.1,14.98,14.36,13.76,12.74
2025-05-12 22:00:00 PDT,2025-05-13 05:00:00 UTC,13.3,14.64,14.21,13.75,12.85
2025-05-12 23:00:00 PDT,2025-05-13 06:00:00 UTC,13.2,14.35,14.05,13.7,12.92
2025-05-13 00:00:00 PDT,2025-05-13 07:00:00 UTC,12.9,14.06,13.87,13.62,12.95
2025-05-13 01:00:00 PDT,2025-05-13 08:00:00 UTC,11.4,13.53,13.55,13.46,12.96
2025-05-13 02:00:00 PDT,2025-05-13 09:00:00 UTC,10.4,12.9,13.15,13.24,12.94
2025-05-13 03:00:00 PDT,2025-05-13 10:00:00 UTC,9.6,12.24,12.69,12.95,12.87
2025-05-13 04:00:00 PDT,2025-05-13 11:00:00 UTC,9.0,11.59,12.21,12.62,12.77
2025-05-13 05:00:00 PDT,2025-05-13 12:00:00 UTC,8.3,10.94,11.71,12.27,12.63
2025-05-13 06:00:00 PDT,2025-05-13 13:00:00 UTC,10.3,10.81,11.46,11.99,12.47
2025-05-13 07:00:00 PDT,2025-05-13 14:00:00 UTC,11.5,10.95,11.41,11.83,12.31
2025-05-13 08:00:00 PDT,2025-05-13 15:00:00 UTC,12.6,11.28,11.52,11.78,12.19
2025-05-13 09:00:00 PDT,2025-05-13 16:00:00 UTC,12.6,11.54,11.65,11.8,12.1
2025-05-13 10:00:00 PDT,2025-05-13 17:00:00 UTC,13.8,11.99,11.9,11.89,12.05
2025-05-13 11:00:00 PDT,2025-05-13 18:00:00 UTC,14.6,12.51,12.23,12.05,12.03
2025-05-13 12:00:00 PDT,2025-05-13 19:00:00 UTC,15.8,13.17,12.65,12.29,12.06
2025-05-13 13:00:00 PDT,2025-05-13 20:00:00 UTC,14.8,13.5,12.95,12.52,12.13
2025-05-13 14:00:00 PDT,2025-05-13 21:00:00 UTC,16.0,14.0,13.31,12.77,12.22
2025-05-13 15:00:00 PDT,2025-05-13 22:00:00 UTC,15.9,14.38,13.63,13.02,12.33
2025-05-13 16:00:00 PDT,2025-05-13 23:00:00 UTC,16.4,14.78,13.96,13.27,12.45
2025-05-13 17:00:00 PDT,2025-05-14 00:00:00 UTC,17.0,15.23,14.31,13.54,12.59
2025-05-13 18:00:00 PDT,2025-05-14 01:00:00 UTC,16.7,15.52,14.59,13.79,12.74
2025-05-13 19:00:00 PDT,2025-05-14 02:00:00 UTC,15.3,15.48,14.69,13.96,12.89
2025-05-13 20:00:00 PDT,2025-05-14 03:00:00 UTC,14.9,15.36,14.7,14.06,13.02
2025-05-13 21:00:00 PDT,2025-05-14 04:00:00 UTC,14.0,15.09,14.59,14.08,13.13
2025-05-13 22:00:00 PDT,2025-05-14 05:00:00 UTC,12.9,14.65,14.37,14.02,13.2
2025-05-13 23:00:00 PDT,2025-05-14 06:00:00 UTC,12.5,14.22,14.1,13.9,13.24
2025-05-14 00:00:00 PDT,2025-05-14 07:00:00 UTC,11.3,13.64,13.74,13.7,13.24
2025-05-14 01:00:00 PDT,2025-05-14 08:00:00 UTC,11.3,13.17,13.39,13.48,13.2
2025-05-14 02:00:00 PDT,2025-05-14 09:00:00 UTC,10.9,12.72,13.05,13.24,13.13
2025-05-14 03:00:00 PDT,2025-05-14 10:00:00 UTC,10.5,12.27,12.7,12.99,13.03
2025-05-14 04:00:00 PDT,2025-05-14 11:00:00 UTC,10.3,11.88,12.38,12.74,12.92
2025-05-14 05:00:00 PDT,2025-05-14 12:00:00 UTC,11.0,11.7,12.17,12.53,12.8
2025-05-14 06:00:00 PDT,2025-05-14 13:00:00 UTC,11.2,11.6,12.02,12.36,12.67
2025-05-14 07:00:00 PDT,2025-05-14 14:00:00 UTC,11.4,11.56,11.93,12.23,12.56
2025-05-14 08:00:00 PDT,2025-05-14 15:00:00 UTC,11.9,11.63,11.9,12.15,12.46
2025-05-14 09:00:00 PDT,2025-05-14 16:00:00 UTC,12.0,11.7,11.91,12.11,12.38
2025-05-14 10:00:00 PDT,2025-05-14 17:00:00 UTC,12.6,11.88,11.99,12.1,12.31
2025-05-14 11:00:00 PDT,2025-05-14 18:00:00 UTC,13.0,12.11,12.1,12.14,12.27
2025-05-14 12:00:00 PDT,2025-05-14 19:00:00 UTC,13.3,12.34,12.25,12.21,12.25
2025-05-14 13:00:00 PDT,2025-05-14 20:00:00 UTC,13.9,12.66,12.45,12.31,12.25
2025-05-14 14:00:00 PDT,2025-05-14 21:00:00 UTC,14.9,13.1,12.73,12.47,12.27
2025-05-14 15:00:00 PDT,2025-05-14 22:00:00 UTC,15.6,13.6,13.07,12.67,12.32
2025-05-14 16:00:00 PDT,2025-05-14 23:00:00 UTC,16.8,14.24,13.51,12.94,12.4
2025-05-14 17:00:00 PDT,2025-05-15 00:00:00 UTC,16.5,14.69,13.88,13.22,12.51
2025-05-14 18:00:00 PDT,2025-05-15 01:00:00 UTC,16.7,15.1,14.22,13.5,12.64
2025-05-14 19:00:00 PDT,2025-05-15 02:00:00 UTC,15.2,15.12,14.36,13.7,12.78
2025-05-14 20:00:00 PDT,2025-05-15 03:00:00 UTC,14.4,14.97,14.37,13.81,12.91
2025-05-14 21:00:00 PDT,2025-05-15 04:00:00 UTC,13.0,14.58,14.21,13.81,13.01
2025-05-14 22:00:00 PDT,2025-05-15 05:00:00 UTC,11.8,14.02,13.91,13.7,13.08
2025-05-14 23:00:00 PDT,2025-05-15 06:00:00 UTC,11.4,13.5,13.57,13.53,13.09
2025-05-15 00:00:00 PDT,2025-05-15 07:00:00 UTC,10.5,12.9,13.17,13.3,13.06
2025-05-15 01:00:00 PDT,2025-05-15 08:00:00 UTC,10.1,12.34,12.76,13.03,13.0
2025-05-15 02:00:00 PDT,2025-05-15 09:00:00 UTC,10.0,11.87,12.39,12.75,12.9
2025-05-15 03:00:00 PDT,2025-05-15 10:00:00 UTC,9.8,11.46,12.04,12.48,12.78
2025-05-15 04:00:00 PDT,2025-05-15 11:00:00 UTC,9.9,11.15,11.75,12.23,12.64
2025-05-15 05:00:00 PDT,2025-05-15 12:00:00 UTC,9.9,10.9,11.51,12.0,12.5
2025-05-15 06:00:00 PDT,2025-05-15 13:00:00 UTC,9.9,10.7,11.3,11.8,12.36
2025-05-15 07:00:00 PDT,2025-05-15 14:00:00 UTC,10.3,10.62,11.17,11.64,12.23
2025-05-15 08:00:00 PDT,2025-05-15 15:00:00 UTC,10.7,10.63,11.1,11.53,12.11
2025-05-15 09:00:00 PDT,2025-05-15 16:00:00 UTC,11.2,10.75,11.11,11.46,12.0
2025-05-15 10:00:00 PDT,2025-05-15 17:00:00 UTC,11.8,10.96,11.2,11.45,11.91
2025-05-15 11:00:00 PDT,2025-05-15 18:00:00 UTC,11.7,11.11,11.28,11.47,11.85
2025-05-15 12:00:00 PDT,2025-05-15 19:00:00 UTC,10.7,11.03,11.25,11.46,11.81
2025-05-15 13:00:00 PDT,2025-05-15 20:00:00 UTC,10.6,10.94,11.19,11.42,11.77
2025-05-15 14:00:00 PDT,2025-05-15 21:00:00 UTC,10.6,10.87,11.14,11.37,11.73
2025-05-15 15:00:00 PDT,2025-05-15 22:00:00 UTC,11.1,10.92,11.13,11.34,11.69
2025-05-15 16:00:00 PDT,2025-05-15 23:00:00 UTC,10.8,10.89,11.11,11.32,11.65
2025-05-15 17:00:00 PDT,2025-05-16 00:00:00 UTC,10.6,10.84,11.07,11.28,11.61
2025-05-15 18:00:00 PDT,2025-05-16 01:00:00 UTC,10.1,10.69,10.97,11.22,11.58
2025-05-15 19:00:00 PDT,2025-05-16 02:00:00 UTC,10.6,10.67,10.93,11.17,11.53
2025-05-15 20:00:00 PDT,2025-05-16 03:00:00 UTC,10.2,10.58,10.86,11.12,11.49
2025-05-15 21:00:00 PDT,2025-05-16 04:00:00 UTC,9.9,10.44,10.76,11.05,11.45
2025-05-15 22:00:00 PDT,2025-05-16 05:00:00 UTC,9.7,10.29,10.65,10.96,11.4
2025-05-15 23:00:00 PDT,2025-05-16 06:00:00 UTC,9.7,10.17,10.55,10.88,11.34
2025-05-16 00:00:00 PDT,2025-05-16 07:00:00 UTC,9.5,10.04,10.44,10.79,11.28
2025-05-16 01:00:00 PDT,2025-05-16 08:00:00 UTC,9.6,9.95,10.35,10.7,11.22
2025-05-16 02:00:00 PDT,2025-05-16 09:00:00 UTC,9.4,9.84,10.25,10.62,11.16
2025-05-16 03:00:00 PDT,2025-05-16 10:00:00 UTC,9.2,9.71,10.15,10.53,11.1
2025-05-16 04:00:00 PDT,2025-05-16 11:00:00 UTC,9.1,9.59,10.04,10.44,11.03
2025-05-16 05:00:00 PDT,2025-05-16 12:00:00 UTC,9.2,9.51,9.96,10.36,10.96
2025-05-16 06:00:00 PDT,2025-05-16 13:00:00 UTC,9.2,9.45,9.88,10.28,10.9
2025-05-16 07:00:00 PDT,2025-05-16 14:00:00 UTC,9.6,9.48,9.86,10.23,10.83
2025-05-16 08:00:00 PDT,2025-05-16 15:00:00 UTC,9.9,9.56,9.88,10.2,10.78
2025-05-16 09:00:00 PDT,2025-05-16 16:00:00 UTC,10.6,9.77,9.98,10.22,10.73
2025-05-16 10:00:00 PDT,2025-05-16 17:00:00 UTC,10.5,9.92,10.07,10.26,10.71
2025-05-16 11:00:00 PDT,2025-05-16 18:00:00 UTC,11.3,10.19,10.24,10.34,10.69
2025-05-16 12:00:00 PDT,2025-05-16 19:00:00 UTC,11.9,10.53,10.46,10.46,10.7
2025-05-16 13:00:00 PDT,2025-05-16 20:00:00 UTC,11.9,10.81,10.66,10.59,10.73
2025-05-16 14:00:00 PDT,2025-05-16 21:00:00 UTC,12.3,11.11,10.88,10.74,10.77
2025-05-16 15:00:00 PDT,2025-05-16 22:00:00 UTC,12.6,11.41,11.11,10.9,10.83
2025-05-16 16:00:00 PDT,2025-05-16 23:00:00 UTC,12.2,11.56,11.27,11.04,10.9
2025-05-16 17:00:00 PDT,2025-05-17 00:00:00 UTC,12.4,11.73,11.42,11.18,10.97
2025-05-16 18:00:00 PDT,2025-05-17 01:00:00 UTC,12.1,11.8,11.52,11.28,11.05
2025-05-16 19:00:00 PDT,2025-05-17 02:00:00 UTC,11.5,11.74,11.54,11.35,11.12
2025-05-16 20:00:00 PDT,2025-05-17 03:00:00 UTC,11.1,11.62,11.49,11.37,11.17
2025-05-16 21:00:00 PDT,2025-05-17 04:00:00 UTC,10.9,11.47,11.42,11.36,11.21
2025-05-16 22:00:00 PDT,2025-05-17 05:00:00 UTC,10.9,11.36,11.35,11.33,11.23
2025-05-16 23:00:00 PDT,2025-05-17 06:00:00 UTC,11.0,11.29,11.3,11.3,11.24
2025-05-17 00:00:00 PDT,2025-05-17 07:00:00 UTC,10.8,11.19,11.24,11.26,11.25
2025-05-17 01:00:00 PDT,2025-05-17 08:00:00 UTC,10.9,11.13,11.19,11.23,11.24
2025-05-17 02:00:00 PDT,2025-05-17 09:00:00 UTC,11.1,11.12,11.17,11.21,11.23
2025-05-17 03:00:00 PDT,2025-05-17 10:00:00 UTC,10.8,11.06,11.13,11.18,11.22
2025-05-17 04:00:00 PDT,2025-05-17 11:00:00 UTC,10.9,11.03,11.1,11.15,11.21
2025-05-17 05:00:00 PDT,2025-05-17 12:00:00 UTC,10.5,10.92,11.03,11.12,11.2
2025-05-17 06:00:00 PDT,2025-05-17 13:00:00 UTC,10.3,10.8,10.95,11.06,11.18
2025-05-17 07:00:00 PDT,2025-05-17 14:00:00 UTC,10.5,10.74,10.89,11.01,11.16
2025-05-17 08:00:00 PDT,2025-05-17 15:00:00 UTC,10.8,10.75,10.87,10.98,11.14
2025-05-17 09:00:00 PDT,2025-05-17 16:00:00 UTC,10.7,10.74,10.86,10.96,11.11
2025-05-17 10:00:00 PDT,2025-05-17 17:00:00 UTC,10.9,10.77,10.86,10.95,11.09
2025-05-17 11:00:00 PDT,2025-05-17 18:00:00 UTC,11.5,10.92,10.93,10.97,11.08
2025-05-17 12:00:00 PDT,2025-05-17 19:00:00 UTC,12.4,11.21,11.1,11.04,11.08
2025-05-17 13:00:00 PDT,2025-05-17 20:00:00 UTC,13.3,11.63,11.35,11.17,11.09
2025-05-17 14:00:00 PDT,2025-05-17 21:00:00 UTC,13.6,12.03,11.63,11.34,11.14
2025-05-17 15:00:00 PDT,2025-05-17 22:00:00 UTC,14.2,12.46,11.94,11.55,11.2
2025-05-17 16:00:00 PDT,2025-05-17 23:00:00 UTC,13.9,12.75,12.19,11.75,11.29
2025-05-17 17:00:00 PDT,2025-05-18 00:00:00 UTC,12.3,12.66,12.25,11.88,11.39
2025-05-17 18:00:00 PDT,2025-05-18 01:00:00 UTC,11.8,12.49,12.2,11.93,11.48
2025-05-17 19:00:00 PDT,2025-05-18 02:00:00 UTC,12.9,12.57,12.26,11.97,11.54
2025-05-17 20:00:00 PDT,2025-05-18 03:00:00 UTC,11.0,12.26,12.13,11.96,11.6
2025-05-17 21:00:00 PDT,2025-05-18 04:00:00 UTC,10.8,11.96,11.96,11.89,11.63
2025-05-17 22:00:00 PDT,2025-05-18 05:00:00 UTC,10.5,11.67,11.76,11.79,11.63
2025-05-17 23:00:00 PDT,2025-05-18 06:00:00 UTC,10.4,11.42,11.58,11.67,11.61
2025-05-18 00:00:00 PDT,2025-05-18 07:00:00 UTC,10.3,11.19,11.41,11.55,11.58
2025-05-18 01:00:00 PDT,2025-05-18 08:00:00 UTC,10.4,11.04,11.27,11.43,11.53
2025-05-18 02:00:00 PDT,2025-05-18 09:00:00 UTC,9.7,10.77,11.07,11.3,11.48
2025-05-18 03:00:00 PDT,2025-05-18 10:00:00 UTC,9.8,10.57,10.91,11.17,11.42
2025-05-18 04:00:00 PDT,2025-05-18 11:00:00 UTC,9.8,10.42,10.77,11.05,11.35
2025-05-18 05:00:00 PDT,2025-05-18 12:00:00 UTC,9.7,10.28,10.64,10.93,11.28
2025-05-18 06:00:00 PDT,2025-05-18 13:00:00 UTC,9.5,10.12,10.5,10.82,11.2
2025-05-18 07:00:00 PDT,2025-05-18 14:00:00 UTC,9.9,10.08,10.42,10.73,11.13
2025-05-18 08:00:00 PDT,2025-05-18 15:00:00 UTC,10.6,10.18,10.44,10.68,11.07
2025-05-18 09:00:00 PDT,2025-05-18 16:00:00 UTC,11.9,10.52,10.6,10.71,11.01
2025-05-18 10:00:00 PDT,2025-05-18 17:00:00 UTC,12.9,11.0,10.87,10.83,10.99
2025-05-18 11:00:00 PDT,2025-05-18 18:00:00 UTC,13.3,11.46,11.17,11.0,11.0
2025-05-18 12:00:00 PDT,2025-05-18 19:00:00 UTC,13.5,11.87,11.47,11.2,11.05
2025-05-18 13:00:00 PDT,2025-05-18 20:00:00 UTC,14.2,12.33,11.81,11.42,11.12
2025-05-18 14:00:00 PDT,2025-05-18 21:00:00 UTC,14.4,12.75,12.13,11.66,11.22
2025-05-18 15:00:00 PDT,2025-05-18 22:00:00 UTC,14.4,13.08,12.42,11.89,11.33
2025-05-18 16:00:00 PDT,2025-05-18 23:00:00 UTC,15.8,13.62,12.81,12.16,11.45
2025-05-18 17:00:00 PDT,2025-05-19 00:00:00 UTC,15.3,13.96,13.12,12.42,11.59
2025-05-18 18:00:00 PDT,2025-05-19 01:00:00 UTC,15.6,14.29,13.41,12.67,11.75
2025-05-18 19:00:00 PDT,2025-05-19 02:00:00 UTC,15.1,14.45,13.62,12.89,11.9
2025-05-18 20:00:00 PDT,2025-05-19 03:00:00 UTC,13.9,14.34,13.66,13.02,12.05
2025-05-18 21:00:00 PDT,2025-05-19 04:00:00 UTC,12.2,13.91,13.49,13.04,12.17
2025-05-18 22:00:00 PDT,2025-05-19 05:00:00 UTC,11.5,13.43,13.23,12.95,12.25
2025-05-18 23:00:00 PDT,2025-05-19 06:00:00 UTC,10.9,12.92,12.92,12.8,12.28
2025-05-19 00:00:00 PDT,2025-05-19 07:00:00 UTC,9.9,12.32,12.53,12.59,12.27
2025-05-19 01:00:00 PDT,2025-05-19 08:00:00 UTC,10.4,11.93,12.21,12.37,12.23
2025-05-19 02:00:00 PDT,2025-05-19 09:00:00 UTC,10.2,11.59,11.93,12.15,12.15
2025-05-19 03:00:00 PDT,2025-05-19 10:00:00 UTC,10.4,11.35,11.71,11.96,12.07
2025-05-19 04:00:00 PDT,2025-05-19 11:00:00 UTC,10.4,11.16,11.52,11.79,11.98
2025-05-19 05:00:00 PDT,2025-05-19 12:00:00 UTC,9.1,10.75,11.23,11.6,11.88
2025-05-19 06:00:00 PDT,2025-05-19 13:00:00 UTC,8.6,10.45,10.98,11.39,11.78
2025-05-19 07:00:00 PDT,2025-05-19 14:00:00 UTC,8.7,10.2,10.75,11.2,11.66
2025-05-19 08:00:00 PDT,2025-05-19 15:00:00 UTC,8.7,9.9,10.51,11.0,11.55
2025-05-19 09:00:00 PDT,2025-05-19 16:00:00 UTC,8.8,9.68,10.3,10.81,11.42
2025-05-19 10:00:00 PDT,2025-05-19 17:00:00 UTC,10.2,9.79,10.26,10.69,11.3
2025-05-19 11:00:00 PDT,2025-05-19 18:00:00 UTC,13.3,10.49,10.57,10.74,11.21
2025-05-19 12:00:00 PDT,2025-05-19 19:00:00 UTC,13.9,11.17,10.98,10.92,11.16
2025-05-19 13:00:00 PDT,2025-05-19 20:00:00 UTC,14.8,11.9,11.45,11.18,11.18
2025-05-19 14:00:00 PDT,2025-05-19 21:00:00 UTC,14.9,12.5,11.9,11.48,11.24
2025-05-19 15:00:00 PDT,2025-05-19 22:00:00 UTC,13.9,12.78,12.19,11.73,11.34
2025-05-19 16:00:00 PDT,2025-05-19 23:00:00 UTC,13.4,12.9,12.37,11.93,11.45
2025-05-19 17:00:00 PDT,2025-05-20 00:00:00 UTC,12.7,12.86,12.43,12.05,11.56
2025-05-19 18:00:00 PDT,2025-05-20 01:00:00 UTC,12.7,12.83,12.47,12.13,11.65
2025-05-19 19:00:00 PDT,2025-05-20 02:00:00 UTC,12.6,12.78,12.48,12.18,11.73
2025-05-19 20:00:00 PDT,2025-05-20 03:00:00 UTC,12.4,12.71,12.46,12.21,11.78
2025-05-19 21:00:00 PDT,2025-05-20 04:00:00 UTC,12.0,12.57,12.39,12.2,11.83
2025-05-19 22:00:00 PDT,2025-05-20 05:00:00 UTC,11.7,12.39,12.3,12.17,11.86
2025-05-19 23:00:00 PDT,2025-05-20 06:00:00 UTC,10.9,12.09,12.12,12.09,11.87
2025-05-20 00:00:00 PDT,2025-05-20 07:00:00 UTC,10.9,11.86,11.96,11.99,11.86
2025-05-20 01:00:00 PDT,2025-05-20 08:00:00 UTC,10.9,11.66,11.81,11.89,11.84
2025-05-20 02:00:00 PDT,2025-05-20 09:00:00 UTC,10.2,11.37,11.61,11.76,11.8
2025-05-20 03:00:00 PDT,2025-05-20 10:00:00 UTC,9.3,10.96,11.33,11.59,11.74
2025-05-20 04:00:00 PDT,2025-05-20 11:00:00 UTC,8.9,10.55,11.03,11.39,11.67
2025-05-20 05:00:00 PDT,2025-05-20 12:00:00 UTC,8.9,10.22,10.76,11.18,11.58
2025-05-20 06:00:00 PDT,2025-05-20 13:00:00 UTC,9.3,10.03,10.56,11.0,11.47
2025-05-20 07:00:00 PDT,2025-05-20 14:00:00 UTC,10.1,10.05,10.48,10.87,11.37
2025-05-20 08:00:00 PDT,2025-05-20 15:00:00 UTC,11.2,10.28,10.55,10.82,11.28
2025-05-20 09:00:00 PDT,2025-05-20 16:00:00 UTC,11.8,10.58,10.7,10.85,11.21
2025-05-20 10:00:00 PDT,2025-05-20 17:00:00 UTC,11.4,10.75,10.81,10.9,11.17
2025-05-20 11:00:00 PDT,2025-05-20 18:00:00 UTC,13.6,11.32,11.12,11.04,11.16
2025-05-20 12:00:00 PDT,2025-05-20 19:00:00 UTC,13.6,11.77,11.44,11.22,11.18
2025-05-20 13:00:00 PDT,2025-05-20 20:00:00 UTC,15.0,12.42,11.87,11.48,11.24
2025-05-20 14:00:00 PDT,2025-05-20 21:00:00 UTC,15.0,12.93,12.26,11.76,11.33
2025-05-20 15:00:00 PDT,2025-05-20 22:00:00 UTC,14.3,13.21,12.54,12.01,11.45
2025-05-20 16:00:00 PDT,2025-05-20 23:00:00 UTC,16.3,13.83,12.97,12.29,11.58
2025-05-20 17:00:00 PDT,2025-05-21 00:00:00 UTC,14.8,14.02,13.22,12.55,11.72
2025-05-20 18:00:00 PDT,2025-05-21 01:00:00 UTC,15.3,14.28,13.46,12.77,11.87
2025-05-20 19:00:00 PDT,2025-05-21 02:00:00 UTC,14.1,14.24,13.55,12.93,12.02
2025-05-20 20:00:00 PDT,2025-05-21 03:00:00 UTC,13.2,14.03,13.51,13.0,12.14
2025-05-20 21:00:00 PDT,2025-05-21 04:00:00 UTC,12.3,13.69,13.35,12.99,12.24
2025-05-20 22:00:00 PDT,2025-05-21 05:00:00 UTC,11.3,13.21,13.09,12.89,12.3
2025-05-20 23:00:00 PDT,2025-05-21 06:00:00 UTC,11.2,12.81,12.83,12.75,12.32
2025-05-21 00:00:00 PDT,2025-05-21 07:00:00 UTC,10.3,12.31,12.49,12.56,12.3
2025-05-21 01:00:00 PDT,2025-05-21 08:00:00 UTC,10.3,11.9,12.19,12.35,12.26
2025-05-21 02:00:00 PDT,2025-05-21 09:00:00 UTC,10.5,11.62,11.94,12.16,12.19
2025-05-21 03:00:00 PDT,2025-05-21 10:00:00 UTC,10.4,11.38,11.73,11.98,12.1
2025-05-21 04:00:00 PDT,2025-05-21 11:00:00 UTC,9.9,11.08,11.49,11.8,12.01
2025-05-21 05:00:00 PDT,2025-05-21 12:00:00 UTC,9.9,10.85,11.28,11.62,11.92
2025-05-21 06:00:00 PDT,2025-05-21 13:00:00 UTC,10.0,10.68,11.11,11.46,11.82
2025-05-21 07:00:00 PDT,2025-05-21 14:00:00 UTC,11.0,10.74,11.07,11.36,11.72
2025-05-21 08:00:00 PDT,2025-05-21 15:00:00 UTC,10.8,10.75,11.04,11.29,11.64
2025-05-21 09:00:00 PDT,2025-05-21 16:00:00 UTC,13.0,11.2,11.24,11.32,11.57
2025-05-21 10:00:00 PDT,2025-05-21 17:00:00 UTC,12.6,11.48,11.41,11.41,11.54
2025-05-21 11:00:00 PDT,2025-05-21 18:00:00 UTC,13.0,11.79,11.61,11.52,11.54
2025-05-21 12:00:00 PDT,2025-05-21 19:00:00 UTC,14.0,12.23,11.9,11.67,11.56
2025-05-21 13:00:00 PDT,2025-05-21 20:00:00 UTC,13.9,12.56,12.15,11.85,11.61
2025-05-21 14:00:00 PDT,2025-05-21 21:00:00 UTC,14.6,12.97,12.45,12.05,11.67
2025-05-21 15:00:00 PDT,2025-05-21 22:00:00 UTC,15.5,13.48,12.81,12.29,11.76
2025-05-21 16:00:00 PDT,2025-05-21 23:00:00 UTC,15.3,13.84,13.12,12.53,11.87
2025-05-21 17:00:00 PDT,2025-05-22 00:00:00 UTC,15.3,14.13,13.38,12.76,12.0
2025-05-21 18:00:00 PDT,2025-05-22 01:00:00 UTC,15.1,14.33,13.59,12.96,12.12
2025-05-21 19:00:00 PDT,2025-05-22 02:00:00 UTC,14.3,14.32,13.68,13.1,12.25
2025-05-21 20:00:00 PDT,2025-05-22 03:00:00 UTC,12.8,14.02,13.59,13.15,12.36
2025-05-21 21:00:00 PDT,2025-05-22 04:00:00 UTC,12.2,13.65,13.4,13.11,12.44
2025-05-21 22:00:00 PDT,2025-05-22 05:00:00 UTC,11.0,13.12,13.1,12.98,12.48
2025-05-21 23:00:00 PDT,2025-05-22 06:00:00 UTC,12.1,12.92,12.92,12.85,12.48
2025-05-22 00:00:00 PDT,2025-05-22 07:00:00 UTC,11.5,12.63,12.72,12.72,12.46
2025-05-22 01:00:00 PDT,2025-05-22 08:00:00 UTC,10.4,12.19,12.42,12.55,12.42
2025-05-22 02:00:00 PDT,2025-05-22 09:00:00 UTC,9.9,11.73,12.1,12.34,12.36
2025-05-22 03:00:00 PDT,2025-05-22 10:00:00 UTC,10.5,11.48,11.86,12.14,12.28
2025-05-22 04:00:00 PDT,2025-05-22 11:00:00 UTC,8.8,10.95,11.5,11.9,12.18
2025-05-22 05:00:00 PDT,2025-05-22 12:00:00 UTC,8.4,10.44,11.11,11.63,12.07
2025-05-22 06:00:00 PDT,2025-05-22 13:00:00 UTC,8.2,9.99,10.75,11.35,11.93
2025-05-22 07:00:00 PDT,2025-05-22 14:00:00 UTC,11.4,10.27,10.75,11.19,11.78
2025-05-22 08:00:00 PDT,2025-05-22 15:00:00 UTC,12.3,10.68,10.91,11.18,11.66
2025-05-22 09:00:00 PDT,2025-05-22 16:00:00 UTC,13.4,11.22,11.2,11.27,11.59
2025-05-22 10:00:00 PDT,2025-05-22 17:00:00 UTC,13.9,11.76,11.54,11.44,11.57
2025-05-22 11:00:00 PDT,2025-05-22 18:00:00 UTC,14.8,12.37,11.94,11.66,11.59
2025-05-22 12:00:00 PDT,2025-05-22 19:00:00 UTC,14.8,12.85,12.31,11.92,11.65
2025-05-22 13:00:00 PDT,2025-05-22 20:00:00 UTC,15.4,13.36,12.7,12.19,11.74
2025-05-22 14:00:00 PDT,2025-05-22 21:00:00 UTC,15.6,13.81,13.06,12.46,11.85
2025-05-22 15:00:00 PDT,2025-05-22 22:00:00 UTC,15.5,14.15,13.36,12.72,11.99
2025-05-22 16:00:00 PDT,2025-05-22 23:00:00 UTC,15.6,14.44,13.64,12.96,12.13
2025-05-22 17:00:00 PDT,2025-05-23 00:00:00 UTC,16.4,14.83,13.95,13.2,12.27
2025-05-22 18:00:00 PDT,2025-05-23 01:00:00 UTC,17.2,15.3,14.31,13.48,12.42
2025-05-22 19:00:00 PDT,2025-05-23 02:00:00 UTC,17.1,15.66,14.63,13.75,12.58
2025-05-22 20:00:00 PDT,2025-05-23 03:00:00 UTC,15.3,15.59,14.73,13.94,12.75
2025-05-22 21:00:00 PDT,2025-05-23 04:00:00 UTC,14.7,15.41,14.71,14.03,12.9
2025-05-22 22:00:00 PDT,2025-05-23 05:00:00 UTC,13.8,15.09,14.58,14.04,13.02
2025-05-22 23:00:00 PDT,2025-05-23 06:00:00 UTC,13.2,14.71,14.38,13.98,13.1
2025-05-23 00:00:00 PDT,2025-05-23 07:00:00 UTC,12.4,14.25,14.1,13.86,13.14
2025-05-23 01:00:00 PDT,2025-05-23 08:00:00 UTC,11.4,13.68,13.74,13.67,13.14
2025-05-23 02:00:00 PDT,2025-05-23 09:00:00 UTC,11.7,13.28,13.43,13.46,13.11
2025-05-23 03:00:00 PDT,2025-05-23 10:00:00 UTC,11.5,12.93,13.15,13.26,13.05
2025-05-23 04:00:00 PDT,2025-05-23 11:00:00 UTC,11.8,12.7,12.94,13.07,12.97
2025-05-23 05:00:00 PDT,2025-05-23 12:00:00 UTC,11.2,12.4,12.7,12.89,12.89
2025-05-23 06:00:00 PDT,2025-05-23 13:00:00 UTC,10.7,12.06,12.44,12.7,12.8
2025-05-23 07:00:00 PDT,2025-05-23 14:00:00 UTC,11.6,11.97,12.29,12.54,12.7
2025-05-23 08:00:00 PDT,2025-05-23 15:00:00 UTC,13.2,12.22,12.35,12.47,12.61
2025-05-23 09:00:00 PDT,2025-05-23 16:00:00 UTC,13.7,12.51,12.49,12.49,12.54
2025-05-23 10:00:00 PDT,2025-05-23 17:00:00 UTC,13.8,12.77,12.64,12.56,12.5
2025-05-23 11:00:00 PDT,2025-05-23 18:00:00 UTC,14.4,13.1,12.84,12.66,12.5
2025-05-23 12:00:00 PDT,2025-05-23 19:00:00 UTC,14.9,13.46,13.08,12.8,12.51
2025-05-23 13:00:00 PDT,2025-05-23 20:00:00 UTC,15.6,13.89,13.37,12.97,12.56
2025-05-23 14:00:00 PDT,2025-05-23 21:00:00 UTC,15.9,14.29,13.67,13.18,12.62
2025-05-23 15:00:00 PDT,2025-05-23 22:00:00 UTC,15.9,14.61,13.94,13.38,12.71
2025-05-23 16:00:00 PDT,2025-05-23 23:00:00 UTC,16.4,14.97,14.22,13.6,12.81
2025-05-23 17:00:00 PDT,2025-05-24 00:00:00 UTC,16.1,15.19,14.44,13.8,12.93
2025-05-23 18:00:00 PDT,2025-05-24 01:00:00 UTC,15.7,15.3,14.59,13.96,13.04
2025-05-23 19:00:00 PDT,2025-05-24 02:00:00 UTC,15.4,15.32,14.67,14.08,13.15
2025-05-23 20:00:00 PDT,2025-05-24 03:00:00 UTC,14.2,15.09,14.61,14.12,13.25
2025-05-23 21:00:00 PDT,2025-05-24 04:00:00 UTC,13.2,14.71,14.42,14.08,13.32
2025-05-23 22:00:00 PDT,2025-05-24 05:00:00 UTC,11.6,14.09,14.07,13.94,13.36
2025-05-23 23:00:00 PDT,2025-05-24 06:00:00 UTC,12.0,13.67,13.77,13.75,13.35
2025-05-24 00:00:00 PDT,2025-05-24 07:00:00 UTC,11.1,13.16,13.41,13.53,13.3
2025-05-24 01:00:00 PDT,2025-05-24 08:00:00 UTC,10.8,12.69,13.06,13.29,13.23
2025-05-24 02:00:00 PDT,2025-05-24 09:00:00 UTC,10.1,12.17,12.67,13.02,13.13
2025-05-24 03:00:00 PDT,2025-05-24 10:00:00 UTC,10.1,11.76,12.33,12.75,13.01
2025-05-24 04:00:00 PDT,2025-05-24 11:00:00 UTC,10.0,11.4,12.02,12.49,12.88
2025-05-24 05:00:00 PDT,2025-05-24 12:00:00 UTC,10.4,11.2,11.79,12.27,12.73
2025-05-24 06:00:00 PDT,2025-05-24 13:00:00 UTC,9.6,10.88,11.53,12.05,12.59
2025-05-24 07:00:00 PDT,2025-05-24 14:00:00 UTC,11.6,11.03,11.49,11.91,12.46
2025-05-24 08:00:00 PDT,2025-05-24 15:00:00 UTC,13.2,11.46,11.66,11.9,12.34
2025-05-24 09:00:00 PDT,2025-05-24 16:00:00 UTC,14.0,11.97,11.94,11.99,12.27
2025-05-24 10:00:00 PDT,2025-05-24 17:00:00 UTC,14.8,12.54,12.29,12.16,12.24
2025-05-24 11:00:00 PDT,2025-05-24 18:00:00 UTC,15.3,13.09,12.66,12.38,12.26
2025-05-24 12:00:00 PDT,2025-05-24 19:00:00 UTC,16.0,13.67,13.08,12.64,12.32
2025-05-24 13:00:00 PDT,2025-05-24 20:00:00 UTC,16.4,14.22,13.49,12.93,12.42
2025-05-24 14:00:00 PDT,2025-05-24 21:00:00 UTC,17.3,14.83,13.95,13.25,12.54
2025-05-24 15:00:00 PDT,2025-05-24 22:00:00 UTC,17.5,15.37,14.38,13.58,12.68
2025-05-24 16:00:00 PDT,2025-05-24 23:00:00 UTC,19.1,16.11,14.92,13.95,12.85
2025-05-24 17:00:00 PDT,2025-05-25 00:00:00 UTC,19.4,16.77,15.45,14.36,13.05
2025-05-24 18:00:00 PDT,2025-05-25 01:00:00 UTC,19.1,17.24,15.89,14.74,13.27
2025-05-24 19:00:00 PDT,2025-05-25 02:00:00 UTC,18.4,17.47,16.19,15.06,13.5
2025-05-24 20:00:00 PDT,2025-05-25 03:00:00 UTC,16.4,17.26,16.22,15.25,13.71
2025-05-24 21:00:00 PDT,2025-05-25 04:00:00 UTC,16.9,17.18,16.25,15.36,13.89
2025-05-24 22:00:00 PDT,2025-05-25 05:00:00 UTC,15.5,16.85,16.13,15.4,14.04
2025-05-24 23:00:00 PDT,2025-05-25 06:00:00 UTC,13.5,16.18,15.79,15.3,14.14
2025-05-25 00:00:00 PDT,2025-05-25 07:00:00 UTC,12.7,15.48,15.37,15.1,14.19
2025-05-25 01:00:00 PDT,2025-05-25 08:00:00 UTC,12.3,14.85,14.93,14.85,14.18
2025-05-25 02:00:00 PDT,2025-05-25 09:00:00 UTC,12.6,14.4,14.57,14.59,14.13
2025-05-25 03:00:00 PDT,2025-05-25 10:00:00 UTC,11.0,13.72,14.1,14.29,14.05
2025-05-25 04:00:00 PDT,2025-05-25 11:00:00 UTC,10.7,13.11,13.64,13.97,13.94
2025-05-25 05:00:00 PDT,2025-05-25 12:00:00 UTC,10.2,12.53,13.18,13.63,13.8
2025-05-25 06:00:00 PDT,2025-05-25 13:00:00 UTC,10.9,12.2,12.84,13.32,13.63
2025-05-25 07:00:00 PDT,2025-05-25 14:00:00 UTC,12.3,12.22,12.71,13.11,13.47
2025-05-25 08:00:00 PDT,2025-05-25 15:00:00 UTC,13.7,12.52,12.78,13.02,13.33
2025-05-25 09:00:00 PDT,2025-05-25 16:00:00 UTC,14.6,12.94,12.97,13.04,13.23
2025-05-25 10:00:00 PDT,2025-05-25 17:00:00 UTC,15.2,13.39,13.22,13.14,13.17
2025-05-25 11:00:00 PDT,2025-05-25 18:00:00 UTC,16.1,13.93,13.56,13.31,13.15
2025-05-25 12:00:00 PDT,2025-05-25 19:00:00 UTC,17.4,14.62,14.01,13.56,13.18
2025-05-25 13:00:00 PDT,2025-05-25 20:00:00 UTC,18.2,15.34,14.51,13.87,13.26
2025-05-25 14:00:00 PDT,2025-05-25 21:00:00 UTC,19.4,16.15,15.08,14.25,13.37
2025-05-25 15:00:00 PDT,2025-05-25 22:00:00 UTC,19.6,16.84,15.63,14.65,13.53
2025-05-25 16:00:00 PDT,2025-05-25 23:00:00 UTC,17.2,16.91,15.86,14.95,13.72
2025-05-25 17:00:00 PDT,2025-05-26 00:00:00 UTC,18.2,17.17,16.12,15.19,13.9
2025-05-25 18:00:00 PDT,2025-05-26 01:00:00 UTC,17.1,17.16,16.23,15.37,14.07
2025-05-25 19:00:00 PDT,2025-05-26 02:00:00 UTC,16.5,17.03,16.24,15.48,14.22
2025-05-25 20:00:00 PDT,2025-05-26 03:00:00 UTC,15.7,16.76,16.14,15.51,14.34
2025-05-25 21:00:00 PDT,2025-05-26 04:00:00 UTC,15.6,16.53,16.02,15.49,14.43
2025-05-25 22:00:00 PDT,2025-05-26 05:00:00 UTC,15.7,16.36,15.92,15.46,14.48
2025-05-25 23:00:00 PDT,2025-05-26 06:00:00 UTC,14.5,15.99,15.72,15.37,14.52
2025-05-26 00:00:00 PDT,2025-05-26 07:00:00 UTC,13.4,15.47,15.4,15.22,14.53
2025-05-26 01:00:00 PDT,2025-05-26 08:00:00 UTC,13.1,15.0,15.07,15.02,14.5
2025-05-26 02:00:00 PDT,2025-05-26 09:00:00 UTC,12.6,14.52,14.72,14.79,14.45
2025-05-26 03:00:00 PDT,2025-05-26 10:00:00 UTC,12.3,14.07,14.38,14.55,14.36
2025-05-26 04:00:00 PDT,2025-05-26 11:00:00 UTC,12.5,13.76,14.1,14.32,14.26
2025-05-26 05:00:00 PDT,2025-05-26 12:00:00 UTC,12.5,13.51,13.86,14.11,14.15
2025-05-26 06:00:00 PDT,2025-05-26 13:00:00 UTC,12.9,13.39,13.7,13.94,14.04
2025-05-26 07:00:00 PDT,2025-05-26 14:00:00 UTC,12.7,13.25,13.56,13.79,13.93
2025-05-26 08:00:00 PDT,2025-05-26 15:00:00 UTC,12.1,13.02,13.37,13.64,13.83
2025-05-26 09:00:00 PDT,2025-05-26 16:00:00 UTC,12.6,12.94,13.25,13.51,13.73
2025-05-26 10:00:00 PDT,2025-05-26 17:00:00 UTC,13.8,13.11,13.28,13.44,13.63
2025-05-26 11:00:00 PDT,2025-05-26 18:00:00 UTC,15.4,13.57,13.5,13.49,13.56
2025-05-26 12:00:00 PDT,2025-05-26 19:00:00 UTC,17.2,14.29,13.91,13.66,13.53
2025-05-26 13:00:00 PDT,2025-05-26 20:00:00 UTC,17.1,14.85,14.3,13.89,13.56
2025-05-26 14:00:00 PDT,2025-05-26 21:00:00 UTC,17.1,15.3,14.65,14.14,13.62
2025-05-26 15:00:00 PDT,2025-05-26 22:00:00 UTC,16.9,15.62,14.93,14.37,13.71
2025-05-26 16:00:00 PDT,2025-05-26 23:00:00 UTC,17.4,15.98,15.22,14.59,13.81
2025-05-26 17:00:00 PDT,2025-05-27 00:00:00 UTC,17.2,16.22,15.46,14.8,13.93
2025-05-26 18:00:00 PDT,2025-05-27 01:00:00 UTC,16.5,16.28,15.58,14.96,14.04
2025-05-26 19:00:00 PDT,2025-05-27 02:00:00 UTC,15.7,16.16,15.59,15.05,14.15
2025-05-26 20:00:00 PDT,2025-05-27 03:00:00 UTC,15.0,15.93,15.5,15.06,14.24
2025-05-26 21:00:00 PDT,2025-05-27 04:00:00 UTC,14.1,15.56,15.31,15.01,14.29
2025-05-26 22:00:00 PDT,2025-05-27 05:00:00 UTC,13.6,15.17,15.08,14.9,14.32
2025-05-26 23:00:00 PDT,2025-05-27 06:00:00 UTC,13.5,14.84,14.84,14.76,14.31
2025-05-27 00:00:00 PDT,2025-05-27 07:00:00 UTC,13.2,14.51,14.6,14.6,14.28
2025-05-27 01:00:00 PDT,2025-05-27 08:00:00 UTC,12.8,14.17,14.35,14.43,14.23
2025-05-27 02:00:00 PDT,2025-05-27 09:00:00 UTC,12.1,13.75,14.05,14.23,14.16
2025-05-27 03:00:00 PDT,2025-05-27 10:00:00 UTC,11.8,13.36,13.75,14.01,14.07
2025-05-27 04:00:00 PDT,2025-05-27 11:00:00 UTC,12.6,13.21,13.57,13.83,13.97
2025-05-27 05:00:00 PDT,2025-05-27 12:00:00 UTC,12.5,13.07,13.41,13.68,13.87
2025-05-27 06:00:00 PDT,2025-05-27 13:00:00 UTC,12.8,13.01,13.31,13.55,13.77
2025-05-27 07:00:00 PDT,2025-05-27 14:00:00 UTC,12.8,12.97,13.24,13.46,13.68
2025-05-27 08:00:00 PDT,2025-05-27 15:00:00 UTC,13.4,13.06,13.24,13.4,13.6
2025-05-27 09:00:00 PDT,2025-05-27 16:00:00 UTC,14.3,13.31,13.34,13.41,13.54
2025-05-27 10:00:00 PDT,2025-05-27 17:00:00 UTC,15.8,13.8,13.61,13.5,13.5
2025-05-27 11:00:00 PDT,2025-05-27 18:00:00 UTC,17.6,14.56,14.06,13.72,13.5
2025-05-27 12:00:00 PDT,2025-05-27 19:00:00 UTC,16.8,15.01,14.42,13.96,13.55
2025-05-27 13:00:00 PDT,2025-05-27 20:00:00 UTC,16.6,15.33,14.7,14.19,13.63
2025-05-27 14:00:00 PDT,2025-05-27 21:00:00 UTC,18.2,15.9,15.1,14.45,13.73
2025-05-27 15:00:00 PDT,2025-05-27 22:00:00 UTC,18.2,16.36,15.47,14.73,13.86
2025-05-27 16:00:00 PDT,2025-05-27 23:00:00 UTC,18.6,16.81,15.83,15.01,14.0
2025-05-27 17:00:00 PDT,2025-05-28 00:00:00 UTC,18.8,17.21,16.17,15.29,14.15
2025-05-27 18:00:00 PDT,2025-05-28 01:00:00 UTC,17.6,17.29,16.35,15.51,14.31
2025-05-27 19:00:00 PDT,2025-05-28 02:00:00 UTC,17.1,17.25,16.43,15.66,14.46
2025-05-27 20:00:00 PDT,2025-05-28 03:00:00 UTC,16.3,17.06,16.39,15.73,14.59
2025-05-27 21:00:00 PDT,2025-05-28 04:00:00 UTC,15.2,16.69,16.22,15.72,14.69
2025-05-27 22:00:00 PDT,2025-05-28 05:00:00 UTC,14.5,16.25,15.98,15.63,14.75
2025-05-27 23:00:00 PDT,2025-05-28 06:00:00 UTC,14.9,15.98,15.78,15.51,14.78
2025-05-28 00:00:00 PDT,2025-05-28 07:00:00 UTC,14.3,15.64,15.56,15.38,14.77
2025-05-28 01:00:00 PDT,2025-05-28 08:00:00 UTC,13.9,15.3,15.31,15.23,14.75
2025-05-28 02:00:00 PDT,2025-05-28 09:00:00 UTC,13.9,15.02,15.09,15.07,14.71
2025-05-28 03:00:00 PDT,2025-05-28 10:00:00 UTC,13.6,14.73,14.87,14.91,14.65
2025-05-28 04:00:00 PDT,2025-05-28 11:00:00 UTC,13.3,14.45,14.64,14.74,14.58
2025-05-28 05:00:00 PDT,2025-05-28 12:00:00 UTC,12.4,14.04,14.35,14.54,14.5
2025-05-28 06:00:00 PDT,2025-05-28 13:00:00 UTC,12.9,13.81,14.13,14.35,14.4
2025-05-28 07:00:00 PDT,2025-05-28 14:00:00 UTC,15.0,14.05,14.16,14.27,14.31
2025-05-28 08:00:00 PDT,2025-05-28 15:00:00 UTC,16.1,14.46,14.35,14.29,14.23
2025-05-28 09:00:00 PDT,2025-05-28 16:00:00 UTC,18.3,15.23,14.77,14.46,14.2
2025-05-28 10:00:00 PDT,2025-05-28 17:00:00 UTC,18.2,15.82,15.18,14.7,14.22
2025-05-28 11:00:00 PDT,2025-05-28 18:00:00 UTC,19.8,16.62,15.71,15.02,14.29
2025-05-28 12:00:00 PDT,2025-05-28 19:00:00 UTC,20.8,17.45,16.31,15.4,14.41
2025-05-28 13:00:00 PDT,2025-05-28 20:00:00 UTC,23.5,18.66,17.12,15.91,14.58
2025-05-28 14:00:00 PDT,2025-05-28 21:00:00 UTC,22.7,19.47,17.81,16.43,14.81
2025-05-28 15:00:00 PDT,2025-05-28 22:00:00 UTC,22.7,20.12,18.39,16.93,15.07
2025-05-28 16:00:00 PDT,2025-05-28 23:00:00 UTC,25.5,21.19,19.17,17.48,15.35
2025-05-28 17:00:00 PDT,2025-05-29 00:00:00 UTC,24.7,21.89,19.82,18.03,15.66
2025-05-28 18:00:00 PDT,2025-05-29 01:00:00 UTC,25.0,22.52,20.4,18.55,15.99
2025-05-28 19:00:00 PDT,2025-05-29 02:00:00 UTC,24.1,22.83,20.8,18.99,16.33
2025-05-28 20:00:00 PDT,2025-05-29 03:00:00 UTC,22.4,22.75,20.96,19.29,16.64
2025-05-28 21:00:00 PDT,2025-05-29 04:00:00 UTC,18.6,21.92,20.66,19.36,16.92
2025-05-28 22:00:00 PDT,2025-05-29 05:00:00 UTC,17.7,21.07,20.22,19.24,17.11
2025-05-28 23:00:00 PDT,2025-05-29 06:00:00 UTC,17.4,20.34,19.76,19.04,17.21
2025-05-29 00:00:00 PDT,2025-05-29 07:00:00 UTC,16.4,19.55,19.25,18.76,17.25
2025-05-29 01:00:00 PDT,2025-05-29 08:00:00 UTC,14.4,18.52,18.58,18.38,17.22
2025-05-29 02:00:00 PDT,2025-05-29 09:00:00 UTC,14.3,17.68,17.95,17.96,17.14
2025-05-29 03:00:00 PDT,2025-05-29 10:00:00 UTC,14.1,16.96,17.37,17.54,17.0
2025-05-29 04:00:00 PDT,2025-05-29 11:00:00 UTC,13.9,16.35,16.85,17.13,16.83
2025-05-29 05:00:00 PDT,2025-05-29 12:00:00 UTC,12.3,15.78,16.37,16.74,16.65
2025-05-29 06:00:00 PDT,2025-05-29 13:00:00 UTC,12.5,15.13,15.85,16.34,16.45
2025-05-29 07:00:00 PDT,2025-05-29 14:00:00 UTC,12.7,14.64,15.4,15.96,16.23
2025-05-29 08:00:00 PDT,2025-05-29 15:00:00 UTC,13.1,14.33,15.06,15.62,16.01
2025-05-29 09:00:00 PDT,2025-05-29 16:00:00 UTC,13.2,14.11,14.79,15.34,15.8
2025-05-29 10:00:00 PDT,2025-05-29 17:00:00 UTC,13.7,14.02,14.62,15.12,15.6
2025-05-29 11:00:00 PDT,2025-05-29 18:00:00 UTC,14.6,14.14,14.58,14.97,15.43
2025-05-29 12:00:00 PDT,2025-05-29 19:00:00 UTC,17.3,14.77,14.85,14.98,15.28
2025-05-29 13:00:00 PDT,2025-05-29 20:00:00 UTC,17.9,15.4,15.2,15.12,15.2
2025-05-29 14:00:00 PDT,2025-05-29 21:00:00 UTC,17.8,15.88,15.53,15.3,15.17
2025-05-29 15:00:00 PDT,2025-05-29 22:00:00 UTC,19.4,16.58,15.98,15.54,15.18
2025-05-29 16:00:00 PDT,2025-05-29 23:00:00 UTC,18.8,17.03,16.34,15.8,15.24
2025-05-29 17:00:00 PDT,2025-05-30 00:00:00 UTC,18.4,17.3,16.6,16.03,15.33
2025-05-29 18:00:00 PDT,2025-05-30 01:00:00 UTC,16.6,17.16,16.64,16.15,15.42
2025-05-29 19:00:00 PDT,2025-05-30 02:00:00 UTC,16.1,16.95,16.57,16.19,15.5
2025-05-29 20:00:00 PDT,2025-05-30 03:00:00 UTC,15.2,16.6,16.4,16.15,15.55
2025-05-29 21:00:00 PDT,2025-05-30 04:00:00 UTC,14.7,16.22,16.17,16.04,15.57
2025-05-29 22:00:00 PDT,2025-05-30 05:00:00 UTC,12.8,15.54,15.76,15.84,15.55
2025-05-29 23:00:00 PDT,2025-05-30 06:00:00 UTC,12.1,14.85,15.29,15.56,15.49
2025-05-30 00:00:00 PDT,2025-05-30 07:00:00 UTC,11.8,14.24,14.83,15.24,15.38
2025-05-30 01:00:00 PDT,2025-05-30 08:00:00 UTC,12.0,13.79,14.45,14.93,15.25
2025-05-30 02:00:00 PDT,2025-05-30 09:00:00 UTC,12.4,13.51,14.16,14.66,15.09
2025-05-30 03:00:00 PDT,2025-05-30 10:00:00 UTC,11.5,13.11,13.83,14.39,14.93
2025-05-30 04:00:00 PDT,2025-05-30 11:00:00 UTC,11.5,12.79,13.53,14.13,14.77
2025-05-30 05:00:00 PDT,2025-05-30 12:00:00 UTC,12.0,12.63,13.33,13.91,14.6
2025-05-30 06:00:00 PDT,2025-05-30 13:00:00 UTC,12.4,12.58,13.2,13.75,14.45
2025-05-30 07:00:00 PDT,2025-05-30 14:00:00 UTC,13.9,12.85,13.26,13.67,14.31
2025-05-30 08:00:00 PDT,2025-05-30 15:00:00 UTC,14.7,13.22,13.43,13.68,14.2
2025-05-30 09:00:00 PDT,2025-05-30 16:00:00 UTC,16.0,13.77,13.74,13.8,14.13
2025-05-30 10:00:00 PDT,2025-05-30 17:00:00 UTC,14.3,13.88,13.86,13.89,14.11
2025-05-30 11:00:00 PDT,2025-05-30 18:00:00 UTC,14.8,14.06,14.0,13.98,14.1
2025-05-30 12:00:00 PDT,2025-05-30 19:00:00 UTC,16.6,14.57,14.29,14.13,14.11
2025-05-30 13:00:00 PDT,2025-05-30 20:00:00 UTC,17.7,15.2,14.7,14.35,14.15
2025-05-30 14:00:00 PDT,2025-05-30 21:00:00 UTC,17.5,15.66,15.06,14.61,14.22
2025-05-30 15:00:00 PDT,2025-05-30 22:00:00 UTC,18.9,16.31,15.51,14.9,14.32
2025-05-30 16:00:00 PDT,2025-05-30 23:00:00 UTC,19.9,17.02,16.03,15.25,14.45
2025-05-30 17:00:00 PDT,2025-05-31 00:00:00 UTC,19.9,17.6,16.51,15.61,14.61
2025-05-30 18:00:00 PDT,2025-05-31 01:00:00 UTC,21.0,18.28,17.03,16.0,14.8
2025-05-30 19:00:00 PDT,2025-05-31 02:00:00 UTC,20.0,18.62,17.4,16.35,15.0
2025-05-30 20:00:00 PDT,2025-05-31 03:00:00 UTC,16.8,18.26,17.37,16.53,15.21
2025-05-30 21:00:00 PDT,2025-05-31 04:00:00 UTC,16.0,17.81,17.2,16.56,15.37
2025-05-30 22:00:00 PDT,2025-05-31 05:00:00 UTC,16.0,17.45,17.01,16.51,15.48
2025-05-30 23:00:00 PDT,2025-05-31 06:00:00 UTC,15.9,17.14,16.82,16.43,15.54
2025-05-31 00:00:00 PDT,2025-05-31 07:00:00 UTC,15.6,16.83,16.61,16.33,15.57
2025-05-31 01:00:00 PDT,2025-05-31 08:00:00 UTC,15.2,16.5,16.39,16.2,15.57
2025-05-31 02:00:00 PDT,2025-05-31 09:00:00 UTC,14.9,16.18,16.17,16.06,15.56
2025-05-31 03:00:00 PDT,2025-05-31 10:00:00 UTC,14.2,15.79,15.89,15.89,15.52
2025-05-31 04:00:00 PDT,2025-05-31 11:00:00 UTC,14.0,15.43,15.62,15.7,15.46
2025-05-31 05:00:00 PDT,2025-05-31 12:00:00 UTC,13.9,15.12,15.37,15.51,15.38
2025-05-31 06:00:00 PDT,2025-05-31 13:00:00 UTC,13.5,14.8,15.11,15.31,15.29
2025-05-31 07:00:00 PDT,2025-05-31 14:00:00 UTC,13.3,14.5,14.86,15.12,15.2
2025-05-31 08:00:00 PDT,2025-05-31 15:00:00 UTC,13.9,14.38,14.7,14.95,15.09
2025-05-31 09:00:00 PDT,2025-05-31 16:00:00 UTC,13.2,14.14,14.51,14.79,14.99
2025-05-31 10:00:00 PDT,2025-05-31 17:00:00 UTC,13.5,14.01,14.37,14.65,14.89
2025-05-31 11:00:00 PDT,2025-05-31 18:00:00 UTC,13.5,13.91,14.25,14.52,14.79
2025-05-31 12:00:00 PDT,2025-05-31 19:00:00 UTC,13.1,13.75,14.11,14.4,14.69
2025-05-31 13:00:00 PDT,2025-05-31 20:00:00 UTC,13.4,13.7,14.02,14.29,14.6
2025-05-31 14:00:00 PDT,2025-05-31 21:00:00 UTC,13.7,13.7,13.97,14.22,14.52
2025-05-31 15:00:00 PDT,2025-05-31 22:00:00 UTC,15.3,14.02,14.1,14.22,14.45
2025-05-31 16:00:00 PDT,2025-05-31 23:00:00 UTC,15.1,14.24,14.23,14.26,14.4
2025-05-31 17:00:00 PDT,2025-06-01 00:00:00 UTC,15.9,14.57,14.43,14.35,14.38
2025-05-31 18:00:00 PDT,2025-06-01 01:00:00 UTC,15.4,14.74,14.56,14.44,14.38
2025-05-31 19:00:00 PDT,2025-06-01 02:00:00 UTC,15.5,14.89,14.68,14.53,14.4
2025-05-31 20:00:00 PDT,2025-06-01 03:00:00 UTC,14.6,14.83,14.7,14.58,14.42
2025-05-31 21:00:00 PDT,2025-06-01 04:00:00 UTC,13.9,14.64,14.62,14.57,14.44
2025-05-31 22:00:00 PDT,2025-06-01 05:00:00 UTC,13.7,14.46,14.51,14.52,14.44
2025-05-31 23:00:00 PDT,2025-06-01 06:00:00 UTC,13.2,14.2,14.35,14.44,14.42
2025-06-01 00:00:00 PDT,2025-06-01 07:00:00 UTC,12.4,13.84,14.12,14.3,14.39
2025-06-01 01:00:00 PDT,2025-06-01 08:00:00 UTC,12.0,13.47,13.86,14.14,14.34
2025-06-01 02:00:00 PDT,2025-06-01 09:00:00 UTC,11.3,13.04,13.55,13.93,14.26
2025-06-01 03:00:00 PDT,2025-06-01 10:00:00 UTC,11.1,12.65,13.25,13.71,14.16
2025-06-01 04:00:00 PDT,2025-06-01 11:00:00 UTC,10.6,12.24,12.93,13.47,14.05
2025-06-01 05:00:00 PDT,2025-06-01 12:00:00 UTC,10.4,11.87,12.62,13.23,13.92
2025-06-01 06:00:00 PDT,2025-06-01 13:00:00 UTC,10.6,11.62,12.37,13.0,13.77
2025-06-01 07:00:00 PDT,2025-06-01 14:00:00 UTC,11.0,11.49,12.2,12.82,13.63
2025-06-01 08:00:00 PDT,2025-06-01 15:00:00 UTC,12.1,11.62,12.18,12.7,13.5
2025-06-01 09:00:00 PDT,2025-06-01 16:00:00 UTC,13.3,11.95,12.31,12.68,13.38
2025-06-01 10:00:00 PDT,2025-06-01 17:00:00 UTC,14.5,12.46,12.57,12.76,13.31
2025-06-01 11:00:00 PDT,2025-06-01 18:00:00 UTC,14.8,12.93,12.87,12.91,13.27
2025-06-01 12:00:00 PDT,2025-06-01 19:00:00 UTC,15.4,13.42,13.2,13.1,13.28
2025-06-01 13:00:00 PDT,2025-06-01 20:00:00 UTC,15.4,13.82,13.5,13.3,13.32
2025-06-01 14:00:00 PDT,2025-06-01 21:00:00 UTC,16.2,14.3,13.84,13.53,13.39
2025-06-01 15:00:00 PDT,2025-06-01 22:00:00 UTC,17.2,14.88,14.26,13.8,13.47
2025-06-01 16:00:00 PDT,2025-06-01 23:00:00 UTC,16.9,15.28,14.6,14.07,13.59
2025-06-01 17:00:00 PDT,2025-06-02 00:00:00 UTC,17.2,15.66,14.93,14.34,13.72
2025-06-01 18:00:00 PDT,2025-06-02 01:00:00 UTC,16.6,15.85,15.15,14.56,13.86
2025-06-01 19:00:00 PDT,2025-06-02 02:00:00 UTC,16.0,15.88,15.27,14.72,13.99
2025-06-01 20:00:00 PDT,2025-06-02 03:00:00 UTC,15.0,15.71,15.25,14.81,14.11
2025-06-01 21:00:00 PDT,2025-06-02 04:00:00 UTC,14.0,15.36,15.1,14.8,14.2
2025-06-01 22:00:00 PDT,2025-06-02 05:00:00 UTC,13.8,15.05,14.92,14.74,14.26
2025-06-01 23:00:00 PDT,2025-06-02 06:00:00 UTC,13.1,14.66,14.68,14.62,14.28
2025-06-02 00:00:00 PDT,2025-06-02 07:00:00 UTC,12.7,14.27,14.42,14.47,14.27
2025-06-02 01:00:00 PDT,2025-06-02 08:00:00 UTC,12.5,13.92,14.16,14.3,14.24
2025-06-02 02:00:00 PDT,2025-06-02 09:00:00 UTC,12.2,13.57,13.9,14.12,14.18
2025-06-02 03:00:00 PDT,2025-06-02 10:00:00 UTC,12.4,13.34,13.69,13.95,14.1
2025-06-02 04:00:00 PDT,2025-06-02 11:00:00 UTC,11.9,13.05,13.46,13.77,14.02
2025-06-02 05:00:00 PDT,2025-06-02 12:00:00 UTC,11.8,12.8,13.25,13.6,13.93
2025-06-02 06:00:00 PDT,2025-06-02 13:00:00 UTC,11.3,12.5,13.01,13.42,13.83
2025-06-02 07:00:00 PDT,2025-06-02 14:00:00 UTC,12.1,12.42,12.88,13.27,13.73
2025-06-02 08:00:00 PDT,2025-06-02 15:00:00 UTC,12.9,12.52,12.86,13.18,13.63
2025-06-02 09:00:00 PDT,2025-06-02 16:00:00 UTC,13.8,12.77,12.96,13.17,13.55
2025-06-02 10:00:00 PDT,2025-06-02 17:00:00 UTC,14.7,13.16,13.17,13.23,13.5
2025-06-02 11:00:00 PDT,2025-06-02 18:00:00 UTC,15.3,13.59,13.43,13.36,13.48
2025-06-02 12:00:00 PDT,2025-06-02 19:00:00 UTC,15.7,14.01,13.71,13.53,13.49
2025-06-02 13:00:00 PDT,2025-06-02 20:00:00 UTC,15.8,14.37,13.98,13.71,13.54
2025-06-02 14:00:00 PDT,2025-06-02 21:00:00 UTC,16.5,14.79,14.29,13.92,13.6
2025-06-02 15:00:00 PDT,2025-06-02 22:00:00 UTC,17.3,15.3,14.65,14.16,13.69
2025-06-02 16:00:00 PDT,2025-06-02 23:00:00 UTC,17.3,15.7,14.98,14.41,13.8
2025-06-02 17:00:00 PDT,2025-06-03 00:00:00 UTC,17.2,16.0,15.26,14.64,13.92
2025-06-02 18:00:00 PDT,2025-06-03 01:00:00 UTC,17.0,16.2,15.47,14.85,14.05
2025-06-02 19:00:00 PDT,2025-06-03 02:00:00 UTC,16.2,16.2,15.57,15.0,14.18
2025-06-02 20:00:00 PDT,2025-06-03 03:00:00 UTC,15.4,16.04,15.55,15.07,14.29
2025-06-02 21:00:00 PDT,2025-06-03 04:00:00 UTC,14.1,15.65,15.37,15.05,14.38
2025-06-02 22:00:00 PDT,2025-06-03 05:00:00 UTC,14.2,15.36,15.2,14.98,14.43
2025-06-02 23:00:00 PDT,2025-06-03 06:00:00 UTC,13.8,15.05,15.0,14.88,14.45
2025-06-03 00:00:00 PDT,2025-06-03 07:00:00 UTC,13.4,14.72,14.78,14.75,14.45
2025-06-03 01:00:00 PDT,2025-06-03 08:00:00 UTC,13.0,14.38,14.54,14.6,14.42
2025-06-03 02:00:00 PDT,2025-06-03 09:00:00 UTC,12.6,14.02,14.28,14.43,14.37
2025-06-03 03:00:00 PDT,2025-06-03 10:00:00 UTC,12.2,13.66,14.0,14.24,14.3
2025-06-03 04:00:00 PDT,2025-06-03 11:00:00 UTC,11.8,13.28,13.72,14.03,14.22
2025-06-03 05:00:00 PDT,2025-06-03 12:00:00 UTC,11.5,12.93,13.43,13.82,14.12
2025-06-03 06:00:00 PDT,2025-06-03 13:00:00 UTC,11.6,12.66,13.19,13.61,14.01
2025-06-03 07:00:00 PDT,2025-06-03 14:00:00 UTC,12.6,12.65,13.09,13.46,13.89
2025-06-03 08:00:00 PDT,2025-06-03 15:00:00 UTC,13.6,12.84,13.12,13.39,13.79
2025-06-03 09:00:00 PDT,2025-06-03 16:00:00 UTC,14.3,13.13,13.25,13.4,13.71
2025-06-03 10:00:00 PDT,2025-06-03 17:00:00 UTC,15.2,13.55,13.48,13.49,13.66
2025-06-03 11:00:00 PDT,2025-06-03 18:00:00 UTC,15.1,13.86,13.69,13.6,13.65
2025-06-03 12:00:00 PDT,2025-06-03 19:00:00 UTC,16.0,14.29,13.97,13.76,13.67
2025-06-03 13:00:00 PDT,2025-06-03 20:00:00 UTC,16.7,14.77,14.3,13.96,13.71
2025-06-03 14:00:00 PDT,2025-06-03 21:00:00 UTC,16.8,15.17,14.61,14.18,13.79
2025-06-03 15:00:00 PDT,2025-06-03 22:00:00 UTC,16.2,15.38,14.83,14.38,13.88
2025-06-03 16:00:00 PDT,2025-06-03 23:00:00 UTC,17.1,15.72,15.09,14.58,13.98
2025-06-03 17:00:00 PDT,2025-06-04 00:00:00 UTC,17.5,16.08,15.37,14.79,14.08
2025-06-03 18:00:00 PDT,2025-06-04 01:00:00 UTC,18.0,16.46,15.67,15.01,14.2
2025-06-03 19:00:00 PDT,2025-06-04 02:00:00 UTC,17.9,16.75,15.93,15.24,14.33
2025-06-03 20:00:00 PDT,2025-06-04 03:00:00 UTC,18.0,17.0,16.17,15.45,14.47
2025-06-03 21:00:00 PDT,2025-06-04 04:00:00 UTC,17.2,17.04,16.29,15.61,14.6
2025-06-03 22:00:00 PDT,2025-06-04 05:00:00 UTC,16.6,16.95,16.31,15.71,14.72
2025-06-03 23:00:00 PDT,2025-06-04 06:00:00 UTC,16.0,16.76,16.25,15.74,14.82
2025-06-04 00:00:00 PDT,2025-06-04 07:00:00 UTC,15.1,16.43,16.09,15.71,14.9
2025-06-04 01:00:00 PDT,2025-06-04 08:00:00 UTC,14.8,16.1,15.9,15.63,14.94
2025-06-04 02:00:00 PDT,2025-06-04 09:00:00 UTC,13.7,15.62,15.61,15.49,14.96
2025-06-04 03:00:00 PDT,2025-06-04 10:00:00 UTC,13.4,15.18,15.3,15.3,14.94
2025-06-04 04:00:00 PDT,2025-06-04 11:00:00 UTC,12.9,14.72,14.97,15.09,14.89
2025-06-04 05:00:00 PDT,2025-06-04 12:00:00 UTC,12.8,14.34,14.67,14.87,14.81
2025-06-04 06:00:00 PDT,2025-06-04 13:00:00 UTC,13.3,14.13,14.45,14.68,14.72
2025-06-04 07:00:00 PDT,2025-06-04 14:00:00 UTC,13.8,14.06,14.33,14.53,14.63
2025-06-04 08:00:00 PDT,2025-06-04 15:00:00 UTC,14.7,14.19,14.33,14.45,14.54
2025-06-04 09:00:00 PDT,2025-06-04 16:00:00 UTC,14.9,14.33,14.38,14.43,14.47
2025-06-04 10:00:00 PDT,2025-06-04 17:00:00 UTC,15.4,14.55,14.49,14.45,14.43
2025-06-04 11:00:00 PDT,2025-06-04 18:00:00 UTC,14.4,14.52,14.49,14.46,14.4
2025-06-04 12:00:00 PDT,2025-06-04 19:00:00 UTC,15.8,14.77,14.62,14.51,14.39
2025-06-04 13:00:00 PDT,2025-06-04 20:00:00 UTC,16.4,15.1,14.82,14.6,14.39
2025-06-04 14:00:00 PDT,2025-06-04 21:00:00 UTC,16.2,15.32,14.98,14.72,14.41
2025-06-04 15:00:00 PDT,2025-06-04 22:00:00 UTC,16.0,15.46,15.11,14.82,14.45
2025-06-04 16:00:00 PDT,2025-06-04 23:00:00 UTC,16.0,15.56,15.21,14.91,14.49
2025-06-04 17:00:00 PDT,2025-06-05 00:00:00 UTC,15.8,15.61,15.28,14.98,14.54
2025-06-04 18:00:00 PDT,2025-06-05 01:00:00 UTC,15.8,15.65,15.33,15.04,14.58
2025-06-04 19:00:00 PDT,2025-06-05 02:00:00 UTC,16.9,15.9,15.48,15.13,14.62
2025-06-04 20:00:00 PDT,2025-06-05 03:00:00 UTC,16.8,16.08,15.63,15.23,14.67
2025-06-04 21:00:00 PDT,2025-06-05 04:00:00 UTC,15.6,15.98,15.63,15.29,14.73
2025-06-04 22:00:00 PDT,2025-06-05 05:00:00 UTC,14.4,15.67,15.49,15.27,14.77
2025-06-04 23:00:00 PDT,2025-06-05 06:00:00 UTC,14.0,15.33,15.29,15.18,14.8
2025-06-05 00:00:00 PDT,2025-06-05 07:00:00 UTC,14.1,15.09,15.12,15.08,14.79
2025-06-05 01:00:00 PDT,2025-06-05 08:00:00 UTC,14.0,14.87,14.95,14.96,14.76
2025-06-05 02:00:00 PDT,2025-06-05 09:00:00 UTC,13.3,14.56,14.73,14.83,14.73
2025-06-05 03:00:00 PDT,2025-06-05 10:00:00 UTC,13.3,14.3,14.54,14.68,14.67
2025-06-05 04:00:00 PDT,2025-06-05 11:00:00 UTC,11.2,13.68,14.15,14.46,14.6
2025-06-05 05:00:00 PDT,2025-06-05 12:00:00 UTC,11.3,13.21,13.78,14.21,14.5
2025-06-05 06:00:00 PDT,2025-06-05 13:00:00 UTC,12.1,12.99,13.54,13.98,14.38
2025-06-05 07:00:00 PDT,2025-06-05 14:00:00 UTC,15.1,13.41,13.65,13.9,14.26
2025-06-05 08:00:00 PDT,2025-06-05 15:00:00 UTC,15.0,13.73,13.81,13.92,14.18
2025-06-05 09:00:00 PDT,2025-06-05 16:00:00 UTC,15.9,14.16,14.05,14.01,14.13
2025-06-05 10:00:00 PDT,2025-06-05 17:00:00 UTC,16.6,14.65,14.36,14.17,14.12
2025-06-05 11:00:00 PDT,2025-06-05 18:00:00 UTC,17.3,15.18,14.71,14.38,14.15
2025-06-05 12:00:00 PDT,2025-06-05 19:00:00 UTC,18.1,15.76,15.12,14.64,14.21
2025-06-05 13:00:00 PDT,2025-06-05 20:00:00 UTC,18.8,16.37,15.56,14.93,14.31
2025-06-05 14:00:00 PDT,2025-06-05 21:00:00 UTC,18.9,16.88,15.97,15.24,14.44
2025-06-05 15:00:00 PDT,2025-06-05 22:00:00 UTC,19.3,17.36,16.37,15.55,14.59
2025-06-05 16:00:00 PDT,2025-06-05 23:00:00 UTC,20.1,17.91,16.8,15.88,14.76
2025-06-05 17:00:00 PDT,2025-06-06 00:00:00 UTC,18.3,17.99,17.0,16.14,14.93
2025-06-05 18:00:00 PDT,2025-06-06 01:00:00 UTC,18.8,18.15,17.2,16.34,15.1
2025-06-05 19:00:00 PDT,2025-06-06 02:00:00 UTC,17.3,17.98,17.2,16.46,15.26
2025-06-05 20:00:00 PDT,2025-06-06 03:00:00 UTC,17.4,17.86,17.19,16.53,15.39
2025-06-05 21:00:00 PDT,2025-06-06 04:00:00 UTC,17.2,17.73,17.15,16.56,15.49
2025-06-05 22:00:00 PDT,2025-06-06 05:00:00 UTC,17.2,17.62,17.1,16.57,15.57
2025-06-05 23:00:00 PDT,2025-06-06 06:00:00 UTC,17.1,17.52,17.05,16.57,15.63
2025-06-06 00:00:00 PDT,2025-06-06 07:00:00 UTC,16.9,17.4,16.98,16.55,15.68
2025-06-06 01:00:00 PDT,2025-06-06 08:00:00 UTC,16.4,17.2,16.87,16.51,15.71
2025-06-06 02:00:00 PDT,2025-06-06 09:00:00 UTC,15.9,16.94,16.71,16.43,15.73
2025-06-06 03:00:00 PDT,2025-06-06 10:00:00 UTC,15.9,16.73,16.56,16.34,15.73
2025-06-06 04:00:00 PDT,2025-06-06 11:00:00 UTC,14.7,16.32,16.31,16.21,15.71
2025-06-06 05:00:00 PDT,2025-06-06 12:00:00 UTC,14.6,15.98,16.06,16.05,15.67
2025-06-06 06:00:00 PDT,2025-06-06 13:00:00 UTC,15.1,15.8,15.89,15.9,15.62
2025-06-06 07:00:00 PDT,2025-06-06 14:00:00 UTC,16.1,15.86,15.85,15.81,15.56
2025-06-06 08:00:00 PDT,2025-06-06 15:00:00 UTC,16.7,16.03,15.91,15.79,15.51
2025-06-06 09:00:00 PDT,2025-06-06 16:00:00 UTC,17.2,16.26,16.02,15.82,15.48
2025-06-06 10:00:00 PDT,2025-06-06 17:00:00 UTC,17.9,16.59,16.22,15.9,15.47
2025-06-06 11:00:00 PDT,2025-06-06 18:00:00 UTC,18.2,16.91,16.43,16.03,15.49
2025-06-06 12:00:00 PDT,2025-06-06 19:00:00 UTC,19.0,17.33,16.71,16.2,15.53
2025-06-06 13:00:00 PDT,2025-06-06 20:00:00 UTC,19.4,17.74,17.01,16.4,15.6
2025-06-06 14:00:00 PDT,2025-06-06 21:00:00 UTC,19.9,18.18,17.33,16.62,15.69
2025-06-06 15:00:00 PDT,2025-06-06 22:00:00 UTC,20.6,18.66,17.69,16.87,15.8
2025-06-06 16:00:00 PDT,2025-06-06 23:00:00 UTC,19.8,18.89,17.94,17.1,15.93
2025-06-06 17:00:00 PDT,2025-06-07 00:00:00 UTC,20.8,19.27,18.24,17.34,16.06
2025-06-06 18:00:00 PDT,2025-06-07 01:00:00 UTC,19.7,19.36,18.4,17.53,16.21
2025-06-06 19:00:00 PDT,2025-06-07 02:00:00 UTC,20.1,19.51,18.56,17.69,16.34
2025-06-06 20:00:00 PDT,2025-06-07 03:00:00 UTC,18.5,19.3,18.53,17.78,16.47
2025-06-06 21:00:00 PDT,2025-06-07 04:00:00 UTC,17.2,18.88,18.35,17.76,16.57
2025-06-06 22:00:00 PDT,2025-06-07 05:00:00 UTC,15.8,18.27,18.01,17.63,16.63
2025-06-06 23:00:00 PDT,2025-06-07 06:00:00 UTC,16.1,17.83,17.7,17.46,16.64
2025-06-07 00:00:00 PDT,2025-06-07 07:00:00 UTC,16.1,17.49,17.44,17.28,16.62
2025-06-07 01:00:00 PDT,2025-06-07 08:00:00 UTC,14.9,16.97,17.09,17.07,16.57
2025-06-07 02:00:00 PDT,2025-06-07 09:00:00 UTC,15.6,16.7,16.83,16.86,16.5
2025-06-07 03:00:00 PDT,2025-06-07 10:00:00 UTC,14.2,16.2,16.48,16.63,16.41
2025-06-07 04:00:00 PDT,2025-06-07 11:00:00 UTC,14.0,15.76,16.14,16.38,16.31
2025-06-07 05:00:00 PDT,2025-06-07 12:00:00 UTC,14.3,15.47,15.87,16.14,16.19
2025-06-07 06:00:00 PDT,2025-06-07 13:00:00 UTC,14.7,15.31,15.68,15.95,16.06
2025-06-07 07:00:00 PDT,2025-06-07 14:00:00 UTC,15.7,15.39,15.63,15.82,15.94
2025-06-07 08:00:00 PDT,2025-06-07 15:00:00 UTC,16.3,15.57,15.67,15.77,15.84
2025-06-07 09:00:00 PDT,2025-06-07 16:00:00 UTC,17.2,15.9,15.83,15.79,15.77
2025-06-07 10:00:00 PDT,2025-06-07 17:00:00 UTC,17.9,16.3,16.05,15.89,15.73
2025-06-07 11:00:00 PDT,2025-06-07 18:00:00 UTC,17.6,16.56,16.24,16.0,15.73
2025-06-07 12:00:00 PDT,2025-06-07 19:00:00 UTC,18.9,17.03,16.54,16.16,15.75
2025-06-07 13:00:00 PDT,2025-06-07 20:00:00 UTC,19.6,17.54,16.89,16.37,15.79
2025-06-07 14:00:00 PDT,2025-06-07 21:00:00 UTC,20.0,18.03,17.25,16.62,15.87
2025-06-07 15:00:00 PDT,2025-06-07 22:00:00 UTC,20.3,18.49,17.61,16.88,15.98
2025-06-07 16:00:00 PDT,2025-06-07 23:00:00 UTC,20.4,18.87,17.93,17.14,16.1
2025-06-07 17:00:00 PDT,2025-06-08 00:00:00 UTC,20.5,19.2,18.22,17.38,16.24
2025-06-07 18:00:00 PDT,2025-06-08 01:00:00 UTC,20.3,19.42,18.45,17.6,16.38
2025-06-07 19:00:00 PDT,2025-06-08 02:00:00 UTC,20.3,19.59,18.65,17.79,16.52
2025-06-07 20:00:00 PDT,2025-06-08 03:00:00 UTC,19.0,19.47,18.67,17.91,16.66
2025-06-07 21:00:00 PDT,2025-06-08 04:00:00 UTC,18.5,19.28,18.62,17.96,16.77
2025-06-07 22:00:00 PDT,2025-06-08 05:00:00 UTC,19.2,19.26,18.62,18.0,16.85
2025-06-07 23:00:00 PDT,2025-06-08 06:00:00 UTC,18.5,19.11,18.56,18.0,16.92
2025-06-08 00:00:00 PDT,2025-06-08 07:00:00 UTC,17.9,18.87,18.44,17.97,16.98
2025-06-08 01:00:00 PDT,2025-06-08 08:00:00 UTC,17.6,18.61,18.28,17.9,17.01
2025-06-08 02:00:00 PDT,2025-06-08 09:00:00 UTC,15.0,17.89,17.88,17.72,17.01
2025-06-08 03:00:00 PDT,2025-06-08 10:00:00 UTC,14.7,17.25,17.44,17.46,16.98
2025-06-08 04:00:00 PDT,2025-06-08 11:00:00 UTC,14.3,16.66,17.0,17.17,16.9
2025-06-08 05:00:00 PDT,2025-06-08 12:00:00 UTC,14.3,16.19,16.62,16.88,16.79
2025-06-08 06:00:00 PDT,2025-06-08 13:00:00 UTC,15.8,16.11,16.43,16.66,16.66
2025-06-08 07:00:00 PDT,2025-06-08 14:00:00 UTC,17.5,16.39,16.48,16.56,16.54
2025-06-08 08:00:00 PDT,2025-06-08 15:00:00 UTC,18.1,16.73,16.63,16.57,16.45
2025-06-08 09:00:00 PDT,2025-06-08 16:00:00 UTC,19.1,17.21,16.89,16.67,16.4
2025-06-08 10:00:00 PDT,2025-06-08 17:00:00 UTC,19.4,17.64,17.18,16.82,16.39
2025-06-08 11:00:00 PDT,2025-06-08 18:00:00 UTC,20.5,18.22,17.55,17.03,16.42
2025-06-08 12:00:00 PDT,2025-06-08 19:00:00 UTC,21.6,18.89,18.01,17.31,16.49
2025-06-08 13:00:00 PDT,2025-06-08 20:00:00 UTC,21.5,19.41,18.42,17.61,16.6
2025-06-08 14:00:00 PDT,2025-06-08 21:00:00 UTC,22.2,19.97,18.86,17.92,16.73
2025-06-08 15:00:00 PDT,2025-06-08 22:00:00 UTC,22.4,20.46,19.26,18.24,16.89
2025-06-08 16:00:00 PDT,2025-06-08 23:00:00 UTC,22.7,20.91,19.64,18.55,17.07
2025-06-08 17:00:00 PDT,2025-06-09 00:00:00 UTC,23.1,21.34,20.02,18.87,17.25
2025-06-08 18:00:00 PDT,2025-06-09 01:00:00 UTC,21.3,21.34,20.17,19.1,17.44
2025-06-08 19:00:00 PDT,2025-06-09 02:00:00 UTC,22.8,21.63,20.41,19.31,17.61
2025-06-08 20:00:00 PDT,2025-06-09 03:00:00 UTC,22.6,21.82,20.62,19.51,17.78
2025-06-08 21:00:00 PDT,2025-06-09 04:00:00 UTC,20.2,21.5,20.55,19.61,17.94
2025-06-08 22:00:00 PDT,2025-06-09 05:00:00 UTC,17.8,20.76,20.2,19.54,18.06
2025-06-08 23:00:00 PDT,2025-06-09 06:00:00 UTC,17.9,20.19,19.84,19.37,18.12
2025-06-09 00:00:00 PDT,2025-06-09 07:00:00 UTC,18.4,19.83,19.56,19.2,18.14
2025-06-09 01:00:00 PDT,2025-06-09 08:00:00 UTC,17.4,19.34,19.23,19.0,18.11
2025-06-09 02:00:00 PDT,2025-06-09 09:00:00 UTC,16.6,18.79,18.85,18.76,18.06
2025-06-09 03:00:00 PDT,2025-06-09 10:00:00 UTC,16.0,18.24,18.44,18.48,17.99
2025-06-09 04:00:00 PDT,2025-06-09 11:00:00 UTC,15.4,17.67,18.01,18.18,17.88
2025-06-09 05:00:00 PDT,2025-06-09 12:00:00 UTC,14.6,17.05,17.55,17.85,17.75
2025-06-09 06:00:00 PDT,2025-06-09 13:00:00 UTC,14.8,16.6,17.15,17.53,17.59
2025-06-09 07:00:00 PDT,2025-06-09 14:00:00 UTC,15.1,16.3,16.85,17.24,17.43
2025-06-09 08:00:00 PDT,2025-06-09 15:00:00 UTC,15.8,16.2,16.66,17.02,17.26
2025-06-09 09:00:00 PDT,2025-06-09 16:00:00 UTC,16.3,16.22,16.58,16.87,17.11
2025-06-09 10:00:00 PDT,2025-06-09 17:00:00 UTC,16.6,16.3,16.55,16.77,16.98
2025-06-09 11:00:00 PDT,2025-06-09 18:00:00 UTC,17.6,16.56,16.64,16.74,16.87
2025-06-09 12:00:00 PDT,2025-06-09 19:00:00 UTC,18.2,16.89,16.81,16.79,16.8
2025-06-09 13:00:00 PDT,2025-06-09 20:00:00 UTC,18.8,17.27,17.04,16.88,16.76
2025-06-09 14:00:00 PDT,2025-06-09 21:00:00 UTC,19.8,17.78,17.35,17.04,16.75
2025-06-09 15:00:00 PDT,2025-06-09 22:00:00 UTC,19.6,18.14,17.63,17.22,16.78
2025-06-09 16:00:00 PDT,2025-06-09 23:00:00 UTC,19.9,18.49,17.9,17.41,16.83
2025-06-09 17:00:00 PDT,2025-06-10 00:00:00 UTC,20.1,18.81,18.15,17.6,16.9
2025-06-09 18:00:00 PDT,2025-06-10 01:00:00 UTC,19.7,18.99,18.34,17.77,16.99
2025-06-09 19:00:00 PDT,2025-06-10 02:00:00 UTC,19.7,19.13,18.49,17.91,17.08
2025-06-09 20:00:00 PDT,2025-06-10 03:00:00 UTC,18.4,18.99,18.48,17.99,17.16
2025-06-09 21:00:00 PDT,2025-06-10 04:00:00 UTC,16.8,18.55,18.28,17.95,17.22
2025-06-09 22:00:00 PDT,2025-06-10 05:00:00 UTC,14.6,17.76,17.84,17.78,17.25
2025-06-09 23:00:00 PDT,2025-06-10 06:00:00 UTC,14.7,17.15,17.42,17.52,17.22
2025-06-10 00:00:00 PDT,2025-06-10 07:00:00 UTC,15.0,16.72,17.06,17.27,17.15
2025-06-10 01:00:00 PDT,2025-06-10 08:00:00 UTC,14.8,16.33,16.75,17.02,17.04
2025-06-10 02:00:00 PDT,2025-06-10 09:00:00 UTC,14.4,15.95,16.43,16.77,16.93
2025-06-10 03:00:00 PDT,2025-06-10 10:00:00 UTC,14.2,15.6,16.13,16.53,16.8
2025-06-10 04:00:00 PDT,2025-06-10 11:00:00 UTC,13.9,15.26,15.84,16.29,16.66
2025-06-10 05:00:00 PDT,2025-06-10 12:00:00 UTC,13.6,14.93,15.55,16.05,16.52
2025-06-10 06:00:00 PDT,2025-06-10 13:00:00 UTC,13.6,14.66,15.3,15.83,16.37
2025-06-10 07:00:00 PDT,2025-06-10 14:00:00 UTC,14.0,14.53,15.13,15.64,16.22
2025-06-10 08:00:00 PDT,2025-06-10 15:00:00 UTC,15.2,14.66,15.11,15.52,16.08
2025-06-10 09:00:00 PDT,2025-06-10 16:00:00 UTC,16.2,14.97,15.22,15.5,15.97
2025-06-10 10:00:00 PDT,2025-06-10 17:00:00 UTC,16.8,15.34,15.41,15.55,15.89
2025-06-10 11:00:00 PDT,2025-06-10 18:00:00 UTC,17.0,15.67,15.62,15.64,15.85
2025-06-10 12:00:00 PDT,2025-06-10 19:00:00 UTC,17.4,16.02,15.85,15.76,15.83
2025-06-10 13:00:00 PDT,2025-06-10 20:00:00 UTC,18.5,16.51,16.17,15.94,15.85
2025-06-10 14:00:00 PDT,2025-06-10 21:00:00 UTC,18.0,16.81,16.41,16.12,15.89
2025-06-10 15:00:00 PDT,2025-06-10 22:00:00 UTC,19.4,17.33,16.76,16.34,15.95
2025-06-10 16:00:00 PDT,2025-06-10 23:00:00 UTC,19.5,17.76,17.1,16.58,16.04
2025-06-10 17:00:00 PDT,2025-06-11 00:00:00 UTC,19.4,18.09,17.39,16.81,16.14
2025-06-10 18:00:00 PDT,2025-06-11 01:00:00 UTC,18.6,18.19,17.55,16.99,16.26
2025-06-10 19:00:00 PDT,2025-06-11 02:00:00 UTC,18.3,18.21,17.64,17.12,16.37
2025-06-10 20:00:00 PDT,2025-06-11 03:00:00 UTC,17.4,18.05,17.61,17.18,16.46
2025-06-10 21:00:00 PDT,2025-06-11 04:00:00 UTC,16.1,17.66,17.43,17.15,16.53
2025-06-10 22:00:00 PDT,2025-06-11 05:00:00 UTC,14.6,17.05,17.09,17.01,16.57
2025-06-10 23:00:00 PDT,2025-06-11 06:00:00 UTC,14.4,16.52,16.73,16.81,16.55
2025-06-11 00:00:00 PDT,2025-06-11 07:00:00 UTC,14.5,16.12,16.42,16.59,16.5
2025-06-11 01:00:00 PDT,2025-06-11 08:00:00 UTC,14.5,15.79,16.15,16.38,16.42
2025-06-11 02:00:00 PDT,2025-06-11 09:00:00 UTC,14.2,15.47,15.88,16.18,16.33
2025-06-11 03:00:00 PDT,2025-06-11 10:00:00 UTC,13.7,15.12,15.6,15.97,16.23
2025-06-11 04:00:00 PDT,2025-06-11 11:00:00 UTC,13.5,14.8,15.33,15.75,16.11
2025-06-11 05:00:00 PDT,2025-06-11 12:00:00 UTC,13.2,14.48,15.06,15.53,15.99
2025-06-11 06:00:00 PDT,2025-06-11 13:00:00 UTC,13.3,14.24,14.84,15.33,15.86
2025-06-11 07:00:00 PDT,2025-06-11 14:00:00 UTC,13.9,14.17,14.71,15.17,15.73
2025-06-11 08:00:00 PDT,2025-06-11 15:00:00 UTC,14.9,14.32,14.71,15.08,15.61
2025-06-11 09:00:00 PDT,2025-06-11 16:00:00 UTC,15.7,14.59,14.82,15.07,15.52
2025-06-11 10:00:00 PDT,2025-06-11 17:00:00 UTC,16.2,14.92,14.99,15.12,15.45
2025-06-11 11:00:00 PDT,2025-06-11 18:00:00 UTC,16.6,15.25,15.2,15.21,15.42
2025-06-11 12:00:00 PDT,2025-06-11 19:00:00 UTC,17.0,15.6,15.43,15.34,15.41
2025-06-11 13:00:00 PDT,2025-06-11 20:00:00 UTC,17.3,15.94,15.67,15.49,15.43
2025-06-11 14:00:00 PDT,2025-06-11 21:00:00 UTC,17.2,16.19,15.87,15.64,15.48
2025-06-11 15:00:00 PDT,2025-06-11 22:00:00 UTC,18.9,16.73,16.22,15.84,15.53
2025-06-11 16:00:00 PDT,2025-06-11 23:00:00 UTC,18.4,17.07,16.5,16.06,15.61
2025-06-11 17:00:00 PDT,2025-06-12 00:00:00 UTC,18.5,17.35,16.75,16.26,15.71
2025-06-11 18:00:00 PDT,2025-06-12 01:00:00 UTC,17.9,17.46,16.9,16.42,15.81
2025-06-11 19:00:00 PDT,2025-06-12 02:00:00 UTC,17.7,17.51,17.0,16.55,15.91
2025-06-11 20:00:00 PDT,2025-06-12 03:00:00 UTC,17.9,17.59,17.09,16.65,16.0
2025-06-11 21:00:00 PDT,2025-06-12 04:00:00 UTC,17.3,17.53,17.11,16.72,16.08
2025-06-11 22:00:00 PDT,2025-06-12 05:00:00 UTC,16.5,17.32,17.03,16.73,16.15
2025-06-11 23:00:00 PDT,2025-06-12 06:00:00 UTC,15.7,17.0,16.86,16.67,16.19
2025-06-12 00:00:00 PDT,2025-06-12 07:00:00 UTC,15.4,16.68,16.66,16.58,16.2
2025-06-12 01:00:00 PDT,2025-06-12 08:00:00 UTC,14.9,16.32,16.43,16.44,16.19
2025-06-12 02:00:00 PDT,2025-06-12 09:00:00 UTC,13.9,15.84,16.11,16.26,16.16
2025-06-12 03:00:00 PDT,2025-06-12 10:00:00 UTC,13.6,15.39,15.78,16.04,16.09
2025-06-12 04:00:00 PDT,2025-06-12 11:00:00 UTC,13.1,14.93,15.44,15.8,16.0
2025-06-12 05:00:00 PDT,2025-06-12 12:00:00 UTC,12.6,14.47,15.08,15.54,15.89
2025-06-12 06:00:00 PDT,2025-06-12 13:00:00 UTC,12.3,14.03,14.73,15.27,15.76
2025-06-12 07:00:00 PDT,2025-06-12 14:00:00 UTC,12.7,13.77,14.46,15.02,15.62
2025-06-12 08:00:00 PDT,2025-06-12 15:00:00 UTC,13.3,13.67,14.3,14.83,15.47
2025-06-12 09:00:00 PDT,2025-06-12 16:00:00 UTC,12.8,13.5,14.12,14.66,15.34
2025-06-12 10:00:00 PDT,2025-06-12 17:00:00 UTC,12.0,13.2,13.89,14.47,15.21
2025-06-12 11:00:00 PDT,2025-06-12 18:00:00 UTC,13.6,13.28,13.83,14.34,15.08
2025-06-12 12:00:00 PDT,2025-06-12 19:00:00 UTC,13.3,13.28,13.79,14.25,14.96
2025-06-12 13:00:00 PDT,2025-06-12 20:00:00 UTC,13.6,13.35,13.78,14.19,14.86
2025-06-12 14:00:00 PDT,2025-06-12 21:00:00 UTC,13.9,13.46,13.81,14.16,14.78
2025-06-12 15:00:00 PDT,2025-06-12 22:00:00 UTC,14.4,13.65,13.9,14.17,14.71
2025-06-12 16:00:00 PDT,2025-06-12 23:00:00 UTC,15.2,13.96,14.07,14.23,14.67
2025-06-12 17:00:00 PDT,2025-06-13 00:00:00 UTC,15.5,14.27,14.26,14.33,14.65
2025-06-12 18:00:00 PDT,2025-06-13 01:00:00 UTC,14.6,14.33,14.35,14.41,14.65
2025-06-12 19:00:00 PDT,2025-06-13 02:00:00 UTC,15.5,14.57,14.5,14.49,14.66
2025-06-12 20:00:00 PDT,2025-06-13 03:00:00 UTC,14.7,14.59,14.56,14.56,14.68
2025-06-12 21:00:00 PDT,2025-06-13 04:00:00 UTC,13.4,14.35,14.47,14.56,14.7
2025-06-12 22:00:00 PDT,2025-06-13 05:00:00 UTC,12.9,14.06,14.3,14.49,14.7
2025-06-12 23:00:00 PDT,2025-06-13 06:00:00 UTC,12.9,13.83,14.14,14.39,14.68
2025-06-13 00:00:00 PDT,2025-06-13 07:00:00 UTC,12.7,13.6,13.97,14.28,14.64
2025-06-13 01:00:00 PDT,2025-06-13 08:00:00 UTC,12.2,13.32,13.77,14.14,14.59
2025-06-13 02:00:00 PDT,2025-06-13 09:00:00 UTC,12.5,13.16,13.62,14.01,14.52
2025-06-13 03:00:00 PDT,2025-06-13 10:00:00 UTC,12.7,13.07,13.51,13.9,14.44
2025-06-13 04:00:00 PDT,2025-06-13 11:00:00 UTC,12.5,12.95,13.4,13.8,14.37
2025-06-13 05:00:00 PDT,2025-06-13 12:00:00 UTC,12.6,12.88,13.32,13.71,14.3
2025-06-13 06:00:00 PDT,2025-06-13 13:00:00 UTC,12.5,12.81,13.24,13.63,14.23
2025-06-13 07:00:00 PDT,2025-06-13 14:00:00 UTC,12.6,12.77,13.18,13.56,14.16
2025-06-13 08:00:00 PDT,2025-06-13 15:00:00 UTC,12.8,12.77,13.15,13.51,14.1
2025-06-13 09:00:00 PDT,2025-06-13 16:00:00 UTC,13.1,12.84,13.16,13.48,14.04
2025-06-13 10:00:00 PDT,2025-06-13 17:00:00 UTC,13.7,13.01,13.24,13.49,13.99
2025-06-13 11:00:00 PDT,2025-06-13 18:00:00 UTC,13.6,13.13,13.31,13.51,13.96
2025-06-13 12:00:00 PDT,2025-06-13 19:00:00 UTC,15.0,13.5,13.52,13.6,13.95
2025-06-13 13:00:00 PDT,2025-06-13 20:00:00 UTC,15.5,13.9,13.77,13.74,13.95
2025-06-13 14:00:00 PDT,2025-06-13 21:00:00 UTC,16.1,14.34,14.07,13.92,13.99
2025-06-13 15:00:00 PDT,2025-06-13 22:00:00 UTC,17.0,14.87,14.44,14.15,14.05
2025-06-13 16:00:00 PDT,2025-06-13 23:00:00 UTC,17.7,15.44,14.85,14.42,14.14
2025-06-13 17:00:00 PDT,2025-06-14 00:00:00 UTC,17.1,15.77,15.15,14.67,14.25
2025-06-13 18:00:00 PDT,2025-06-14 01:00:00 UTC,16.5,15.92,15.35,14.88,14.38
2025-06-13 19:00:00 PDT,2025-06-14 02:00:00 UTC,15.9,15.91,15.44,15.02,14.5
2025-06-13 20:00:00 PDT,2025-06-14 03:00:00 UTC,15.8,15.89,15.49,15.12,14.61
2025-06-13 21:00:00 PDT,2025-06-14 04:00:00 UTC,15.3,15.77,15.47,15.17,14.7
2025-06-13 22:00:00 PDT,2025-06-14 05:00:00 UTC,14.4,15.5,15.34,15.16,14.77
2025-06-13 23:00:00 PDT,2025-06-14 06:00:00 UTC,14.3,15.26,15.2,15.1,14.81
2025-06-14 00:00:00 PDT,2025-06-14 07:00:00 UTC,14.0,15.01,15.04,15.02,14.82
2025-06-14 01:00:00 PDT,2025-06-14 08:00:00 UTC,13.6,14.73,14.85,14.91,14.82
2025-06-14 02:00:00 PDT,2025-06-14 09:00:00 UTC,13.4,14.46,14.66,14.79,14.79
2025-06-14 03:00:00 PDT,2025-06-14 10:00:00 UTC,13.5,14.27,14.5,14.67,14.75
2025-06-14 04:00:00 PDT,2025-06-14 11:00:00 UTC,13.4,14.09,14.36,14.55,14.7
2025-06-14 05:00:00 PDT,2025-06-14 12:00:00 UTC,13.4,13.96,14.23,14.45,14.65
2025-06-14 06:00:00 PDT,2025-06-14 13:00:00 UTC,13.1,13.78,14.09,14.34,14.59
2025-06-14 07:00:00 PDT,2025-06-14 14:00:00 UTC,12.6,13.55,13.92,14.21,14.53
2025-06-14 08:00:00 PDT,2025-06-14 15:00:00 UTC,12.8,13.4,13.78,14.09,14.46
2025-06-14 09:00:00 PDT,2025-06-14 16:00:00 UTC,13.0,13.32,13.68,13.99,14.39
2025-06-14 10:00:00 PDT,2025-06-14 17:00:00 UTC,13.8,13.41,13.68,13.93,14.32
2025-06-14 11:00:00 PDT,2025-06-14 18:00:00 UTC,14.4,13.61,13.76,13.93,14.27
2025-06-14 12:00:00 PDT,2025-06-14 19:00:00 UTC,16.2,14.13,14.04,14.03,14.23
2025-06-14 13:00:00 PDT,2025-06-14 20:00:00 UTC,17.1,14.72,14.4,14.22,14.24
2025-06-14 14:00:00 PDT,2025-06-14 21:00:00 UTC,17.8,15.34,14.82,14.47,14.29
2025-06-14 15:00:00 PDT,2025-06-14 22:00:00 UTC,17.9,15.85,15.22,14.74,14.37
2025-06-14 16:00:00 PDT,2025-06-14 23:00:00 UTC,18.6,16.4,15.63,15.04,14.49
2025-06-14 17:00:00 PDT,2025-06-15 00:00:00 UTC,18.2,16.76,15.97,15.32,14.62
2025-06-14 18:00:00 PDT,2025-06-15 01:00:00 UTC,17.7,16.95,16.19,15.55,14.77
2025-06-14 19:00:00 PDT,2025-06-15 02:00:00 UTC,17.0,16.96,16.3,15.72,14.91
2025-06-14 20:00:00 PDT,2025-06-15 03:00:00 UTC,15.9,16.75,16.27,15.8,15.04
2025-06-14 21:00:00 PDT,2025-06-15 04:00:00 UTC,15.4,16.48,16.15,15.8,15.14
2025-06-14 22:00:00 PDT,2025-06-15 05:00:00 UTC,13.4,15.86,15.83,15.69,15.2
2025-06-14 23:00:00 PDT,2025-06-15 06:00:00 UTC,13.1,15.31,15.47,15.51,15.21
2025-06-15 00:00:00 PDT,2025-06-15 07:00:00 UTC,12.4,14.73,15.08,15.27,15.18
2025-06-15 01:00:00 PDT,2025-06-15 08:00:00 UTC,11.4,14.06,14.61,14.98,15.11
2025-06-15 02:00:00 PDT,2025-06-15 09:00:00 UTC,10.7,13.39,14.12,14.65,15.0
2025-06-15 03:00:00 PDT,2025-06-15 10:00:00 UTC,9.8,12.67,13.58,14.28,14.86
2025-06-15 04:00:00 PDT,2025-06-15 11:00:00 UTC,9.9,12.12,13.11,13.9,14.69
2025-06-15 05:00:00 PDT,2025-06-15 12:00:00 UTC,9.4,11.57,12.66,13.54,14.49
2025-06-15 06:00:00 PDT,2025-06-15 13:00:00 UTC,9.7,11.2,12.29,13.2,14.29
2025-06-15 07:00:00 PDT,2025-06-15 14:00:00 UTC,11.6,11.28,12.17,12.97,14.08
2025-06-15 08:00:00 PDT,2025-06-15 15:00:00 UTC,12.7,11.56,12.22,12.86,13.9
2025-06-15 09:00:00 PDT,2025-06-15 16:00:00 UTC,14.3,12.11,12.47,12.89,13.77
2025-06-15 10:00:00 PDT,2025-06-15 17:00:00 UTC,15.4,12.77,12.84,13.03,13.69
2025-06-15 11:00:00 PDT,2025-06-15 18:00:00 UTC,17.0,13.61,13.36,13.29,13.67
2025-06-15 12:00:00 PDT,2025-06-15 19:00:00 UTC,16.1,14.11,13.76,13.56,13.7
2025-06-15 13:00:00 PDT,2025-06-15 20:00:00 UTC,16.5,14.59,14.13,13.83,13.78
2025-06-15 14:00:00 PDT,2025-06-15 21:00:00 UTC,18.3,15.33,14.64,14.15,13.88
2025-06-15 15:00:00 PDT,2025-06-15 22:00:00 UTC,19.1,16.09,15.2,14.53,14.02
2025-06-15 16:00:00 PDT,2025-06-15 23:00:00 UTC,19.5,16.77,15.74,14.93,14.19
2025-06-15 17:00:00 PDT,2025-06-16 00:00:00 UTC,19.8,17.37,16.24,15.33,14.38
2025-06-15 18:00:00 PDT,2025-06-16 01:00:00 UTC,19.6,17.82,16.67,15.71,14.6
2025-06-15 19:00:00 PDT,2025-06-16 02:00:00 UTC,19.6,18.18,17.02,16.04,14.82
2025-06-15 20:00:00 PDT,2025-06-16 03:00:00 UTC,18.5,18.24,17.21,16.3,15.03
2025-06-15 21:00:00 PDT,2025-06-16 04:00:00 UTC,16.7,17.93,17.17,16.43,15.23
2025-06-15 22:00:00 PDT,2025-06-16 05:00:00 UTC,15.1,17.37,16.92,16.41,15.38
2025-06-15 23:00:00 PDT,2025-06-16 06:00:00 UTC,12.8,16.45,16.42,16.23,15.47
2025-06-16 00:00:00 PDT,2025-06-16 07:00:00 UTC,13.2,15.8,15.97,15.97,15.48
2025-06-16 01:00:00 PDT,2025-06-16 08:00:00 UTC,14.0,15.44,15.65,15.74,15.45
2025-06-16 02:00:00 PDT,2025-06-16 09:00:00 UTC,12.3,14.81,15.22,15.47,15.38
2025-06-16 03:00:00 PDT,2025-06-16 10:00:00 UTC,11.8,14.21,14.78,15.16,15.29
2025-06-16 04:00:00 PDT,2025-06-16 11:00:00 UTC,12.4,13.85,14.44,14.88,15.17
2025-06-16 05:00:00 PDT,2025-06-16 12:00:00 UTC,10.7,13.22,13.99,14.56,15.03
2025-06-16 06:00:00 PDT,2025-06-16 13:00:00 UTC,11.4,12.86,13.64,14.26,14.87
2025-06-16 07:00:00 PDT,2025-06-16 14:00:00 UTC,13.1,12.9,13.52,14.06,14.71
2025-06-16 08:00:00 PDT,2025-06-16 15:00:00 UTC,14.0,13.12,13.55,13.96,14.57
2025-06-16 09:00:00 PDT,2025-06-16 16:00:00 UTC,15.1,13.52,13.72,13.97,14.46
2025-06-16 10:00:00 PDT,2025-06-16 17:00:00 UTC,16.9,14.19,14.09,14.1,14.4
2025-06-16 11:00:00 PDT,2025-06-16 18:00:00 UTC,16.6,14.68,14.42,14.29,14.39
2025-06-16 12:00:00 PDT,2025-06-16 19:00:00 UTC,19.3,15.6,14.99,14.58,14.42
2025-06-16 13:00:00 PDT,2025-06-16 20:00:00 UTC,18.6,16.2,15.46,14.92,14.51
2025-06-16 14:00:00 PDT,2025-06-16 21:00:00 UTC,20.9,17.14,16.1,15.32,14.64
2025-06-16 15:00:00 PDT,2025-06-16 22:00:00 UTC,21.9,18.09,16.8,15.8,14.81
2025-06-16 16:00:00 PDT,2025-06-16 23:00:00 UTC,22.1,18.89,17.45,16.29,15.03
2025-06-16 17:00:00 PDT,2025-06-17 00:00:00 UTC,22.1,19.54,18.02,16.77,15.28
2025-06-16 18:00:00 PDT,2025-06-17 01:00:00 UTC,21.0,19.83,18.4,17.16,15.55
2025-06-16 19:00:00 PDT,2025-06-17 02:00:00 UTC,20.7,20.0,18.67,17.48,15.81
2025-06-16 20:00:00 PDT,2025-06-17 03:00:00 UTC,19.5,19.9,18.76,17.69,16.04
2025-06-16 21:00:00 PDT,2025-06-17 04:00:00 UTC,16.8,19.28,18.53,17.73,16.24
2025-06-16 22:00:00 PDT,2025-06-17 05:00:00 UTC,15.4,18.51,18.12,17.61,16.37
2025-06-16 23:00:00 PDT,2025-06-17 06:00:00 UTC,15.4,17.88,17.72,17.41,16.44
2025-06-17 00:00:00 PDT,2025-06-17 07:00:00 UTC,13.3,16.97,17.14,17.12,16.44
2025-06-17 01:00:00 PDT,2025-06-17 08:00:00 UTC,12.1,15.99,16.48,16.72,16.38
2025-06-17 02:00:00 PDT,2025-06-17 09:00:00 UTC,12.6,15.32,15.93,16.32,16.27
2025-06-17 03:00:00 PDT,2025-06-17 10:00:00 UTC,11.9,14.63,15.39,15.91,16.11
2025-06-17 04:00:00 PDT,2025-06-17 11:00:00 UTC,11.2,13.95,14.84,15.5,15.93
2025-06-17 05:00:00 PDT,2025-06-17 12:00:00 UTC,11.2,13.4,14.36,15.1,15.73
2025-06-17 06:00:00 PDT,2025-06-17 13:00:00 UTC,12.1,13.14,14.03,14.77,15.51
2025-06-17 07:00:00 PDT,2025-06-17 14:00:00 UTC,12.5,13.01,13.82,14.51,15.31
2025-06-17 08:00:00 PDT,2025-06-17 15:00:00 UTC,13.3,13.07,13.73,14.33,15.12
2025-06-17 09:00:00 PDT,2025-06-17 16:00:00 UTC,15.1,13.47,13.87,14.28,14.96
2025-06-17 10:00:00 PDT,2025-06-17 17:00:00 UTC,16.0,13.98,14.12,14.33,14.85
2025-06-17 11:00:00 PDT,2025-06-17 18:00:00 UTC,16.9,14.56,14.46,14.48,14.79
2025-06-17 12:00:00 PDT,2025-06-17 19:00:00 UTC,17.4,15.13,14.84,14.69,14.79
2025-06-17 13:00:00 PDT,2025-06-17 20:00:00 UTC,18.9,15.88,15.33,14.97,14.82
2025-06-17 14:00:00 PDT,2025-06-17 21:00:00 UTC,20.7,16.85,15.97,15.35,14.91
2025-06-17 15:00:00 PDT,2025-06-17 22:00:00 UTC,18.7,17.22,16.37,15.69,15.04
2025-06-17 16:00:00 PDT,2025-06-17 23:00:00 UTC,20.4,17.85,16.85,16.04,15.2
2025-06-17 17:00:00 PDT,2025-06-18 00:00:00 UTC,19.9,18.26,17.23,16.38,15.38
2025-06-17 18:00:00 PDT,2025-06-18 01:00:00 UTC,19.1,18.43,17.47,16.64,15.56
2025-06-17 19:00:00 PDT,2025-06-18 02:00:00 UTC,19.6,18.66,17.71,16.88,15.74
2025-06-17 20:00:00 PDT,2025-06-18 03:00:00 UTC,19.5,18.83,17.91,17.08,15.9
2025-06-17 21:00:00 PDT,2025-06-18 04:00:00 UTC,18.5,18.77,17.97,17.22,16.05
2025-06-17 22:00:00 PDT,2025-06-18 05:00:00 UTC,17.7,18.55,17.92,17.29,16.19
2025-06-17 23:00:00 PDT,2025-06-18 06:00:00 UTC,17.2,18.28,17.8,17.29,16.29
2025-06-18 00:00:00 PDT,2025-06-18 07:00:00 UTC,16.1,17.85,17.56,17.21,16.36
2025-06-18 01:00:00 PDT,2025-06-18 08:00:00 UTC,16.2,17.52,17.34,17.09,16.39
2025-06-18 02:00:00 PDT,2025-06-18 09:00:00 UTC,14.9,16.99,17.02,16.93,16.39
2025-06-18 03:00:00 PDT,2025-06-18 10:00:00 UTC,15.0,16.59,16.72,16.73,16.36
2025-06-18 04:00:00 PDT,2025-06-18 11:00:00 UTC,15.1,16.3,16.47,16.54,16.3
2025-06-18 05:00:00 PDT,2025-06-18 12:00:00 UTC,15.0,16.04,16.25,16.37,16.23
2025-06-18 06:00:00 PDT,2025-06-18 13:00:00 UTC,14.2,15.67,15.98,16.17,16.15
2025-06-18 07:00:00 PDT,2025-06-18 14:00:00 UTC,14.9,15.52,15.8,16.01,16.06
2025-06-18 08:00:00 PDT,2025-06-18 15:00:00 UTC,15.3,15.47,15.7,15.88,15.97
2025-06-18 09:00:00 PDT,2025-06-18 16:00:00 UTC,16.0,15.58,15.7,15.81,15.89
2025-06-18 10:00:00 PDT,2025-06-18 17:00:00 UTC,16.5,15.76,15.78,15.8,15.82
2025-06-18 11:00:00 PDT,2025-06-18 18:00:00 UTC,15.7,15.75,15.77,15.79,15.78
2025-06-18 12:00:00 PDT,2025-06-18 19:00:00 UTC,18.4,16.28,16.04,15.87,15.75
2025-06-18 13:00:00 PDT,2025-06-18 20:00:00 UTC,17.7,16.56,16.24,16.0,15.76
2025-06-18 14:00:00 PDT,2025-06-18 21:00:00 UTC,18.9,17.03,16.54,16.17,15.79
2025-06-18 15:00:00 PDT,2025-06-18 22:00:00 UTC,20.0,17.62,16.94,16.4,15.85
2025-06-18 16:00:00 PDT,2025-06-18 23:00:00 UTC,18.8,17.86,17.18,16.62,15.94
2025-06-18 17:00:00 PDT,2025-06-19 00:00:00 UTC,18.7,18.03,17.37,16.8,16.04
2025-06-18 18:00:00 PDT,2025-06-19 01:00:00 UTC,18.3,18.08,17.48,16.93,16.14
2025-06-18 19:00:00 PDT,2025-06-19 02:00:00 UTC,17.9,18.05,17.52,17.02,16.23
2025-06-18 20:00:00 PDT,2025-06-19 03:00:00 UTC,16.9,17.82,17.44,17.05,16.31
2025-06-18 21:00:00 PDT,2025-06-19 04:00:00 UTC,15.3,17.31,17.18,16.96,16.36
2025-06-18 22:00:00 PDT,2025-06-19 05:00:00 UTC,14.8,16.81,16.86,16.81,16.38
2025-06-18 23:00:00 PDT,2025-06-19 06:00:00 UTC,13.3,16.11,16.42,16.57,16.35
2025-06-19 00:00:00 PDT,2025-06-19 07:00:00 UTC,14.2,15.73,16.09,16.32,16.28
2025-06-19 01:00:00 PDT,2025-06-19 08:00:00 UTC,14.4,15.46,15.84,16.1,16.18
2025-06-19 02:00:00 PDT,2025-06-19 09:00:00 UTC,12.8,14.93,15.47,15.86,16.08
2025-06-19 03:00:00 PDT,2025-06-19 10:00:00 UTC,12.3,14.4,15.07,15.57,15.96
2025-06-19 04:00:00 PDT,2025-06-19 11:00:00 UTC,10.6,13.64,14.54,15.22,15.81
2025-06-19 05:00:00 PDT,2025-06-19 12:00:00 UTC,10.5,13.01,14.04,14.84,15.63
2025-06-19 06:00:00 PDT,2025-06-19 13:00:00 UTC,11.2,12.65,13.66,14.5,15.43
2025-06-19 07:00:00 PDT,2025-06-19 14:00:00 UTC,13.1,12.74,13.55,14.27,15.23
2025-06-19 08:00:00 PDT,2025-06-19 15:00:00 UTC,14.5,13.09,13.64,14.18,15.05
2025-06-19 09:00:00 PDT,2025-06-19 16:00:00 UTC,15.5,13.57,13.86,14.21,14.92
2025-06-19 10:00:00 PDT,2025-06-19 17:00:00 UTC,16.2,14.1,14.16,14.32,14.85
2025-06-19 11:00:00 PDT,2025-06-19 18:00:00 UTC,17.0,14.68,14.53,14.5,14.82
2025-06-19 12:00:00 PDT,2025-06-19 19:00:00 UTC,15.3,14.8,14.69,14.65,14.83
2025-06-19 13:00:00 PDT,2025-06-19 20:00:00 UTC,17.3,15.3,15.01,14.83,14.86
2025-06-19 14:00:00 PDT,2025-06-19 21:00:00 UTC,17.4,15.72,15.32,15.04,14.91
2025-06-19 15:00:00 PDT,2025-06-19 22:00:00 UTC,17.5,16.08,15.6,15.25,14.99
2025-06-19 16:00:00 PDT,2025-06-19 23:00:00 UTC,18.4,16.54,15.94,15.49,15.08
2025-06-19 17:00:00 PDT,2025-06-20 00:00:00 UTC,17.8,16.79,16.19,15.71,15.19
2025-06-19 18:00:00 PDT,2025-06-20 01:00:00 UTC,18.3,17.1,16.45,15.91,15.31
2025-06-19 19:00:00 PDT,2025-06-20 02:00:00 UTC,17.8,17.24,16.62,16.09,15.43
2025-06-19 20:00:00 PDT,2025-06-20 03:00:00 UTC,16.4,17.07,16.62,16.19,15.54
2025-06-19 21:00:00 PDT,2025-06-20 04:00:00 UTC,15.2,16.7,16.46,16.18,15.63
2025-06-19 22:00:00 PDT,2025-06-20 05:00:00 UTC,14.2,16.2,16.18,16.08,15.68
2025-06-19 23:00:00 PDT,2025-06-20 06:00:00 UTC,14.8,15.92,15.98,15.96,15.69
2025-06-20 00:00:00 PDT,2025-06-20 07:00:00 UTC,13.6,15.45,15.68,15.79,15.67
2025-06-20 01:00:00 PDT,2025-06-20 08:00:00 UTC,14.0,15.16,15.44,15.62,15.62
2025-06-20 02:00:00 PDT,2025-06-20 09:00:00 UTC,14.3,14.99,15.27,15.47,15.56
2025-06-20 03:00:00 PDT,2025-06-20 10:00:00 UTC,13.3,14.65,15.03,15.3,15.49
2025-06-20 04:00:00 PDT,2025-06-20 11:00:00 UTC,13.5,14.42,14.82,15.14,15.41
2025-06-20 05:00:00 PDT,2025-06-20 12:00:00 UTC,12.6,14.06,14.56,14.95,15.32
2025-06-20 06:00:00 PDT,2025-06-20 13:00:00 UTC,12.9,13.9,14.4,14.8,15.23
2025-06-20 07:00:00 PDT,2025-06-20 14:00:00 UTC,13.1,13.78,14.26,14.65,15.13
2025-06-20 08:00:00 PDT,2025-06-20 15:00:00 UTC,13.1,13.65,14.12,14.52,15.03
2025-06-20 09:00:00 PDT,2025-06-20 16:00:00 UTC,14.6,13.84,14.15,14.46,14.94
2025-06-20 10:00:00 PDT,2025-06-20 17:00:00 UTC,13.5,13.77,14.1,14.41,14.86
2025-06-20 11:00:00 PDT,2025-06-20 18:00:00 UTC,12.2,13.46,13.91,14.3,14.8
2025-06-20 12:00:00 PDT,2025-06-20 19:00:00 UTC,13.0,13.39,13.82,14.19,14.72
2025-06-20 13:00:00 PDT,2025-06-20 20:00:00 UTC,14.3,13.57,13.86,14.15,14.65
2025-06-20 14:00:00 PDT,2025-06-20 21:00:00 UTC,15.3,13.92,14.03,14.19,14.59
2025-06-20 15:00:00 PDT,2025-06-20 22:00:00 UTC,15.8,14.3,14.26,14.29,14.57
2025-06-20 16:00:00 PDT,2025-06-20 23:00:00 UTC,15.1,14.46,14.4,14.39,14.57
2025-06-20 17:00:00 PDT,2025-06-21 00:00:00 UTC,15.5,14.66,14.55,14.49,14.59
2025-06-20 18:00:00 PDT,2025-06-21 01:00:00 UTC,15.5,14.83,14.68,14.59,14.61
2025-06-20 19:00:00 PDT,2025-06-21 02:00:00 UTC,15.1,14.89,14.76,14.67,14.65
2025-06-20 20:00:00 PDT,2025-06-21 03:00:00 UTC,14.9,14.89,14.79,14.72,14.68
2025-06-20 21:00:00 PDT,2025-06-21 04:00:00 UTC,14.6,14.83,14.79,14.75,14.71
2025-06-20 22:00:00 PDT,2025-06-21 05:00:00 UTC,14.1,14.68,14.72,14.73,14.73
2025-06-20 23:00:00 PDT,2025-06-21 06:00:00 UTC,14.3,14.61,14.67,14.71,14.74
2025-06-21 00:00:00 PDT,2025-06-21 07:00:00 UTC,13.1,14.31,14.5,14.63,14.74
2025-06-21 01:00:00 PDT,2025-06-21 08:00:00 UTC,12.4,13.92,14.26,14.5,14.71
2025-06-21 02:00:00 PDT,2025-06-21 09:00:00 UTC,12.2,13.68,14.06,14.36,14.67
2025-06-21 03:00:00 PDT,2025-06-21 10:00:00 UTC,12.2,13.39,13.84,14.21,14.6
2025-06-21 04:00:00 PDT,2025-06-21 11:00:00 UTC,11.9,13.09,13.61,14.04,14.53
2025-06-21 05:00:00 PDT,2025-06-21 12:00:00 UTC,11.6,12.88,13.42,13.88,14.44
2025-06-21 06:00:00 PDT,2025-06-21 13:00:00 UTC,12.0,12.7,13.26,13.73,14.35
2025-06-21 07:00:00 PDT,2025-06-21 14:00:00 UTC,12.0,12.56,13.11,13.59,14.25
2025-06-21 08:00:00 PDT,2025-06-21 15:00:00 UTC,12.0,12.45,12.99,13.47,14.16
2025-06-21 09:00:00 PDT,2025-06-21 16:00:00 UTC,12.0,12.36,12.89,13.36,14.07
2025-06-21 10:00:00 PDT,2025-06-21 17:00:00 UTC,12.1,12.31,12.81,13.27,13.98
2025-06-21 11:00:00 PDT,2025-06-21 18:00:00 UTC,12.8,12.41,12.82,13.22,13.9
2025-06-21 12:00:00 PDT,2025-06-21 19:00:00 UTC,13.1,12.55,12.87,13.21,13.84
2025-06-21 13:00:00 PDT,2025-06-21 20:00:00 UTC,14.2,12.88,13.04,13.26,13.79
2025-06-21 14:00:00 PDT,2025-06-21 21:00:00 UTC,15.2,13.34,13.31,13.38,13.77
2025-06-21 15:00:00 PDT,2025-06-21 22:00:00 UTC,14.1,13.49,13.46,13.5,13.78
2025-06-21 16:00:00 PDT,2025-06-21 23:00:00 UTC,14.1,13.61,13.58,13.59,13.81
2025-06-21 17:00:00 PDT,2025-06-22 00:00:00 UTC,15.2,13.93,13.78,13.71,13.84
2025-06-21 18:00:00 PDT,2025-06-22 01:00:00 UTC,15.3,14.21,13.99,13.85,13.89
2025-06-21 19:00:00 PDT,2025-06-22 02:00:00 UTC,15.2,14.4,14.16,13.99,13.94
2025-06-21 20:00:00 PDT,2025-06-22 03:00:00 UTC,15.4,14.6,14.33,14.13,14.01
2025-06-21 21:00:00 PDT,2025-06-22 04:00:00 UTC,15.0,14.68,14.43,14.24,14.08
2025-06-21 22:00:00 PDT,2025-06-22 05:00:00 UTC,13.4,14.43,14.35,14.26,14.14
2025-06-21 23:00:00 PDT,2025-06-22 06:00:00 UTC,13.1,14.16,14.21,14.23,14.18
2025-06-22 00:00:00 PDT,2025-06-22 07:00:00 UTC,13.4,14.01,14.11,14.17,14.2
2025-06-22 01:00:00 PDT,2025-06-22 08:00:00 UTC,13.7,13.95,14.05,14.12,14.19
2025-06-22 02:00:00 PDT,2025-06-22 09:00:00 UTC,13.5,13.86,13.98,14.08,14.19
2025-06-22 03:00:00 PDT,2025-06-22 10:00:00 UTC,12.2,13.53,13.79,13.99,14.17
2025-06-22 04:00:00 PDT,2025-06-22 11:00:00 UTC,11.6,13.14,13.54,13.84,14.14
2025-06-22 05:00:00 PDT,2025-06-22 12:00:00 UTC,11.7,12.85,13.31,13.68,14.08
2025-06-22 06:00:00 PDT,2025-06-22 13:00:00 UTC,12.6,12.8,13.21,13.56,14.01
2025-06-22 07:00:00 PDT,2025-06-22 14:00:00 UTC,13.3,12.9,13.21,13.5,13.94
2025-06-22 08:00:00 PDT,2025-06-22 15:00:00 UTC,14.0,13.12,13.3,13.5,13.89
2025-06-22 09:00:00 PDT,2025-06-22 16:00:00 UTC,14.5,13.4,13.45,13.55,13.85
2025-06-22 10:00:00 PDT,2025-06-22 17:00:00 UTC,14.9,13.7,13.64,13.64,13.85
2025-06-22 11:00:00 PDT,2025-06-22 18:00:00 UTC,15.3,14.02,13.85,13.77,13.86
2025-06-22 12:00:00 PDT,2025-06-22 19:00:00 UTC,16.3,14.47,14.15,13.94,13.9
2025-06-22 13:00:00 PDT,2025-06-22 20:00:00 UTC,16.5,14.88,14.45,14.15,13.96
2025-06-22 14:00:00 PDT,2025-06-22 21:00:00 UTC,17.3,15.36,14.8,14.38,14.05
2025-06-22 15:00:00 PDT,2025-06-22 22:00:00 UTC,17.3,15.75,15.12,14.62,14.16
2025-06-22 16:00:00 PDT,2025-06-22 23:00:00 UTC,17.1,16.02,15.38,14.85,14.28
2025-06-22 17:00:00 PDT,2025-06-23 00:00:00 UTC,16.9,16.2,15.57,15.04,14.41
2025-06-22 18:00:00 PDT,2025-06-23 01:00:00 UTC,16.8,16.32,15.72,15.2,14.53
2025-06-22 19:00:00 PDT,2025-06-23 02:00:00 UTC,17.1,16.47,15.87,15.35,14.65
2025-06-22 20:00:00 PDT,2025-06-23 03:00:00 UTC,15.8,16.34,15.88,15.44,14.76
2025-06-22 21:00:00 PDT,2025-06-23 04:00:00 UTC,15.1,16.09,15.78,15.45,14.85
2025-06-22 22:00:00 PDT,2025-06-23 05:00:00 UTC,13.9,15.65,15.55,15.38,14.91
2025-06-22 23:00:00 PDT,2025-06-23 06:00:00 UTC,14.5,15.42,15.39,15.29,14.93
2025-06-23 00:00:00 PDT,2025-06-23 07:00:00 UTC,14.7,15.28,15.27,15.21,14.94
2025-06-23 01:00:00 PDT,2025-06-23 08:00:00 UTC,14.8,15.18,15.18,15.14,14.93
2025-06-23 02:00:00 PDT,2025-06-23 09:00:00 UTC,14.6,15.07,15.09,15.07,14.91
2025-06-23 03:00:00 PDT,2025-06-23 10:00:00 UTC,14.3,14.91,14.98,15.0,14.89
2025-06-23 04:00:00 PDT,2025-06-23 11:00:00 UTC,14.2,14.77,14.87,14.92,14.86
2025-06-23 05:00:00 PDT,2025-06-23 12:00:00 UTC,14.2,14.66,14.77,14.85,14.83
2025-06-23 06:00:00 PDT,2025-06-23 13:00:00 UTC,14.1,14.54,14.68,14.77,14.8
2025-06-23 07:00:00 PDT,2025-06-23 14:00:00 UTC,14.2,14.48,14.61,14.71,14.76
2025-06-23 08:00:00 PDT,2025-06-23 15:00:00 UTC,14.5,14.48,14.58,14.66,14.73
2025-06-23 09:00:00 PDT,2025-06-23 16:00:00 UTC,15.3,14.64,14.64,14.66,14.7
2025-06-23 10:00:00 PDT,2025-06-23 17:00:00 UTC,16.5,15.02,14.84,14.73,14.68
2025-06-23 11:00:00 PDT,2025-06-23 18:00:00 UTC,18.3,15.67,15.23,14.91,14.69
2025-06-23 12:00:00 PDT,2025-06-23 19:00:00 UTC,18.9,16.32,15.66,15.17,14.75
2025-06-23 13:00:00 PDT,2025-06-23 20:00:00 UTC,20.0,17.05,16.18,15.5,14.85
2025-06-23 14:00:00 PDT,2025-06-23 21:00:00 UTC,20.7,17.78,16.72,15.87,14.99
2025-06-23 15:00:00 PDT,2025-06-23 22:00:00 UTC,18.6,17.95,16.99,16.17,15.16
2025-06-23 16:00:00 PDT,2025-06-23 23:00:00 UTC,18.7,18.1,17.2,16.41,15.33
2025-06-23 17:00:00 PDT,2025-06-24 00:00:00 UTC,18.4,18.16,17.33,16.58,15.49
2025-06-23 18:00:00 PDT,2025-06-24 01:00:00 UTC,18.8,18.29,17.47,16.74,15.64
2025-06-23 19:00:00 PDT,2025-06-24 02:00:00 UTC,18.7,18.37,17.59,16.88,15.77
2025-06-23 20:00:00 PDT,2025-06-24 03:00:00 UTC,17.4,18.18,17.55,16.95,15.89
2025-06-23 21:00:00 PDT,2025-06-24 04:00:00 UTC,16.4,17.82,17.39,16.93,15.99
2025-06-23 22:00:00 PDT,2025-06-24 05:00:00 UTC,16.4,17.54,17.23,16.87,16.05
2025-06-23 23:00:00 PDT,2025-06-24 06:00:00 UTC,16.7,17.37,17.11,16.8,16.08
2025-06-24 00:00:00 PDT,2025-06-24 07:00:00 UTC,16.3,17.16,16.97,16.72,16.1
2025-06-24 01:00:00 PDT,2025-06-24 08:00:00 UTC,15.9,16.9,16.8,16.63,16.1
2025-06-24 02:00:00 PDT,2025-06-24 09:00:00 UTC,14.7,16.46,16.52,16.48,16.08
2025-06-24 03:00:00 PDT,2025-06-24 10:00:00 UTC,14.3,16.03,16.22,16.29,16.04
2025-06-24 04:00:00 PDT,2025-06-24 11:00:00 UTC,13.7,15.56,15.89,16.07,15.98
2025-06-24 05:00:00 PDT,2025-06-24 12:00:00 UTC,12.7,14.99,15.48,15.81,15.89
2025-06-24 06:00:00 PDT,2025-06-24 13:00:00 UTC,13.2,14.63,15.16,15.55,15.77
2025-06-24 07:00:00 PDT,2025-06-24 14:00:00 UTC,15.3,14.77,15.1,15.39,15.65
2025-06-24 08:00:00 PDT,2025-06-24 15:00:00 UTC,16.9,15.19,15.27,15.37,15.54
2025-06-24 09:00:00 PDT,2025-06-24 16:00:00 UTC,17.8,15.71,15.55,15.46,15.48
2025-06-24 10:00:00 PDT,2025-06-24 17:00:00 UTC,18.5,16.27,15.89,15.63,15.47
2025-06-24 11:00:00 PDT,2025-06-24 18:00:00 UTC,19.4,16.9,16.31,15.87,15.5
2025-06-24 12:00:00 PDT,2025-06-24 19:00:00 UTC,20.6,17.64,16.81,16.18,15.58
2025-06-24 13:00:00 PDT,2025-06-24 20:00:00 UTC,21.4,18.39,17.36,16.54,15.7
2025-06-24 14:00:00 PDT,2025-06-24 21:00:00 UTC,22.1,19.13,17.92,16.94,15.85
2025-06-24 15:00:00 PDT,2025-06-24 22:00:00 UTC,21.9,19.69,18.4,17.34,16.05
2025-06-24 16:00:00 PDT,2025-06-24 23:00:00 UTC,20.3,19.81,18.66,17.64,16.25
2025-06-24 17:00:00 PDT,2025-06-25 00:00:00 UTC,21.5,20.15,18.96,17.91,16.45
2025-06-24 18:00:00 PDT,2025-06-25 01:00:00 UTC,22.1,20.54,19.29,18.19,16.65
2025-06-24 19:00:00 PDT,2025-06-25 02:00:00 UTC,21.9,20.81,19.57,18.46,16.84
2025-06-24 20:00:00 PDT,2025-06-25 03:00:00 UTC,20.8,20.81,19.69,18.66,17.03
2025-06-24 21:00:00 PDT,2025-06-25 04:00:00 UTC,18.7,20.39,19.56,18.72,17.2
2025-06-24 22:00:00 PDT,2025-06-25 05:00:00 UTC,18.0,19.91,19.32,18.68,17.32
2025-06-24 23:00:00 PDT,2025-06-25 06:00:00 UTC,17.0,19.33,18.99,18.54,17.4
2025-06-25 00:00:00 PDT,2025-06-25 07:00:00 UTC,16.1,18.68,18.58,18.33,17.42
2025-06-25 01:00:00 PDT,2025-06-25 08:00:00 UTC,16.3,18.21,18.22,18.1,17.4
2025-06-25 02:00:00 PDT,2025-06-25 09:00:00 UTC,15.7,17.7,17.85,17.85,17.34
2025-06-25 03:00:00 PDT,2025-06-25 10:00:00 UTC,15.1,17.18,17.46,17.58,17.26
2025-06-25 04:00:00 PDT,2025-06-25 11:00:00 UTC,14.5,16.65,17.06,17.29,17.16
2025-06-25 05:00:00 PDT,2025-06-25 12:00:00 UTC,13.2,15.96,16.56,16.96,17.03
2025-06-25 06:00:00 PDT,2025-06-25 13:00:00 UTC,12.9,15.35,16.08,16.6,16.87
2025-06-25 07:00:00 PDT,2025-06-25 14:00:00 UTC,13.3,14.94,15.69,16.26,16.69
2025-06-25 08:00:00 PDT,2025-06-25 15:00:00 UTC,13.8,14.71,15.41,15.98,16.51
2025-06-25 09:00:00 PDT,2025-06-25 16:00:00 UTC,14.2,14.61,15.24,15.76,16.33
2025-06-25 10:00:00 PDT,2025-06-25 17:00:00 UTC,14.6,14.61,15.14,15.6,16.17
2025-06-25 11:00:00 PDT,2025-06-25 18:00:00 UTC,14.2,14.52,15.03,15.47,16.03
2025-06-25 12:00:00 PDT,2025-06-25 19:00:00 UTC,16.2,14.86,15.14,15.43,15.91
2025-06-25 13:00:00 PDT,2025-06-25 20:00:00 UTC,16.8,15.25,15.33,15.47,15.82
2025-06-25 14:00:00 PDT,2025-06-25 21:00:00 UTC,17.9,15.78,15.64,15.6,15.77
2025-06-25 15:00:00 PDT,2025-06-25 22:00:00 UTC,18.9,16.4,16.03,15.8,15.77
2025-06-25 16:00:00 PDT,2025-06-25 23:00:00 UTC,19.3,16.98,16.44,16.06,15.81
2025-06-25 17:00:00 PDT,2025-06-26 00:00:00 UTC,18.8,17.35,16.76,16.3,15.88
2025-06-25 18:00:00 PDT,2025-06-26 01:00:00 UTC,18.2,17.52,16.96,16.5,15.98
2025-06-25 19:00:00 PDT,2025-06-26 02:00:00 UTC,18.2,17.65,17.12,16.66,16.08
2025-06-25 20:00:00 PDT,2025-06-26 03:00:00 UTC,17.5,17.62,17.17,16.76,16.17
2025-06-25 21:00:00 PDT,2025-06-26 04:00:00 UTC,17.0,17.5,17.15,16.81,16.24
2025-06-25 22:00:00 PDT,2025-06-26 05:00:00 UTC,15.8,17.16,16.99,16.78,16.3
2025-06-25 23:00:00 PDT,2025-06-26 06:00:00 UTC,16.0,16.93,16.85,16.71,16.33
2025-06-26 00:00:00 PDT,2025-06-26 07:00:00 UTC,14.8,16.5,16.59,16.59,16.33
2025-06-26 01:00:00 PDT,2025-06-26 08:00:00 UTC,14.7,16.14,16.34,16.43,16.3
2025-06-26 02:00:00 PDT,2025-06-26 09:00:00 UTC,14.6,15.83,16.1,16.27,16.25
2025-06-26 03:00:00 PDT,2025-06-26 10:00:00 UTC,14.2,15.51,15.85,16.09,16.18
2025-06-26 04:00:00 PDT,2025-06-26 11:00:00 UTC,14.4,15.29,15.65,15.92,16.1
2025-06-26 05:00:00 PDT,2025-06-26 12:00:00 UTC,14.1,15.05,15.45,15.76,16.01
2025-06-26 06:00:00 PDT,2025-06-26 13:00:00 UTC,13.7,14.78,15.23,15.59,15.92
2025-06-26 07:00:00 PDT,2025-06-26 14:00:00 UTC,14.3,14.68,15.1,15.44,15.82
2025-06-26 08:00:00 PDT,2025-06-26 15:00:00 UTC,14.9,14.73,15.05,15.35,15.73
2025-06-26 09:00:00 PDT,2025-06-26 16:00:00 UTC,15.2,14.82,15.07,15.3,15.65
2025-06-26 10:00:00 PDT,2025-06-26 17:00:00 UTC,16.2,15.1,15.19,15.31,15.58
2025-06-26 11:00:00 PDT,2025-06-26 18:00:00 UTC,16.4,15.36,15.34,15.37,15.55
2025-06-26 12:00:00 PDT,2025-06-26 19:00:00 UTC,16.6,15.61,15.5,15.46,15.53
2025-06-26 13:00:00 PDT,2025-06-26 20:00:00 UTC,17.0,15.88,15.69,15.57,15.54
2025-06-26 14:00:00 PDT,2025-06-26 21:00:00 UTC,17.6,16.23,15.92,15.71,15.57
2025-06-26 15:00:00 PDT,2025-06-26 22:00:00 UTC,17.5,16.48,16.13,15.85,15.61
2025-06-26 16:00:00 PDT,2025-06-26 23:00:00 UTC,16.8,16.55,16.23,15.97,15.67
2025-06-26 17:00:00 PDT,2025-06-27 00:00:00 UTC,15.4,16.32,16.16,16.0,15.73
2025-06-26 18:00:00 PDT,2025-06-27 01:00:00 UTC,15.1,16.07,16.04,15.97,15.76
2025-06-26 19:00:00 PDT,2025-06-27 02:00:00 UTC,15.3,15.92,15.93,15.91,15.77
2025-06-26 20:00:00 PDT,2025-06-27 03:00:00 UTC,15.0,15.73,15.81,15.85,15.77
2025-06-26 21:00:00 PDT,2025-06-27 04:00:00 UTC,14.5,15.49,15.65,15.75,15.75
2025-06-26 22:00:00 PDT,2025-06-27 05:00:00 UTC,14.4,15.27,15.49,15.64,15.72
2025-06-26 23:00:00 PDT,2025-06-27 06:00:00 UTC,13.7,14.96,15.27,15.5,15.67
2025-06-27 00:00:00 PDT,2025-06-27 07:00:00 UTC,13.6,14.69,15.06,15.35,15.61
2025-06-27 01:00:00 PDT,2025-06-27 08:00:00 UTC,13.3,14.41,14.85,15.19,15.53
2025-06-27 02:00:00 PDT,2025-06-27 09:00:00 UTC,13.3,14.19,14.65,15.03,15.45
2025-06-27 03:00:00 PDT,2025-06-27 10:00:00 UTC,13.2,13.99,14.48,14.88,15.35
2025-06-27 04:00:00 PDT,2025-06-27 11:00:00 UTC,12.9,13.77,14.29,14.73,15.26
2025-06-27 05:00:00 PDT,2025-06-27 12:00:00 UTC,12.7,13.56,14.11,14.57,15.16
2025-06-27 06:00:00 PDT,2025-06-27 13:00:00 UTC,12.7,13.39,13.94,14.43,15.06
2025-06-27 07:00:00 PDT,2025-06-27 14:00:00 UTC,13.0,13.31,13.84,14.3,14.96
2025-06-27 08:00:00 PDT,2025-06-27 15:00:00 UTC,13.8,13.41,13.83,14.23,14.86
2025-06-27 09:00:00 PDT,2025-06-27 16:00:00 UTC,15.1,13.75,13.98,14.24,14.79
2025-06-27 10:00:00 PDT,2025-06-27 17:00:00 UTC,15.3,14.06,14.15,14.31,14.74
2025-06-27 11:00:00 PDT,2025-06-27 18:00:00 UTC,16.6,14.57,14.45,14.45,14.72
2025-06-27 12:00:00 PDT,2025-06-27 19:00:00 UTC,15.8,14.81,14.66,14.59,14.74
2025-06-27 13:00:00 PDT,2025-06-27 20:00:00 UTC,15.7,14.99,14.82,14.72,14.78
2025-06-27 14:00:00 PDT,2025-06-27 21:00:00 UTC,15.8,15.15,14.96,14.84,14.82
2025-06-27 15:00:00 PDT,2025-06-27 22:00:00 UTC,15.8,15.28,15.08,14.94,14.87
2025-06-27 16:00:00 PDT,2025-06-27 23:00:00 UTC,16.3,15.49,15.23,15.05,14.92
2025-06-27 17:00:00 PDT,2025-06-28 00:00:00 UTC,15.8,15.55,15.32,15.14,14.97
2025-06-27 18:00:00 PDT,2025-06-28 01:00:00 UTC,15.8,15.6,15.39,15.22,15.03
2025-06-27 19:00:00 PDT,2025-06-28 02:00:00 UTC,15.5,15.58,15.41,15.26,15.08
2025-06-27 20:00:00 PDT,2025-06-28 03:00:00 UTC,14.9,15.44,15.36,15.27,15.11
2025-06-27 21:00:00 PDT,2025-06-28 04:00:00 UTC,14.5,15.25,15.26,15.24,15.14
2025-06-27 22:00:00 PDT,2025-06-28 05:00:00 UTC,14.6,15.12,15.18,15.2,15.15
2025-06-27 23:00:00 PDT,2025-06-28 06:00:00 UTC,14.5,15.0,15.09,15.14,15.14
2025-06-28 00:00:00 PDT,2025-06-28 07:00:00 UTC,14.6,14.92,15.02,15.09,15.13
2025-06-28 01:00:00 PDT,2025-06-28 08:00:00 UTC,14.7,14.88,14.97,15.05,15.11
2025-06-28 02:00:00 PDT,2025-06-28 09:00:00 UTC,14.9,14.88,14.96,15.02,15.09
2025-06-28 03:00:00 PDT,2025-06-28 10:00:00 UTC,14.5,14.8,14.91,14.99,15.07
2025-06-28 04:00:00 PDT,2025-06-28 11:00:00 UTC,13.7,14.58,14.78,14.92,15.05
2025-06-28 05:00:00 PDT,2025-06-28 12:00:00 UTC,14.2,14.51,14.7,14.85,15.02
2025-06-28 06:00:00 PDT,2025-06-28 13:00:00 UTC,13.2,14.25,14.53,14.76,14.99
2025-06-28 07:00:00 PDT,2025-06-28 14:00:00 UTC,14.9,14.38,14.55,14.71,14.94
2025-06-28 08:00:00 PDT,2025-06-28 15:00:00 UTC,16.3,14.76,14.73,14.75,14.91
2025-06-28 09:00:00 PDT,2025-06-28 16:00:00 UTC,18.0,15.41,15.1,14.91,14.9
2025-06-28 10:00:00 PDT,2025-06-28 17:00:00 UTC,17.2,15.77,15.38,15.11,14.94
2025-06-28 11:00:00 PDT,2025-06-28 18:00:00 UTC,15.8,15.77,15.48,15.24,15.0
2025-06-28 12:00:00 PDT,2025-06-28 19:00:00 UTC,17.5,16.12,15.7,15.38,15.07
2025-06-28 13:00:00 PDT,2025-06-28 20:00:00 UTC,18.6,16.62,16.04,15.59,15.14
2025-06-28 14:00:00 PDT,2025-06-28 21:00:00 UTC,18.6,17.01,16.35,15.81,15.24
2025-06-28 15:00:00 PDT,2025-06-28 22:00:00 UTC,19.7,17.55,16.74,16.08,15.36
2025-06-28 16:00:00 PDT,2025-06-28 23:00:00 UTC,19.4,17.92,17.06,16.35,15.5
2025-06-28 17:00:00 PDT,2025-06-29 00:00:00 UTC,18.9,18.12,17.29,16.58,15.64
2025-06-28 18:00:00 PDT,2025-06-29 01:00:00 UTC,18.7,18.23,17.45,16.76,15.79
2025-06-28 19:00:00 PDT,2025-06-29 02:00:00 UTC,18.9,18.37,17.6,16.92,15.93
2025-06-28 20:00:00 PDT,2025-06-29 03:00:00 UTC,18.4,18.37,17.68,17.05,16.06
2025-06-28 21:00:00 PDT,2025-06-29 04:00:00 UTC,16.1,17.92,17.5,17.05,16.17
2025-06-28 22:00:00 PDT,2025-06-29 05:00:00 UTC,14.1,17.15,17.1,16.91,16.24
2025-06-28 23:00:00 PDT,2025-06-29 06:00:00 UTC,15.4,16.8,16.82,16.74,16.25
2025-06-29 00:00:00 PDT,2025-06-29 07:00:00 UTC,14.6,16.36,16.51,16.55,16.23
2025-06-29 01:00:00 PDT,2025-06-29 08:00:00 UTC,15.0,16.09,16.28,16.37,16.18
2025-06-29 02:00:00 PDT,2025-06-29 09:00:00 UTC,14.6,15.79,16.04,16.19,16.11
2025-06-29 03:00:00 PDT,2025-06-29 10:00:00 UTC,13.9,15.41,15.76,15.99,16.04
2025-06-29 04:00:00 PDT,2025-06-29 11:00:00 UTC,12.8,14.89,15.4,15.76,15.95
2025-06-29 05:00:00 PDT,2025-06-29 12:00:00 UTC,12.4,14.39,15.02,15.49,15.84
2025-06-29 06:00:00 PDT,2025-06-29 13:00:00 UTC,13.2,14.15,14.76,15.24,15.71
2025-06-29 07:00:00 PDT,2025-06-29 14:00:00 UTC,15.8,14.48,14.82,15.14,15.58
2025-06-29 08:00:00 PDT,2025-06-29 15:00:00 UTC,17.3,15.05,15.08,15.18,15.48
2025-06-29 09:00:00 PDT,2025-06-29 16:00:00 UTC,17.9,15.62,15.42,15.33,15.43
2025-06-29 10:00:00 PDT,2025-06-29 17:00:00 UTC,18.2,16.13,15.76,15.52,15.44
2025-06-29 11:00:00 PDT,2025-06-29 18:00:00 UTC,19.3,16.77,16.19,15.78,15.48
2025-06-29 12:00:00 PDT,2025-06-29 19:00:00 UTC,20.0,17.41,16.65,16.08,15.57
2025-06-29 13:00:00 PDT,2025-06-29 20:00:00 UTC,20.3,17.99,17.1,16.4,15.69
2025-06-29 14:00:00 PDT,2025-06-29 21:00:00 UTC,21.4,18.67,17.61,16.76,15.84
2025-06-29 15:00:00 PDT,2025-06-29 22:00:00 UTC,22.3,19.4,18.16,17.16,16.02
2025-06-29 16:00:00 PDT,2025-06-29 23:00:00 UTC,22.7,20.06,18.7,17.57,16.22
2025-06-29 17:00:00 PDT,2025-06-30 00:00:00 UTC,23.0,20.65,19.2,17.98,16.45
2025-06-29 18:00:00 PDT,2025-06-30 01:00:00 UTC,22.4,21.0,19.58,18.35,16.69
2025-06-29 19:00:00 PDT,2025-06-30 02:00:00 UTC,21.6,21.12,19.81,18.64,16.93
2025-06-29 20:00:00 PDT,2025-06-30 03:00:00 UTC,20.3,20.95,19.86,18.82,17.15
2025-06-29 21:00:00 PDT,2025-06-30 04:00:00 UTC,18.9,20.54,19.71,18.87,17.33
2025-06-29 22:00:00 PDT,2025-06-30 05:00:00 UTC,18.5,20.13,19.51,18.84,17.46
2025-06-29 23:00:00 PDT,2025-06-30 06:00:00 UTC,17.6,19.63,19.22,18.73,17.55
2025-06-30 00:00:00 PDT,2025-06-30 07:00:00 UTC,16.2,18.94,18.81,18.53,17.58
2025-06-30 01:00:00 PDT,2025-06-30 08:00:00 UTC,18.6,18.87,18.66,18.38,17.58
2025-06-30 02:00:00 PDT,2025-06-30 09:00:00 UTC,16.9,18.48,18.4,18.23,17.55
2025-06-30 03:00:00 PDT,2025-06-30 10:00:00 UTC,16.1,18.0,18.08,18.03,17.51
2025-06-30 04:00:00 PDT,2025-06-30 11:00:00 UTC,15.8,17.56,17.75,17.81,17.45
2025-06-30 05:00:00 PDT,2025-06-30 12:00:00 UTC,14.9,17.03,17.37,17.55,17.36
2025-06-30 06:00:00 PDT,2025-06-30 13:00:00 UTC,14.1,16.44,16.94,17.25,17.25
2025-06-30 07:00:00 PDT,2025-06-30 14:00:00 UTC,17.8,16.72,16.92,17.09,17.12
2025-06-30 08:00:00 PDT,2025-06-30 15:00:00 UTC,19.0,17.17,17.11,17.08,17.02
2025-06-30 09:00:00 PDT,2025-06-30 16:00:00 UTC,19.7,17.68,17.39,17.18,16.96
2025-06-30 10:00:00 PDT,2025-06-30 17:00:00 UTC,20.1,18.16,17.7,17.34,16.95
2025-06-30 11:00:00 PDT,2025-06-30 18:00:00 UTC,20.8,18.69,18.05,17.55,16.99
2025-06-30 12:00:00 PDT,2025-06-30 19:00:00 UTC,21.5,19.25,18.45,17.8,17.05
2025-06-30 13:00:00 PDT,2025-06-30 20:00:00 UTC,22.5,19.9,18.91,18.11,17.16
2025-06-30 14:00:00 PDT,2025-06-30 21:00:00 UTC,23.4,20.6,19.43,18.46,17.29
2025-06-30 15:00:00 PDT,2025-06-30 22:00:00 UTC,23.9,21.26,19.94,18.84,17.46
2025-06-30 16:00:00 PDT,2025-06-30 23:00:00 UTC,23.9,21.79,20.4,19.22,17.66
2025-06-30 17:00:00 PDT,2025-07-01 00:00:00 UTC,23.5,22.13,20.76,19.55,17.87
2025-06-30 18:00:00 PDT,2025-07-01 01:00:00 UTC,23.1,22.32,21.01,19.83,18.08
2025-06-30 19:00:00 PDT,2025-07-01 02:00:00 UTC,22.7,22.4,21.17,20.05,18.28
2025-06-30 20:00:00 PDT,2025-07-01 03:00:00 UTC,22.2,22.36,21.25,20.2,18.46
2025-06-30 21:00:00 PDT,2025-07-01 04:00:00 UTC,20.5,21.99,21.12,20.25,18.62
2025-06-30 22:00:00 PDT,2025-07-01 05:00:00 UTC,20.0,21.59,20.93,20.21,18.73
2025-06-30 23:00:00 PDT,2025-07-01 06:00:00 UTC,20.7,21.41,20.8,20.16,18.81
2025-07-01 00:00:00 PDT,2025-07-01 07:00:00 UTC,19.7,21.07,20.6,20.07,18.86
2025-07-01 01:00:00 PDT,2025-07-01 08:00:00 UTC,18.5,20.56,20.29,19.92,18.88
2025-07-01 02:00:00 PDT,2025-07-01 09:00:00 UTC,18.1,20.06,19.96,19.73,18.86
2025-07-01 03:00:00 PDT,2025-07-01 10:00:00 UTC,16.4,19.33,19.48,19.45,18.81
2025-07-01 04:00:00 PDT,2025-07-01 11:00:00 UTC,15.7,18.61,18.97,19.12,18.73
2025-07-01 05:00:00 PDT,2025-07-01 12:00:00 UTC,16.7,18.22,18.6,18.81,18.6
2025-07-01 06:00:00 PDT,2025-07-01 13:00:00 UTC,17.0,17.98,18.33,18.56,18.47
2025-07-01 07:00:00 PDT,2025-07-01 14:00:00 UTC,18.9,18.16,18.31,18.41,18.33
2025-07-01 08:00:00 PDT,2025-07-01 15:00:00 UTC,19.4,18.41,18.39,18.37,18.22
2025-07-01 09:00:00 PDT,2025-07-01 16:00:00 UTC,20.3,18.79,18.57,18.41,18.15
2025-07-01 10:00:00 PDT,2025-07-01 17:00:00 UTC,21.1,19.25,18.84,18.52,18.12
2025-07-01 11:00:00 PDT,2025-07-01 18:00:00 UTC,21.1,19.62,19.1,18.67,18.13
2025-07-01 12:00:00 PDT,2025-07-01 19:00:00 UTC,22.5,20.2,19.47,18.88,18.16
2025-07-01 13:00:00 PDT,2025-07-01 20:00:00 UTC,22.9,20.74,19.86,19.14,18.24
2025-07-01 14:00:00 PDT,2025-07-01 21:00:00 UTC,24.0,21.39,20.32,19.44,18.34
2025-07-01 15:00:00 PDT,2025-07-01 22:00:00 UTC,23.2,21.75,20.67,19.73,18.48
2025-07-01 16:00:00 PDT,2025-07-01 23:00:00 UTC,22.7,21.94,20.9,19.97,18.63
2025-07-01 17:00:00 PDT,2025-07-02 00:00:00 UTC,24.1,22.37,21.23,20.22,18.78
2025-07-01 18:00:00 PDT,2025-07-02 01:00:00 UTC,23.9,22.68,21.51,20.47,18.94
2025-07-01 19:00:00 PDT,2025-07-02 02:00:00 UTC,23.4,22.82,21.7,20.68,19.09
2025-07-01 20:00:00 PDT,2025-07-02 03:00:00 UTC,21.9,22.64,21.7,20.79,19.24
2025-07-01 21:00:00 PDT,2025-07-02 04:00:00 UTC,21.1,22.33,21.58,20.82,19.37
2025-07-01 22:00:00 PDT,2025-07-02 05:00:00 UTC,18.5,21.56,21.19,20.7,19.45
2025-07-01 23:00:00 PDT,2025-07-02 06:00:00 UTC,17.0,20.65,20.64,20.43,19.48
2025-07-02 00:00:00 PDT,2025-07-02 07:00:00 UTC,16.1,19.74,20.02,20.07,19.43
2025-07-02 01:00:00 PDT,2025-07-02 08:00:00 UTC,15.3,18.85,19.38,19.66,19.33
2025-07-02 02:00:00 PDT,2025-07-02 09:00:00 UTC,14.7,18.02,18.75,19.21,19.18
2025-07-02 03:00:00 PDT,2025-07-02 10:00:00 UTC,14.0,17.22,18.11,18.74,18.98
2025-07-02 04:00:00 PDT,2025-07-02 11:00:00 UTC,13.8,16.53,17.53,18.27,18.76
2025-07-02 05:00:00 PDT,2025-07-02 12:00:00 UTC,13.5,15.93,17.0,17.83,18.52
2025-07-02 06:00:00 PDT,2025-07-02 13:00:00 UTC,14.0,15.54,16.59,17.43,18.26
2025-07-02 07:00:00 PDT,2025-07-02 14:00:00 UTC,15.3,15.49,16.38,17.14,18.01
2025-07-02 08:00:00 PDT,2025-07-02 15:00:00 UTC,15.5,15.49,16.26,16.93,17.79
2025-07-02 09:00:00 PDT,2025-07-02 16:00:00 UTC,16.4,15.68,16.26,16.81,17.6
2025-07-02 10:00:00 PDT,2025-07-02 17:00:00 UTC,17.3,16.0,16.38,16.77,17.44
2025-07-02 11:00:00 PDT,2025-07-02 18:00:00 UTC,17.0,16.2,16.48,16.78,17.33
2025-07-02 12:00:00 PDT,2025-07-02 19:00:00 UTC,19.0,16.76,16.77,16.87,17.25
2025-07-02 13:00:00 PDT,2025-07-02 20:00:00 UTC,20.4,17.49,17.21,17.07,17.22
2025-07-02 14:00:00 PDT,2025-07-02 21:00:00 UTC,21.0,18.19,17.68,17.35,17.24
2025-07-02 15:00:00 PDT,2025-07-02 22:00:00 UTC,22.3,19.01,18.24,17.69,17.31
2025-07-02 16:00:00 PDT,2025-07-02 23:00:00 UTC,22.7,19.75,18.8,18.07,17.43
2025-07-02 17:00:00 PDT,2025-07-03 00:00:00 UTC,23.4,20.48,19.36,18.48,17.58
2025-07-02 18:00:00 PDT,2025-07-03 01:00:00 UTC,22.8,20.94,19.8,18.86,17.76
2025-07-02 19:00:00 PDT,2025-07-03 02:00:00 UTC,21.5,21.06,20.03,19.14,17.96
2025-07-02 20:00:00 PDT,2025-07-03 03:00:00 UTC,20.0,20.84,20.05,19.3,18.14
2025-07-02 21:00:00 PDT,2025-07-03 04:00:00 UTC,17.7,20.22,19.78,19.29,18.28
2025-07-02 22:00:00 PDT,2025-07-03 05:00:00 UTC,16.5,19.47,19.37,19.14,18.36
2025-07-02 23:00:00 PDT,2025-07-03 06:00:00 UTC,15.8,18.74,18.9,18.89,18.37
2025-07-03 00:00:00 PDT,2025-07-03 07:00:00 UTC,14.7,17.93,18.35,18.57,18.33
2025-07-03 01:00:00 PDT,2025-07-03 08:00:00 UTC,14.1,17.16,17.79,18.2,18.23
2025-07-03 02:00:00 PDT,2025-07-03 09:00:00 UTC,14.2,16.57,17.3,17.82,18.09
2025-07-03 03:00:00 PDT,2025-07-03 10:00:00 UTC,14.2,16.1,16.88,17.48,17.92
2025-07-03 04:00:00 PDT,2025-07-03 11:00:00 UTC,13.3,15.54,16.43,17.12,17.74
2025-07-03 05:00:00 PDT,2025-07-03 12:00:00 UTC,13.1,15.05,16.01,16.78,17.55
2025-07-03 06:00:00 PDT,2025-07-03 13:00:00 UTC,12.9,14.62,15.62,16.44,17.34
2025-07-03 07:00:00 PDT,2025-07-03 14:00:00 UTC,14.4,14.58,15.44,16.19,17.13
2025-07-03 08:00:00 PDT,2025-07-03 15:00:00 UTC,15.2,14.7,15.39,16.03,16.95
2025-07-03 09:00:00 PDT,2025-07-03 16:00:00 UTC,15.7,14.9,15.43,15.95,16.79
2025-07-03 10:00:00 PDT,2025-07-03 17:00:00 UTC,16.4,15.2,15.56,15.95,16.67
2025-07-03 11:00:00 PDT,2025-07-03 18:00:00 UTC,18.2,15.8,15.88,16.05,16.58
2025-07-03 12:00:00 PDT,2025-07-03 19:00:00 UTC,17.4,16.12,16.11,16.18,16.55
2025-07-03 13:00:00 PDT,2025-07-03 20:00:00 UTC,19.2,16.74,16.49,16.37,16.55
2025-07-03 14:00:00 PDT,2025-07-03 21:00:00 UTC,18.7,17.13,16.79,16.58,16.58
2025-07-03 15:00:00 PDT,2025-07-03 22:00:00 UTC,19.7,17.64,17.16,16.82,16.64
2025-07-03 16:00:00 PDT,2025-07-03 23:00:00 UTC,19.7,18.05,17.49,17.07,16.73
2025-07-03 17:00:00 PDT,2025-07-04 00:00:00 UTC,19.7,18.38,17.78,17.3,16.84
2025-07-03 18:00:00 PDT,2025-07-04 01:00:00 UTC,19.1,18.53,17.96,17.49,16.95
2025-07-03 19:00:00 PDT,2025-07-04 02:00:00 UTC,18.6,18.54,18.06,17.63,17.06
2025-07-03 20:00:00 PDT,2025-07-04 03:00:00 UTC,18.2,18.47,18.08,17.71,17.15
2025-07-03 21:00:00 PDT,2025-07-04 04:00:00 UTC,16.1,18.0,17.87,17.68,17.23
2025-07-03 22:00:00 PDT,2025-07-04 05:00:00 UTC,16.6,17.72,17.69,17.59,17.26
2025-07-03 23:00:00 PDT,2025-07-04 06:00:00 UTC,16.8,17.54,17.55,17.51,17.27
2025-07-04 00:00:00 PDT,2025-07-04 07:00:00 UTC,15.7,17.17,17.32,17.38,17.25
2025-07-04 01:00:00 PDT,2025-07-04 08:00:00 UTC,14.1,16.55,16.94,17.18,17.22
2025-07-04 02:00:00 PDT,2025-07-04 09:00:00 UTC,14.0,16.04,16.56,16.93,17.14
2025-07-04 03:00:00 PDT,2025-07-04 10:00:00 UTC,14.0,15.63,16.23,16.68,17.04
2025-07-04 04:00:00 PDT,2025-07-04 11:00:00 UTC,12.8,15.07,15.82,16.39,16.92
2025-07-04 05:00:00 PDT,2025-07-04 12:00:00 UTC,12.7,14.59,15.43,16.09,16.78
2025-07-04 06:00:00 PDT,2025-07-04 13:00:00 UTC,12.9,14.26,15.11,15.81,16.62
2025-07-04 07:00:00 PDT,2025-07-04 14:00:00 UTC,14.8,14.36,15.03,15.63,16.45
2025-07-04 08:00:00 PDT,2025-07-04 15:00:00 UTC,16.1,14.71,15.14,15.57,16.31
2025-07-04 09:00:00 PDT,2025-07-04 16:00:00 UTC,17.5,15.27,15.42,15.64,16.21
2025-07-04 10:00:00 PDT,2025-07-04 17:00:00 UTC,17.8,15.78,15.73,15.78,16.16
2025-07-04 11:00:00 PDT,2025-07-04 18:00:00 UTC,18.1,16.24,16.04,15.96,16.16
2025-07-04 12:00:00 PDT,2025-07-04 19:00:00 UTC,18.8,16.75,16.4,16.18,16.19
2025-07-04 13:00:00 PDT,2025-07-04 20:00:00 UTC,19.6,17.32,16.8,16.44,16.26
2025-07-04 14:00:00 PDT,2025-07-04 21:00:00 UTC,19.4,17.74,17.15,16.7,16.35
2025-07-04 15:00:00 PDT,2025-07-04 22:00:00 UTC,19.9,18.17,17.49,16.96,16.47
2025-07-04 16:00:00 PDT,2025-07-04 23:00:00 UTC,21.8,18.9,17.99,17.29,16.6
2025-07-04 17:00:00 PDT,2025-07-05 00:00:00 UTC,22.5,19.62,18.53,17.66,16.76
2025-07-04 18:00:00 PDT,2025-07-05 01:00:00 UTC,22.4,20.17,19.0,18.04,16.94
2025-07-04 19:00:00 PDT,2025-07-05 02:00:00 UTC,22.8,20.7,19.46,18.42,17.15
2025-07-04 20:00:00 PDT,2025-07-05 03:00:00 UTC,21.6,20.88,19.73,18.72,17.37
2025-07-04 21:00:00 PDT,2025-07-05 04:00:00 UTC,18.4,20.38,19.61,18.85,17.57
2025-07-04 22:00:00 PDT,2025-07-05 05:00:00 UTC,17.9,19.89,19.38,18.83,17.72
2025-07-04 23:00:00 PDT,2025-07-05 06:00:00 UTC,17.3,19.37,19.09,18.73,17.81
2025-07-05 00:00:00 PDT,2025-07-05 07:00:00 UTC,16.2,18.74,18.71,18.54,17.85
2025-07-05 01:00:00 PDT,2025-07-05 08:00:00 UTC,16.3,18.25,18.35,18.33,17.85
2025-07-05 02:00:00 PDT,2025-07-05 09:00:00 UTC,15.1,17.62,17.92,18.06,17.8
2025-07-05 03:00:00 PDT,2025-07-05 10:00:00 UTC,14.3,16.95,17.45,17.76,17.72
2025-07-05 04:00:00 PDT,2025-07-05 11:00:00 UTC,13.4,16.24,16.93,17.4,17.6
2025-07-05 05:00:00 PDT,2025-07-05 12:00:00 UTC,12.9,15.58,16.41,17.03,17.45
2025-07-05 06:00:00 PDT,2025-07-05 13:00:00 UTC,13.2,15.1,15.98,16.67,17.27
2025-07-05 07:00:00 PDT,2025-07-05 14:00:00 UTC,13.9,14.86,15.69,16.36,17.08
2025-07-05 08:00:00 PDT,2025-07-05 15:00:00 UTC,14.6,14.81,15.52,16.14,16.89
2025-07-05 09:00:00 PDT,2025-07-05 16:00:00 UTC,16.0,15.05,15.55,16.03,16.73
2025-07-05 10:00:00 PDT,2025-07-05 17:00:00 UTC,17.5,15.54,15.76,16.04,16.61
2025-07-05 11:00:00 PDT,2025-07-05 18:00:00 UTC,18.3,16.09,16.07,16.15,16.53
2025-07-05 12:00:00 PDT,2025-07-05 19:00:00 UTC,18.3,16.53,16.37,16.31,16.5
2025-07-05 13:00:00 PDT,2025-07-05 20:00:00 UTC,19.7,17.17,16.78,16.54,16.52
2025-07-05 14:00:00 PDT,2025-07-05 21:00:00 UTC,19.7,17.67,17.16,16.79,16.57
2025-07-05 15:00:00 PDT,2025-07-05 22:00:00 UTC,20.6,18.26,17.58,17.07,16.66
2025-07-05 16:00:00 PDT,2025-07-05 23:00:00 UTC,20.2,18.65,17.92,17.35,16.78
2025-07-05 17:00:00 PDT,2025-07-06 00:00:00 UTC,20.1,18.94,18.2,17.59,16.9
2025-07-05 18:00:00 PDT,2025-07-06 01:00:00 UTC,19.9,19.13,18.41,17.8,17.04
2025-07-05 19:00:00 PDT,2025-07-06 02:00:00 UTC,19.7,19.24,18.57,17.98,17.17
2025-07-05 20:00:00 PDT,2025-07-06 03:00:00 UTC,19.3,19.25,18.65,18.1,17.29
2025-07-05 21:00:00 PDT,2025-07-06 04:00:00 UTC,17.8,18.96,18.56,18.14,17.39
2025-07-05 22:00:00 PDT,2025-07-06 05:00:00 UTC,16.9,18.55,18.35,18.09,17.46
2025-07-05 23:00:00 PDT,2025-07-06 06:00:00 UTC,15.7,17.98,18.02,17.94,17.49
2025-07-06 00:00:00 PDT,2025-07-06 07:00:00 UTC,14.8,17.34,17.61,17.72,17.48
2025-07-06 01:00:00 PDT,2025-07-06 08:00:00 UTC,15.8,17.04,17.33,17.5,17.43
2025-07-06 02:00:00 PDT,2025-07-06 09:00:00 UTC,14.2,16.47,16.94,17.26,17.35
2025-07-06 03:00:00 PDT,2025-07-06 10:00:00 UTC,13.7,15.91,16.53,16.97,17.25
2025-07-06 04:00:00 PDT,2025-07-06 11:00:00 UTC,14.1,15.55,16.2,16.7,17.12
2025-07-06 05:00:00 PDT,2025-07-06 12:00:00 UTC,13.1,15.06,15.82,16.41,16.98
2025-07-06 06:00:00 PDT,2025-07-06 13:00:00 UTC,13.1,14.67,15.48,16.13,16.82
2025-07-06 07:00:00 PDT,2025-07-06 14:00:00 UTC,15.3,14.8,15.4,15.95,16.66
2025-07-06 08:00:00 PDT,2025-07-06 15:00:00 UTC,17.0,15.24,15.56,15.91,16.52
2025-07-06 09:00:00 PDT,2025-07-06 16:00:00 UTC,18.2,15.83,15.87,16.0,16.43
2025-07-06 10:00:00 PDT,2025-07-06 17:00:00 UTC,19.5,16.56,16.31,16.2,16.4
2025-07-06 11:00:00 PDT,2025-07-06 18:00:00 UTC,20.2,17.29,16.79,16.48,16.42
2025-07-06 12:00:00 PDT,2025-07-06 19:00:00 UTC,20.1,17.85,17.23,16.78,16.49
2025-07-06 13:00:00 PDT,2025-07-06 20:00:00 UTC,19.7,18.22,17.56,17.05,16.6
2025-07-06 14:00:00 PDT,2025-07-06 21:00:00 UTC,20.1,18.6,17.88,17.31,16.72
2025-07-06 15:00:00 PDT,2025-07-06 22:00:00 UTC,21.2,19.12,18.27,17.59,16.85
2025-07-06 16:00:00 PDT,2025-07-06 23:00:00 UTC,20.9,19.47,18.6,17.87,17.0
2025-07-06 17:00:00 PDT,2025-07-07 00:00:00 UTC,21.1,19.8,18.89,18.13,17.16
2025-07-06 18:00:00 PDT,2025-07-07 01:00:00 UTC,21.7,20.18,19.21,18.38,17.31
2025-07-06 19:00:00 PDT,2025-07-07 02:00:00 UTC,21.2,20.38,19.44,18.62,17.48
2025-07-06 20:00:00 PDT,2025-07-07 03:00:00 UTC,20.6,20.43,19.57,18.79,17.64
2025-07-06 21:00:00 PDT,2025-07-07 04:00:00 UTC,19.1,20.16,19.51,18.87,17.78
2025-07-06 22:00:00 PDT,2025-07-07 05:00:00 UTC,18.4,19.81,19.35,18.86,17.88
2025-07-06 23:00:00 PDT,2025-07-07 06:00:00 UTC,19.4,19.73,19.29,18.84,17.96
2025-07-07 00:00:00 PDT,2025-07-07 07:00:00 UTC,18.0,19.38,19.11,18.78,18.01
2025-07-07 01:00:00 PDT,2025-07-07 08:00:00 UTC,16.8,18.87,18.81,18.64,18.03
2025-07-07 02:00:00 PDT,2025-07-07 09:00:00 UTC,16.2,18.33,18.45,18.44,18.01
2025-07-07 03:00:00 PDT,2025-07-07 10:00:00 UTC,15.2,17.71,18.03,18.19,17.96
2025-07-07 04:00:00 PDT,2025-07-07 11:00:00 UTC,15.5,17.26,17.67,17.92,17.88
2025-07-07 05:00:00 PDT,2025-07-07 12:00:00 UTC,15.3,16.87,17.34,17.66,17.77
2025-07-07 06:00:00 PDT,2025-07-07 13:00:00 UTC,15.2,16.54,17.04,17.42,17.65
2025-07-07 07:00:00 PDT,2025-07-07 14:00:00 UTC,17.5,16.73,17.03,17.28,17.52
2025-07-07 08:00:00 PDT,2025-07-07 15:00:00 UTC,18.9,17.16,17.2,17.28,17.42
2025-07-07 09:00:00 PDT,2025-07-07 16:00:00 UTC,20.2,17.77,17.53,17.39,17.37
2025-07-07 10:00:00 PDT,2025-07-07 17:00:00 UTC,20.4,18.3,17.88,17.58,17.36
2025-07-07 11:00:00 PDT,2025-07-07 18:00:00 UTC,21.2,18.88,18.27,17.82,17.4
2025-07-07 12:00:00 PDT,2025-07-07 19:00:00 UTC,21.9,19.48,18.7,18.1,17.48
2025-07-07 13:00:00 PDT,2025-07-07 20:00:00 UTC,22.4,20.07,19.15,18.41,17.59
2025-07-07 14:00:00 PDT,2025-07-07 21:00:00 UTC,21.9,20.43,19.49,18.7,17.73
2025-07-07 15:00:00 PDT,2025-07-07 22:00:00 UTC,21.4,20.63,19.72,18.94,17.88
2025-07-07 16:00:00 PDT,2025-07-07 23:00:00 UTC,22.8,21.06,20.05,19.19,18.03
2025-07-07 17:00:00 PDT,2025-07-08 00:00:00 UTC,23.0,21.45,20.38,19.45,18.18
2025-07-07 18:00:00 PDT,2025-07-08 01:00:00 UTC,23.1,21.78,20.67,19.71,18.35
2025-07-07 19:00:00 PDT,2025-07-08 02:00:00 UTC,24.1,22.24,21.04,19.99,18.52
2025-07-07 20:00:00 PDT,2025-07-08 03:00:00 UTC,23.1,22.41,21.26,20.23,18.7
2025-07-07 21:00:00 PDT,2025-07-08 04:00:00 UTC,22.5,22.43,21.38,20.41,18.87
2025-07-07 22:00:00 PDT,2025-07-08 05:00:00 UTC,20.0,21.95,21.21,20.45,19.02
2025-07-07 23:00:00 PDT,2025-07-08 06:00:00 UTC,19.7,21.5,20.98,20.39,19.13
2025-07-08 00:00:00 PDT,2025-07-08 07:00:00 UTC,18.5,20.9,20.63,20.24,19.19
2025-07-08 01:00:00 PDT,2025-07-08 08:00:00 UTC,17.6,20.24,20.2,20.02,19.2
2025-07-08 02:00:00 PDT,2025-07-08 09:00:00 UTC,16.8,19.55,19.73,19.74,19.16
2025-07-08 03:00:00 PDT,2025-07-08 10:00:00 UTC,16.0,18.84,19.22,19.41,19.08
2025-07-08 04:00:00 PDT,2025-07-08 11:00:00 UTC,15.4,18.15,18.7,19.04,18.96
2025-07-08 05:00:00 PDT,2025-07-08 12:00:00 UTC,14.4,17.4,18.14,18.65,18.8
2025-07-08 06:00:00 PDT,2025-07-08 13:00:00 UTC,14.7,16.86,17.67,18.26,18.62
2025-07-08 07:00:00 PDT,2025-07-08 14:00:00 UTC,15.8,16.65,17.37,17.94,18.43
2025-07-08 08:00:00 PDT,2025-07-08 15:00:00 UTC,17.6,16.84,17.33,17.76,18.24
2025-07-08 09:00:00 PDT,2025-07-08 16:00:00 UTC,19.5,17.37,17.54,17.74,18.09
2025-07-08 10:00:00 PDT,2025-07-08 17:00:00 UTC,20.2,17.94,17.84,17.83,17.99
2025-07-08 11:00:00 PDT,2025-07-08 18:00:00 UTC,21.0,18.55,18.22,18.01,17.95
2025-07-08 12:00:00 PDT,2025-07-08 19:00:00 UTC,23.5,19.54,18.82,18.32,17.97
2025-07-08 13:00:00 PDT,2025-07-08 20:00:00 UTC,25.2,20.67,19.57,18.75,18.05
2025-07-08 14:00:00 PDT,2025-07-08 21:00:00 UTC,24.9,21.52,20.24,19.23,18.2
2025-07-08 15:00:00 PDT,2025-07-08 22:00:00 UTC,25.0,22.21,20.82,19.69,18.4
2025-07-08 16:00:00 PDT,2025-07-08 23:00:00 UTC,22.9,22.35,21.12,20.04,18.62
2025-07-08 17:00:00 PDT,2025-07-09 00:00:00 UTC,21.0,22.08,21.13,20.23,18.83
2025-07-08 18:00:00 PDT,2025-07-09 01:00:00 UTC,20.4,21.74,21.02,20.29,19.0
2025-07-08 19:00:00 PDT,2025-07-09 02:00:00 UTC,19.7,21.46,20.89,20.29,19.12
2025-07-08 20:00:00 PDT,2025-07-09 03:00:00 UTC,19.0,20.97,20.62,20.2,19.19
2025-07-08 21:00:00 PDT,2025-07-09 04:00:00 UTC,18.6,20.49,20.33,20.05,19.23
2025-07-08 22:00:00 PDT,2025-07-09 05:00:00 UTC,18.1,20.01,20.0,19.87,19.22
2025-07-08 23:00:00 PDT,2025-07-09 06:00:00 UTC,18.1,19.63,19.71,19.67,19.19
2025-07-09 00:00:00 PDT,2025-07-09 07:00:00 UTC,18.2,19.35,19.46,19.48,19.13
2025-07-09 01:00:00 PDT,2025-07-09 08:00:00 UTC,18.2,19.12,19.26,19.31,19.05
2025-07-09 02:00:00 PDT,2025-07-09 09:00:00 UTC,17.5,18.79,19.01,19.13,18.97
2025-07-09 03:00:00 PDT,2025-07-09 10:00:00 UTC,16.9,18.41,18.73,18.93,18.88
2025-07-09 04:00:00 PDT,2025-07-09 11:00:00 UTC,16.7,18.07,18.45,18.72,18.78
2025-07-09 05:00:00 PDT,2025-07-09 12:00:00 UTC,16.5,17.76,18.19,18.5,18.67
2025-07-09 06:00:00 PDT,2025-07-09 13:00:00 UTC,16.3,17.47,17.94,18.29,18.55
2025-07-09 07:00:00 PDT,2025-07-09 14:00:00 UTC,16.4,17.25,17.73,18.1,18.42
2025-07-09 08:00:00 PDT,2025-07-09 15:00:00 UTC,16.0,17.0,17.51,17.91,18.3
2025-07-09 09:00:00 PDT,2025-07-09 16:00:00 UTC,16.3,16.9,17.37,17.75,18.18
2025-07-09 10:00:00 PDT,2025-07-09 17:00:00 UTC,16.8,16.88,17.28,17.63,18.06
2025-07-09 11:00:00 PDT,2025-07-09 18:00:00 UTC,17.5,17.01,17.3,17.57,17.96
2025-07-09 12:00:00 PDT,2025-07-09 19:00:00 UTC,17.9,17.19,17.36,17.55,17.87
2025-07-09 13:00:00 PDT,2025-07-09 20:00:00 UTC,19.8,17.71,17.63,17.63,17.81
2025-07-09 14:00:00 PDT,2025-07-09 21:00:00 UTC,19.5,18.07,17.87,17.76,17.79
2025-07-09 15:00:00 PDT,2025-07-09 22:00:00 UTC,21.2,18.69,18.26,17.97,17.81
2025-07-09 16:00:00 PDT,2025-07-09 23:00:00 UTC,20.9,19.13,18.6,18.2,17.86
2025-07-09 17:00:00 PDT,2025-07-10 00:00:00 UTC,20.9,19.49,18.89,18.42,17.94
2025-07-09 18:00:00 PDT,2025-07-10 01:00:00 UTC,20.6,19.71,19.11,18.62,18.03
2025-07-09 19:00:00 PDT,2025-07-10 02:00:00 UTC,18.9,19.55,19.12,18.72,18.13
2025-07-09 20:00:00 PDT,2025-07-10 03:00:00 UTC,17.7,19.18,18.97,18.72,18.21
2025-07-09 21:00:00 PDT,2025-07-10 04:00:00 UTC,17.1,18.76,18.73,18.63,18.25
2025-07-09 22:00:00 PDT,2025-07-10 05:00:00 UTC,17.1,18.43,18.51,18.51,18.25
2025-07-09 23:00:00 PDT,2025-07-10 06:00:00 UTC,16.6,18.06,18.26,18.35,18.23
2025-07-10 00:00:00 PDT,2025-07-10 07:00:00 UTC,15.6,17.57,17.93,18.15,18.17
2025-07-10 01:00:00 PDT,2025-07-10 08:00:00 UTC,15.5,17.16,17.61,17.93,18.1
2025-07-10 02:00:00 PDT,2025-07-10 09:00:00 UTC,15.3,16.79,17.31,17.7,18.0
2025-07-10 03:00:00 PDT,2025-07-10 10:00:00 UTC,15.4,16.51,17.05,17.49,17.88
2025-07-10 04:00:00 PDT,2025-07-10 11:00:00 UTC,15.1,16.23,16.81,17.28,17.76
2025-07-10 05:00:00 PDT,2025-07-10 12:00:00 UTC,14.8,15.94,16.56,17.07,17.64
2025-07-10 06:00:00 PDT,2025-07-10 13:00:00 UTC,14.7,15.69,16.34,16.88,17.51
2025-07-10 07:00:00 PDT,2025-07-10 14:00:00 UTC,15.4,15.63,16.21,16.72,17.38
2025-07-10 08:00:00 PDT,2025-07-10 15:00:00 UTC,15.5,15.61,16.13,16.6,17.26
2025-07-10 09:00:00 PDT,2025-07-10 16:00:00 UTC,17.8,16.05,16.3,16.59,17.15
2025-07-10 10:00:00 PDT,2025-07-10 17:00:00 UTC,17.2,16.28,16.44,16.63,17.09
2025-07-10 11:00:00 PDT,2025-07-10 18:00:00 UTC,19.3,16.88,16.77,16.77,17.05
2025-07-10 12:00:00 PDT,2025-07-10 19:00:00 UTC,19.1,17.33,17.08,16.95,17.05
2025-07-10 13:00:00 PDT,2025-07-10 20:00:00 UTC,18.7,17.6,17.31,17.13,17.09
2025-07-10 14:00:00 PDT,2025-07-10 21:00:00 UTC,20.4,18.16,17.68,17.34,17.15
2025-07-10 15:00:00 PDT,2025-07-10 22:00:00 UTC,21.2,18.77,18.11,17.62,17.23
2025-07-10 16:00:00 PDT,2025-07-10 23:00:00 UTC,20.5,19.11,18.43,17.88,17.34
2025-07-10 17:00:00 PDT,2025-07-11 00:00:00 UTC,20.5,19.39,18.69,18.12,17.47
2025-07-10 18:00:00 PDT,2025-07-11 01:00:00 UTC,20.0,19.51,18.87,18.31,17.6
2025-07-10 19:00:00 PDT,2025-07-11 02:00:00 UTC,19.7,19.55,18.97,18.45,17.72
2025-07-10 20:00:00 PDT,2025-07-11 03:00:00 UTC,19.0,19.44,18.97,18.53,17.83
2025-07-10 21:00:00 PDT,2025-07-11 04:00:00 UTC,18.2,19.19,18.88,18.54,17.91
2025-07-10 22:00:00 PDT,2025-07-11 05:00:00 UTC,16.8,18.71,18.63,18.46,17.97
2025-07-10 23:00:00 PDT,2025-07-11 06:00:00 UTC,17.2,18.41,18.42,18.35,17.99
2025-07-11 00:00:00 PDT,2025-07-11 07:00:00 UTC,17.5,18.23,18.26,18.24,17.98
2025-07-11 01:00:00 PDT,2025-07-11 08:00:00 UTC,15.3,17.64,17.91,18.06,17.95
2025-07-11 02:00:00 PDT,2025-07-11 09:00:00 UTC,16.3,17.37,17.67,17.87,17.89
2025-07-11 03:00:00 PDT,2025-07-11 10:00:00 UTC,15.7,17.04,17.42,17.68,17.82
2025-07-11 04:00:00 PDT,2025-07-11 11:00:00 UTC,15.5,16.73,17.17,17.49,17.73
2025-07-11 05:00:00 PDT,2025-07-11 12:00:00 UTC,13.9,16.17,16.78,17.25,17.63
2025-07-11 06:00:00 PDT,2025-07-11 13:00:00 UTC,13.2,15.57,16.35,16.95,17.5
2025-07-11 07:00:00 PDT,2025-07-11 14:00:00 UTC,16.8,15.82,16.32,16.78,17.36
2025-07-11 08:00:00 PDT,2025-07-11 15:00:00 UTC,18.1,16.27,16.5,16.76,17.24
2025-07-11 09:00:00 PDT,2025-07-11 16:00:00 UTC,18.5,16.72,16.74,16.84,17.17
2025-07-11 10:00:00 PDT,2025-07-11 17:00:00 UTC,19.3,17.24,17.06,16.98,17.14
2025-07-11 11:00:00 PDT,2025-07-11 18:00:00 UTC,20.0,17.79,17.42,17.19,17.15
2025-07-11 12:00:00 PDT,2025-07-11 19:00:00 UTC,20.8,18.39,17.84,17.45,17.2
2025-07-11 13:00:00 PDT,2025-07-11 20:00:00 UTC,22.7,19.25,18.41,17.79,17.29
2025-07-11 14:00:00 PDT,2025-07-11 21:00:00 UTC,23.2,20.04,19.0,18.19,17.43
2025-07-11 15:00:00 PDT,2025-07-11 22:00:00 UTC,25.2,21.07,19.72,18.67,17.61
2025-07-11 16:00:00 PDT,2025-07-11 23:00:00 UTC,24.9,21.84,20.36,19.17,17.83
2025-07-11 17:00:00 PDT,2025-07-12 00:00:00 UTC,25.8,22.63,21.01,19.67,18.09
2025-07-11 18:00:00 PDT,2025-07-12 01:00:00 UTC,25.6,23.22,21.56,20.15,18.36
2025-07-11 19:00:00 PDT,2025-07-12 02:00:00 UTC,24.8,23.54,21.95,20.55,18.65
2025-07-11 20:00:00 PDT,2025-07-12 03:00:00 UTC,22.4,23.31,22.02,20.8,18.92
2025-07-11 21:00:00 PDT,2025-07-12 04:00:00 UTC,20.6,22.77,21.83,20.88,19.15
2025-07-11 22:00:00 PDT,2025-07-12 05:00:00 UTC,18.9,22.0,21.44,20.79,19.31
2025-07-11 23:00:00 PDT,2025-07-12 06:00:00 UTC,19.4,21.48,21.11,20.63,19.4
2025-07-12 00:00:00 PDT,2025-07-12 07:00:00 UTC,19.4,21.06,20.81,20.46,19.44
2025-07-12 01:00:00 PDT,2025-07-12 08:00:00 UTC,17.3,20.31,20.35,20.21,19.43
2025-07-12 02:00:00 PDT,2025-07-12 09:00:00 UTC,16.7,19.59,19.84,19.9,19.38
2025-07-12 03:00:00 PDT,2025-07-12 10:00:00 UTC,16.6,18.99,19.38,19.57,19.29
2025-07-12 04:00:00 PDT,2025-07-12 11:00:00 UTC,16.0,18.39,18.91,19.24,19.17
2025-07-12 05:00:00 PDT,2025-07-12 12:00:00 UTC,15.4,17.79,18.44,18.88,19.02
2025-07-12 06:00:00 PDT,2025-07-12 13:00:00 UTC,15.6,17.35,18.04,18.55,18.85
2025-07-12 07:00:00 PDT,2025-07-12 14:00:00 UTC,16.8,17.24,17.83,18.29,18.68
2025-07-12 08:00:00 PDT,2025-07-12 15:00:00 UTC,18.0,17.4,17.79,18.14,18.52
2025-07-12 09:00:00 PDT,2025-07-12 16:00:00 UTC,19.2,17.76,17.92,18.11,18.39
2025-07-12 10:00:00 PDT,2025-07-12 17:00:00 UTC,20.8,18.36,18.23,18.2,18.3
2025-07-12 11:00:00 PDT,2025-07-12 18:00:00 UTC,22.2,19.13,18.69,18.41,18.27
2025-07-12 12:00:00 PDT,2025-07-12 19:00:00 UTC,22.3,19.77,19.14,18.68,18.3
2025-07-12 13:00:00 PDT,2025-07-12 20:00:00 UTC,23.3,20.47,19.63,18.99,18.38
2025-07-12 14:00:00 PDT,2025-07-12 21:00:00 UTC,24.4,21.26,20.2,19.37,18.5
2025-07-12 15:00:00 PDT,2025-07-12 22:00:00 UTC,23.6,21.73,20.63,19.72,18.65
2025-07-12 16:00:00 PDT,2025-07-12 23:00:00 UTC,23.3,22.04,20.96,20.03,18.83
2025-07-12 17:00:00 PDT,2025-07-13 00:00:00 UTC,23.7,22.37,21.27,20.31,19.01
2025-07-12 18:00:00 PDT,2025-07-13 01:00:00 UTC,23.4,22.58,21.5,20.55,19.18
2025-07-12 19:00:00 PDT,2025-07-13 02:00:00 UTC,23.8,22.82,21.74,20.77,19.35
2025-07-12 20:00:00 PDT,2025-07-13 03:00:00 UTC,23.3,22.92,21.9,20.96,19.51
2025-07-12 21:00:00 PDT,2025-07-13 04:00:00 UTC,22.6,22.85,21.95,21.09,19.67
2025-07-12 22:00:00 PDT,2025-07-13 05:00:00 UTC,20.9,22.46,21.8,21.11,19.79
2025-07-12 23:00:00 PDT,2025-07-13 06:00:00 UTC,19.4,21.85,21.48,21.01,19.88
2025-07-13 00:00:00 PDT,2025-07-13 07:00:00 UTC,19.3,21.34,21.15,20.84,19.92
2025-07-13 01:00:00 PDT,2025-07-13 08:00:00 UTC,18.6,20.79,20.78,20.63,19.91
2025-07-13 02:00:00 PDT,2025-07-13 09:00:00 UTC,17.5,20.13,20.33,20.36,19.86
2025-07-13 03:00:00 PDT,2025-07-13 10:00:00 UTC,17.5,19.61,19.93,20.08,19.78
2025-07-13 04:00:00 PDT,2025-07-13 11:00:00 UTC,17.5,19.19,19.57,19.8,19.67
2025-07-13 05:00:00 PDT,2025-07-13 12:00:00 UTC,16.8,18.71,19.19,19.51,19.54
2025-07-13 06:00:00 PDT,2025-07-13 13:00:00 UTC,17.5,18.47,18.93,19.26,19.4
2025-07-13 07:00:00 PDT,2025-07-13 14:00:00 UTC,19.3,18.63,18.9,19.12,19.26
2025-07-13 08:00:00 PDT,2025-07-13 15:00:00 UTC,21.2,19.15,19.11,19.12,19.15
2025-07-13 09:00:00 PDT,2025-07-13 16:00:00 UTC,21.8,19.68,19.41,19.23,19.09
2025-07-13 10:00:00 PDT,2025-07-13 17:00:00 UTC,22.0,20.14,19.71,19.39,19.08
2025-07-13 11:00:00 PDT,2025-07-13 18:00:00 UTC,24.1,20.93,20.2,19.65,19.11
2025-07-13 12:00:00 PDT,2025-07-13 19:00:00 UTC,24.2,21.59,20.68,19.97,19.19
2025-07-13 13:00:00 PDT,2025-07-13 20:00:00 UTC,24.9,22.25,21.18,20.31,19.31
2025-07-13 14:00:00 PDT,2025-07-13 21:00:00 UTC,25.7,22.94,21.7,20.69,19.46
2025-07-13 15:00:00 PDT,2025-07-13 22:00:00 UTC,26.6,23.67,22.26,21.09,19.65
2025-07-13 16:00:00 PDT,2025-07-13 23:00:00 UTC,26.3,24.2,22.74,21.49,19.86
2025-07-13 17:00:00 PDT,2025-07-14 00:00:00 UTC,26.2,24.6,23.13,21.85,20.08
2025-07-13 18:00:00 PDT,2025-07-14 01:00:00 UTC,26.1,24.9,23.45,22.17,20.31
2025-07-13 19:00:00 PDT,2025-07-14 02:00:00 UTC,25.8,25.08,23.69,22.44,20.53
2025-07-13 20:00:00 PDT,2025-07-14 03:00:00 UTC,26.0,25.26,23.91,22.67,20.74
2025-07-13 21:00:00 PDT,2025-07-14 04:00:00 UTC,24.6,25.13,23.95,22.83,20.93
2025-07-13 22:00:00 PDT,2025-07-14 05:00:00 UTC,21.9,24.48,23.68,22.82,21.09
2025-07-13 23:00:00 PDT,2025-07-14 06:00:00 UTC,21.6,23.91,23.36,22.7,21.19
2025-07-14 00:00:00 PDT,2025-07-14 07:00:00 UTC,20.9,23.31,22.98,22.52,21.24
2025-07-14 01:00:00 PDT,2025-07-14 08:00:00 UTC,20.2,22.68,22.56,22.28,21.24
2025-07-14 02:00:00 PDT,2025-07-14 09:00:00 UTC,19.9,22.13,22.15,22.01,21.19
2025-07-14 03:00:00 PDT,2025-07-14 10:00:00 UTC,19.0,21.5,21.7,21.71,21.12
2025-07-14 04:00:00 PDT,2025-07-14 11:00:00 UTC,18.3,20.86,21.22,21.38,21.01
2025-07-14 05:00:00 PDT,2025-07-14 12:00:00 UTC,17.6,20.21,20.72,21.03,20.87
2025-07-14 06:00:00 PDT,2025-07-14 13:00:00 UTC,17.1,19.59,20.23,20.65,20.71
2025-07-14 07:00:00 PDT,2025-07-14 14:00:00 UTC,17.5,19.17,19.83,20.31,20.52
2025-07-14 08:00:00 PDT,2025-07-14 15:00:00 UTC,18.1,18.96,19.56,20.02,20.33
2025-07-14 09:00:00 PDT,2025-07-14 16:00:00 UTC,18.5,18.86,19.38,19.8,20.15
2025-07-14 10:00:00 PDT,2025-07-14 17:00:00 UTC,19.9,19.07,19.39,19.68,19.99
2025-07-14 11:00:00 PDT,2025-07-14 18:00:00 UTC,19.2,19.1,19.36,19.6,19.86
2025-07-14 12:00:00 PDT,2025-07-14 19:00:00 UTC,20.4,19.36,19.46,19.58,19.76
2025-07-14 13:00:00 PDT,2025-07-14 20:00:00 UTC,20.9,19.67,19.62,19.62,19.68
2025-07-14 14:00:00 PDT,2025-07-14 21:00:00 UTC,21.8,20.09,19.87,19.73,19.64
2025-07-14 15:00:00 PDT,2025-07-14 22:00:00 UTC,22.6,20.59,20.19,19.89,19.64
2025-07-14 16:00:00 PDT,2025-07-14 23:00:00 UTC,22.0,20.88,20.42,20.06,19.67
2025-07-14 17:00:00 PDT,2025-07-15 00:00:00 UTC,22.3,21.16,20.64,20.22,19.72
2025-07-14 18:00:00 PDT,2025-07-15 01:00:00 UTC,22.0,21.33,20.81,20.37,19.78
2025-07-14 19:00:00 PDT,2025-07-15 02:00:00 UTC,21.0,21.26,20.84,20.45,19.84
2025-07-14 20:00:00 PDT,2025-07-15 03:00:00 UTC,20.4,21.09,20.79,20.48,19.9
2025-07-14 21:00:00 PDT,2025-07-15 04:00:00 UTC,17.8,20.43,20.45,20.37,19.93
2025-07-14 22:00:00 PDT,2025-07-15 05:00:00 UTC,17.4,19.83,20.06,20.16,19.91
2025-07-14 23:00:00 PDT,2025-07-15 06:00:00 UTC,17.4,19.34,19.7,19.92,19.86
2025-07-15 00:00:00 PDT,2025-07-15 07:00:00 UTC,16.4,18.75,19.28,19.64,19.76
2025-07-15 01:00:00 PDT,2025-07-15 08:00:00 UTC,16.0,18.2,18.86,19.34,19.64
2025-07-15 02:00:00 PDT,2025-07-15 09:00:00 UTC,17.1,17.98,18.59,19.08,19.5
2025-07-15 03:00:00 PDT,2025-07-15 10:00:00 UTC,17.4,17.87,18.42,18.87,19.35
2025-07-15 04:00:00 PDT,2025-07-15 11:00:00 UTC,17.5,17.79,18.29,18.72,19.21
2025-07-15 05:00:00 PDT,2025-07-15 12:00:00 UTC,17.5,17.73,18.19,18.59,19.09
2025-07-15 06:00:00 PDT,2025-07-15 13:00:00 UTC,17.4,17.67,18.1,18.48,18.97
2025-07-15 07:00:00 PDT,2025-07-15 14:00:00 UTC,17.9,17.71,18.07,18.4,18.87
2025-07-15 08:00:00 PDT,2025-07-15 15:00:00 UTC,18.7,17.91,18.14,18.38,18.78
2025-07-15 09:00:00 PDT,2025-07-15 16:00:00 UTC,19.5,18.23,18.3,18.42,18.72
2025-07-15 10:00:00 PDT,2025-07-15 17:00:00 UTC,20.1,18.6,18.52,18.51,18.69
2025-07-15 11:00:00 PDT,2025-07-15 18:00:00 UTC,20.8,19.04,18.8,18.66,18.68
2025-07-15 12:00:00 PDT,2025-07-15 19:00:00 UTC,21.9,19.61,19.17,18.87,18.71
2025-07-15 13:00:00 PDT,2025-07-15 20:00:00 UTC,22.3,20.15,19.56,19.12,18.77
2025-07-15 14:00:00 PDT,2025-07-15 21:00:00 UTC,24.0,20.92,20.08,19.44,18.87
2025-07-15 15:00:00 PDT,2025-07-15 22:00:00 UTC,25.8,21.9,20.75,19.86,19.0
2025-07-15 16:00:00 PDT,2025-07-15 23:00:00 UTC,25.8,22.68,21.37,20.32,19.18
2025-07-15 17:00:00 PDT,2025-07-16 00:00:00 UTC,26.1,23.36,21.94,20.77,19.4
2025-07-15 18:00:00 PDT,2025-07-16 01:00:00 UTC,25.6,23.81,22.39,21.18,19.64
2025-07-15 19:00:00 PDT,2025-07-16 02:00:00 UTC,24.8,24.01,22.68,21.51,19.88
2025-07-15 20:00:00 PDT,2025-07-16 03:00:00 UTC,22.9,23.79,22.71,21.7,20.11
2025-07-15 21:00:00 PDT,2025-07-16 04:00:00 UTC,20.6,23.15,22.46,21.72,20.29
2025-07-15 22:00:00 PDT,2025-07-16 05:00:00 UTC,19.5,22.42,22.07,21.59,20.41
2025-07-15 23:00:00 PDT,2025-07-16 06:00:00 UTC,19.1,21.76,21.64,21.38,20.46
2025-07-16 00:00:00 PDT,2025-07-16 07:00:00 UTC,19.7,21.34,21.32,21.17,20.46
2025-07-16 01:00:00 PDT,2025-07-16 08:00:00 UTC,18.2,20.72,20.89,20.91,20.41
2025-07-16 02:00:00 PDT,2025-07-16 09:00:00 UTC,16.1,19.79,20.29,20.56,20.34
2025-07-16 03:00:00 PDT,2025-07-16 10:00:00 UTC,17.3,19.29,19.85,20.21,20.21
2025-07-16 04:00:00 PDT,2025-07-16 11:00:00 UTC,17.6,18.96,19.51,19.9,20.06
2025-07-16 05:00:00 PDT,2025-07-16 12:00:00 UTC,16.2,18.4,19.09,19.59,19.9
2025-07-16 06:00:00 PDT,2025-07-16 13:00:00 UTC,16.3,17.98,18.72,19.28,19.73
2025-07-16 07:00:00 PDT,2025-07-16 14:00:00 UTC,18.8,18.15,18.65,19.09,19.56
2025-07-16 08:00:00 PDT,2025-07-16 15:00:00 UTC,20.4,18.6,18.81,19.04,19.42
2025-07-16 09:00:00 PDT,2025-07-16 16:00:00 UTC,20.7,19.02,19.03,19.1,19.32
2025-07-16 10:00:00 PDT,2025-07-16 17:00:00 UTC,21.3,19.47,19.3,19.21,19.27
2025-07-16 11:00:00 PDT,2025-07-16 18:00:00 UTC,22.3,20.04,19.66,19.4,19.26
2025-07-16 12:00:00 PDT,2025-07-16 19:00:00 UTC,22.6,20.55,20.02,19.62,19.29
2025-07-16 13:00:00 PDT,2025-07-16 20:00:00 UTC,22.4,20.92,20.32,19.85,19.36
2025-07-16 14:00:00 PDT,2025-07-16 21:00:00 UTC,24.0,21.54,20.74,20.12,19.45
2025-07-16 15:00:00 PDT,2025-07-16 22:00:00 UTC,23.7,21.97,21.1,20.4,19.57
2025-07-16 16:00:00 PDT,2025-07-16 23:00:00 UTC,23.7,22.32,21.42,20.66,19.7
2025-07-16 17:00:00 PDT,2025-07-17 00:00:00 UTC,23.3,22.51,21.64,20.88,19.84
2025-07-16 18:00:00 PDT,2025-07-17 01:00:00 UTC,23.6,22.73,21.85,21.08,19.98
2025-07-16 19:00:00 PDT,2025-07-17 02:00:00 UTC,22.9,22.76,21.97,21.23,20.11
2025-07-16 20:00:00 PDT,2025-07-17 03:00:00 UTC,22.0,22.61,21.95,21.32,20.23
2025-07-16 21:00:00 PDT,2025-07-17 04:00:00 UTC,20.7,22.23,21.79,21.31,20.33
2025-07-16 22:00:00 PDT,2025-07-17 05:00:00 UTC,20.3,21.84,21.57,21.22,20.39
2025-07-16 23:00:00 PDT,2025-07-17 06:00:00 UTC,19.8,21.43,21.31,21.09,20.41
2025-07-17 00:00:00 PDT,2025-07-17 07:00:00 UTC,18.8,20.91,20.97,20.91,20.4
2025-07-17 01:00:00 PDT,2025-07-17 08:00:00 UTC,18.6,20.45,20.63,20.69,20.35
2025-07-17 02:00:00 PDT,2025-07-17 09:00:00 UTC,17.9,19.94,20.26,20.44,20.28
2025-07-17 03:00:00 PDT,2025-07-17 10:00:00 UTC,17.2,19.39,19.86,20.16,20.18
2025-07-17 04:00:00 PDT,2025-07-17 11:00:00 UTC,16.5,18.81,19.42,19.86,20.05
2025-07-17 05:00:00 PDT,2025-07-17 12:00:00 UTC,16.2,18.29,19.0,19.53,19.9
2025-07-17 06:00:00 PDT,2025-07-17 13:00:00 UTC,16.1,17.85,18.62,19.22,19.74
2025-07-17 07:00:00 PDT,2025-07-17 14:00:00 UTC,16.8,17.64,18.36,18.95,19.56
2025-07-17 08:00:00 PDT,2025-07-17 15:00:00 UTC,17.5,17.61,18.23,18.76,19.39
2025-07-17 09:00:00 PDT,2025-07-17 16:00:00 UTC,18.8,17.85,18.27,18.66,19.24
2025-07-17 10:00:00 PDT,2025-07-17 17:00:00 UTC,19.5,18.18,18.4,18.66,19.12
2025-07-17 11:00:00 PDT,2025-07-17 18:00:00 UTC,20.1,18.56,18.61,18.72,19.05
2025-07-17 12:00:00 PDT,2025-07-17 19:00:00 UTC,20.9,19.03,18.89,18.85,19.01
2025-07-17 13:00:00 PDT,2025-07-17 20:00:00 UTC,22.3,19.69,19.3,19.06,19.01
2025-07-17 14:00:00 PDT,2025-07-17 21:00:00 UTC,21.6,20.07,19.61,19.28,19.05
2025-07-17 15:00:00 PDT,2025-07-17 22:00:00 UTC,21.8,20.41,19.89,19.49,19.12
2025-07-17 16:00:00 PDT,2025-07-17 23:00:00 UTC,21.9,20.71,20.15,19.69,19.2
2025-07-17 17:00:00 PDT,2025-07-18 00:00:00 UTC,23.0,21.17,20.48,19.92,19.3
2025-07-17 18:00:00 PDT,2025-07-18 01:00:00 UTC,23.8,21.7,20.86,20.18,19.41
2025-07-17 19:00:00 PDT,2025-07-18 02:00:00 UTC,23.4,22.04,21.17,20.44,19.54
2025-07-17 20:00:00 PDT,2025-07-18 03:00:00 UTC,23.2,22.27,21.41,20.67,19.69
2025-07-17 21:00:00 PDT,2025-07-18 04:00:00 UTC,21.9,22.2,21.48,20.82,19.82
2025-07-17 22:00:00 PDT,2025-07-18 05:00:00 UTC,20.2,21.8,21.34,20.85,19.94
2025-07-17 23:00:00 PDT,2025-07-18 06:00:00 UTC,21.1,21.66,21.26,20.84,20.02
2025-07-18 00:00:00 PDT,2025-07-18 07:00:00 UTC,19.9,21.31,21.07,20.78,20.07
2025-07-18 01:00:00 PDT,2025-07-18 08:00:00 UTC,19.4,20.92,20.83,20.66,20.09
2025-07-18 02:00:00 PDT,2025-07-18 09:00:00 UTC,17.7,20.28,20.44,20.46,20.08
2025-07-18 03:00:00 PDT,2025-07-18 10:00:00 UTC,16.4,19.5,19.93,20.17,20.03
2025-07-18 04:00:00 PDT,2025-07-18 11:00:00 UTC,15.8,18.76,19.4,19.82,19.93
2025-07-18 05:00:00 PDT,2025-07-18 12:00:00 UTC,15.4,18.09,18.88,19.45,19.79
2025-07-18 06:00:00 PDT,2025-07-18 13:00:00 UTC,15.8,17.63,18.46,19.1,19.62
2025-07-18 07:00:00 PDT,2025-07-18 14:00:00 UTC,16.6,17.43,18.19,18.81,19.44
2025-07-18 08:00:00 PDT,2025-07-18 15:00:00 UTC,17.4,17.42,18.06,18.6,19.26
2025-07-18 09:00:00 PDT,2025-07-18 16:00:00 UTC,17.6,17.46,17.99,18.47,19.11
2025-07-18 10:00:00 PDT,2025-07-18 17:00:00 UTC,17.3,17.43,17.92,18.36,18.97
2025-07-18 11:00:00 PDT,2025-07-18 18:00:00 UTC,17.8,17.5,17.9,18.28,18.86
2025-07-18 12:00:00 PDT,2025-07-18 19:00:00 UTC,17.7,17.54,17.9,18.23,18.77
2025-07-18 13:00:00 PDT,2025-07-18 20:00:00 UTC,18.8,17.79,18.0,18.23,18.69
2025-07-18 14:00:00 PDT,2025-07-18 21:00:00 UTC,19.3,18.09,18.17,18.29,18.64
2025-07-18 15:00:00 PDT,2025-07-18 22:00:00 UTC,20.8,18.63,18.48,18.43,18.61
2025-07-18 16:00:00 PDT,2025-07-18 23:00:00 UTC,21.4,19.19,18.84,18.63,18.62
2025-07-18 17:00:00 PDT,2025-07-19 00:00:00 UTC,21.5,19.65,19.19,18.86,18.67
2025-07-18 18:00:00 PDT,2025-07-19 01:00:00 UTC,21.2,19.96,19.46,19.08,18.75
2025-07-18 19:00:00 PDT,2025-07-19 02:00:00 UTC,20.0,19.97,19.57,19.22,18.84
2025-07-18 20:00:00 PDT,2025-07-19 03:00:00 UTC,18.6,19.69,19.49,19.27,18.92
2025-07-18 21:00:00 PDT,2025-07-19 04:00:00 UTC,17.4,19.24,19.26,19.21,18.97
2025-07-18 22:00:00 PDT,2025-07-19 05:00:00 UTC,15.7,18.53,18.85,19.02,18.98
2025-07-18 23:00:00 PDT,2025-07-19 06:00:00 UTC,15.3,17.88,18.41,18.76,18.93
2025-07-19 00:00:00 PDT,2025-07-19 07:00:00 UTC,14.5,17.21,17.92,18.45,18.85
2025-07-19 01:00:00 PDT,2025-07-19 08:00:00 UTC,14.2,16.61,17.46,18.12,18.72
2025-07-19 02:00:00 PDT,2025-07-19 09:00:00 UTC,13.6,16.0,16.98,17.76,18.56
2025-07-19 03:00:00 PDT,2025-07-19 10:00:00 UTC,13.6,15.52,16.57,17.42,18.38
2025-07-19 04:00:00 PDT,2025-07-19 11:00:00 UTC,13.5,15.12,16.19,17.09,18.19
2025-07-19 05:00:00 PDT,2025-07-19 12:00:00 UTC,13.8,14.85,15.9,16.81,17.99
2025-07-19 06:00:00 PDT,2025-07-19 13:00:00 UTC,13.8,14.64,15.66,16.56,17.79
2025-07-19 07:00:00 PDT,2025-07-19 14:00:00 UTC,14.3,14.58,15.51,16.36,17.61
2025-07-19 08:00:00 PDT,2025-07-19 15:00:00 UTC,16.1,14.88,15.58,16.27,17.44
2025-07-19 09:00:00 PDT,2025-07-19 16:00:00 UTC,15.9,15.08,15.66,16.24,17.31
2025-07-19 10:00:00 PDT,2025-07-19 17:00:00 UTC,16.6,15.39,15.81,16.27,17.21
2025-07-19 11:00:00 PDT,2025-07-19 18:00:00 UTC,16.2,15.55,15.91,16.31,17.15
2025-07-19 12:00:00 PDT,2025-07-19 19:00:00 UTC,16.9,15.82,16.07,16.38,17.1
2025-07-19 13:00:00 PDT,2025-07-19 20:00:00 UTC,17.8,16.22,16.31,16.49,17.08
2025-07-19 14:00:00 PDT,2025-07-19 21:00:00 UTC,18.6,16.69,16.62,16.66,17.08
2025-07-19 15:00:00 PDT,2025-07-19 22:00:00 UTC,20.1,17.37,17.06,16.9,17.12
2025-07-19 16:00:00 PDT,2025-07-19 23:00:00 UTC,20.6,18.02,17.52,17.2,17.2
2025-07-19 17:00:00 PDT,2025-07-20 00:00:00 UTC,20.2,18.46,17.9,17.5,17.31
2025-07-19 18:00:00 PDT,2025-07-20 01:00:00 UTC,19.8,18.72,18.17,17.75,17.43
2025-07-19 19:00:00 PDT,2025-07-20 02:00:00 UTC,19.2,18.82,18.34,17.94,17.56
2025-07-19 20:00:00 PDT,2025-07-20 03:00:00 UTC,17.8,18.62,18.32,18.04,17.68
2025-07-19 21:00:00 PDT,2025-07-20 04:00:00 UTC,16.7,18.23,18.15,18.03,17.77
2025-07-19 22:00:00 PDT,2025-07-20 05:00:00 UTC,15.5,17.69,17.85,17.92,17.82
2025-07-19 23:00:00 PDT,2025-07-20 06:00:00 UTC,15.2,17.19,17.52,17.74,17.82
2025-07-20 00:00:00 PDT,2025-07-20 07:00:00 UTC,14.5,16.65,17.16,17.52,17.78
2025-07-20 01:00:00 PDT,2025-07-20 08:00:00 UTC,14.1,16.14,16.78,17.27,17.71
2025-07-20 02:00:00 PDT,2025-07-20 09:00:00 UTC,13.4,15.59,16.37,16.98,17.6
2025-07-20 03:00:00 PDT,2025-07-20 10:00:00 UTC,13.0,15.07,15.96,16.68,17.47
2025-07-20 04:00:00 PDT,2025-07-20 11:00:00 UTC,12.9,14.64,15.59,16.39,17.32
2025-07-20 05:00:00 PDT,2025-07-20 12:00:00 UTC,12.9,14.29,15.27,16.1,17.16
2025-07-20 06:00:00 PDT,2025-07-20 13:00:00 UTC,13.1,14.05,15.02,15.86,16.99
2025-07-20 07:00:00 PDT,2025-07-20 14:00:00 UTC,14.4,14.12,14.94,15.69,16.82
2025-07-20 08:00:00 PDT,2025-07-20 15:00:00 UTC,14.9,14.28,14.95,15.6,16.68
2025-07-20 09:00:00 PDT,2025-07-20 16:00:00 UTC,16.6,14.74,15.16,15.62,16.57
2025-07-20 10:00:00 PDT,2025-07-20 17:00:00 UTC,17.2,15.23,15.43,15.72,16.5
2025-07-20 11:00:00 PDT,2025-07-20 18:00:00 UTC,18.6,15.91,15.84,15.92,16.48
2025-07-20 12:00:00 PDT,2025-07-20 19:00:00 UTC,20.0,16.73,16.37,16.21,16.5
2025-07-20 13:00:00 PDT,2025-07-20 20:00:00 UTC,21.1,17.6,16.97,16.58,16.58
2025-07-20 14:00:00 PDT,2025-07-20 21:00:00 UTC,19.4,17.96,17.35,16.92,16.71
2025-07-20 15:00:00 PDT,2025-07-20 22:00:00 UTC,19.9,18.35,17.7,17.21,16.85
2025-07-20 16:00:00 PDT,2025-07-20 23:00:00 UTC,19.7,18.62,17.98,17.47,17.01
2025-07-20 17:00:00 PDT,2025-07-21 00:00:00 UTC,19.9,18.87,18.23,17.7,17.16
2025-07-20 18:00:00 PDT,2025-07-21 01:00:00 UTC,20.0,19.1,18.45,17.91,17.3
2025-07-20 19:00:00 PDT,2025-07-21 02:00:00 UTC,20.0,19.28,18.64,18.1,17.44
2025-07-20 20:00:00 PDT,2025-07-21 03:00:00 UTC,19.8,19.38,18.78,18.26,17.58
2025-07-20 21:00:00 PDT,2025-07-21 04:00:00 UTC,18.5,19.21,18.77,18.35,17.7
2025-07-20 22:00:00 PDT,2025-07-21 05:00:00 UTC,17.3,18.83,18.6,18.34,17.8
2025-07-20 23:00:00 PDT,2025-07-21 06:00:00 UTC,16.3,18.32,18.32,18.23,17.85
2025-07-21 00:00:00 PDT,2025-07-21 07:00:00 UTC,16.1,17.88,18.03,18.08,17.87
2025-07-21 01:00:00 PDT,2025-07-21 08:00:00 UTC,15.6,17.42,17.71,17.89,17.85
2025-07-21 02:00:00 PDT,2025-07-21 09:00:00 UTC,14.1,16.76,17.28,17.63,17.8
2025-07-21 03:00:00 PDT,2025-07-21 10:00:00 UTC,15.1,16.43,16.97,17.39,17.71
2025-07-21 04:00:00 PDT,2025-07-21 11:00:00 UTC,15.0,16.14,16.71,17.16,17.6
2025-07-21 05:00:00 PDT,2025-07-21 12:00:00 UTC,14.3,15.77,16.42,16.94,17.49
2025-07-21 06:00:00 PDT,2025-07-21 13:00:00 UTC,13.8,15.38,16.11,16.7,17.37
2025-07-21 07:00:00 PDT,2025-07-21 14:00:00 UTC,15.2,15.34,15.97,16.52,17.24
2025-07-21 08:00:00 PDT,2025-07-21 15:00:00 UTC,16.7,15.61,16.03,16.45,17.12
2025-07-21 09:00:00 PDT,2025-07-21 16:00:00 UTC,18.4,16.17,16.3,16.5,17.03
2025-07-21 10:00:00 PDT,2025-07-21 17:00:00 UTC,19.6,16.86,16.7,16.68,16.99
2025-07-21 11:00:00 PDT,2025-07-21 18:00:00 UTC,20.4,17.57,17.16,16.93,17.01
2025-07-21 12:00:00 PDT,2025-07-21 19:00:00 UTC,20.8,18.21,17.63,17.24,17.08
2025-07-21 13:00:00 PDT,2025-07-21 20:00:00 UTC,21.0,18.77,18.07,17.55,17.18
2025-07-21 14:00:00 PDT,2025-07-21 21:00:00 UTC,21.2,19.26,18.47,17.87,17.32
2025-07-21 15:00:00 PDT,2025-07-21 22:00:00 UTC,21.2,19.64,18.82,18.16,17.47
2025-07-21 16:00:00 PDT,2025-07-21 23:00:00 UTC,21.9,20.1,19.19,18.46,17.63
2025-07-21 17:00:00 PDT,2025-07-22 00:00:00 UTC,23.8,20.84,19.72,18.81,17.8
2025-07-21 18:00:00 PDT,2025-07-22 01:00:00 UTC,23.8,21.43,20.2,19.19,18.0
2025-07-21 19:00:00 PDT,2025-07-22 02:00:00 UTC,23.3,21.8,20.58,19.54,18.22
2025-07-21 20:00:00 PDT,2025-07-22 03:00:00 UTC,22.3,21.9,20.8,19.81,18.43
2025-07-21 21:00:00 PDT,2025-07-22 04:00:00 UTC,19.6,21.44,20.68,19.92,18.63
2025-07-21 22:00:00 PDT,2025-07-22 05:00:00 UTC,19.3,21.01,20.48,19.91,18.78
2025-07-21 23:00:00 PDT,2025-07-22 06:00:00 UTC,19.4,20.69,20.3,19.85,18.88
2025-07-22 00:00:00 PDT,2025-07-22 07:00:00 UTC,18.4,20.23,20.03,19.73,18.93
2025-07-22 01:00:00 PDT,2025-07-22 08:00:00 UTC,18.3,19.85,19.76,19.59,18.95
2025-07-22 02:00:00 PDT,2025-07-22 09:00:00 UTC,17.8,19.44,19.48,19.42,18.94
2025-07-22 03:00:00 PDT,2025-07-22 10:00:00 UTC,17.4,19.03,19.18,19.22,18.91
2025-07-22 04:00:00 PDT,2025-07-22 11:00:00 UTC,16.5,18.52,18.83,19.0,18.85
2025-07-22 05:00:00 PDT,2025-07-22 12:00:00 UTC,16.1,18.04,18.47,18.74,18.76
2025-07-22 06:00:00 PDT,2025-07-22 13:00:00 UTC,15.2,17.47,18.05,18.46,18.65
2025-07-22 07:00:00 PDT,2025-07-22 14:00:00 UTC,16.2,17.22,17.77,18.2,18.53
2025-07-22 08:00:00 PDT,2025-07-22 15:00:00 UTC,17.3,17.23,17.67,18.03,18.39
2025-07-22 09:00:00 PDT,2025-07-22 16:00:00 UTC,17.9,17.37,17.66,17.94,18.28
2025-07-22 10:00:00 PDT,2025-07-22 17:00:00 UTC,18.4,17.57,17.74,17.91,18.19
2025-07-22 11:00:00 PDT,2025-07-22 18:00:00 UTC,19.3,17.92,17.91,17.96,18.13
2025-07-22 12:00:00 PDT,2025-07-22 19:00:00 UTC,20.2,18.38,18.18,18.07,18.1
2025-07-22 13:00:00 PDT,2025-07-22 20:00:00 UTC,20.9,18.88,18.51,18.25,18.11
2025-07-22 14:00:00 PDT,2025-07-22 21:00:00 UTC,22.5,19.6,18.97,18.51,18.16
2025-07-22 15:00:00 PDT,2025-07-22 22:00:00 UTC,22.5,20.18,19.41,18.81,18.24
2025-07-22 16:00:00 PDT,2025-07-22 23:00:00 UTC,22.5,20.65,19.79,19.11,18.37
2025-07-22 17:00:00 PDT,2025-07-23 00:00:00 UTC,20.6,20.64,19.93,19.32,18.51
2025-07-22 18:00:00 PDT,2025-07-23 01:00:00 UTC,22.6,21.03,20.22,19.53,18.64
2025-07-22 19:00:00 PDT,2025-07-23 02:00:00 UTC,22.6,21.34,20.49,19.75,18.77
2025-07-22 20:00:00 PDT,2025-07-23 03:00:00 UTC,21.1,21.3,20.57,19.91,18.91
2025-07-22 21:00:00 PDT,2025-07-23 04:00:00 UTC,19.2,20.88,20.42,19.94,19.03
2025-07-22 22:00:00 PDT,2025-07-23 05:00:00 UTC,17.8,20.26,20.1,19.84,19.11
2025-07-22 23:00:00 PDT,2025-07-23 06:00:00 UTC,17.4,19.69,19.74,19.65,19.14
2025-07-23 00:00:00 PDT,2025-07-23 07:00:00 UTC,17.5,19.25,19.41,19.45,19.12
2025-07-23 01:00:00 PDT,2025-07-23 08:00:00 UTC,17.4,18.88,19.12,19.24,19.06
2025-07-23 02:00:00 PDT,2025-07-23 09:00:00 UTC,16.5,18.4,18.78,19.01,18.99
2025-07-23 03:00:00 PDT,2025-07-23 10:00:00 UTC,16.3,17.98,18.45,18.77,18.9
2025-07-23 04:00:00 PDT,2025-07-23 11:00:00 UTC,16.0,17.59,18.12,18.52,18.78
2025-07-23 05:00:00 PDT,2025-07-23 12:00:00 UTC,15.8,17.23,17.82,18.28,18.66
2025-07-23 06:00:00 PDT,2025-07-23 13:00:00 UTC,15.8,16.94,17.56,18.05,18.53
2025-07-23 07:00:00 PDT,2025-07-23 14:00:00 UTC,16.9,16.93,17.44,17.88,18.39
2025-07-23 08:00:00 PDT,2025-07-23 15:00:00 UTC,18.6,17.27,17.54,17.82,18.27
2025-07-23 09:00:00 PDT,2025-07-23 16:00:00 UTC,19.5,17.71,17.76,17.87,18.19
2025-07-23 10:00:00 PDT,2025-07-23 17:00:00 UTC,20.6,18.29,18.1,18.02,18.15
2025-07-23 11:00:00 PDT,2025-07-23 18:00:00 UTC,21.9,19.01,18.55,18.26,18.16
2025-07-23 12:00:00 PDT,2025-07-23 19:00:00 UTC,22.9,19.79,19.08,18.57,18.22
2025-07-23 13:00:00 PDT,2025-07-23 20:00:00 UTC,24.6,20.75,19.74,18.98,18.33
2025-07-23 14:00:00 PDT,2025-07-23 21:00:00 UTC,24.2,21.44,20.3,19.4,18.49
2025-07-23 15:00:00 PDT,2025-07-23 22:00:00 UTC,23.5,21.85,20.72,19.78,18.68
2025-07-23 16:00:00 PDT,2025-07-23 23:00:00 UTC,23.3,22.14,21.04,20.09,18.88
2025-07-23 17:00:00 PDT,2025-07-24 00:00:00 UTC,22.6,22.23,21.23,20.34,19.08
2025-07-23 18:00:00 PDT,2025-07-24 01:00:00 UTC,22.7,22.33,21.38,20.53,19.26
2025-07-23 19:00:00 PDT,2025-07-24 02:00:00 UTC,22.6,22.38,21.5,20.68,19.42
2025-07-23 20:00:00 PDT,2025-07-24 03:00:00 UTC,21.2,22.15,21.45,20.76,19.56
2025-07-23 21:00:00 PDT,2025-07-24 04:00:00 UTC,19.4,21.6,21.19,20.71,19.67
2025-07-23 22:00:00 PDT,2025-07-24 05:00:00 UTC,18.7,21.02,20.85,20.57,19.73
2025-07-23 23:00:00 PDT,2025-07-24 06:00:00 UTC,18.1,20.43,20.47,20.36,19.74
2025-07-24 00:00:00 PDT,2025-07-24 07:00:00 UTC,17.6,19.87,20.07,20.12,19.71
2025-07-24 01:00:00 PDT,2025-07-24 08:00:00 UTC,16.9,19.27,19.64,19.83,19.64
2025-07-24 02:00:00 PDT,2025-07-24 09:00:00 UTC,15.8,18.58,19.14,19.51,19.54
2025-07-24 03:00:00 PDT,2025-07-24 10:00:00 UTC,15.3,17.92,18.64,19.15,19.4
2025-07-24 04:00:00 PDT,2025-07-24 11:00:00 UTC,14.7,17.28,18.13,18.77,19.24
2025-07-24 05:00:00 PDT,2025-07-24 12:00:00 UTC,14.2,16.66,17.63,18.39,19.05
2025-07-24 06:00:00 PDT,2025-07-24 13:00:00 UTC,14.1,16.15,17.18,18.01,18.84
2025-07-24 07:00:00 PDT,2025-07-24 14:00:00 UTC,15.4,16.0,16.92,17.71,18.63
2025-07-24 08:00:00 PDT,2025-07-24 15:00:00 UTC,16.1,16.02,16.8,17.5,18.43
2025-07-24 09:00:00 PDT,2025-07-24 16:00:00 UTC,17.2,16.26,16.84,17.39,18.25
2025-07-24 10:00:00 PDT,2025-07-24 17:00:00 UTC,18.7,16.74,17.05,17.4,18.12
2025-07-24 11:00:00 PDT,2025-07-24 18:00:00 UTC,20.2,17.44,17.43,17.54,18.03
2025-07-24 12:00:00 PDT,2025-07-24 19:00:00 UTC,21.5,18.25,17.93,17.79,18.01
2025-07-24 13:00:00 PDT,2025-07-24 20:00:00 UTC,22.4,19.08,18.49,18.12,18.05
2025-07-24 14:00:00 PDT,2025-07-24 21:00:00 UTC,23.7,20.0,19.14,18.52,18.14
2025-07-24 15:00:00 PDT,2025-07-24 22:00:00 UTC,24.7,20.94,19.82,18.98,18.29
2025-07-24 16:00:00 PDT,2025-07-24 23:00:00 UTC,24.7,21.69,20.44,19.46,18.48
2025-07-24 17:00:00 PDT,2025-07-25 00:00:00 UTC,24.4,22.24,20.95,19.89,18.71
2025-07-24 18:00:00 PDT,2025-07-25 01:00:00 UTC,23.4,22.47,21.27,20.24,18.94
2025-07-24 19:00:00 PDT,2025-07-25 02:00:00 UTC,22.5,22.47,21.43,20.49,19.16
2025-07-24 20:00:00 PDT,2025-07-25 03:00:00 UTC,20.4,22.06,21.32,20.59,19.36
2025-07-24 21:00:00 PDT,2025-07-25 04:00:00 UTC,18.4,21.33,20.97,20.52,19.5
2025-07-24 22:00:00 PDT,2025-07-25 05:00:00 UTC,17.4,20.54,20.51,20.33,19.57
2025-07-24 23:00:00 PDT,2025-07-25 06:00:00 UTC,16.2,19.67,19.95,20.03,19.57
2025-07-25 00:00:00 PDT,2025-07-25 07:00:00 UTC,15.9,18.92,19.41,19.68,19.51
2025-07-25 01:00:00 PDT,2025-07-25 08:00:00 UTC,15.2,18.18,18.85,19.3,19.4
2025-07-25 02:00:00 PDT,2025-07-25 09:00:00 UTC,14.6,17.46,18.29,18.9,19.25
2025-07-25 03:00:00 PDT,2025-07-25 10:00:00 UTC,14.2,16.81,17.76,18.49,19.07
2025-07-25 04:00:00 PDT,2025-07-25 11:00:00 UTC,13.6,16.17,17.24,18.08,18.87
2025-07-25 05:00:00 PDT,2025-07-25 12:00:00 UTC,13.4,15.61,16.75,17.68,18.65
2025-07-25 06:00:00 PDT,2025-07-25 13:00:00 UTC,13.5,15.19,16.35,17.31,18.42
2025-07-25 07:00:00 PDT,2025-07-25 14:00:00 UTC,14.0,14.95,16.05,16.99,18.19
2025-07-25 08:00:00 PDT,2025-07-25 15:00:00 UTC,14.8,14.92,15.89,16.76,17.97
2025-07-25 09:00:00 PDT,2025-07-25 16:00:00 UTC,15.0,14.94,15.8,16.59,17.77
2025-07-25 10:00:00 PDT,2025-07-25 17:00:00 UTC,15.9,15.13,15.82,16.5,17.6
2025-07-25 11:00:00 PDT,2025-07-25 18:00:00 UTC,16.4,15.38,15.92,16.47,17.47
2025-07-25 12:00:00 PDT,2025-07-25 19:00:00 UTC,17.4,15.79,16.12,16.52,17.37
2025-07-25 13:00:00 PDT,2025-07-25 20:00:00 UTC,18.8,16.39,16.47,16.66,17.31
2025-07-25 14:00:00 PDT,2025-07-25 21:00:00 UTC,19.6,17.03,16.88,16.87,17.3
2025-07-25 15:00:00 PDT,2025-07-25 22:00:00 UTC,20.3,17.69,17.33,17.15,17.33
2025-07-25 16:00:00 PDT,2025-07-25 23:00:00 UTC,20.0,18.15,17.71,17.42,17.41
2025-07-25 17:00:00 PDT,2025-07-26 00:00:00 UTC,20.1,18.54,18.04,17.68,17.51
2025-07-25 18:00:00 PDT,2025-07-26 01:00:00 UTC,19.4,18.71,18.25,17.89,17.62
2025-07-25 19:00:00 PDT,2025-07-26 02:00:00 UTC,18.4,18.65,18.31,18.03,17.73
2025-07-25 20:00:00 PDT,2025-07-26 03:00:00 UTC,17.4,18.4,18.24,18.07,17.82
2025-07-25 21:00:00 PDT,2025-07-26 04:00:00 UTC,16.1,17.94,18.01,18.01,17.88
2025-07-25 22:00:00 PDT,2025-07-26 05:00:00 UTC,14.6,17.27,17.62,17.84,17.89
2025-07-25 23:00:00 PDT,2025-07-26 06:00:00 UTC,14.9,16.8,17.27,17.62,17.86
2025-07-26 00:00:00 PDT,2025-07-26 07:00:00 UTC,14.7,16.38,16.95,17.39,17.79
2025-07-26 01:00:00 PDT,2025-07-26 08:00:00 UTC,14.7,16.04,16.67,17.17,17.7
2025-07-26 02:00:00 PDT,2025-07-26 09:00:00 UTC,13.4,15.51,16.29,16.91,17.59
2025-07-26 03:00:00 PDT,2025-07-26 10:00:00 UTC,13.0,15.01,15.9,16.63,17.46
2025-07-26 04:00:00 PDT,2025-07-26 11:00:00 UTC,12.7,14.55,15.52,16.33,17.31
2025-07-26 05:00:00 PDT,2025-07-26 12:00:00 UTC,11.7,13.98,15.09,16.01,17.14
2025-07-26 06:00:00 PDT,2025-07-26 13:00:00 UTC,11.9,13.56,14.71,15.7,16.96
2025-07-26 07:00:00 PDT,2025-07-26 14:00:00 UTC,13.1,13.47,14.51,15.45,16.77
2025-07-26 08:00:00 PDT,2025-07-26 15:00:00 UTC,15.0,13.78,14.56,15.33,16.59
2025-07-26 09:00:00 PDT,2025-07-26 16:00:00 UTC,15.4,14.1,14.69,15.31,16.45
2025-07-26 10:00:00 PDT,2025-07-26 17:00:00 UTC,16.6,14.6,14.95,15.38,16.36
2025-07-26 11:00:00 PDT,2025-07-26 18:00:00 UTC,18.2,15.32,15.37,15.56,16.31
2025-07-26 12:00:00 PDT,2025-07-26 19:00:00 UTC,20.1,16.28,15.96,15.87,16.31
2025-07-26 13:00:00 PDT,2025-07-26 20:00:00 UTC,20.9,17.2,16.61,16.26,16.38
2025-07-26 14:00:00 PDT,2025-07-26 21:00:00 UTC,21.0,17.96,17.2,16.68,16.51
2025-07-26 15:00:00 PDT,2025-07-26 22:00:00 UTC,22.0,18.77,17.82,17.12,16.68
2025-07-26 16:00:00 PDT,2025-07-26 23:00:00 UTC,21.9,19.4,18.36,17.56,16.88
2025-07-26 17:00:00 PDT,2025-07-27 00:00:00 UTC,22.1,19.94,18.84,17.97,17.1
2025-07-26 18:00:00 PDT,2025-07-27 01:00:00 UTC,20.7,20.09,19.11,18.29,17.33
2025-07-26 19:00:00 PDT,2025-07-27 02:00:00 UTC,20.6,20.19,19.31,18.53,17.54
2025-07-26 20:00:00 PDT,2025-07-27 03:00:00 UTC,19.7,20.09,19.36,18.7,17.73
2025-07-26 21:00:00 PDT,2025-07-27 04:00:00 UTC,18.0,19.67,19.22,18.74,17.89
2025-07-26 22:00:00 PDT,2025-07-27 05:00:00 UTC,15.9,18.92,18.83,18.63,17.99
2025-07-26 23:00:00 PDT,2025-07-27 06:00:00 UTC,15.2,18.18,18.37,18.4,18.04
2025-07-27 00:00:00 PDT,2025-07-27 07:00:00 UTC,14.5,17.44,17.87,18.12,18.02
2025-07-27 01:00:00 PDT,2025-07-27 08:00:00 UTC,14.5,16.85,17.42,17.81,17.95
2025-07-27 02:00:00 PDT,2025-07-27 09:00:00 UTC,13.8,16.24,16.96,17.48,17.84
2025-07-27 03:00:00 PDT,2025-07-27 10:00:00 UTC,14.8,15.95,16.65,17.19,17.71
2025-07-27 04:00:00 PDT,2025-07-27 11:00:00 UTC,13.1,15.38,16.23,16.89,17.56
2025-07-27 05:00:00 PDT,2025-07-27 12:00:00 UTC,13.0,14.91,15.83,16.58,17.4
2025-07-27 06:00:00 PDT,2025-07-27 13:00:00 UTC,12.8,14.48,15.46,16.28,17.23
2025-07-27 07:00:00 PDT,2025-07-27 14:00:00 UTC,14.2,14.43,15.29,16.04,17.06
2025-07-27 08:00:00 PDT,2025-07-27 15:00:00 UTC,15.7,14.68,15.32,15.93,16.89
2025-07-27 09:00:00 PDT,2025-07-27 16:00:00 UTC,17.5,15.25,15.57,15.95,16.77
2025-07-27 10:00:00 PDT,2025-07-27 17:00:00 UTC,18.3,15.86,15.92,16.09,16.7
2025-07-27 11:00:00 PDT,2025-07-27 18:00:00 UTC,19.7,16.63,16.39,16.33,16.68
2025-07-27 12:00:00 PDT,2025-07-27 19:00:00 UTC,20.4,17.38,16.91,16.64,16.73
2025-07-27 13:00:00 PDT,2025-07-27 20:00:00 UTC,20.9,18.08,17.43,16.98,16.82
2025-07-27 14:00:00 PDT,2025-07-27 21:00:00 UTC,22.1,18.89,18.01,17.38,16.95
2025-07-27 15:00:00 PDT,2025-07-27 22:00:00 UTC,22.5,19.61,18.58,17.8,17.12
2025-07-27 16:00:00 PDT,2025-07-27 23:00:00 UTC,23.8,20.45,19.22,18.25,17.32
2025-07-27 17:00:00 PDT,2025-07-28 00:00:00 UTC,23.3,21.02,19.74,18.69,17.55
2025-07-27 18:00:00 PDT,2025-07-28 01:00:00 UTC,22.7,21.35,20.12,19.07,17.8
2025-07-27 19:00:00 PDT,2025-07-28 02:00:00 UTC,22.1,21.5,20.37,19.37,18.03
2025-07-27 20:00:00 PDT,2025-07-28 03:00:00 UTC,20.5,21.3,20.4,19.55,18.25
2025-07-27 21:00:00 PDT,2025-07-28 04:00:00 UTC,18.7,20.78,20.2,19.58,18.43
2025-07-27 22:00:00 PDT,2025-07-28 05:00:00 UTC,17.7,20.17,19.87,19.49,18.55
2025-07-27 23:00:00 PDT,2025-07-28 06:00:00 UTC,17.6,19.65,19.55,19.33,18.61
2025-07-28 00:00:00 PDT,2025-07-28 07:00:00 UTC,16.1,18.94,19.1,19.1,18.62
2025-07-28 01:00:00 PDT,2025-07-28 08:00:00 UTC,15.8,18.31,18.65,18.82,18.59
2025-07-28 02:00:00 PDT,2025-07-28 09:00:00 UTC,16.2,17.89,18.3,18.55,18.51
2025-07-28 03:00:00 PDT,2025-07-28 10:00:00 UTC,14.6,17.23,17.83,18.24,18.41
2025-07-28 04:00:00 PDT,2025-07-28 11:00:00 UTC,14.0,16.59,17.34,17.9,18.28
2025-07-28 05:00:00 PDT,2025-07-28 12:00:00 UTC,13.5,15.97,16.86,17.54,18.12
2025-07-28 06:00:00 PDT,2025-07-28 13:00:00 UTC,13.1,15.4,16.39,17.17,17.94
2025-07-28 07:00:00 PDT,2025-07-28 14:00:00 UTC,14.9,15.3,16.15,16.89,17.75
2025-07-28 08:00:00 PDT,2025-07-28 15:00:00 UTC,16.4,15.52,16.15,16.73,17.57
2025-07-28 09:00:00 PDT,2025-07-28 16:00:00 UTC,17.6,15.93,16.31,16.7,17.43
2025-07-28 10:00:00 PDT,2025-07-28 17:00:00 UTC,20.0,16.75,16.73,16.84,17.33
2025-07-28 11:00:00 PDT,2025-07-28 18:00:00 UTC,21.0,17.6,17.25,17.1,17.31
2025-07-28 12:00:00 PDT,2025-07-28 19:00:00 UTC,22.7,18.62,17.92,17.47,17.35
2025-07-28 13:00:00 PDT,2025-07-28 20:00:00 UTC,23.4,19.57,18.61,17.91,17.46
2025-07-28 14:00:00 PDT,2025-07-28 21:00:00 UTC,24.3,20.52,19.32,18.41,17.63
2025-07-28 15:00:00 PDT,2025-07-28 22:00:00 UTC,24.9,21.4,20.01,18.92,17.84
2025-07-28 16:00:00 PDT,2025-07-28 23:00:00 UTC,26.0,22.32,20.73,19.46,18.09
2025-07-28 17:00:00 PDT,2025-07-29 00:00:00 UTC,23.9,22.63,21.17,19.92,18.37
2025-07-28 18:00:00 PDT,2025-07-29 01:00:00 UTC,23.6,22.83,21.46,20.27,18.65
2025-07-28 19:00:00 PDT,2025-07-29 02:00:00 UTC,22.1,22.68,21.55,20.5,18.9
2025-07-28 20:00:00 PDT,2025-07-29 03:00:00 UTC,19.4,22.02,21.3,20.54,19.11
2025-07-28 21:00:00 PDT,2025-07-29 04:00:00 UTC,16.9,21.0,20.77,20.37,19.25
2025-07-28 22:00:00 PDT,2025-07-29 05:00:00 UTC,18.3,20.46,20.38,20.15,19.3
2025-07-28 23:00:00 PDT,2025-07-29 06:00:00 UTC,17.4,19.85,19.95,19.9,19.3
2025-07-29 00:00:00 PDT,2025-07-29 07:00:00 UTC,17.3,19.34,19.57,19.64,19.26
2025-07-29 01:00:00 PDT,2025-07-29 08:00:00 UTC,15.8,18.63,19.08,19.33,19.18
2025-07-29 02:00:00 PDT,2025-07-29 09:00:00 UTC,15.1,17.92,18.56,18.98,19.07
2025-07-29 03:00:00 PDT,2025-07-29 10:00:00 UTC,15.4,17.42,18.12,18.63,18.92
2025-07-29 04:00:00 PDT,2025-07-29 11:00:00 UTC,13.9,16.72,17.6,18.26,18.76
2025-07-29 05:00:00 PDT,2025-07-29 12:00:00 UTC,14.7,16.31,17.2,17.91,18.57
2025-07-29 06:00:00 PDT,2025-07-29 13:00:00 UTC,14.6,15.97,16.86,17.59,18.38
2025-07-29 07:00:00 PDT,2025-07-29 14:00:00 UTC,15.6,15.9,16.68,17.35,18.18
2025-07-29 08:00:00 PDT,2025-07-29 15:00:00 UTC,17.4,16.2,16.73,17.24,18.01
2025-07-29 09:00:00 PDT,2025-07-29 16:00:00 UTC,18.5,16.66,16.93,17.25,17.88
2025-07-29 10:00:00 PDT,2025-07-29 17:00:00 UTC,19.4,17.21,17.23,17.36,17.8
2025-07-29 11:00:00 PDT,2025-07-29 18:00:00 UTC,20.0,17.76,17.59,17.53,17.77
2025-07-29 12:00:00 PDT,2025-07-29 19:00:00 UTC,20.4,18.29,17.95,17.75,17.79
2025-07-29 13:00:00 PDT,2025-07-29 20:00:00 UTC,21.8,18.99,18.42,18.03,17.84
2025-07-29 14:00:00 PDT,2025-07-29 21:00:00 UTC,22.6,19.71,18.94,18.37,17.94
2025-07-29 15:00:00 PDT,2025-07-29 22:00:00 UTC,23.5,20.47,19.5,18.75,18.07
2025-07-29 16:00:00 PDT,2025-07-29 23:00:00 UTC,23.4,21.06,19.99,19.13,18.24
2025-07-29 17:00:00 PDT,2025-07-30 00:00:00 UTC,23.6,21.57,20.43,19.5,18.43
2025-07-29 18:00:00 PDT,2025-07-30 01:00:00 UTC,25.0,22.25,20.96,19.89,18.64
2025-07-29 19:00:00 PDT,2025-07-30 02:00:00 UTC,23.0,22.4,21.24,20.22,18.86
2025-07-29 20:00:00 PDT,2025-07-30 03:00:00 UTC,22.1,22.34,21.34,20.43,19.07
2025-07-29 21:00:00 PDT,2025-07-30 04:00:00 UTC,22.8,22.43,21.48,20.6,19.25
2025-07-29 22:00:00 PDT,2025-07-30 05:00:00 UTC,21.2,22.19,21.43,20.69,19.41
2025-07-29 23:00:00 PDT,2025-07-30 06:00:00 UTC,18.5,21.45,21.08,20.62,19.53
2025-07-30 00:00:00 PDT,2025-07-30 07:00:00 UTC,18.3,20.82,20.69,20.44,19.6
2025-07-30 01:00:00 PDT,2025-07-30 08:00:00 UTC,17.2,20.1,20.23,20.19,19.6
2025-07-30 02:00:00 PDT,2025-07-30 09:00:00 UTC,16.1,19.3,19.68,19.87,19.56
2025-07-30 03:00:00 PDT,2025-07-30 10:00:00 UTC,16.4,18.72,19.22,19.53,19.46
2025-07-30 04:00:00 PDT,2025-07-30 11:00:00 UTC,16.1,18.19,18.79,19.2,19.34
2025-07-30 05:00:00 PDT,2025-07-30 12:00:00 UTC,14.6,17.48,18.26,18.84,19.19
2025-07-30 06:00:00 PDT,2025-07-30 13:00:00 UTC,15.3,17.04,17.86,18.49,19.01
2025-07-30 07:00:00 PDT,2025-07-30 14:00:00 UTC,16.2,16.87,17.61,18.21,18.83
2025-07-30 08:00:00 PDT,2025-07-30 15:00:00 UTC,18.5,17.2,17.65,18.08,18.66
2025-07-30 09:00:00 PDT,2025-07-30 16:00:00 UTC,20.9,17.94,17.99,18.13,18.53
2025-07-30 10:00:00 PDT,2025-07-30 17:00:00 UTC,22.1,18.77,18.47,18.33,18.47
2025-07-30 11:00:00 PDT,2025-07-30 18:00:00 UTC,22.7,19.56,18.99,18.63,18.48
2025-07-30 12:00:00 PDT,2025-07-30 19:00:00 UTC,21.6,19.97,19.36,18.9,18.55
2025-07-30 13:00:00 PDT,2025-07-30 20:00:00 UTC,22.5,20.47,19.75,19.18,18.64
2025-07-30 14:00:00 PDT,2025-07-30 21:00:00 UTC,22.3,20.84,20.07,19.45,18.76
2025-07-30 15:00:00 PDT,2025-07-30 22:00:00 UTC,22.0,21.07,20.32,19.68,18.89
2025-07-30 16:00:00 PDT,2025-07-30 23:00:00 UTC,22.2,21.3,20.54,19.88,19.02
2025-07-30 17:00:00 PDT,2025-07-31 00:00:00 UTC,22.6,21.56,20.77,20.08,19.15
2025-07-30 18:00:00 PDT,2025-07-31 01:00:00 UTC,23.5,21.95,21.06,20.3,19.28
2025-07-30 19:00:00 PDT,2025-07-31 02:00:00 UTC,23.6,22.28,21.34,20.53,19.42
2025-07-30 20:00:00 PDT,2025-07-31 03:00:00 UTC,24.2,22.66,21.65,20.77,19.57
2025-07-30 21:00:00 PDT,2025-07-31 04:00:00 UTC,21.7,22.47,21.67,20.92,19.72
2025-07-30 22:00:00 PDT,2025-07-31 05:00:00 UTC,20.5,22.08,21.52,20.94,19.85
2025-07-30 23:00:00 PDT,2025-07-31 06:00:00 UTC,18.4,21.34,21.14,20.82,19.93
2025-07-31 00:00:00 PDT,2025-07-31 07:00:00 UTC,17.4,20.55,20.65,20.58,19.95
2025-07-31 01:00:00 PDT,2025-07-31 08:00:00 UTC,16.3,19.7,20.08,20.26,19.92
2025-07-31 02:00:00 PDT,2025-07-31 09:00:00 UTC,16.7,19.1,19.61,19.91,19.83
2025-07-31 03:00:00 PDT,2025-07-31 10:00:00 UTC,16.8,18.64,19.2,19.59,19.7
2025-07-31 04:00:00 PDT,2025-07-31 11:00:00 UTC,16.5,18.21,18.83,19.29,19.56
2025-07-31 05:00:00 PDT,2025-07-31 12:00:00 UTC,16.0,17.77,18.46,18.99,19.4
2025-07-31 06:00:00 PDT,2025-07-31 13:00:00 UTC,15.5,17.32,18.09,18.69,19.24
2025-07-31 07:00:00 PDT,2025-07-31 14:00:00 UTC,16.1,17.07,17.82,18.43,19.07
2025-07-31 08:00:00 PDT,2025-07-31 15:00:00 UTC,17.0,17.06,17.69,18.23,18.9
2025-07-31 09:00:00 PDT,2025-07-31 16:00:00 UTC,17.8,17.21,17.68,18.12,18.75
2025-07-31 10:00:00 PDT,2025-07-31 17:00:00 UTC,20.8,17.93,18.01,18.18,18.64
2025-07-31 11:00:00 PDT,2025-07-31 18:00:00 UTC,22.4,18.82,18.52,18.39,18.58
2025-07-31 12:00:00 PDT,2025-07-31 19:00:00 UTC,21.8,19.42,18.96,18.66,18.6
2025-07-31 13:00:00 PDT,2025-07-31 20:00:00 UTC,23.6,20.25,19.52,18.99,18.66
2025-07-31 14:00:00 PDT,2025-07-31 21:00:00 UTC,22.0,20.6,19.87,19.3,18.77
2025-07-31 15:00:00 PDT,2025-07-31 22:00:00 UTC,23.4,21.16,20.3,19.61,18.9
2025-07-31 16:00:00 PDT,2025-07-31 23:00:00 UTC,26.3,22.19,20.97,20.02,19.05
2025-07-31 17:00:00 PDT,2025-08-01 00:00:00 UTC,26.0,22.95,21.59,20.48,19.25
2025-07-31 18:00:00 PDT,2025-08-01 01:00:00 UTC,25.6,23.48,22.08,20.91,19.48
2025-07-31 19:00:00 PDT,2025-08-01 02:00:00 UTC,24.3,23.65,22.37,21.24,19.72
2025-07-31 20:00:00 PDT,2025-08-01 03:00:00 UTC,23.4,23.6,22.49,21.47,19.94
2025-07-31 21:00:00 PDT,2025-08-01 04:00:00 UTC,21.9,23.26,22.41,21.57,20.13
2025-07-31 22:00:00 PDT,2025-08-01 05:00:00 UTC,20.0,22.61,22.1,21.52,20.28
2025-07-31 23:00:00 PDT,2025-08-01 06:00:00 UTC,18.6,21.8,21.65,21.34,20.36
2025-08-01 00:00:00 PDT,2025-08-01 07:00:00 UTC,16.4,20.72,20.98,21.01,20.37
2025-08-01 01:00:00 PDT,2025-08-01 08:00:00 UTC,15.6,19.7,20.27,20.58,20.31
2025-08-01 02:00:00 PDT,2025-08-01 09:00:00 UTC,16.9,19.14,19.77,20.18,20.18
2025-08-01 03:00:00 PDT,2025-08-01 10:00:00 UTC,14.9,18.29,19.15,19.75,20.02
2025-08-01 04:00:00 PDT,2025-08-01 11:00:00 UTC,14.1,17.45,18.5,19.28,19.82
2025-08-01 05:00:00 PDT,2025-08-01 12:00:00 UTC,14.2,16.8,17.94,18.82,19.6
2025-08-01 06:00:00 PDT,2025-08-01 13:00:00 UTC,14.2,16.28,17.45,18.39,19.35
2025-08-01 07:00:00 PDT,2025-08-01 14:00:00 UTC,14.8,15.99,17.1,18.03,19.1
2025-08-01 08:00:00 PDT,2025-08-01 15:00:00 UTC,16.9,16.17,17.02,17.8,18.87
2025-08-01 09:00:00 PDT,2025-08-01 16:00:00 UTC,18.0,16.53,17.13,17.71,18.67
2025-08-01 10:00:00 PDT,2025-08-01 17:00:00 UTC,19.0,17.03,17.36,17.74,18.52
2025-08-01 11:00:00 PDT,2025-08-01 18:00:00 UTC,20.5,17.72,17.74,17.88,18.43
2025-08-01 12:00:00 PDT,2025-08-01 19:00:00 UTC,21.7,18.52,18.23,18.13,18.4
2025-08-01 13:00:00 PDT,2025-08-01 20:00:00 UTC,22.8,19.37,18.81,18.46,18.44
2025-08-01 14:00:00 PDT,2025-08-01 21:00:00 UTC,23.5,20.2,19.4,18.84,18.53
2025-08-01 15:00:00 PDT,2025-08-01 22:00:00 UTC,24.9,21.14,20.08,19.29,18.66
2025-08-01 16:00:00 PDT,2025-08-01 23:00:00 UTC,24.2,21.75,20.62,19.73,18.85
2025-08-01 17:00:00 PDT,2025-08-02 00:00:00 UTC,24.6,22.32,21.12,20.14,19.06
2025-08-01 18:00:00 PDT,2025-08-02 01:00:00 UTC,24.6,22.78,21.55,20.51,19.28
2025-08-01 19:00:00 PDT,2025-08-02 02:00:00 UTC,24.0,23.02,21.85,20.83,19.5
2025-08-01 20:00:00 PDT,2025-08-02 03:00:00 UTC,21.8,22.78,21.87,21.02,19.71
2025-08-01 21:00:00 PDT,2025-08-02 04:00:00 UTC,20.2,22.26,21.67,21.05,19.88
2025-08-01 22:00:00 PDT,2025-08-02 05:00:00 UTC,18.3,21.47,21.26,20.92,19.99
2025-08-01 23:00:00 PDT,2025-08-02 06:00:00 UTC,17.0,20.58,20.71,20.66,20.03
2025-08-02 00:00:00 PDT,2025-08-02 07:00:00 UTC,16.5,19.76,20.15,20.33,20.0
2025-08-02 01:00:00 PDT,2025-08-02 08:00:00 UTC,16.2,19.05,19.61,19.96,19.92
2025-08-02 02:00:00 PDT,2025-08-02 09:00:00 UTC,16.0,18.44,19.12,19.6,19.79
2025-08-02 03:00:00 PDT,2025-08-02 10:00:00 UTC,15.4,17.83,18.63,19.23,19.63
2025-08-02 04:00:00 PDT,2025-08-02 11:00:00 UTC,15.1,17.28,18.18,18.86,19.45
2025-08-02 05:00:00 PDT,2025-08-02 12:00:00 UTC,14.7,16.77,17.73,18.5,19.26
2025-08-02 06:00:00 PDT,2025-08-02 13:00:00 UTC,14.4,16.29,17.32,18.15,19.06
2025-08-02 07:00:00 PDT,2025-08-02 14:00:00 UTC,15.2,16.08,17.04,17.86,18.85
2025-08-02 08:00:00 PDT,2025-08-02 15:00:00 UTC,15.5,15.96,16.85,17.62,18.65
2025-08-02 09:00:00 PDT,2025-08-02 16:00:00 UTC,16.6,16.09,16.81,17.47,18.46
2025-08-02 10:00:00 PDT,2025-08-02 17:00:00 UTC,19.6,16.79,17.11,17.49,18.32
2025-08-02 11:00:00 PDT,2025-08-02 18:00:00 UTC,21.2,17.67,17.6,17.68,18.23
2025-08-02 12:00:00 PDT,2025-08-02 19:00:00 UTC,21.9,18.52,18.15,17.98,18.22
2025-08-02 13:00:00 PDT,2025-08-02 20:00:00 UTC,22.7,19.35,18.73,18.33,18.27
2025-08-02 14:00:00 PDT,2025-08-02 21:00:00 UTC,23.4,20.16,19.33,18.73,18.38
2025-08-02 15:00:00 PDT,2025-08-02 22:00:00 UTC,23.6,20.85,19.88,19.14,18.53
2025-08-02 16:00:00 PDT,2025-08-02 23:00:00 UTC,23.6,21.4,20.36,19.53,18.71
2025-08-02 17:00:00 PDT,2025-08-03 00:00:00 UTC,23.9,21.9,20.8,19.9,18.91
2025-08-02 18:00:00 PDT,2025-08-03 01:00:00 UTC,22.6,22.04,21.05,20.2,19.11
2025-08-02 19:00:00 PDT,2025-08-03 02:00:00 UTC,21.5,21.93,21.12,20.38,19.3
2025-08-02 20:00:00 PDT,2025-08-03 03:00:00 UTC,19.7,21.49,20.97,20.43,19.46
2025-08-02 21:00:00 PDT,2025-08-03 04:00:00 UTC,18.4,20.87,20.65,20.34,19.56
2025-08-02 22:00:00 PDT,2025-08-03 05:00:00 UTC,17.4,20.17,20.23,20.15,19.61
2025-08-02 23:00:00 PDT,2025-08-03 06:00:00 UTC,16.5,19.44,19.75,19.88,19.6
2025-08-03 00:00:00 PDT,2025-08-03 07:00:00 UTC,15.7,18.69,19.23,19.56,19.54
2025-08-03 01:00:00 PDT,2025-08-03 08:00:00 UTC,15.7,18.09,18.75,19.22,19.43
2025-08-03 02:00:00 PDT,2025-08-03 09:00:00 UTC,15.3,17.53,18.3,18.87,19.29
2025-08-03 03:00:00 PDT,2025-08-03 10:00:00 UTC,14.4,16.91,17.81,18.51,19.13
2025-08-03 04:00:00 PDT,2025-08-03 11:00:00 UTC,14.9,16.51,17.43,18.18,18.95
2025-08-03 05:00:00 PDT,2025-08-03 12:00:00 UTC,14.4,16.09,17.06,17.86,18.76
2025-08-03 06:00:00 PDT,2025-08-03 13:00:00 UTC,14.0,15.67,16.69,17.55,18.56
2025-08-03 07:00:00 PDT,2025-08-03 14:00:00 UTC,14.9,15.51,16.46,17.29,18.36
2025-08-03 08:00:00 PDT,2025-08-03 15:00:00 UTC,15.7,15.55,16.36,17.11,18.18
2025-08-03 09:00:00 PDT,2025-08-03 16:00:00 UTC,16.8,15.8,16.42,17.02,18.02
2025-08-03 10:00:00 PDT,2025-08-03 17:00:00 UTC,18.6,16.36,16.68,17.06,17.9
2025-08-03 11:00:00 PDT,2025-08-03 18:00:00 UTC,18.8,16.85,16.97,17.18,17.83
2025-08-03 12:00:00 PDT,2025-08-03 19:00:00 UTC,19.5,17.38,17.31,17.36,17.8
2025-08-03 13:00:00 PDT,2025-08-03 20:00:00 UTC,19.6,17.82,17.63,17.56,17.82
2025-08-03 14:00:00 PDT,2025-08-03 21:00:00 UTC,19.5,18.16,17.9,17.76,17.86
2025-08-03 15:00:00 PDT,2025-08-03 22:00:00 UTC,20.0,18.53,18.18,17.96,17.93
2025-08-03 16:00:00 PDT,2025-08-03 23:00:00 UTC,19.5,18.72,18.38,18.14,18.01
2025-08-03 17:00:00 PDT,2025-08-04 00:00:00 UTC,20.4,19.06,18.64,18.32,18.09
2025-08-03 18:00:00 PDT,2025-08-04 01:00:00 UTC,20.9,19.43,18.92,18.52,18.18
2025-08-03 19:00:00 PDT,2025-08-04 02:00:00 UTC,20.7,19.68,19.15,18.72,18.29
2025-08-03 20:00:00 PDT,2025-08-04 03:00:00 UTC,18.8,19.5,19.15,18.83,18.39
2025-08-03 21:00:00 PDT,2025-08-04 04:00:00 UTC,17.5,19.1,18.98,18.82,18.48
2025-08-03 22:00:00 PDT,2025-08-04 05:00:00 UTC,17.1,18.7,18.75,18.73,18.52
2025-08-03 23:00:00 PDT,2025-08-04 06:00:00 UTC,17.5,18.46,18.58,18.63,18.53
2025-08-04 00:00:00 PDT,2025-08-04 07:00:00 UTC,17.8,18.33,18.46,18.54,18.52
2025-08-04 01:00:00 PDT,2025-08-04 08:00:00 UTC,17.8,18.22,18.36,18.46,18.5
2025-08-04 02:00:00 PDT,2025-08-04 09:00:00 UTC,17.4,18.06,18.24,18.38,18.47
2025-08-04 03:00:00 PDT,2025-08-04 10:00:00 UTC,17.0,17.85,18.09,18.28,18.43
2025-08-04 04:00:00 PDT,2025-08-04 11:00:00 UTC,17.0,17.68,17.95,18.17,18.38
2025-08-04 05:00:00 PDT,2025-08-04 12:00:00 UTC,15.2,17.18,17.65,18.01,18.33
2025-08-04 06:00:00 PDT,2025-08-04 13:00:00 UTC,15.0,16.75,17.33,17.79,18.25
2025-08-04 07:00:00 PDT,2025-08-04 14:00:00 UTC,15.5,16.5,17.1,17.59,18.15
2025-08-04 08:00:00 PDT,2025-08-04 15:00:00 UTC,16.4,16.48,16.99,17.45,18.05
2025-08-04 09:00:00 PDT,2025-08-04 16:00:00 UTC,17.2,16.62,17.01,17.37,17.95
2025-08-04 10:00:00 PDT,2025-08-04 17:00:00 UTC,18.2,16.94,17.14,17.38,17.87
2025-08-04 11:00:00 PDT,2025-08-04 18:00:00 UTC,19.9,17.53,17.46,17.5,17.83
2025-08-04 12:00:00 PDT,2025-08-04 19:00:00 UTC,20.3,18.08,17.82,17.69,17.83
2025-08-04 13:00:00 PDT,2025-08-04 20:00:00 UTC,20.9,18.65,18.22,17.94,17.87
2025-08-04 14:00:00 PDT,2025-08-04 21:00:00 UTC,21.8,19.28,18.66,18.22,17.95
2025-08-04 15:00:00 PDT,2025-08-04 22:00:00 UTC,21.6,19.74,19.05,18.52,18.07
2025-08-04 16:00:00 PDT,2025-08-04 23:00:00 UTC,22.7,20.33,19.49,18.83,18.2
2025-08-04 17:00:00 PDT,2025-08-05 00:00:00 UTC,21.7,20.61,19.79,19.11,18.36
2025-08-04 18:00:00 PDT,2025-08-05 01:00:00 UTC,22.1,20.91,20.07,19.37,18.52
2025-08-04 19:00:00 PDT,2025-08-05 02:00:00 UTC,21.0,20.92,20.2,19.55,18.67
2025-08-04 20:00:00 PDT,2025-08-05 03:00:00 UTC,19.5,20.64,20.13,19.64,18.81
2025-08-04 21:00:00 PDT,2025-08-05 04:00:00 UTC,18.3,20.17,19.91,19.6,18.92
2025-08-04 22:00:00 PDT,2025-08-05 05:00:00 UTC,17.8,19.7,19.64,19.49,18.98
2025-08-04 23:00:00 PDT,2025-08-05 06:00:00 UTC,17.8,19.32,19.38,19.34,18.99
2025-08-05 00:00:00 PDT,2025-08-05 07:00:00 UTC,17.7,18.99,19.14,19.19,18.97
2025-08-05 01:00:00 PDT,2025-08-05 08:00:00 UTC,16.5,18.5,18.81,18.99,18.93
2025-08-05 02:00:00 PDT,2025-08-05 09:00:00 UTC,16.4,18.08,18.49,18.77,18.87
2025-08-05 03:00:00 PDT,2025-08-05 10:00:00 UTC,16.4,17.74,18.21,18.55,18.78
2025-08-05 04:00:00 PDT,2025-08-05 11:00:00 UTC,16.1,17.41,17.93,18.34,18.68
2025-08-05 05:00:00 PDT,2025-08-05 12:00:00 UTC,15.9,17.11,17.68,18.13,18.57
2025-08-05 06:00:00 PDT,2025-08-05 13:00:00 UTC,15.8,16.85,17.44,17.92,18.45
2025-08-05 07:00:00 PDT,2025-08-05 14:00:00 UTC,15.9,16.66,17.25,17.74,18.33
2025-08-05 08:00:00 PDT,2025-08-05 15:00:00 UTC,17.0,16.73,17.2,17.62,18.22
2025-08-05 09:00:00 PDT,2025-08-05 16:00:00 UTC,17.6,16.9,17.24,17.57,18.12
2025-08-05 10:00:00 PDT,2025-08-05 17:00:00 UTC,18.25,17.17,17.36,17.59,18.04
2025-08-05 11:00:00 PDT,2025-08-05 18:00:00 UTC,18.9,17.52,17.56,17.66,18.0
2025-08-05 12:00:00 PDT,2025-08-05 19:00:00 UTC,19.7,17.95,17.82,17.79,17.98
2025-08-05 13:00:00 PDT,2025-08-05 20:00:00 UTC,21.0,18.56,18.21,17.99,18.0
2025-08-05 14:00:00 PDT,2025-08-05 21:00:00 UTC,21.3,19.11,18.6,18.25,18.06
2025-08-05 15:00:00 PDT,2025-08-05 22:00:00 UTC,21.0,19.49,18.92,18.49,18.15
2025-08-05 16:00:00 PDT,2025-08-05 23:00:00 UTC,19.6,19.51,19.05,18.67,18.26
2025-08-05 17:00:00 PDT,2025-08-06 00:00:00 UTC,20.4,19.69,19.21,18.82,18.36
2025-08-05 18:00:00 PDT,2025-08-06 01:00:00 UTC,19.4,19.63,19.26,18.92,18.45
2025-08-05 19:00:00 PDT,2025-08-06 02:00:00 UTC,18.6,19.42,19.19,18.95,18.53
2025-08-05 20:00:00 PDT,2025-08-06 03:00:00 UTC,16.9,18.92,18.93,18.87,18.58
2025-08-05 21:00:00 PDT,2025-08-06 04:00:00 UTC,17.7,18.68,18.75,18.77,18.6
2025-08-05 22:00:00 PDT,2025-08-06 05:00:00 UTC,18.0,18.54,18.63,18.67,18.59
2025-08-05 23:00:00 PDT,2025-08-06 06:00:00 UTC,18.1,18.45,18.55,18.6,18.56
2025-08-06 00:00:00 PDT,2025-08-06 07:00:00 UTC,17.6,18.28,18.43,18.52,18.54
2025-08-06 01:00:00 PDT,2025-08-06 08:00:00 UTC,17.4,18.11,18.29,18.43,18.5
2025-08-06 02:00:00 PDT,2025-08-06 09:00:00 UTC,17.1,17.9,18.15,18.33,18.46
2025-08-06 03:00:00 PDT,2025-08-06 10:00:00 UTC,17.2,17.76,18.02,18.22,18.41
2025-08-06 04:00:00 PDT,2025-08-06 11:00:00 UTC,16.7,17.61,17.9,18.12,18.36
2025-08-06 05:00:00 PDT,2025-08-06 12:00:00 UTC,16.9,17.47,17.78,18.02,18.3
2025-08-06 06:00:00 PDT,2025-08-06 13:00:00 UTC,16.7,17.36,17.67,17.93,18.24
2025-08-06 07:00:00 PDT,2025-08-06 14:00:00 UTC,16.4,17.23,17.57,17.85,18.19
2025-08-06 08:00:00 PDT,2025-08-06 15:00:00 UTC,16.6,17.14,17.47,17.76,18.13
2025-08-06 09:00:00 PDT,2025-08-06 16:00:00 UTC,16.8,17.07,17.4,17.68,18.07
2025-08-06 10:00:00 PDT,2025-08-06 17:00:00 UTC,17.1,17.08,17.36,17.62,18.01
2025-08-06 11:00:00 PDT,2025-08-06 18:00:00 UTC,18.5,17.36,17.48,17.63,17.96
2025-08-06 12:00:00 PDT,2025-08-06 19:00:00 UTC,20.0,17.89,17.77,17.74,17.94
2025-08-06 13:00:00 PDT,2025-08-06 20:00:00 UTC,19.9,18.29,18.05,17.9,17.95
2025-08-06 14:00:00 PDT,2025-08-06 21:00:00 UTC,21.1,18.85,18.42,18.12,17.99
2025-08-06 15:00:00 PDT,2025-08-06 22:00:00 UTC,21.8,19.44,18.83,18.39,18.06
2025-08-06 16:00:00 PDT,2025-08-06 23:00:00 UTC,20.8,19.71,19.11,18.63,18.17
2025-08-06 17:00:00 PDT,2025-08-07 00:00:00 UTC,21.1,19.99,19.36,18.85,18.29
2025-08-06 18:00:00 PDT,2025-08-07 01:00:00 UTC,21.5,20.29,19.62,19.06,18.41
2025-08-06 19:00:00 PDT,2025-08-07 02:00:00 UTC,20.8,20.39,19.77,19.23,18.54
2025-08-06 20:00:00 PDT,2025-08-07 03:00:00 UTC,19.5,20.22,19.76,19.33,18.65
2025-08-06 21:00:00 PDT,2025-08-07 04:00:00 UTC,18.2,19.81,19.58,19.31,18.74
2025-08-06 22:00:00 PDT,2025-08-07 05:00:00 UTC,17.6,19.37,19.33,19.22,18.8
2025-08-06 23:00:00 PDT,2025-08-07 06:00:00 UTC,17.5,19.0,19.08,19.08,18.81
2025-08-07 00:00:00 PDT,2025-08-07 07:00:00 UTC,17.2,18.64,18.83,18.92,18.79
2025-08-07 01:00:00 PDT,2025-08-07 08:00:00 UTC,16.9,18.29,18.57,18.75,18.75
2025-08-07 02:00:00 PDT,2025-08-07 09:00:00 UTC,16.5,17.93,18.3,18.56,18.69
2025-08-07 03:00:00 PDT,2025-08-07 10:00:00 UTC,16.4,17.63,18.05,18.37,18.61
2025-08-07 04:00:00 PDT,2025-08-07 11:00:00 UTC,16.0,17.3,17.79,18.18,18.52
2025-08-07 05:00:00 PDT,2025-08-07 12:00:00 UTC,15.9,17.02,17.55,17.98,18.42
2025-08-07 06:00:00 PDT,2025-08-07 13:00:00 UTC,15.7,16.76,17.33,17.79,18.31
2025-08-07 07:00:00 PDT,2025-08-07 14:00:00 UTC,16.0,16.6,17.16,17.63,18.2
2025-08-07 08:00:00 PDT,2025-08-07 15:00:00 UTC,17.6,16.8,17.18,17.54,18.09
2025-08-07 09:00:00 PDT,2025-08-07 16:00:00 UTC,18.2,17.08,17.3,17.54,18.01
2025-08-07 10:00:00 PDT,2025-08-07 17:00:00 UTC,18.7,17.41,17.48,17.6,17.96
2025-08-07 11:00:00 PDT,2025-08-07 18:00:00 UTC,19.2,17.77,17.7,17.71,17.93
2025-08-07 12:00:00 PDT,2025-08-07 19:00:00 UTC,19.7,18.15,17.95,17.85,17.94
2025-08-07 13:00:00 PDT,2025-08-07 20:00:00 UTC,20.1,18.54,18.23,18.02,17.98
2025-08-07 14:00:00 PDT,2025-08-07 21:00:00 UTC,20.1,18.85,18.48,18.21,18.03
2025-08-07 15:00:00 PDT,2025-08-07 22:00:00 UTC,19.9,19.06,18.67,18.37,18.11
2025-08-07 16:00:00 PDT,2025-08-07 23:00:00 UTC,20.5,19.35,18.9,18.54,18.19
2025-08-07 17:00:00 PDT,2025-08-08 00:00:00 UTC,20.9,19.66,19.14,18.72,18.28
2025-08-07 18:00:00 PDT,2025-08-08 01:00:00 UTC,20.6,19.85,19.32,18.89,18.37
2025-08-07 19:00:00 PDT,2025-08-08 02:00:00 UTC,20.2,19.92,19.44,19.02,18.47
2025-08-07 20:00:00 PDT,2025-08-08 03:00:00 UTC,19.3,19.79,19.43,19.09,18.56
2025-08-07 21:00:00 PDT,2025-08-08 04:00:00 UTC,17.9,19.42,19.26,19.07,18.63
2025-08-07 22:00:00 PDT,2025-08-08 05:00:00 UTC,16.5,18.83,18.94,18.94,18.67
2025-08-07 23:00:00 PDT,2025-08-08 06:00:00 UTC,17.2,18.51,18.69,18.78,18.66
2025-08-08 00:00:00 PDT,2025-08-08 07:00:00 UTC,16.7,18.14,18.43,18.61,18.63
2025-08-08 01:00:00 PDT,2025-08-08 08:00:00 UTC,15.2,17.56,18.04,18.38,18.57
2025-08-08 02:00:00 PDT,2025-08-08 09:00:00 UTC,14.5,16.94,17.61,18.1,18.48
2025-08-08 03:00:00 PDT,2025-08-08 10:00:00 UTC,13.9,16.34,17.15,17.78,18.36
2025-08-08 04:00:00 PDT,2025-08-08 11:00:00 UTC,13.3,15.73,16.68,17.44,18.2
2025-08-08 05:00:00 PDT,2025-08-08 12:00:00 UTC,12.8,15.14,16.21,17.08,18.03
2025-08-08 06:00:00 PDT,2025-08-08 13:00:00 UTC,13.2,14.75,15.84,16.75,17.84
2025-08-08 07:00:00 PDT,2025-08-08 14:00:00 UTC,14.5,14.7,15.65,16.49,17.64
2025-08-08 08:00:00 PDT,2025-08-08 15:00:00 UTC,15.8,14.92,15.66,16.36,17.46
2025-08-08 09:00:00 PDT,2025-08-08 16:00:00 UTC,17.8,15.5,15.91,16.37,17.32
2025-08-08 10:00:00 PDT,2025-08-08 17:00:00 UTC,19.0,16.2,16.3,16.51,17.23
2025-08-08 11:00:00 PDT,2025-08-08 18:00:00 UTC,19.6,16.88,16.73,16.74,17.21
2025-08-08 12:00:00 PDT,2025-08-08 19:00:00 UTC,20.8,17.66,17.25,17.04,17.24
2025-08-08 13:00:00 PDT,2025-08-08 20:00:00 UTC,21.1,18.35,17.76,17.38,17.32
2025-08-08 14:00:00 PDT,2025-08-08 21:00:00 UTC,21.4,18.96,18.25,17.73,17.44
2025-08-08 15:00:00 PDT,2025-08-08 22:00:00 UTC,20.7,19.31,18.6,18.04,17.59
2025-08-08 16:00:00 PDT,2025-08-08 23:00:00 UTC,20.8,19.61,18.89,18.31,17.74
2025-08-08 17:00:00 PDT,2025-08-09 00:00:00 UTC,19.5,19.59,19.01,18.5,17.9
2025-08-08 18:00:00 PDT,2025-08-09 01:00:00 UTC,19.8,19.63,19.1,18.64,18.03
2025-08-08 19:00:00 PDT,2025-08-09 02:00:00 UTC,19.6,19.62,19.16,18.74,18.15
2025-08-08 20:00:00 PDT,2025-08-09 03:00:00 UTC,19.6,19.62,19.2,18.82,18.25
2025-08-08 21:00:00 PDT,2025-08-09 04:00:00 UTC,17.7,19.23,19.04,18.81,18.33
2025-08-08 22:00:00 PDT,2025-08-09 05:00:00 UTC,16.3,18.65,18.72,18.69,18.38
2025-08-08 23:00:00 PDT,2025-08-09 06:00:00 UTC,17.0,18.32,18.48,18.54,18.38
2025-08-09 00:00:00 PDT,2025-08-09 07:00:00 UTC,17.2,18.09,18.29,18.4,18.36
2025-08-09 01:00:00 PDT,2025-08-09 08:00:00 UTC,16.2,17.72,18.03,18.24,18.31
2025-08-09 02:00:00 PDT,2025-08-09 09:00:00 UTC,15.6,17.29,17.73,18.04,18.25
2025-08-09 03:00:00 PDT,2025-08-09 10:00:00 UTC,15.3,16.89,17.42,17.83,18.17
2025-08-09 04:00:00 PDT,2025-08-09 11:00:00 UTC,15.1,16.54,17.13,17.61,18.07
2025-08-09 05:00:00 PDT,2025-08-09 12:00:00 UTC,14.5,16.13,16.82,17.37,17.96
2025-08-09 06:00:00 PDT,2025-08-09 13:00:00 UTC,14.2,15.74,16.5,17.13,17.83
2025-08-09 07:00:00 PDT,2025-08-09 14:00:00 UTC,15.6,15.71,16.37,16.94,17.7
2025-08-09 08:00:00 PDT,2025-08-09 15:00:00 UTC,17.3,16.03,16.45,16.87,17.58
2025-08-09 09:00:00 PDT,2025-08-09 16:00:00 UTC,18.7,16.56,16.71,16.93,17.49
2025-08-09 10:00:00 PDT,2025-08-09 17:00:00 UTC,19.1,17.07,17.02,17.07,17.45
2025-08-09 11:00:00 PDT,2025-08-09 18:00:00 UTC,19.8,17.62,17.38,17.27,17.45
2025-08-09 12:00:00 PDT,2025-08-09 19:00:00 UTC,20.4,18.17,17.77,17.51,17.5
2025-08-09 13:00:00 PDT,2025-08-09 20:00:00 UTC,21.0,18.74,18.18,17.78,17.58
2025-08-09 14:00:00 PDT,2025-08-09 21:00:00 UTC,21.4,19.27,18.59,18.08,17.68
2025-08-09 15:00:00 PDT,2025-08-09 22:00:00 UTC,21.9,19.8,19.0,18.39,17.82
2025-08-09 16:00:00 PDT,2025-08-09 23:00:00 UTC,23.6,20.56,19.54,18.75,17.97
2025-08-09 17:00:00 PDT,2025-08-10 00:00:00 UTC,21.9,20.83,19.87,19.07,18.15
2025-08-09 18:00:00 PDT,2025-08-10 01:00:00 UTC,21.8,21.02,20.11,19.33,18.34
2025-08-09 19:00:00 PDT,2025-08-10 02:00:00 UTC,21.5,21.12,20.28,19.54,18.52
2025-08-09 20:00:00 PDT,2025-08-10 03:00:00 UTC,21.2,21.13,20.38,19.69,18.67
2025-08-09 21:00:00 PDT,2025-08-10 04:00:00 UTC,20.8,21.07,20.41,19.8,18.81
2025-08-09 22:00:00 PDT,2025-08-10 05:00:00 UTC,20.4,20.93,20.39,19.85,18.93
2025-08-09 23:00:00 PDT,2025-08-10 06:00:00 UTC,20.0,20.75,20.31,19.86,19.02
2025-08-10 00:00:00 PDT,2025-08-10 07:00:00 UTC,19.2,20.44,20.15,19.82,19.09
2025-08-10 01:00:00 PDT,2025-08-10 08:00:00 UTC,17.7,19.89,19.84,19.69,19.13
2025-08-10 02:00:00 PDT,2025-08-10 09:00:00 UTC,17.3,19.37,19.5,19.5,19.13
2025-08-10 03:00:00 PDT,2025-08-10 10:00:00 UTC,17.1,18.92,19.17,19.29,19.09
2025-08-10 04:00:00 PDT,2025-08-10 11:00:00 UTC,16.4,18.41,18.8,19.05,19.02
2025-08-10 05:00:00 PDT,2025-08-10 12:00:00 UTC,16.4,18.01,18.48,18.8,18.93
2025-08-10 06:00:00 PDT,2025-08-10 13:00:00 UTC,15.2,17.45,18.07,18.52,18.82
2025-08-10 07:00:00 PDT,2025-08-10 14:00:00 UTC,18.1,17.58,17.99,18.34,18.7
2025-08-10 08:00:00 PDT,2025-08-10 15:00:00 UTC,20.6,18.18,18.24,18.34,18.59
2025-08-10 09:00:00 PDT,2025-08-10 16:00:00 UTC,21.1,18.77,18.57,18.47,18.53
2025-08-10 10:00:00 PDT,2025-08-10 17:00:00 UTC,21.5,19.31,18.92,18.66,18.53
2025-08-10 11:00:00 PDT,2025-08-10 18:00:00 UTC,23.0,20.05,19.4,18.93,18.57
2025-08-10 12:00:00 PDT,2025-08-10 19:00:00 UTC,23.8,20.8,19.93,19.27,18.66
2025-08-10 13:00:00 PDT,2025-08-10 20:00:00 UTC,24.4,21.52,20.47,19.65,18.8
2025-08-10 14:00:00 PDT,2025-08-10 21:00:00 UTC,24.7,22.16,20.99,20.04,18.97
2025-08-10 15:00:00 PDT,2025-08-10 22:00:00 UTC,26.2,22.97,21.59,20.47,19.17
2025-08-10 16:00:00 PDT,2025-08-10 23:00:00 UTC,26.2,23.61,22.14,20.91,19.4
2025-08-10 17:00:00 PDT,2025-08-11 00:00:00 UTC,25.8,24.05,22.57,21.31,19.64
2025-08-10 18:00:00 PDT,2025-08-11 01:00:00 UTC,25.8,24.4,22.94,21.66,19.89
2025-08-10 19:00:00 PDT,2025-08-11 02:00:00 UTC,25.1,24.54,23.18,21.95,20.14
2025-08-10 20:00:00 PDT,2025-08-11 03:00:00 UTC,23.8,24.39,23.23,22.13,20.36
2025-08-10 21:00:00 PDT,2025-08-11 04:00:00 UTC,22.6,24.03,23.12,22.2,20.55
2025-08-10 22:00:00 PDT,2025-08-11 05:00:00 UTC,22.1,23.65,22.94,22.18,20.69
2025-08-10 23:00:00 PDT,2025-08-11 06:00:00 UTC,21.5,23.22,22.7,22.1,20.79
2025-08-11 00:00:00 PDT,2025-08-11 07:00:00 UTC,21.1,22.79,22.43,21.98,20.84
2025-08-11 01:00:00 PDT,2025-08-11 08:00:00 UTC,20.1,22.26,22.09,21.8,20.86
2025-08-11 02:00:00 PDT,2025-08-11 09:00:00 UTC,19.8,21.76,21.74,21.58,20.84
2025-08-11 03:00:00 PDT,2025-08-11 10:00:00 UTC,19.6,21.33,21.41,21.36,20.79
2025-08-11 04:00:00 PDT,2025-08-11 11:00:00 UTC,19.4,20.95,21.1,21.13,20.72
2025-08-11 05:00:00 PDT,2025-08-11 12:00:00 UTC,19.2,20.6,20.81,20.91,20.63
2025-08-11 06:00:00 PDT,2025-08-11 13:00:00 UTC,18.9,20.26,20.53,20.69,20.53
2025-08-11 07:00:00 PDT,2025-08-11 14:00:00 UTC,19.2,20.05,20.32,20.49,20.43
2025-08-11 08:00:00 PDT,2025-08-11 15:00:00 UTC,19.9,20.02,20.21,20.35,20.32
2025-08-11 09:00:00 PDT,2025-08-11 16:00:00 UTC,20.8,20.17,20.23,20.28,20.23
2025-08-11 10:00:00 PDT,2025-08-11 17:00:00 UTC,21.0,20.34,20.3,20.27,20.16
2025-08-11 11:00:00 PDT,2025-08-11 18:00:00 UTC,21.8,20.63,20.45,20.31,20.11
2025-08-11 12:00:00 PDT,2025-08-11 19:00:00 UTC,22.5,21.0,20.67,20.41,20.1
2025-08-11 13:00:00 PDT,2025-08-11 20:00:00 UTC,22.9,21.38,20.92,20.55,20.11
2025-08-11 14:00:00 PDT,2025-08-11 21:00:00 UTC,23.9,21.89,21.25,20.75,20.15
2025-08-11 15:00:00 PDT,2025-08-11 22:00:00 UTC,24.2,22.35,21.59,20.98,20.23
2025-08-11 16:00:00 PDT,2025-08-11 23:00:00 UTC,24.4,22.76,21.92,21.22,20.32
2025-08-11 17:00:00 PDT,2025-08-12 00:00:00 UTC,23.9,22.99,22.15,21.43,20.44
2025-08-11 18:00:00 PDT,2025-08-12 01:00:00 UTC,24.1,23.21,22.37,21.62,20.56
2025-08-11 19:00:00 PDT,2025-08-12 02:00:00 UTC,23.5,23.27,22.49,21.77,20.68
2025-08-11 20:00:00 PDT,2025-08-12 03:00:00 UTC,22.9,23.19,22.52,21.87,20.79
2025-08-11 21:00:00 PDT,2025-08-12 04:00:00 UTC,21.6,22.88,22.39,21.88,20.88
2025-08-11 22:00:00 PDT,2025-08-12 05:00:00 UTC,20.9,22.48,22.18,21.81,20.94
2025-08-11 23:00:00 PDT,2025-08-12 06:00:00 UTC,21.0,22.18,21.98,21.71,20.97
2025-08-12 00:00:00 PDT,2025-08-12 07:00:00 UTC,20.5,21.85,21.75,21.58,20.97
2025-08-12 01:00:00 PDT,2025-08-12 08:00:00 UTC,19.9,21.46,21.49,21.42,20.94
2025-08-12 02:00:00 PDT,2025-08-12 09:00:00 UTC,19.6,21.09,21.22,21.23,20.89
2025-08-12 03:00:00 PDT,2025-08-12 10:00:00 UTC,19.5,20.77,20.96,21.05,20.83
2025-08-12 04:00:00 PDT,2025-08-12 11:00:00 UTC,18.8,20.38,20.67,20.84,20.75
2025-08-12 05:00:00 PDT,2025-08-12 12:00:00 UTC,18.9,20.08,20.42,20.64,20.65
2025-08-12 06:00:00 PDT,2025-08-12 13:00:00 UTC,18.5,19.76,20.16,20.43,20.55
2025-08-12 07:00:00 PDT,2025-08-12 14:00:00 UTC,18.9,19.59,19.97,20.25,20.43
2025-08-12 08:00:00 PDT,2025-08-12 15:00:00 UTC,20.1,19.69,19.94,20.14,20.33
2025-08-12 09:00:00 PDT,2025-08-12 16:00:00 UTC,21.0,19.95,20.03,20.12,20.24
2025-08-12 10:00:00 PDT,2025-08-12 17:00:00 UTC,21.8,20.32,20.22,20.17,20.18
2025-08-12 11:00:00 PDT,2025-08-12 18:00:00 UTC,22.5,20.76,20.48,20.29,20.15
2025-08-12 12:00:00 PDT,2025-08-12 19:00:00 UTC,23.3,21.27,20.81,20.47,20.16
2025-08-12 13:00:00 PDT,2025-08-12 20:00:00 UTC,23.8,21.77,21.16,20.69,20.21
2025-08-12 14:00:00 PDT,2025-08-12 21:00:00 UTC,24.9,22.4,21.6,20.96,20.29
2025-08-12 15:00:00 PDT,2025-08-12 22:00:00 UTC,25.7,23.06,22.08,21.29,20.4
2025-08-12 16:00:00 PDT,2025-08-12 23:00:00 UTC,26.3,23.71,22.57,21.64,20.55
2025-08-12 17:00:00 PDT,2025-08-13 00:00:00 UTC,26.6,24.29,23.04,22.01,20.72
2025-08-12 18:00:00 PDT,2025-08-13 01:00:00 UTC,24.6,24.35,23.26,22.28,20.91
2025-08-12 19:00:00 PDT,2025-08-13 02:00:00 UTC,23.4,24.16,23.27,22.44,21.09
2025-08-12 20:00:00 PDT,2025-08-13 03:00:00 UTC,21.4,23.61,23.05,22.44,21.24
2025-08-12 21:00:00 PDT,2025-08-13 04:00:00 UTC,20.4,22.97,22.7,22.32,21.32
2025-08-12 22:00:00 PDT,2025-08-13 05:00:00 UTC,19.9,22.35,22.3,22.12,21.35
2025-08-12 23:00:00 PDT,2025-08-13 06:00:00 UTC,20.2,21.92,21.98,21.9,21.33
2025-08-13 00:00:00 PDT,2025-08-13 07:00:00 UTC,19.1,21.36,21.58,21.66,21.28
2025-08-13 01:00:00 PDT,2025-08-13 08:00:00 UTC,18.4,20.77,21.15,21.37,21.2
2025-08-13 02:00:00 PDT,2025-08-13 09:00:00 UTC,18.4,20.29,20.77,21.08,21.09
2025-08-13 03:00:00 PDT,2025-08-13 10:00:00 UTC,18.6,19.95,20.45,20.81,20.96
2025-08-13 04:00:00 PDT,2025-08-13 11:00:00 UTC,16.9,19.34,20.02,20.51,20.81
2025-08-13 05:00:00 PDT,2025-08-13 12:00:00 UTC,17.3,18.93,19.65,20.2,20.65
2025-08-13 06:00:00 PDT,2025-08-13 13:00:00 UTC,17.2,18.59,19.33,19.92,20.49
2025-08-13 07:00:00 PDT,2025-08-13 14:00:00 UTC,17.7,18.41,19.1,19.68,20.31
2025-08-13 08:00:00 PDT,2025-08-13 15:00:00 UTC,19.0,18.53,19.06,19.53,20.15
2025-08-13 09:00:00 PDT,2025-08-13 16:00:00 UTC,19.0,18.62,19.05,19.44,20.01
2025-08-13 10:00:00 PDT,2025-08-13 17:00:00 UTC,19.5,18.8,19.1,19.41,19.9
2025-08-13 11:00:00 PDT,2025-08-13 18:00:00 UTC,19.8,19.0,19.19,19.41,19.82
2025-08-13 12:00:00 PDT,2025-08-13 19:00:00 UTC,21.3,19.46,19.44,19.49,19.77
2025-08-13 13:00:00 PDT,2025-08-13 20:00:00 UTC,21.1,19.79,19.66,19.61,19.74
2025-08-13 14:00:00 PDT,2025-08-13 21:00:00 UTC,23.3,20.49,20.08,19.82,19.75
2025-08-13 15:00:00 PDT,2025-08-13 22:00:00 UTC,22.2,20.83,20.38,20.04,19.8
2025-08-13 16:00:00 PDT,2025-08-13 23:00:00 UTC,21.9,21.05,20.59,20.23,19.88
2025-08-13 17:00:00 PDT,2025-08-14 00:00:00 UTC,21.9,21.22,20.76,20.38,19.96
2025-08-13 18:00:00 PDT,2025-08-14 01:00:00 UTC,21.5,21.27,20.86,20.5,20.04
2025-08-13 19:00:00 PDT,2025-08-14 02:00:00 UTC,20.9,21.2,20.87,20.57,20.11
2025-08-13 20:00:00 PDT,2025-08-14 03:00:00 UTC,19.8,20.92,20.76,20.56,20.17
2025-08-13 21:00:00 PDT,2025-08-14 04:00:00 UTC,18.9,20.51,20.53,20.48,20.2
2025-08-13 22:00:00 PDT,2025-08-14 05:00:00 UTC,18.6,20.13,20.28,20.35,20.19
2025-08-13 23:00:00 PDT,2025-08-14 06:00:00 UTC,18.1,19.73,20.0,20.18,20.16
2025-08-14 00:00:00 PDT,2025-08-14 07:00:00 UTC,17.7,19.32,19.71,19.98,20.1
2025-08-14 01:00:00 PDT,2025-08-14 08:00:00 UTC,17.3,18.92,19.4,19.76,20.02
2025-08-14 02:00:00 PDT,2025-08-14 09:00:00 UTC,16.6,18.45,19.06,19.52,19.92
2025-08-14 03:00:00 PDT,2025-08-14 10:00:00 UTC,16.3,18.02,18.72,19.26,19.8
2025-08-14 04:00:00 PDT,2025-08-14 11:00:00 UTC,15.2,17.46,18.3,18.97,19.66
2025-08-14 05:00:00 PDT,2025-08-14 12:00:00 UTC,14.5,16.87,17.85,18.64,19.5
2025-08-14 06:00:00 PDT,2025-08-14 13:00:00 UTC,15.4,16.57,17.53,18.34,19.32
2025-08-14 07:00:00 PDT,2025-08-14 14:00:00 UTC,15.2,16.3,17.26,18.08,19.13
2025-08-14 08:00:00 PDT,2025-08-14 15:00:00 UTC,16.0,16.24,17.1,17.87,18.95
2025-08-14 09:00:00 PDT,2025-08-14 16:00:00 UTC,16.8,16.35,17.07,17.74,18.79
2025-08-14 10:00:00 PDT,2025-08-14 17:00:00 UTC,18.9,16.86,17.28,17.74,18.66
2025-08-14 11:00:00 PDT,2025-08-14 18:00:00 UTC,19.2,17.33,17.54,17.83,18.57
2025-08-14 12:00:00 PDT,2025-08-14 19:00:00 UTC,20.2,17.9,17.89,18.0,18.53
2025-08-14 13:00:00 PDT,2025-08-14 20:00:00 UTC,20.0,18.32,18.2,18.19,18.53
2025-08-14 14:00:00 PDT,2025-08-14 21:00:00 UTC,20.5,18.76,18.51,18.39,18.57
2025-08-14 15:00:00 PDT,2025-08-14 22:00:00 UTC,20.3,19.07,18.77,18.59,18.63
2025-08-14 16:00:00 PDT,2025-08-14 23:00:00 UTC,19.9,19.23,18.95,18.76,18.7
2025-08-14 17:00:00 PDT,2025-08-15 00:00:00 UTC,19.3,19.25,19.03,18.87,18.77
2025-08-14 18:00:00 PDT,2025-08-15 01:00:00 UTC,19.1,19.22,19.07,18.94,18.84
2025-08-14 19:00:00 PDT,2025-08-15 02:00:00 UTC,18.6,19.09,19.03,18.97,18.89
2025-08-14 20:00:00 PDT,2025-08-15 03:00:00 UTC,17.2,18.71,18.84,18.91,18.92
2025-08-14 21:00:00 PDT,2025-08-15 04:00:00 UTC,15.2,18.01,18.44,18.73,18.92
2025-08-14 22:00:00 PDT,2025-08-15 05:00:00 UTC,15.1,17.43,18.04,18.49,18.88
2025-08-14 23:00:00 PDT,2025-08-15 06:00:00 UTC,15.4,17.02,17.7,18.24,18.79
2025-08-15 00:00:00 PDT,2025-08-15 07:00:00 UTC,16.0,16.82,17.47,18.02,18.68
2025-08-15 01:00:00 PDT,2025-08-15 08:00:00 UTC,15.3,16.52,17.22,17.82,18.56
2025-08-15 02:00:00 PDT,2025-08-15 09:00:00 UTC,15.3,16.27,17.0,17.62,18.44
2025-08-15 03:00:00 PDT,2025-08-15 10:00:00 UTC,15.2,16.12,16.83,17.45,18.32
2025-08-15 04:00:00 PDT,2025-08-15 11:00:00 UTC,15.2,15.99,16.69,17.3,18.2
2025-08-15 05:00:00 PDT,2025-08-15 12:00:00 UTC,15.0,15.85,16.54,17.17,18.08
2025-08-15 06:00:00 PDT,2025-08-15 13:00:00 UTC,15.5,15.78,16.44,17.05,17.97
2025-08-15 07:00:00 PDT,2025-08-15 14:00:00 UTC,16.3,15.89,16.44,16.97,17.87
2025-08-15 08:00:00 PDT,2025-08-15 15:00:00 UTC,16.7,16.05,16.5,16.95,17.79
2025-08-15 09:00:00 PDT,2025-08-15 16:00:00 UTC,16.9,16.22,16.58,16.96,17.72
2025-08-15 10:00:00 PDT,2025-08-15 17:00:00 UTC,17.0,16.38,16.67,16.99,17.68
2025-08-15 11:00:00 PDT,2025-08-15 18:00:00 UTC,17.2,16.49,16.75,17.03,17.65
2025-08-15 12:00:00 PDT,2025-08-15 19:00:00 UTC,17.5,16.69,16.87,17.09,17.63
2025-08-15 13:00:00 PDT,2025-08-15 20:00:00 UTC,17.4,16.79,16.95,17.14,17.63
2025-08-15 14:00:00 PDT,2025-08-15 21:00:00 UTC,17.8,16.99,17.08,17.21,17.63
2025-08-15 15:00:00 PDT,2025-08-15 22:00:00 UTC,17.9,17.12,17.18,17.29,17.64
2025-08-15 16:00:00 PDT,2025-08-15 23:00:00 UTC,18.0,17.24,17.28,17.36,17.66
2025-08-15 17:00:00 PDT,2025-08-16 00:00:00 UTC,18.1,17.36,17.38,17.43,17.69
2025-08-15 18:00:00 PDT,2025-08-16 01:00:00 UTC,18.1,17.47,17.46,17.5,17.71
2025-08-15 19:00:00 PDT,2025-08-16 02:00:00 UTC,18.0,17.57,17.55,17.57,17.74
2025-08-15 20:00:00 PDT,2025-08-16 03:00:00 UTC,17.9,17.64,17.62,17.63,17.77
2025-08-15 21:00:00 PDT,2025-08-16 04:00:00 UTC,17.8,17.67,17.66,17.68,17.81
2025-08-15 22:00:00 PDT,2025-08-16 05:00:00 UTC,17.9,17.72,17.71,17.72,17.83
2025-08-15 23:00:00 PDT,2025-08-16 06:00:00 UTC,17.4,17.65,17.69,17.74,17.86
2025-08-16 00:00:00 PDT,2025-08-16 07:00:00 UTC,16.7,17.46,17.6,17.71,17.88
2025-08-16 01:00:00 PDT,2025-08-16 08:00:00 UTC,17.2,17.41,17.55,17.68,17.88
2025-08-16 02:00:00 PDT,2025-08-16 09:00:00 UTC,16.4,17.21,17.44,17.63,17.87
2025-08-16 03:00:00 PDT,2025-08-16 10:00:00 UTC,16.4,17.05,17.32,17.55,17.86
2025-08-16 04:00:00 PDT,2025-08-16 11:00:00 UTC,16.2,16.88,17.2,17.47,17.83
2025-08-16 05:00:00 PDT,2025-08-16 12:00:00 UTC,15.8,16.66,17.04,17.37,17.79
2025-08-16 06:00:00 PDT,2025-08-16 13:00:00 UTC,15.9,16.51,16.91,17.26,17.74
2025-08-16 07:00:00 PDT,2025-08-16 14:00:00 UTC,15.9,16.39,16.8,17.17,17.68
2025-08-16 08:00:00 PDT,2025-08-16 15:00:00 UTC,16.2,16.35,16.74,17.09,17.63
2025-08-16 09:00:00 PDT,2025-08-16 16:00:00 UTC,16.0,16.28,16.67,17.02,17.57
2025-08-16 10:00:00 PDT,2025-08-16 17:00:00 UTC,16.9,16.4,16.7,16.99,17.52
2025-08-16 11:00:00 PDT,2025-08-16 18:00:00 UTC,18.0,16.72,16.86,17.03,17.48
2025-08-16 12:00:00 PDT,2025-08-16 19:00:00 UTC,20.4,17.46,17.26,17.21,17.47
2025-08-16 13:00:00 PDT,2025-08-16 20:00:00 UTC,20.2,18.01,17.65,17.44,17.51
2025-08-16 14:00:00 PDT,2025-08-16 21:00:00 UTC,21.9,18.79,18.17,17.75,17.59
2025-08-16 15:00:00 PDT,2025-08-16 22:00:00 UTC,20.6,19.15,18.52,18.05,17.7
2025-08-16 16:00:00 PDT,2025-08-16 23:00:00 UTC,21.2,19.56,18.87,18.32,17.84
2025-08-16 17:00:00 PDT,2025-08-17 00:00:00 UTC,21.3,19.91,19.18,18.59,17.99
2025-08-16 18:00:00 PDT,2025-08-17 01:00:00 UTC,20.6,20.05,19.37,18.81,18.14
2025-08-16 19:00:00 PDT,2025-08-17 02:00:00 UTC,19.7,19.98,19.44,18.95,18.28
2025-08-16 20:00:00 PDT,2025-08-17 03:00:00 UTC,19.0,19.78,19.39,19.01,18.4
2025-08-16 21:00:00 PDT,2025-08-17 04:00:00 UTC,18.7,19.56,19.3,19.02,18.49
2025-08-16 22:00:00 PDT,2025-08-17 05:00:00 UTC,18.4,19.33,19.17,18.98,18.55
2025-08-16 23:00:00 PDT,2025-08-17 06:00:00 UTC,17.9,19.05,19.01,18.91,18.59
2025-08-17 00:00:00 PDT,2025-08-17 07:00:00 UTC,17.1,18.66,18.77,18.79,18.6
2025-08-17 01:00:00 PDT,2025-08-17 08:00:00 UTC,17.1,18.35,18.54,18.65,18.59
2025-08-17 02:00:00 PDT,2025-08-17 09:00:00 UTC,15.8,17.84,18.21,18.46,18.55
2025-08-17 03:00:00 PDT,2025-08-17 10:00:00 UTC,15.0,17.27,17.82,18.21,18.48
2025-08-17 04:00:00 PDT,2025-08-17 11:00:00 UTC,15.2,16.86,17.48,17.96,18.38
2025-08-17 05:00:00 PDT,2025-08-17 12:00:00 UTC,16.0,16.68,17.27,17.75,18.27
2025-08-17 06:00:00 PDT,2025-08-17 13:00:00 UTC,15.8,16.51,17.08,17.57,18.15
2025-08-17 07:00:00 PDT,2025-08-17 14:00:00 UTC,15.8,16.37,16.93,17.42,18.04
2025-08-17 08:00:00 PDT,2025-08-17 15:00:00 UTC,16.2,16.33,16.84,17.3,17.94
2025-08-17 09:00:00 PDT,2025-08-17 16:00:00 UTC,16.8,16.43,16.84,17.23,17.84
2025-08-17 10:00:00 PDT,2025-08-17 17:00:00 UTC,17.5,16.64,16.92,17.21,17.77
2025-08-17 11:00:00 PDT,2025-08-17 18:00:00 UTC,18.1,16.93,17.07,17.26,17.72
2025-08-17 12:00:00 PDT,2025-08-17 19:00:00 UTC,19.6,17.47,17.38,17.39,17.69
2025-08-17 13:00:00 PDT,2025-08-17 20:00:00 UTC,20.0,17.97,17.71,17.58,17.71
2025-08-17 14:00:00 PDT,2025-08-17 21:00:00 UTC,20.6,18.5,18.08,17.81,17.76
2025-08-17 15:00:00 PDT,2025-08-17 22:00:00 UTC,20.6,18.92,18.42,18.06,17.84
2025-08-17 16:00:00 PDT,2025-08-17 23:00:00 UTC,19.7,19.07,18.62,18.26,17.94
2025-08-17 17:00:00 PDT,2025-08-18 00:00:00 UTC,19.6,19.18,18.76,18.41,18.05
2025-08-17 18:00:00 PDT,2025-08-18 01:00:00 UTC,20.0,19.34,18.91,18.55,18.14
2025-08-17 19:00:00 PDT,2025-08-18 02:00:00 UTC,19.1,19.3,18.95,18.64,18.23
2025-08-17 20:00:00 PDT,2025-08-18 03:00:00 UTC,18.2,19.08,18.88,18.67,18.31
2025-08-17 21:00:00 PDT,2025-08-18 04:00:00 UTC,17.0,18.66,18.67,18.61,18.36
2025-08-17 22:00:00 PDT,2025-08-18 05:00:00 UTC,17.1,18.35,18.46,18.5,18.38
2025-08-17 23:00:00 PDT,2025-08-18 06:00:00 UTC,17.6,18.2,18.33,18.4,18.37
2025-08-18 00:00:00 PDT,2025-08-18 07:00:00 UTC,16.7,17.9,18.13,18.29,18.35
2025-08-18 01:00:00 PDT,2025-08-18 08:00:00 UTC,17.3,17.78,18.01,18.18,18.31
2025-08-18 02:00:00 PDT,2025-08-18 09:00:00 UTC,16.5,17.52,17.83,18.06,18.27
2025-08-18 03:00:00 PDT,2025-08-18 10:00:00 UTC,16.4,17.3,17.65,17.93,18.21
2025-08-18 04:00:00 PDT,2025-08-18 11:00:00 UTC,15.5,16.94,17.41,17.77,18.15
2025-08-18 05:00:00 PDT,2025-08-18 12:00:00 UTC,15.5,16.65,17.17,17.6,18.07
2025-08-18 06:00:00 PDT,2025-08-18 13:00:00 UTC,15.5,16.42,16.97,17.43,17.98
2025-08-18 07:00:00 PDT,2025-08-18 14:00:00 UTC,16.1,16.36,16.86,17.29,17.88
2025-08-18 08:00:00 PDT,2025-08-18 15:00:00 UTC,16.6,16.41,16.82,17.21,17.79
2025-08-18 09:00:00 PDT,2025-08-18 16:00:00 UTC,16.6,16.44,16.81,17.16,17.72
2025-08-18 10:00:00 PDT,2025-08-18 17:00:00 UTC,17.6,16.68,16.91,17.16,17.66
2025-08-18 11:00:00 PDT,2025-08-18 18:00:00 UTC,19.5,17.24,17.2,17.26,17.62
2025-08-18 12:00:00 PDT,2025-08-18 19:00:00 UTC,19.2,17.63,17.48,17.42,17.62
2025-08-18 13:00:00 PDT,2025-08-18 20:00:00 UTC,20.7,18.25,17.87,17.64,17.66
2025-08-18 14:00:00 PDT,2025-08-18 21:00:00 UTC,21.4,18.88,18.31,17.92,17.73
2025-08-18 15:00:00 PDT,2025-08-18 22:00:00 UTC,23.0,19.7,18.88,18.27,17.84
2025-08-18 16:00:00 PDT,2025-08-18 23:00:00 UTC,21.5,20.06,19.25,18.6,17.99
2025-08-18 17:00:00 PDT,2025-08-19 00:00:00 UTC,21.1,20.27,19.5,18.86,18.15
2025-08-18 18:00:00 PDT,2025-08-19 01:00:00 UTC,21.4,20.5,19.74,19.09,18.31
2025-08-18 19:00:00 PDT,2025-08-19 02:00:00 UTC,20.8,20.56,19.87,19.27,18.46
2025-08-18 20:00:00 PDT,2025-08-19 03:00:00 UTC,19.9,20.42,19.88,19.37,18.59
2025-08-18 21:00:00 PDT,2025-08-19 04:00:00 UTC,19.1,20.16,19.79,19.4,18.7
2025-08-18 22:00:00 PDT,2025-08-19 05:00:00 UTC,18.2,19.77,19.59,19.35,18.78
2025-08-18 23:00:00 PDT,2025-08-19 06:00:00 UTC,17.9,19.39,19.36,19.24,18.82
2025-08-19 00:00:00 PDT,2025-08-19 07:00:00 UTC,17.7,19.06,19.13,19.11,18.83
2025-08-19 01:00:00 PDT,2025-08-19 08:00:00 UTC,16.7,18.58,18.82,18.94,18.81
2025-08-19 02:00:00 PDT,2025-08-19 09:00:00 UTC,17.1,18.29,18.57,18.76,18.76
2025-08-19 03:00:00 PDT,2025-08-19 10:00:00 UTC,15.9,17.81,18.24,18.55,18.7
2025-08-19 04:00:00 PDT,2025-08-19 11:00:00 UTC,16.3,17.51,17.98,18.34,18.61
2025-08-19 05:00:00 PDT,2025-08-19 12:00:00 UTC,16.1,17.23,17.74,18.14,18.51
2025-08-19 06:00:00 PDT,2025-08-19 13:00:00 UTC,16.4,17.06,17.56,17.96,18.41
2025-08-19 07:00:00 PDT,2025-08-19 14:00:00 UTC,16.6,16.97,17.43,17.82,18.3
2025-08-19 08:00:00 PDT,2025-08-19 15:00:00 UTC,17.3,17.04,17.4,17.74,18.21
2025-08-19 09:00:00 PDT,2025-08-19 16:00:00 UTC,17.4,17.11,17.4,17.69,18.13
2025-08-19 10:00:00 PDT,2025-08-19 17:00:00 UTC,18.8,17.45,17.56,17.71,18.07
2025-08-19 11:00:00 PDT,2025-08-19 18:00:00 UTC,18.7,17.7,17.71,17.78,18.04
2025-08-19 12:00:00 PDT,2025-08-19 19:00:00 UTC,19.7,18.1,17.96,17.9,18.03
2025-08-19 13:00:00 PDT,2025-08-19 20:00:00 UTC,20.8,18.64,18.3,18.08,18.05
2025-08-19 14:00:00 PDT,2025-08-19 21:00:00 UTC,20.6,19.03,18.6,18.29,18.11
2025-08-19 15:00:00 PDT,2025-08-19 22:00:00 UTC,21.5,19.52,18.96,18.53,18.19
2025-08-19 16:00:00 PDT,2025-08-19 23:00:00 UTC,20.3,19.68,19.16,18.73,18.29
2025-08-19 17:00:00 PDT,2025-08-20 00:00:00 UTC,19.6,19.66,19.24,18.86,18.4
2025-08-19 18:00:00 PDT,2025-08-20 01:00:00 UTC,19.3,19.59,19.25,18.94,18.49
2025-08-19 19:00:00 PDT,2025-08-20 02:00:00 UTC,18.9,19.45,19.21,18.97,18.56
2025-08-19 20:00:00 PDT,2025-08-20 03:00:00 UTC,17.6,19.08,19.03,18.92,18.61
2025-08-19 21:00:00 PDT,2025-08-20 04:00:00 UTC,17.7,18.81,18.85,18.83,18.63
2025-08-19 22:00:00 PDT,2025-08-20 05:00:00 UTC,18.7,18.78,18.79,18.77,18.63
2025-08-19 23:00:00 PDT,2025-08-20 06:00:00 UTC,17.6,18.55,18.65,18.69,18.62
2025-08-20 00:00:00 PDT,2025-08-20 07:00:00 UTC,16.3,18.1,18.38,18.55,18.6
2025-08-20 01:00:00 PDT,2025-08-20 08:00:00 UTC,16.1,17.7,18.09,18.37,18.55
2025-08-20 02:00:00 PDT,2025-08-20 09:00:00 UTC,15.1,17.18,17.73,18.14,18.48
2025-08-20 03:00:00 PDT,2025-08-20 10:00:00 UTC,15.7,16.88,17.46,17.92,18.38
2025-08-20 04:00:00 PDT,2025-08-20 11:00:00 UTC,15.8,16.67,17.25,17.73,18.27
2025-08-20 05:00:00 PDT,2025-08-20 12:00:00 UTC,15.8,16.49,17.07,17.56,18.16
2025-08-20 06:00:00 PDT,2025-08-20 13:00:00 UTC,13.9,15.97,16.72,17.34,18.04
2025-08-20 07:00:00 PDT,2025-08-20 14:00:00 UTC,14.9,15.76,16.5,17.12,17.92
2025-08-20 08:00:00 PDT,2025-08-20 15:00:00 UTC,16.6,15.93,16.48,17.0,17.79
2025-08-20 09:00:00 PDT,2025-08-20 16:00:00 UTC,17.6,16.26,16.61,16.98,17.68
2025-08-20 10:00:00 PDT,2025-08-20 17:00:00 UTC,17.6,16.53,16.76,17.02,17.61
2025-08-20 11:00:00 PDT,2025-08-20 18:00:00 UTC,18.6,16.94,16.99,17.12,17.57
2025-08-20 12:00:00 PDT,2025-08-20 19:00:00 UTC,19.6,17.48,17.32,17.29,17.57
2025-08-20 13:00:00 PDT,2025-08-20 20:00:00 UTC,19.0,17.78,17.57,17.47,17.6
2025-08-20 14:00:00 PDT,2025-08-20 21:00:00 UTC,19.0,18.02,17.78,17.63,17.65
2025-08-20 15:00:00 PDT,2025-08-20 22:00:00 UTC,19.2,18.26,17.98,17.78,17.72
2025-08-20 16:00:00 PDT,2025-08-20 23:00:00 UTC,19.5,18.51,18.18,17.94,17.79
2025-08-20 17:00:00 PDT,2025-08-21 00:00:00 UTC,19.1,18.63,18.31,18.07,17.86
2025-08-20 18:00:00 PDT,2025-08-21 01:00:00 UTC,18.9,18.68,18.4,18.17,17.94
2025-08-20 19:00:00 PDT,2025-08-21 02:00:00 UTC,18.3,18.6,18.41,18.23,18.01
2025-08-20 20:00:00 PDT,2025-08-21 03:00:00 UTC,18.2,18.52,18.39,18.26,18.06
2025-08-20 21:00:00 PDT,2025-08-21 04:00:00 UTC,16.7,18.16,18.21,18.21,18.1
2025-08-20 22:00:00 PDT,2025-08-21 05:00:00 UTC,15.7,17.67,17.92,18.08,18.11
2025-08-20 23:00:00 PDT,2025-08-21 06:00:00 UTC,14.1,16.95,17.48,17.85,18.08
2025-08-21 00:00:00 PDT,2025-08-21 07:00:00 UTC,15.2,16.6,17.17,17.61,18.01
2025-08-21 01:00:00 PDT,2025-08-21 08:00:00 UTC,15.5,16.38,16.95,17.41,17.91
2025-08-21 02:00:00 PDT,2025-08-21 09:00:00 UTC,14.6,16.03,16.67,17.2,17.81
2025-08-21 03:00:00 PDT,2025-08-21 10:00:00 UTC,12.7,15.36,16.23,16.93,17.7
2025-08-21 04:00:00 PDT,2025-08-21 11:00:00 UTC,13.3,14.95,15.87,16.64,17.56
2025-08-21 05:00:00 PDT,2025-08-21 12:00:00 UTC,13.7,14.7,15.61,16.39,17.4
2025-08-21 06:00:00 PDT,2025-08-21 13:00:00 UTC,12.3,14.22,15.25,16.12,17.25
2025-08-21 07:00:00 PDT,2025-08-21 14:00:00 UTC,13.4,14.06,15.03,15.88,17.08
2025-08-21 08:00:00 PDT,2025-08-21 15:00:00 UTC,16.5,14.54,15.17,15.8,16.92
2025-08-21 09:00:00 PDT,2025-08-21 16:00:00 UTC,17.6,15.16,15.47,15.87,16.81
2025-08-21 10:00:00 PDT,2025-08-21 17:00:00 UTC,18.8,15.88,15.9,16.06,16.75
2025-08-21 11:00:00 PDT,2025-08-21 18:00:00 UTC,19.3,16.57,16.36,16.32,16.76
2025-08-21 12:00:00 PDT,2025-08-21 19:00:00 UTC,19.7,17.19,16.81,16.61,16.81
2025-08-21 13:00:00 PDT,2025-08-21 20:00:00 UTC,20.4,17.84,17.29,16.93,16.9
2025-08-21 14:00:00 PDT,2025-08-21 21:00:00 UTC,20.5,18.37,17.72,17.26,17.03
2025-08-21 15:00:00 PDT,2025-08-21 22:00:00 UTC,21.2,18.93,18.17,17.6,17.18
2025-08-21 16:00:00 PDT,2025-08-21 23:00:00 UTC,21.2,19.39,18.57,17.93,17.34
2025-08-21 17:00:00 PDT,2025-08-22 00:00:00 UTC,20.7,19.65,18.86,18.21,17.52
2025-08-21 18:00:00 PDT,2025-08-22 01:00:00 UTC,20.8,19.88,19.11,18.45,17.7
2025-08-21 19:00:00 PDT,2025-08-22 02:00:00 UTC,19.2,19.74,19.15,18.61,17.86
2025-08-21 20:00:00 PDT,2025-08-22 03:00:00 UTC,18.8,19.56,19.11,18.68,18.0
2025-08-21 21:00:00 PDT,2025-08-22 04:00:00 UTC,18.2,19.28,19.0,18.69,18.1
2025-08-21 22:00:00 PDT,2025-08-22 05:00:00 UTC,18.1,19.05,18.87,18.65,18.17
2025-08-21 23:00:00 PDT,2025-08-22 06:00:00 UTC,15.9,18.42,18.52,18.52,18.21
2025-08-22 00:00:00 PDT,2025-08-22 07:00:00 UTC,15.2,17.77,18.11,18.29,18.21
2025-08-22 01:00:00 PDT,2025-08-22 08:00:00 UTC,14.8,17.18,17.69,18.03,18.16
2025-08-22 02:00:00 PDT,2025-08-22 09:00:00 UTC,15.9,16.92,17.42,17.79,18.07
2025-08-22 03:00:00 PDT,2025-08-22 10:00:00 UTC,15.5,16.64,17.17,17.58,17.98
2025-08-22 04:00:00 PDT,2025-08-22 11:00:00 UTC,14.2,16.15,16.82,17.35,17.87
2025-08-22 05:00:00 PDT,2025-08-22 12:00:00 UTC,13.5,15.62,16.43,17.07,17.75
2025-08-22 06:00:00 PDT,2025-08-22 13:00:00 UTC,13.5,15.2,16.07,16.79,17.61
2025-08-22 07:00:00 PDT,2025-08-22 14:00:00 UTC,16.3,15.42,16.04,16.62,17.46
2025-08-22 08:00:00 PDT,2025-08-22 15:00:00 UTC,17.7,15.87,16.22,16.61,17.33
2025-08-22 09:00:00 PDT,2025-08-22 16:00:00 UTC,18.7,16.44,16.53,16.7,17.25
2025-08-22 10:00:00 PDT,2025-08-22 17:00:00 UTC,19.7,17.09,16.92,16.9,17.23
2025-08-22 11:00:00 PDT,2025-08-22 18:00:00 UTC,20.0,17.67,17.33,17.14,17.26
2025-08-22 12:00:00 PDT,2025-08-22 19:00:00 UTC,20.8,18.3,17.77,17.42,17.32
2025-08-22 13:00:00 PDT,2025-08-22 20:00:00 UTC,21.4,18.92,18.24,17.74,17.43
2025-08-22 14:00:00 PDT,2025-08-22 21:00:00 UTC,22.6,19.65,18.77,18.11,17.56
2025-08-22 15:00:00 PDT,2025-08-22 22:00:00 UTC,22.3,20.18,19.23,18.47,17.73
2025-08-22 16:00:00 PDT,2025-08-22 23:00:00 UTC,22.1,20.57,19.6,18.8,17.92
2025-08-22 17:00:00 PDT,2025-08-23 00:00:00 UTC,22.1,20.87,19.91,19.09,18.11
2025-08-22 18:00:00 PDT,2025-08-23 01:00:00 UTC,21.3,20.96,20.09,19.32,18.3
2025-08-22 19:00:00 PDT,2025-08-23 02:00:00 UTC,20.7,20.91,20.16,19.48,18.47
2025-08-22 20:00:00 PDT,2025-08-23 03:00:00 UTC,19.5,20.63,20.08,19.54,18.61
2025-08-22 21:00:00 PDT,2025-08-23 04:00:00 UTC,17.9,20.08,19.82,19.49,18.72
2025-08-22 22:00:00 PDT,2025-08-23 05:00:00 UTC,17.4,19.54,19.5,19.35,18.78
2025-08-22 23:00:00 PDT,2025-08-23 06:00:00 UTC,17.6,19.16,19.22,19.18,18.79
2025-08-23 00:00:00 PDT,2025-08-23 07:00:00 UTC,17.1,18.74,18.93,19.0,18.77
2025-08-23 01:00:00 PDT,2025-08-23 08:00:00 UTC,16.6,18.32,18.62,18.79,18.72
2025-08-23 02:00:00 PDT,2025-08-23 09:00:00 UTC,17.1,18.07,18.39,18.6,18.65
2025-08-23 03:00:00 PDT,2025-08-23 10:00:00 UTC,15.9,17.64,18.08,18.39,18.57
2025-08-23 04:00:00 PDT,2025-08-23 11:00:00 UTC,16.1,17.33,17.82,18.18,18.48
2025-08-23 05:00:00 PDT,2025-08-23 12:00:00 UTC,16.8,17.22,17.66,18.02,18.37
2025-08-23 06:00:00 PDT,2025-08-23 13:00:00 UTC,16.1,17.0,17.47,17.86,18.27
2025-08-23 07:00:00 PDT,2025-08-23 14:00:00 UTC,17.2,17.04,17.41,17.75,18.17
2025-08-23 08:00:00 PDT,2025-08-23 15:00:00 UTC,18.4,17.31,17.51,17.72,18.09
2025-08-23 09:00:00 PDT,2025-08-23 16:00:00 UTC,19.0,17.65,17.68,17.77,18.04
2025-08-23 10:00:00 PDT,2025-08-23 17:00:00 UTC,20.4,18.2,18.0,17.91,18.01
2025-08-23 11:00:00 PDT,2025-08-23 18:00:00 UTC,20.8,18.72,18.35,18.11,18.03
2025-08-23 12:00:00 PDT,2025-08-23 19:00:00 UTC,21.4,19.26,18.73,18.35,18.09
2025-08-23 13:00:00 PDT,2025-08-23 20:00:00 UTC,22.2,19.84,19.15,18.63,18.18
2025-08-23 14:00:00 PDT,2025-08-23 21:00:00 UTC,23.3,20.54,19.65,18.96,18.3
2025-08-23 15:00:00 PDT,2025-08-23 22:00:00 UTC,23.3,21.09,20.1,19.3,18.45
2025-08-23 16:00:00 PDT,2025-08-23 23:00:00 UTC,23.1,21.49,20.47,19.63,18.63
2025-08-23 17:00:00 PDT,2025-08-24 00:00:00 UTC,22.6,21.71,20.74,19.9,18.81
2025-08-23 18:00:00 PDT,2025-08-24 01:00:00 UTC,22.1,21.79,20.9,20.11,18.99
2025-08-23 19:00:00 PDT,2025-08-24 02:00:00 UTC,21.1,21.65,20.92,20.23,19.15
2025-08-23 20:00:00 PDT,2025-08-24 03:00:00 UTC,19.6,21.24,20.76,20.25,19.28
2025-08-23 21:00:00 PDT,2025-08-24 04:00:00 UTC,19.0,20.79,20.52,20.18,19.36
2025-08-23 22:00:00 PDT,2025-08-24 05:00:00 UTC,16.8,19.99,20.06,19.98,19.41
2025-08-23 23:00:00 PDT,2025-08-24 06:00:00 UTC,18.5,19.7,19.79,19.78,19.39
2025-08-24 00:00:00 PDT,2025-08-24 07:00:00 UTC,18.1,19.38,19.54,19.6,19.35
2025-08-24 01:00:00 PDT,2025-08-24 08:00:00 UTC,17.2,18.94,19.23,19.4,19.29
2025-08-24 02:00:00 PDT,2025-08-24 09:00:00 UTC,17.4,18.63,18.97,19.19,19.21
2025-08-24 03:00:00 PDT,2025-08-24 10:00:00 UTC,17.0,18.31,18.7,18.99,19.12
2025-08-24 04:00:00 PDT,2025-08-24 11:00:00 UTC,16.6,17.97,18.43,18.78,19.03
2025-08-24 05:00:00 PDT,2025-08-24 12:00:00 UTC,17.0,17.77,18.23,18.59,18.92
2025-08-24 06:00:00 PDT,2025-08-24 13:00:00 UTC,16.5,17.52,18.01,18.41,18.81
2025-08-24 07:00:00 PDT,2025-08-24 14:00:00 UTC,17.0,17.41,17.87,18.26,18.7
2025-08-24 08:00:00 PDT,2025-08-24 15:00:00 UTC,18.2,17.57,17.89,18.18,18.6
2025-08-24 09:00:00 PDT,2025-08-24 16:00:00 UTC,19.2,17.9,18.03,18.19,18.52
2025-08-24 10:00:00 PDT,2025-08-24 17:00:00 UTC,20.0,18.32,18.26,18.27,18.47
2025-08-24 11:00:00 PDT,2025-08-24 18:00:00 UTC,20.7,18.79,18.55,18.42,18.46
2025-08-24 12:00:00 PDT,2025-08-24 19:00:00 UTC,21.7,19.38,18.93,18.63,18.49
2025-08-24 13:00:00 PDT,2025-08-24 20:00:00 UTC,23.1,20.12,19.43,18.93,18.55
2025-08-24 14:00:00 PDT,2025-08-24 21:00:00 UTC,23.0,20.7,19.88,19.25,18.66
2025-08-24 15:00:00 PDT,2025-08-24 22:00:00 UTC,23.4,21.24,20.31,19.58,18.8
2025-08-24 16:00:00 PDT,2025-08-24 23:00:00 UTC,23.3,21.65,20.68,19.89,18.96
2025-08-24 17:00:00 PDT,2025-08-25 00:00:00 UTC,23.2,21.96,20.99,20.17,19.13
2025-08-24 18:00:00 PDT,2025-08-25 01:00:00 UTC,23.0,22.17,21.23,20.41,19.3
2025-08-24 19:00:00 PDT,2025-08-25 02:00:00 UTC,22.0,22.13,21.32,20.58,19.47
2025-08-24 20:00:00 PDT,2025-08-25 03:00:00 UTC,20.2,21.75,21.19,20.63,19.61
2025-08-24 21:00:00 PDT,2025-08-25 04:00:00 UTC,21.0,21.6,21.12,20.63,19.71
2025-08-24 22:00:00 PDT,2025-08-25 05:00:00 UTC,21.1,21.5,21.07,20.63,19.78
2025-08-24 23:00:00 PDT,2025-08-25 06:00:00 UTC,20.0,21.2,20.91,20.58,19.84
2025-08-25 00:00:00 PDT,2025-08-25 07:00:00 UTC,19.8,20.92,20.74,20.5,19.87
2025-08-25 01:00:00 PDT,2025-08-25 08:00:00 UTC,17.8,20.3,20.38,20.33,19.87
2025-08-25 02:00:00 PDT,2025-08-25 09:00:00 UTC,16.6,19.56,19.9,20.06,19.83
2025-08-25 03:00:00 PDT,2025-08-25 10:00:00 UTC,16.9,19.02,19.48,19.77,19.76
2025-08-25 04:00:00 PDT,2025-08-25 11:00:00 UTC,15.9,18.4,19.02,19.46,19.64
2025-08-25 05:00:00 PDT,2025-08-25 12:00:00 UTC,14.9,17.7,18.51,19.1,19.5
2025-08-25 06:00:00 PDT,2025-08-25 13:00:00 UTC,16.4,17.44,18.19,18.79,19.34
2025-08-25 07:00:00 PDT,2025-08-25 14:00:00 UTC,16.8,17.31,17.99,18.55,19.17
2025-08-25 08:00:00 PDT,2025-08-25 15:00:00 UTC,18.3,17.51,17.98,18.42,19.01
2025-08-25 09:00:00 PDT,2025-08-25 16:00:00 UTC,19.1,17.83,18.1,18.39,18.89
2025-08-25 10:00:00 PDT,2025-08-25 17:00:00 UTC,19.9,18.24,18.31,18.45,18.81
2025-08-25 11:00:00 PDT,2025-08-25 18:00:00 UTC,20.7,18.73,18.61,18.57,18.77
2025-08-25 12:00:00 PDT,2025-08-25 19:00:00 UTC,21.2,19.23,18.93,18.76,18.77
2025-08-25 13:00:00 PDT,2025-08-25 20:00:00 UTC,21.7,19.72,19.28,18.97,18.81
2025-08-25 14:00:00 PDT,2025-08-25 21:00:00 UTC,23.6,20.5,19.79,19.27,18.88
2025-08-25 15:00:00 PDT,2025-08-25 22:00:00 UTC,23.3,21.06,20.23,19.59,18.99
2025-08-25 16:00:00 PDT,2025-08-25 23:00:00 UTC,23.5,21.55,20.64,19.91,19.13
2025-08-25 17:00:00 PDT,2025-08-26 00:00:00 UTC,23.2,21.88,20.96,20.2,19.29
2025-08-25 18:00:00 PDT,2025-08-26 01:00:00 UTC,22.0,21.9,21.11,20.41,19.45
2025-08-25 19:00:00 PDT,2025-08-26 02:00:00 UTC,20.8,21.68,21.08,20.51,19.59
2025-08-25 20:00:00 PDT,2025-08-26 03:00:00 UTC,20.0,21.35,20.95,20.52,19.7
2025-08-25 21:00:00 PDT,2025-08-26 04:00:00 UTC,19.1,20.9,20.71,20.44,19.78
2025-08-25 22:00:00 PDT,2025-08-26 05:00:00 UTC,19.7,20.66,20.53,20.35,19.81
2025-08-25 23:00:00 PDT,2025-08-26 06:00:00 UTC,18.3,20.19,20.24,20.2,19.81
2025-08-26 00:00:00 PDT,2025-08-26 07:00:00 UTC,16.0,19.35,19.74,19.94,19.78
2025-08-26 01:00:00 PDT,2025-08-26 08:00:00 UTC,17.5,18.98,19.4,19.68,19.71
2025-08-26 02:00:00 PDT,2025-08-26 09:00:00 UTC,16.6,18.5,19.03,19.41,19.61
2025-08-26 03:00:00 PDT,2025-08-26 10:00:00 UTC,15.7,17.94,18.62,19.12,19.49
2025-08-26 04:00:00 PDT,2025-08-26 11:00:00 UTC,16.1,17.57,18.28,18.84,19.34
2025-08-26 05:00:00 PDT,2025-08-26 12:00:00 UTC,15.4,17.14,17.93,18.55,19.19
2025-08-26 06:00:00 PDT,2025-08-26 13:00:00 UTC,16.4,16.99,17.71,18.32,19.03
2025-08-26 07:00:00 PDT,2025-08-26 14:00:00 UTC,16.1,16.81,17.52,18.12,18.88
2025-08-26 08:00:00 PDT,2025-08-26 15:00:00 UTC,18.7,17.19,17.62,18.04,18.74
2025-08-26 09:00:00 PDT,2025-08-26 16:00:00 UTC,19.8,17.71,17.87,18.09,18.63
2025-08-26 10:00:00 PDT,2025-08-26 17:00:00 UTC,19.9,18.15,18.14,18.21,18.58
2025-08-26 11:00:00 PDT,2025-08-26 18:00:00 UTC,20.8,18.68,18.47,18.39,18.57
2025-08-26 12:00:00 PDT,2025-08-26 19:00:00 UTC,21.9,19.32,18.9,18.63,18.6
2025-08-26 13:00:00 PDT,2025-08-26 20:00:00 UTC,22.2,19.9,19.32,18.91,18.67
2025-08-26 14:00:00 PDT,2025-08-26 21:00:00 UTC,22.4,20.4,19.72,19.2,18.77
2025-08-26 15:00:00 PDT,2025-08-26 22:00:00 UTC,23.5,21.02,20.17,19.52,18.89
2025-08-26 16:00:00 PDT,2025-08-26 23:00:00 UTC,24.0,21.62,20.64,19.86,19.05
2025-08-26 17:00:00 PDT,2025-08-27 00:00:00 UTC,22.9,21.87,20.94,20.16,19.22
2025-08-26 18:00:00 PDT,2025-08-27 01:00:00 UTC,22.9,22.08,21.18,20.4,19.39
2025-08-26 19:00:00 PDT,2025-08-27 02:00:00 UTC,21.4,21.94,21.22,20.56,19.56
2025-08-26 20:00:00 PDT,2025-08-27 03:00:00 UTC,20.3,21.61,21.11,20.6,19.69
2025-08-26 21:00:00 PDT,2025-08-27 04:00:00 UTC,20.9,21.47,21.04,20.61,19.79
2025-08-26 22:00:00 PDT,2025-08-27 05:00:00 UTC,18.9,20.96,20.78,20.53,19.85
2025-08-26 23:00:00 PDT,2025-08-27 06:00:00 UTC,19.5,20.67,20.58,20.41,19.88
2025-08-27 00:00:00 PDT,2025-08-27 07:00:00 UTC,19.2,20.37,20.37,20.29,19.88
2025-08-27 01:00:00 PDT,2025-08-27 08:00:00 UTC,17.6,19.82,20.02,20.1,19.86
2025-08-27 02:00:00 PDT,2025-08-27 09:00:00 UTC,17.2,19.29,19.65,19.87,19.8
2025-08-27 03:00:00 PDT,2025-08-27 10:00:00 UTC,16.0,18.64,19.2,19.58,19.72
2025-08-27 04:00:00 PDT,2025-08-27 11:00:00 UTC,15.8,18.07,18.76,19.26,19.6
2025-08-27 05:00:00 PDT,2025-08-27 12:00:00 UTC,16.6,17.77,18.45,18.98,19.46
2025-08-27 06:00:00 PDT,2025-08-27 13:00:00 UTC,16.4,17.5,18.18,18.74,19.31
2025-08-27 07:00:00 PDT,2025-08-27 14:00:00 UTC,16.9,17.38,18.0,18.54,19.16
2025-08-27 08:00:00 PDT,2025-08-27 15:00:00 UTC,17.7,17.44,17.95,18.4,19.02
2025-08-27 09:00:00 PDT,2025-08-27 16:00:00 UTC,19.6,17.88,18.12,18.39,18.91
2025-08-27 10:00:00 PDT,2025-08-27 17:00:00 UTC,20.0,18.3,18.35,18.47,18.84
2025-08-27 11:00:00 PDT,2025-08-27 18:00:00 UTC,21.1,18.86,18.68,18.62,18.81
2025-08-27 12:00:00 PDT,2025-08-27 19:00:00 UTC,20.1,19.11,18.9,18.78,18.82
2025-08-27 13:00:00 PDT,2025-08-27 20:00:00 UTC,20.9,19.47,19.15,18.94,18.85
2025-08-27 14:00:00 PDT,2025-08-27 21:00:00 UTC,21.9,19.95,19.48,19.15,18.91
2025-08-27 15:00:00 PDT,2025-08-27 22:00:00 UTC,23.5,20.66,19.95,19.43,18.99
2025-08-27 16:00:00 PDT,2025-08-27 23:00:00 UTC,26.0,21.73,20.65,19.84,19.11
2025-08-27 17:00:00 PDT,2025-08-28 00:00:00 UTC,26.2,22.62,21.33,20.31,19.29
2025-08-27 18:00:00 PDT,2025-08-28 01:00:00 UTC,25.9,23.28,21.9,20.77,19.51
2025-08-27 19:00:00 PDT,2025-08-28 02:00:00 UTC,23.3,23.28,22.12,21.1,19.75
2025-08-27 20:00:00 PDT,2025-08-28 03:00:00 UTC,22.8,23.19,22.21,21.31,19.96
2025-08-27 21:00:00 PDT,2025-08-28 04:00:00 UTC,20.3,22.61,22.0,21.35,20.14
2025-08-27 22:00:00 PDT,2025-08-28 05:00:00 UTC,19.8,22.05,21.7,21.27,20.26
2025-08-27 23:00:00 PDT,2025-08-28 06:00:00 UTC,20.1,21.66,21.44,21.14,20.33
2025-08-28 00:00:00 PDT,2025-08-28 07:00:00 UTC,20.9,21.51,21.3,21.04,20.35
2025-08-28 01:00:00 PDT,2025-08-28 08:00:00 UTC,19.9,21.19,21.09,20.92,20.36
2025-08-28 02:00:00 PDT,2025-08-28 09:00:00 UTC,19.8,20.91,20.89,20.79,20.34
2025-08-28 03:00:00 PDT,2025-08-28 10:00:00 UTC,19.3,20.59,20.66,20.65,20.31
2025-08-28 04:00:00 PDT,2025-08-28 11:00:00 UTC,18.7,20.21,20.39,20.47,20.26
2025-08-28 05:00:00 PDT,2025-08-28 12:00:00 UTC,18.5,19.87,20.13,20.28,20.2
2025-08-28 06:00:00 PDT,2025-08-28 13:00:00 UTC,18.2,19.53,19.87,20.09,20.12
2025-08-28 07:00:00 PDT,2025-08-28 14:00:00 UTC,18.3,19.29,19.65,19.9,20.02
2025-08-28 08:00:00 PDT,2025-08-28 15:00:00 UTC,18.8,19.19,19.51,19.75,19.93
2025-08-28 09:00:00 PDT,2025-08-28 16:00:00 UTC,19.1,19.17,19.43,19.65,19.84
2025-08-28 10:00:00 PDT,2025-08-28 17:00:00 UTC,18.7,19.08,19.34,19.55,19.76
2025-08-28 11:00:00 PDT,2025-08-28 18:00:00 UTC,19.2,19.1,19.31,19.48,19.68
2025-08-28 12:00:00 PDT,2025-08-28 19:00:00 UTC,20.6,19.4,19.43,19.49,19.62
2025-08-28 13:00:00 PDT,2025-08-28 20:00:00 UTC,21.2,19.76,19.63,19.56,19.59
2025-08-28 14:00:00 PDT,2025-08-28 21:00:00 UTC,20.9,19.99,19.79,19.66,19.58
2025-08-28 15:00:00 PDT,2025-08-28 22:00:00 UTC,21.5,20.29,20.0,19.78,19.6
2025-08-28 16:00:00 PDT,2025-08-28 23:00:00 UTC,22.9,20.81,20.33,19.96,19.63
2025-08-28 17:00:00 PDT,2025-08-29 00:00:00 UTC,23.2,21.29,20.67,20.19,19.7
2025-08-28 18:00:00 PDT,2025-08-29 01:00:00 UTC,21.8,21.39,20.84,20.37,19.79
2025-08-28 19:00:00 PDT,2025-08-29 02:00:00 UTC,21.6,21.43,20.94,20.49,19.88
2025-08-28 20:00:00 PDT,2025-08-29 03:00:00 UTC,19.1,20.97,20.75,20.5,19.96
2025-08-28 21:00:00 PDT,2025-08-29 04:00:00 UTC,18.9,20.55,20.52,20.41,20.01
2025-08-28 22:00:00 PDT,2025-08-29 05:00:00 UTC,18.6,20.16,20.26,20.27,20.01
2025-08-28 23:00:00 PDT,2025-08-29 06:00:00 UTC,19.2,19.97,20.09,20.14,19.99
2025-08-29 00:00:00 PDT,2025-08-29 07:00:00 UTC,19.0,19.78,19.93,20.02,19.95
2025-08-29 01:00:00 PDT,2025-08-29 08:00:00 UTC,18.9,19.6,19.78,19.9,19.9
2025-08-29 02:00:00 PDT,2025-08-29 09:00:00 UTC,18.7,19.42,19.64,19.79,19.84
2025-08-29 03:00:00 PDT,2025-08-29 10:00:00 UTC,18.5,19.24,19.49,19.67,19.78
2025-08-29 04:00:00 PDT,2025-08-29 11:00:00 UTC,17.6,18.91,19.26,19.53,19.72
2025-08-29 05:00:00 PDT,2025-08-29 12:00:00 UTC,17.4,18.61,19.03,19.36,19.64
2025-08-29 06:00:00 PDT,2025-08-29 13:00:00 UTC,17.7,18.43,18.85,19.2,19.55
2025-08-29 07:00:00 PDT,2025-08-29 14:00:00 UTC,17.5,18.24,18.69,19.05,19.46
2025-08-29 08:00:00 PDT,2025-08-29 15:00:00 UTC,18.9,18.37,18.68,18.97,19.37
2025-08-29 09:00:00 PDT,2025-08-29 16:00:00 UTC,20.3,18.76,18.85,18.99,19.3
2025-08-29 10:00:00 PDT,2025-08-29 17:00:00 UTC,21.0,19.21,19.11,19.09,19.26
2025-08-29 11:00:00 PDT,2025-08-29 18:00:00 UTC,20.8,19.53,19.33,19.22,19.25
2025-08-29 12:00:00 PDT,2025-08-29 19:00:00 UTC,21.2,19.86,19.57,19.37,19.28
2025-08-29 13:00:00 PDT,2025-08-29 20:00:00 UTC,21.4,20.17,19.8,19.53,19.32
2025-08-29 14:00:00 PDT,2025-08-29 21:00:00 UTC,22.1,20.55,20.08,19.71,19.38
2025-08-29 15:00:00 PDT,2025-08-29 22:00:00 UTC,21.1,20.66,20.23,19.87,19.46
2025-08-29 16:00:00 PDT,2025-08-29 23:00:00 UTC,23.8,21.29,20.62,20.09,19.55
2025-08-29 17:00:00 PDT,2025-08-30 00:00:00 UTC,23.2,21.67,20.93,20.33,19.65
2025-08-29 18:00:00 PDT,2025-08-30 01:00:00 UTC,24.9,22.32,21.38,20.63,19.78
2025-08-29 19:00:00 PDT,2025-08-30 02:00:00 UTC,21.9,22.23,21.5,20.84,19.93
2025-08-29 20:00:00 PDT,2025-08-30 03:00:00 UTC,19.3,21.65,21.28,20.86,20.06
2025-08-29 21:00:00 PDT,2025-08-30 04:00:00 UTC,18.1,20.94,20.89,20.73,20.14
2025-08-29 22:00:00 PDT,2025-08-30 05:00:00 UTC,17.6,20.27,20.47,20.51,20.15
2025-08-29 23:00:00 PDT,2025-08-30 06:00:00 UTC,17.9,19.8,20.1,20.27,20.12
2025-08-30 00:00:00 PDT,2025-08-30 07:00:00 UTC,17.4,19.32,19.74,20.02,20.05
2025-08-30 01:00:00 PDT,2025-08-30 08:00:00 UTC,17.3,18.91,19.41,19.77,19.95
2025-08-30 02:00:00 PDT,2025-08-30 09:00:00 UTC,16.8,18.49,19.07,19.51,19.84
2025-08-30 03:00:00 PDT,2025-08-30 10:00:00 UTC,16.1,18.01,18.7,19.24,19.71
2025-08-30 04:00:00 PDT,2025-08-30 11:00:00 UTC,15.9,17.59,18.35,18.96,19.57
2025-08-30 05:00:00 PDT,2025-08-30 12:00:00 UTC,15.3,17.13,17.98,18.67,19.42
2025-08-30 06:00:00 PDT,2025-08-30 13:00:00 UTC,16.2,16.95,17.75,18.43,19.25
2025-08-30 07:00:00 PDT,2025-08-30 14:00:00 UTC,15.6,16.68,17.5,18.2,19.09
2025-08-30 08:00:00 PDT,2025-08-30 15:00:00 UTC,16.9,16.72,17.41,18.04,18.93
2025-08-30 09:00:00 PDT,2025-08-30 16:00:00 UTC,17.9,16.96,17.47,17.97,18.8
2025-08-30 10:00:00 PDT,2025-08-30 17:00:00 UTC,18.9,17.35,17.64,17.99,18.69
2025-08-30 11:00:00 PDT,2025-08-30 18:00:00 UTC,20.0,17.88,17.94,18.1,18.63
2025-08-30 12:00:00 PDT,2025-08-30 19:00:00 UTC,20.2,18.34,18.25,18.26,18.61
2025-08-30 13:00:00 PDT,2025-08-30 20:00:00 UTC,19.9,18.65,18.49,18.43,18.63
2025-08-30 14:00:00 PDT,2025-08-30 21:00:00 UTC,19.9,18.9,18.7,18.58,18.66
2025-08-30 15:00:00 PDT,2025-08-30 22:00:00 UTC,19.6,19.04,18.84,18.71,18.72
2025-08-30 16:00:00 PDT,2025-08-30 23:00:00 UTC,19.1,19.05,18.91,18.8,18.77
2025-08-30 17:00:00 PDT,2025-08-31 00:00:00 UTC,19.1,19.06,18.95,18.86,18.82
2025-08-30 18:00:00 PDT,2025-08-31 01:00:00 UTC,20.2,19.29,19.09,18.95,18.86
2025-08-30 19:00:00 PDT,2025-08-31 02:00:00 UTC,19.4,19.31,19.15,19.02,18.9
2025-08-30 20:00:00 PDT,2025-08-31 03:00:00 UTC,18.7,19.19,19.12,19.04,18.94
2025-08-30 21:00:00 PDT,2025-08-31 04:00:00 UTC,17.8,18.91,18.98,19.0,18.97
2025-08-30 22:00:00 PDT,2025-08-31 05:00:00 UTC,16.6,18.45,18.71,18.89,18.97
2025-08-30 23:00:00 PDT,2025-08-31 06:00:00 UTC,17.1,18.18,18.5,18.74,18.94
2025-08-31 00:00:00 PDT,2025-08-31 07:00:00 UTC,16.7,17.88,18.28,18.59,18.89
2025-08-31 01:00:00 PDT,2025-08-31 08:00:00 UTC,16.3,17.57,18.05,18.43,18.83
2025-08-31 02:00:00 PDT,2025-08-31 09:00:00 UTC,16.1,17.27,17.81,18.25,18.75
2025-08-31 03:00:00 PDT,2025-08-31 10:00:00 UTC,15.2,16.86,17.51,18.05,18.65
2025-08-31 04:00:00 PDT,2025-08-31 11:00:00 UTC,15.4,16.57,17.26,17.84,18.54
2025-08-31 05:00:00 PDT,2025-08-31 12:00:00 UTC,14.9,16.23,16.99,17.63,18.43
2025-08-31 06:00:00 PDT,2025-08-31 13:00:00 UTC,15.0,15.99,16.76,17.42,18.3
2025-08-31 07:00:00 PDT,2025-08-31 14:00:00 UTC,16.4,16.07,16.7,17.29,18.17
2025-08-31 08:00:00 PDT,2025-08-31 15:00:00 UTC,17.4,16.34,16.79,17.25,18.06
2025-08-31 09:00:00 PDT,2025-08-31 16:00:00 UTC,18.4,16.75,16.99,17.29,17.98
2025-08-31 10:00:00 PDT,2025-08-31 17:00:00 UTC,20.3,17.46,17.39,17.46,17.94
2025-08-31 11:00:00 PDT,2025-08-31 18:00:00 UTC,20.5,18.07,17.8,17.7,17.95
2025-08-31 12:00:00 PDT,2025-08-31 19:00:00 UTC,20.6,18.57,18.19,17.95,18.01
2025-08-31 13:00:00 PDT,2025-08-31 20:00:00 UTC,19.4,18.74,18.4,18.16,18.1
2025-08-31 14:00:00 PDT,2025-08-31 21:00:00 UTC,21.0,19.19,18.72,18.38,18.19
2025-08-31 15:00:00 PDT,2025-08-31 22:00:00 UTC,21.2,19.59,19.04,18.62,18.29
2025-08-31 16:00:00 PDT,2025-08-31 23:00:00 UTC,23.0,20.27,19.5,18.92,18.42
2025-08-31 17:00:00 PDT,2025-09-01 00:00:00 UTC,21.6,20.54,19.8,19.19,18.56
2025-08-31 18:00:00 PDT,2025-09-01 01:00:00 UTC,19.9,20.41,19.86,19.36,18.71
2025-08-31 19:00:00 PDT,2025-09-01 02:00:00 UTC,19.8,20.29,19.86,19.45,18.84
2025-08-31 20:00:00 PDT,2025-09-01 03:00:00 UTC,20.0,20.23,19.86,19.5,18.94
2025-08-31 21:00:00 PDT,2025-09-01 04:00:00 UTC,18.9,19.97,19.75,19.5,19.02
2025-08-31 22:00:00 PDT,2025-09-01 05:00:00 UTC,18.8,19.73,19.61,19.46,19.07
2025-08-31 23:00:00 PDT,2025-09-01 06:00:00 UTC,18.8,19.55,19.49,19.4,19.1
2025-09-01 00:00:00 PDT,2025-09-01 07:00:00 UTC,19.2,19.48,19.42,19.35,19.11
2025-09-01 01:00:00 PDT,2025-09-01 08:00:00 UTC,18.8,19.34,19.33,19.29,19.11
2025-09-01 02:00:00 PDT,2025-09-01 09:00:00 UTC,17.8,19.03,19.15,19.2,19.1
2025-09-01 03:00:00 PDT,2025-09-01 10:00:00 UTC,17.5,18.73,18.94,19.07,19.08
2025-09-01 04:00:00 PDT,2025-09-01 11:00:00 UTC,17.4,18.46,18.74,18.94,19.03
2025-09-01 05:00:00 PDT,2025-09-01 12:00:00 UTC,16.2,18.01,18.44,18.75,18.98
2025-09-01 06:00:00 PDT,2025-09-01 13:00:00 UTC,15.3,17.47,18.07,18.52,18.9
2025-09-01 07:00:00 PDT,2025-09-01 14:00:00 UTC,15.8,17.13,17.77,18.28,18.79
2025-09-01 08:00:00 PDT,2025-09-01 15:00:00 UTC,16.2,16.95,17.56,18.08,18.67
2025-09-01 09:00:00 PDT,2025-09-01 16:00:00 UTC,17.3,17.02,17.51,17.95,18.56
2025-09-01 10:00:00 PDT,2025-09-01 17:00:00 UTC,18.2,17.25,17.58,17.9,18.46
2025-09-01 11:00:00 PDT,2025-09-01 18:00:00 UTC,18.1,17.42,17.66,17.91,18.39
2025-09-01 12:00:00 PDT,2025-09-01 19:00:00 UTC,19.3,17.8,17.85,17.97,18.34
2025-09-01 13:00:00 PDT,2025-09-01 20:00:00 UTC,20.1,18.26,18.13,18.11,18.32
2025-09-01 14:00:00 PDT,2025-09-01 21:00:00 UTC,21.3,18.87,18.52,18.31,18.35
2025-09-01 15:00:00 PDT,2025-09-01 22:00:00 UTC,21.2,19.33,18.87,18.55,18.4
2025-09-01 16:00:00 PDT,2025-09-01 23:00:00 UTC,21.4,19.75,19.2,18.8,18.49
2025-09-01 17:00:00 PDT,2025-09-02 00:00:00 UTC,21.4,20.08,19.49,19.03,18.6
2025-09-01 18:00:00 PDT,2025-09-02 01:00:00 UTC,21.5,20.36,19.75,19.25,18.72
2025-09-01 19:00:00 PDT,2025-09-02 02:00:00 UTC,20.1,20.31,19.82,19.39,18.83
2025-09-01 20:00:00 PDT,2025-09-02 03:00:00 UTC,18.3,19.91,19.68,19.42,18.94
2025-09-01 21:00:00 PDT,2025-09-02 04:00:00 UTC,17.0,19.33,19.37,19.32,19.0
2025-09-01 22:00:00 PDT,2025-09-02 05:00:00 UTC,16.8,18.82,19.04,19.15,19.01
2025-09-01 23:00:00 PDT,2025-09-02 06:00:00 UTC,16.5,18.36,18.71,18.94,18.99
2025-09-02 00:00:00 PDT,2025-09-02 07:00:00 UTC,16.3,17.95,18.4,18.72,18.93
2025-09-02 01:00:00 PDT,2025-09-02 08:00:00 UTC,15.6,17.48,18.05,18.49,18.84
2025-09-02 02:00:00 PDT,2025-09-02 09:00:00 UTC,15.9,17.16,17.77,18.26,18.74
2025-09-02 03:00:00 PDT,2025-09-02 10:00:00 UTC,16.3,16.99,17.57,18.06,18.62
2025-09-02 04:00:00 PDT,2025-09-02 11:00:00 UTC,15.5,16.69,17.33,17.87,18.51
2025-09-02 05:00:00 PDT,2025-09-02 12:00:00 UTC,15.5,16.45,17.12,17.68,18.39
2025-09-02 06:00:00 PDT,2025-09-02 13:00:00 UTC,15.0,16.16,16.88,17.49,18.27
2025-09-02 07:00:00 PDT,2025-09-02 14:00:00 UTC,15.2,15.97,16.68,17.31,18.15
2025-09-02 08:00:00 PDT,2025-09-02 15:00:00 UTC,16.9,16.16,16.69,17.21,18.02
2025-09-02 09:00:00 PDT,2025-09-02 16:00:00 UTC,17.1,16.34,16.76,17.18,17.93
2025-09-02 10:00:00 PDT,2025-09-02 17:00:00 UTC,18.2,16.72,16.94,17.22,17.85
2025-09-02 11:00:00 PDT,2025-09-02 18:00:00 UTC,18.8,17.13,17.19,17.33,17.82
2025-09-02 12:00:00 PDT,2025-09-02 19:00:00 UTC,19.3,17.57,17.47,17.48,17.81
2025-09-02 13:00:00 PDT,2025-09-02 20:00:00 UTC,19.7,17.99,17.77,17.67,17.84
2025-09-02 14:00:00 PDT,2025-09-02 21:00:00 UTC,20.3,18.45,18.1,17.88,17.9
2025-09-02 15:00:00 PDT,2025-09-02 22:00:00 UTC,20.9,18.94,18.46,18.13,17.98
2025-09-02 16:00:00 PDT,2025-09-02 23:00:00 UTC,20.5,19.25,18.75,18.36,18.08
2025-09-02 17:00:00 PDT,2025-09-03 00:00:00 UTC,21.0,19.6,19.03,18.59,18.19
2025-09-02 18:00:00 PDT,2025-09-03 01:00:00 UTC,20.5,19.78,19.24,18.79,18.31
2025-09-02 19:00:00 PDT,2025-09-03 02:00:00 UTC,20.0,19.83,19.35,18.94,18.43
2025-09-02 20:00:00 PDT,2025-09-03 03:00:00 UTC,19.3,19.72,19.36,19.02,18.54
2025-09-02 21:00:00 PDT,2025-09-03 04:00:00 UTC,18.7,19.52,19.28,19.04,18.62
2025-09-02 22:00:00 PDT,2025-09-03 05:00:00 UTC,18.6,19.33,19.19,19.03,18.68
2025-09-02 23:00:00 PDT,2025-09-03 06:00:00 UTC,17.9,19.05,19.03,18.97,18.72
2025-09-03 00:00:00 PDT,2025-09-03 07:00:00 UTC,18.3,18.9,18.92,18.9,18.73
2025-09-03 01:00:00 PDT,2025-09-03 08:00:00 UTC,17.4,18.6,18.73,18.8,18.73
2025-09-03 02:00:00 PDT,2025-09-03 09:00:00 UTC,16.9,18.26,18.51,18.67,18.71
2025-09-03 03:00:00 PDT,2025-09-03 10:00:00 UTC,16.3,17.87,18.24,18.5,18.66
2025-09-03 04:00:00 PDT,2025-09-03 11:00:00 UTC,16.0,17.49,17.96,18.31,18.6
2025-09-03 05:00:00 PDT,2025-09-03 12:00:00 UTC,15.6,17.11,17.67,18.1,18.52
2025-09-03 06:00:00 PDT,2025-09-03 13:00:00 UTC,16.7,17.03,17.52,17.93,18.42
2025-09-03 07:00:00 PDT,2025-09-03 14:00:00 UTC,16.6,16.95,17.41,17.81,18.32
2025-09-03 08:00:00 PDT,2025-09-03 15:00:00 UTC,18.8,17.32,17.54,17.78,18.24
2025-09-03 09:00:00 PDT,2025-09-03 16:00:00 UTC,20.0,17.85,17.82,17.88,18.19
2025-09-03 10:00:00 PDT,2025-09-03 17:00:00 UTC,20.5,18.38,18.15,18.05,18.18
2025-09-03 11:00:00 PDT,2025-09-03 18:00:00 UTC,21.6,19.03,18.58,18.29,18.21
2025-09-03 12:00:00 PDT,2025-09-03 19:00:00 UTC,22.1,19.64,19.02,18.57,18.29
2025-09-03 13:00:00 PDT,2025-09-03 20:00:00 UTC,22.9,20.29,19.5,18.9,18.4
2025-09-03 14:00:00 PDT,2025-09-03 21:00:00 UTC,22.6,20.75,19.9,19.22,18.54
2025-09-03 15:00:00 PDT,2025-09-03 22:00:00 UTC,23.0,21.2,20.28,19.53,18.7
2025-09-03 16:00:00 PDT,2025-09-03 23:00:00 UTC,23.0,21.56,20.62,19.82,18.88
2025-09-03 17:00:00 PDT,2025-09-04 00:00:00 UTC,22.7,21.79,20.87,20.08,19.05
2025-09-03 18:00:00 PDT,2025-09-04 01:00:00 UTC,21.6,21.75,20.97,20.26,19.22
2025-09-03 19:00:00 PDT,2025-09-04 02:00:00 UTC,21.0,21.6,20.96,20.35,19.37
2025-09-03 20:00:00 PDT,2025-09-04 03:00:00 UTC,20.7,21.42,20.91,20.39,19.49
2025-09-03 21:00:00 PDT,2025-09-04 04:00:00 UTC,20.1,21.16,20.78,20.38,19.58
2025-09-03 22:00:00 PDT,2025-09-04 05:00:00 UTC,19.8,20.89,20.63,20.33,19.64
2025-09-03 23:00:00 PDT,2025-09-04 06:00:00 UTC,19.4,20.59,20.45,20.24,19.67
2025-09-04 00:00:00 PDT,2025-09-04 07:00:00 UTC,18.3,20.13,20.17,20.1,19.68
2025-09-04 01:00:00 PDT,2025-09-04 08:00:00 UTC,17.1,19.52,19.78,19.89,19.66
2025-09-04 02:00:00 PDT,2025-09-04 09:00:00 UTC,16.6,18.94,19.36,19.62,19.6
2025-09-04 03:00:00 PDT,2025-09-04 10:00:00 UTC,16.2,18.39,18.95,19.34,19.5
2025-09-04 04:00:00 PDT,2025-09-04 11:00:00 UTC,15.7,17.85,18.53,19.03,19.38
2025-09-04 05:00:00 PDT,2025-09-04 12:00:00 UTC,15.5,17.38,18.14,18.72,19.24
2025-09-04 06:00:00 PDT,2025-09-04 13:00:00 UTC,15.4,16.99,17.79,18.43,19.08
2025-09-04 07:00:00 PDT,2025-09-04 14:00:00 UTC,16.1,16.81,17.56,18.19,18.92
2025-09-04 08:00:00 PDT,2025-09-04 15:00:00 UTC,16.4,16.73,17.41,18.0,18.76
2025-09-04 09:00:00 PDT,2025-09-04 16:00:00 UTC,17.2,16.82,17.37,17.88,18.62
2025-09-04 10:00:00 PDT,2025-09-04 17:00:00 UTC,18.1,17.08,17.45,17.84,18.5
2025-09-04 11:00:00 PDT,2025-09-04 18:00:00 UTC,19.3,17.52,17.68,17.89,18.42
2025-09-04 12:00:00 PDT,2025-09-04 19:00:00 UTC,18.9,17.8,17.86,17.98,18.37
2025-09-04 13:00:00 PDT,2025-09-04 20:00:00 UTC,19.9,18.22,18.12,18.11,18.36
2025-09-04 14:00:00 PDT,2025-09-04 21:00:00 UTC,20.2,18.61,18.39,18.28,18.38
2025-09-04 15:00:00 PDT,2025-09-04 22:00:00 UTC,20.0,18.89,18.62,18.44,18.42
2025-09-04 16:00:00 PDT,2025-09-04 23:00:00 UTC,20.0,19.11,18.81,18.6,18.48
2025-09-04 17:00:00 PDT,2025-09-05 00:00:00 UTC,19.8,19.25,18.96,18.73,18.54
2025-09-04 18:00:00 PDT,2025-09-05 01:00:00 UTC,19.7,19.34,19.06,18.83,18.61
2025-09-04 19:00:00 PDT,2025-09-05 02:00:00 UTC,19.4,19.35,19.12,18.91,18.67
2025-09-04 20:00:00 PDT,2025-09-05 03:00:00 UTC,17.4,18.96,18.95,18.89,18.73
2025-09-04 21:00:00 PDT,2025-09-05 04:00:00 UTC,17.6,18.69,18.78,18.82,18.75
2025-09-04 22:00:00 PDT,2025-09-05 05:00:00 UTC,17.4,18.43,18.61,18.72,18.75
2025-09-04 23:00:00 PDT,2025-09-05 06:00:00 UTC,17.3,18.21,18.44,18.61,18.72
2025-09-05 00:00:00 PDT,2025-09-05 07:00:00 UTC,17.1,17.98,18.27,18.49,18.68
2025-09-05 01:00:00 PDT,2025-09-05 08:00:00 UTC,17.1,17.81,18.12,18.38,18.63
2025-09-05 02:00:00 PDT,2025-09-05 09:00:00 UTC,16.5,17.55,17.93,18.24,18.58
2025-09-05 03:00:00 PDT,2025-09-05 10:00:00 UTC,15.2,17.08,17.63,18.06,18.51
2025-09-05 04:00:00 PDT,2025-09-05 11:00:00 UTC,15.8,16.82,17.4,17.87,18.42
2025-09-05 05:00:00 PDT,2025-09-05 12:00:00 UTC,15.6,16.58,17.18,17.69,18.32
2025-09-05 06:00:00 PDT,2025-09-05 13:00:00 UTC,14.8,16.22,16.92,17.5,18.21
2025-09-05 07:00:00 PDT,2025-09-05 14:00:00 UTC,15.2,16.02,16.71,17.31,18.1
2025-09-05 08:00:00 PDT,2025-09-05 15:00:00 UTC,16.8,16.17,16.7,17.2,17.98
2025-09-05 09:00:00 PDT,2025-09-05 16:00:00 UTC,18.0,16.54,16.85,17.2,17.89
2025-09-05 10:00:00 PDT,2025-09-05 17:00:00 UTC,19.6,17.15,17.18,17.32,17.83
2025-09-05 11:00:00 PDT,2025-09-05 18:00:00 UTC,20.1,17.74,17.56,17.51,17.82
2025-09-05 12:00:00 PDT,2025-09-05 19:00:00 UTC,21.2,18.43,18.02,17.78,17.85
2025-09-05 13:00:00 PDT,2025-09-05 20:00:00 UTC,21.7,19.09,18.49,18.09,17.93
2025-09-05 14:00:00 PDT,2025-09-05 21:00:00 UTC,21.1,19.49,18.86,18.39,18.05
2025-09-05 15:00:00 PDT,2025-09-05 22:00:00 UTC,21.5,19.89,19.2,18.66,18.19
2025-09-05 16:00:00 PDT,2025-09-05 23:00:00 UTC,21.5,20.21,19.5,18.92,18.33
2025-09-05 17:00:00 PDT,2025-09-06 00:00:00 UTC,21.6,20.49,19.76,19.16,18.48
2025-09-05 18:00:00 PDT,2025-09-06 01:00:00 UTC,20.9,20.57,19.92,19.35,18.62
2025-09-05 19:00:00 PDT,2025-09-06 02:00:00 UTC,20.9,20.64,20.03,19.5,18.76
2025-09-05 20:00:00 PDT,2025-09-06 03:00:00 UTC,19.0,20.31,19.93,19.55,18.88
2025-09-05 21:00:00 PDT,2025-09-06 04:00:00 UTC,19.1,20.07,19.81,19.53,18.96
2025-09-05 22:00:00 PDT,2025-09-06 05:00:00 UTC,17.3,19.51,19.52,19.42,19.02
2025-09-05 23:00:00 PDT,2025-09-06 06:00:00 UTC,18.8,19.37,19.37,19.32,19.03
2025-09-06 00:00:00 PDT,2025-09-06 07:00:00 UTC,19.0,19.3,19.29,19.24,19.02
2025-09-06 01:00:00 PDT,2025-09-06 08:00:00 UTC,17.7,18.98,19.1,19.14,19.01
2025-09-06 02:00:00 PDT,2025-09-06 09:00:00 UTC,17.9,18.76,18.93,19.03,18.98
2025-09-06 03:00:00 PDT,2025-09-06 10:00:00 UTC,16.9,18.39,18.68,18.88,18.94
2025-09-06 04:00:00 PDT,2025-09-06 11:00:00 UTC,16.6,18.03,18.42,18.7,18.88
2025-09-06 05:00:00 PDT,2025-09-06 12:00:00 UTC,16.0,17.63,18.12,18.5,18.8
2025-09-06 06:00:00 PDT,2025-09-06 13:00:00 UTC,16.2,17.34,17.87,18.29,18.71
2025-09-06 07:00:00 PDT,2025-09-06 14:00:00 UTC,16.4,17.15,17.68,18.12,18.61
2025-09-06 08:00:00 PDT,2025-09-06 15:00:00 UTC,16.8,17.08,17.56,17.98,18.5
2025-09-06 09:00:00 PDT,2025-09-06 16:00:00 UTC,18.0,17.27,17.59,17.91,18.41
2025-09-06 10:00:00 PDT,2025-09-06 17:00:00 UTC,18.9,17.59,17.74,17.93,18.34
2025-09-06 11:00:00 PDT,2025-09-06 18:00:00 UTC,18.9,17.85,17.9,17.99,18.3
2025-09-06 12:00:00 PDT,2025-09-06 19:00:00 UTC,19.6,18.2,18.11,18.1,18.28
2025-09-06 13:00:00 PDT,2025-09-06 20:00:00 UTC,21.4,18.84,18.5,18.29,18.3
2025-09-06 14:00:00 PDT,2025-09-06 21:00:00 UTC,23.0,19.67,19.03,18.59,18.36
2025-09-06 15:00:00 PDT,2025-09-06 22:00:00 UTC,22.4,20.22,19.47,18.91,18.46
2025-09-06 16:00:00 PDT,2025-09-06 23:00:00 UTC,23.3,20.84,19.95,19.25,18.6
2025-09-06 17:00:00 PDT,2025-09-07 00:00:00 UTC,22.9,21.25,20.33,19.57,18.76
2025-09-06 18:00:00 PDT,2025-09-07 01:00:00 UTC,19.0,20.8,20.25,19.72,18.93
2025-09-06 19:00:00 PDT,2025-09-07 02:00:00 UTC,19.1,20.46,20.11,19.74,19.05
2025-09-06 20:00:00 PDT,2025-09-07 03:00:00 UTC,18.7,20.11,19.92,19.69,19.14
2025-09-06 21:00:00 PDT,2025-09-07 04:00:00 UTC,17.6,19.61,19.63,19.56,19.18
2025-09-06 22:00:00 PDT,2025-09-07 05:00:00 UTC,17.0,19.08,19.29,19.38,19.18
2025-09-06 23:00:00 PDT,2025-09-07 06:00:00 UTC,16.8,18.63,18.96,19.17,19.14
2025-09-07 00:00:00 PDT,2025-09-07 07:00:00 UTC,16.3,18.16,18.62,18.93,19.08
2025-09-07 01:00:00 PDT,2025-09-07 08:00:00 UTC,15.8,17.69,18.26,18.68,18.99
2025-09-07 02:00:00 PDT,2025-09-07 09:00:00 UTC,15.7,17.29,17.93,18.43,18.87
2025-09-07 03:00:00 PDT,2025-09-07 10:00:00 UTC,16.5,17.13,17.73,18.21,18.75
2025-09-07 04:00:00 PDT,2025-09-07 11:00:00 UTC,16.2,16.95,17.54,18.03,18.63
2025-09-07 05:00:00 PDT,2025-09-07 12:00:00 UTC,16.3,16.82,17.39,17.88,18.51
2025-09-07 06:00:00 PDT,2025-09-07 13:00:00 UTC,15.7,16.59,17.2,17.72,18.39
2025-09-07 07:00:00 PDT,2025-09-07 14:00:00 UTC,16.3,16.54,17.09,17.59,18.28
2025-09-07 08:00:00 PDT,2025-09-07 15:00:00 UTC,17.0,16.63,17.08,17.51,18.18
2025-09-07 09:00:00 PDT,2025-09-07 16:00:00 UTC,17.8,16.86,17.17,17.49,18.1
2025-09-07 10:00:00 PDT,2025-09-07 17:00:00 UTC,17.2,16.93,17.21,17.5,18.04
2025-09-07 11:00:00 PDT,2025-09-07 18:00:00 UTC,17.2,16.98,17.24,17.5,17.99
2025-09-07 12:00:00 PDT,2025-09-07 19:00:00 UTC,19.2,17.43,17.46,17.57,17.96
2025-09-07 13:00:00 PDT,2025-09-07 20:00:00 UTC,20.2,17.98,17.8,17.74,17.96
2025-09-07 14:00:00 PDT,2025-09-07 21:00:00 UTC,20.7,18.53,18.17,17.96,18.0
2025-09-07 15:00:00 PDT,2025-09-07 22:00:00 UTC,20.4,18.9,18.48,18.19,18.06
2025-09-07 16:00:00 PDT,2025-09-07 23:00:00 UTC,20.4,19.2,18.74,18.4,18.15
2025-09-07 17:00:00 PDT,2025-09-08 00:00:00 UTC,19.5,19.26,18.87,18.56,18.25
2025-09-07 18:00:00 PDT,2025-09-08 01:00:00 UTC,18.5,19.11,18.86,18.64,18.34
2025-09-07 19:00:00 PDT,2025-09-08 02:00:00 UTC,17.9,18.87,18.76,18.64,18.41
2025-09-07 20:00:00 PDT,2025-09-08 03:00:00 UTC,17.9,18.67,18.66,18.61,18.46
2025-09-07 21:00:00 PDT,2025-09-08 04:00:00 UTC,17.4,18.42,18.5,18.54,18.48
2025-09-07 22:00:00 PDT,2025-09-08 05:00:00 UTC,17.3,18.19,18.35,18.45,18.47
2025-09-07 23:00:00 PDT,2025-09-08 06:00:00 UTC,17.3,18.02,18.21,18.36,18.45
2025-09-08 00:00:00 PDT,2025-09-08 07:00:00 UTC,17.2,17.85,18.08,18.26,18.42
2025-09-08 01:00:00 PDT,2025-09-08 08:00:00 UTC,17.0,17.68,17.95,18.17,18.38
2025-09-08 02:00:00 PDT,2025-09-08 09:00:00 UTC,16.9,17.53,17.82,18.07,18.34
2025-09-08 03:00:00 PDT,2025-09-08 10:00:00 UTC,16.5,17.32,17.67,17.96,18.29
2025-09-08 04:00:00 PDT,2025-09-08 11:00:00 UTC,16.2,17.1,17.5,17.83,18.23
2025-09-08 05:00:00 PDT,2025-09-08 12:00:00 UTC,16.3,16.94,17.36,17.71,18.16
2025-09-08 06:00:00 PDT,2025-09-08 13:00:00 UTC,16.4,16.83,17.25,17.61,18.09
2025-09-08 07:00:00 PDT,2025-09-08 14:00:00 UTC,16.5,16.76,17.16,17.52,18.02
2025-09-08 08:00:00 PDT,2025-09-08 15:00:00 UTC,16.9,16.79,17.13,17.45,17.96
2025-09-08 09:00:00 PDT,2025-09-08 16:00:00 UTC,17.5,16.93,17.18,17.44,17.9
2025-09-08 10:00:00 PDT,2025-09-08 17:00:00 UTC,18.8,17.31,17.37,17.49,17.86
2025-09-08 11:00:00 PDT,2025-09-08 18:00:00 UTC,21.0,18.05,17.79,17.68,17.85
2025-09-08 12:00:00 PDT,2025-09-08 19:00:00 UTC,20.3,18.5,18.13,17.9,17.89
2025-09-08 13:00:00 PDT,2025-09-08 20:00:00 UTC,20.8,18.96,18.48,18.14,17.96
2025-09-08 14:00:00 PDT,2025-09-08 21:00:00 UTC,20.5,19.27,18.75,18.37,18.06
2025-09-08 15:00:00 PDT,2025-09-08 22:00:00 UTC,20.5,19.51,18.99,18.57,18.17
2025-09-08 16:00:00 PDT,2025-09-08 23:00:00 UTC,20.8,19.77,19.21,18.76,18.28
2025-09-08 17:00:00 PDT,2025-09-09 00:00:00 UTC,20.7,19.96,19.4,18.94,18.39
2025-09-08 18:00:00 PDT,2025-09-09 01:00:00 UTC,20.1,19.98,19.5,19.07,18.51
2025-09-08 19:00:00 PDT,2025-09-09 02:00:00 UTC,18.5,19.69,19.4,19.11,18.6
2025-09-08 20:00:00 PDT,2025-09-09 03:00:00 UTC,17.6,19.27,19.19,19.06,18.67
2025-09-08 21:00:00 PDT,2025-09-09 04:00:00 UTC,17.7,18.96,18.99,18.96,18.7
2025-09-08 22:00:00 PDT,2025-09-09 05:00:00 UTC,17.4,18.64,18.78,18.83,18.71
2025-09-08 23:00:00 PDT,2025-09-09 06:00:00 UTC,17.1,18.34,18.56,18.69,18.68
2025-09-09 00:00:00 PDT,2025-09-09 07:00:00 UTC,17.1,18.09,18.36,18.55,18.64
2025-09-09 01:00:00 PDT,2025-09-09 08:00:00 UTC,16.9,17.85,18.17,18.41,18.59
2025-09-09 02:00:00 PDT,2025-09-09 09:00:00 UTC,17.0,17.68,18.01,18.28,18.52
2025-09-09 03:00:00 PDT,2025-09-09 10:00:00 UTC,16.8,17.5,17.86,18.15,18.46
2025-09-09 04:00:00 PDT,2025-09-09 11:00:00 UTC,16.6,17.32,17.71,18.03,18.39
2025-09-09 05:00:00 PDT,2025-09-09 12:00:00 UTC,16.1,17.08,17.52,17.89,18.31
2025-09-09 06:00:00 PDT,2025-09-09 13:00:00 UTC,15.9,16.84,17.33,17.74,18.23
2025-09-09 07:00:00 PDT,2025-09-09 14:00:00 UTC,16.7,16.81,17.25,17.63,18.15
2025-09-09 08:00:00 PDT,2025-09-09 15:00:00 UTC,17.4,16.93,17.26,17.57,18.07
2025-09-09 09:00:00 PDT,2025-09-09 16:00:00 UTC,18.0,17.15,17.35,17.57,18.01
2025-09-09 10:00:00 PDT,2025-09-09 17:00:00 UTC,18.3,17.38,17.48,17.61,17.97
2025-09-09 11:00:00 PDT,2025-09-09 18:00:00 UTC,19.2,17.74,17.69,17.71,17.95
2025-09-09 12:00:00 PDT,2025-09-09 19:00:00 UTC,18.9,17.97,17.86,17.82,17.96
2025-09-09 13:00:00 PDT,2025-09-09 20:00:00 UTC,19.0,18.18,18.02,17.94,17.99
2025-09-09 14:00:00 PDT,2025-09-09 21:00:00 UTC,18.9,18.32,18.15,18.04,18.03
2025-09-09 15:00:00 PDT,2025-09-09 22:00:00 UTC,19.3,18.52,18.3,18.15,18.07
2025-09-09 16:00:00 PDT,2025-09-09 23:00:00 UTC,20.1,18.83,18.52,18.28,18.12
2025-09-09 17:00:00 PDT,2025-09-10 00:00:00 UTC,19.8,19.03,18.69,18.42,18.19
2025-09-09 18:00:00 PDT,2025-09-10 01:00:00 UTC,19.2,19.06,18.77,18.53,18.26
2025-09-09 19:00:00 PDT,2025-09-10 02:00:00 UTC,18.0,18.85,18.71,18.56,18.32
2025-09-09 20:00:00 PDT,2025-09-10 03:00:00 UTC,16.6,18.4,18.48,18.49,18.37
2025-09-09 21:00:00 PDT,2025-09-10 04:00:00 UTC,16.7,18.06,18.26,18.37,18.37
2025-09-09 22:00:00 PDT,2025-09-10 05:00:00 UTC,15.4,17.53,17.92,18.19,18.35
2025-09-09 23:00:00 PDT,2025-09-10 06:00:00 UTC,15.9,17.2,17.66,18.0,18.29
2025-09-10 00:00:00 PDT,2025-09-10 07:00:00 UTC,16.5,17.06,17.49,17.84,18.22
2025-09-10 01:00:00 PDT,2025-09-10 08:00:00 UTC,16.9,17.03,17.4,17.73,18.14
2025-09-10 02:00:00 PDT,2025-09-10 09:00:00 UTC,16.8,16.98,17.33,17.64,18.07
2025-09-10 03:00:00 PDT,2025-09-10 10:00:00 UTC,16.3,16.85,17.23,17.55,18.0
2025-09-10 04:00:00 PDT,2025-09-10 11:00:00 UTC,16.1,16.7,17.1,17.46,17.94
2025-09-10 05:00:00 PDT,2025-09-10 12:00:00 UTC,15.9,16.54,16.97,17.35,17.87
2025-09-10 06:00:00 PDT,2025-09-10 13:00:00 UTC,16.2,16.47,16.89,17.26,17.81
2025-09-10 07:00:00 PDT,2025-09-10 14:00:00 UTC,16.0,16.38,16.8,17.18,17.74
2025-09-10 08:00:00 PDT,2025-09-10 15:00:00 UTC,16.6,16.42,16.78,17.12,17.68
2025-09-10 09:00:00 PDT,2025-09-10 16:00:00 UTC,17.2,16.58,16.84,17.11,17.62
2025-09-10 10:00:00 PDT,2025-09-10 17:00:00 UTC,18.5,16.96,17.04,17.17,17.58
2025-09-10 11:00:00 PDT,2025-09-10 18:00:00 UTC,19.2,17.41,17.31,17.31,17.58
2025-09-10 12:00:00 PDT,2025-09-10 19:00:00 UTC,19.4,17.81,17.59,17.48,17.6
2025-09-10 13:00:00 PDT,2025-09-10 20:00:00 UTC,19.3,18.11,17.83,17.65,17.65
2025-09-10 14:00:00 PDT,2025-09-10 21:00:00 UTC,20.3,18.54,18.14,17.85,17.72
2025-09-10 15:00:00 PDT,2025-09-10 22:00:00 UTC,20.3,18.9,18.42,18.06,17.81
2025-09-10 16:00:00 PDT,2025-09-10 23:00:00 UTC,20.3,19.18,18.67,18.27,17.91
2025-09-10 17:00:00 PDT,2025-09-11 00:00:00 UTC,19.6,19.26,18.81,18.43,18.02
2025-09-10 18:00:00 PDT,2025-09-11 01:00:00 UTC,19.1,19.23,18.86,18.54,18.12
2025-09-10 19:00:00 PDT,2025-09-11 02:00:00 UTC,18.1,19.0,18.79,18.57,18.2
2025-09-10 20:00:00 PDT,2025-09-11 03:00:00 UTC,16.4,18.48,18.53,18.49,18.26
2025-09-10 21:00:00 PDT,2025-09-11 04:00:00 UTC,17.2,18.23,18.34,18.39,18.28
2025-09-10 22:00:00 PDT,2025-09-11 05:00:00 UTC,16.9,17.96,18.15,18.27,18.27
2025-09-10 23:00:00 PDT,2025-09-11 06:00:00 UTC,16.9,17.75,17.98,18.15,18.24
2025-09-11 00:00:00 PDT,2025-09-11 07:00:00 UTC,15.6,17.32,17.71,17.99,18.2
2025-09-11 01:00:00 PDT,2025-09-11 08:00:00 UTC,13.8,16.62,17.26,17.74,18.13
2025-09-11 02:00:00 PDT,2025-09-11 09:00:00 UTC,14.9,16.27,16.95,17.48,18.03
2025-09-11 03:00:00 PDT,2025-09-11 10:00:00 UTC,14.2,15.86,16.62,17.23,17.92
2025-09-11 04:00:00 PDT,2025-09-11 11:00:00 UTC,14.1,15.51,16.31,16.98,17.78
2025-09-11 05:00:00 PDT,2025-09-11 12:00:00 UTC,13.6,15.12,16.0,16.73,17.64
2025-09-11 06:00:00 PDT,2025-09-11 13:00:00 UTC,13.0,14.7,15.66,16.47,17.49
2025-09-11 07:00:00 PDT,2025-09-11 14:00:00 UTC,14.5,14.66,15.51,16.26,17.33
2025-09-11 08:00:00 PDT,2025-09-11 15:00:00 UTC,15.1,14.75,15.46,16.13,17.19
2025-09-11 09:00:00 PDT,2025-09-11 16:00:00 UTC,15.5,14.9,15.49,16.07,17.06
2025-09-11 10:00:00 PDT,2025-09-11 17:00:00 UTC,16.1,15.14,15.59,16.06,16.97
2025-09-11 11:00:00 PDT,2025-09-11 18:00:00 UTC,16.9,15.49,15.78,16.12,16.9
2025-09-11 12:00:00 PDT,2025-09-11 19:00:00 UTC,18.1,16.01,16.08,16.25,16.87
2025-09-11 13:00:00 PDT,2025-09-11 20:00:00 UTC,20.2,16.85,16.59,16.5,16.88
2025-09-11 14:00:00 PDT,2025-09-11 21:00:00 UTC,19.1,17.3,16.96,16.77,16.93
2025-09-11 15:00:00 PDT,2025-09-11 22:00:00 UTC,18.9,17.62,17.25,17.01,17.02
2025-09-11 16:00:00 PDT,2025-09-11 23:00:00 UTC,18.7,17.84,17.47,17.22,17.12
2025-09-11 17:00:00 PDT,2025-09-12 00:00:00 UTC,19.9,18.25,17.78,17.43,17.23
2025-09-11 18:00:00 PDT,2025-09-12 01:00:00 UTC,19.6,18.52,18.03,17.64,17.34
2025-09-11 19:00:00 PDT,2025-09-12 02:00:00 UTC,19.1,18.64,18.19,17.82,17.46
2025-09-11 20:00:00 PDT,2025-09-12 03:00:00 UTC,16.8,18.27,18.08,17.87,17.57
2025-09-11 21:00:00 PDT,2025-09-12 04:00:00 UTC,15.2,17.65,17.77,17.79,17.64
2025-09-11 22:00:00 PDT,2025-09-12 05:00:00 UTC,15.0,17.12,17.43,17.62,17.66
2025-09-11 23:00:00 PDT,2025-09-12 06:00:00 UTC,15.5,16.8,17.17,17.44,17.64
2025-09-12 00:00:00 PDT,2025-09-12 07:00:00 UTC,15.4,16.52,16.94,17.27,17.59
2025-09-12 01:00:00 PDT,2025-09-12 08:00:00 UTC,15.2,16.26,16.73,17.11,17.53
2025-09-12 02:00:00 PDT,2025-09-12 09:00:00 UTC,15.1,16.02,16.53,16.95,17.45
2025-09-12 03:00:00 PDT,2025-09-12 10:00:00 UTC,14.4,15.7,16.29,16.78,17.37
2025-09-12 04:00:00 PDT,2025-09-12 11:00:00 UTC,13.9,15.34,16.02,16.58,17.27
2025-09-12 05:00:00 PDT,2025-09-12 12:00:00 UTC,14.2,15.11,15.8,16.39,17.17
2025-09-12 06:00:00 PDT,2025-09-12 13:00:00 UTC,14.1,14.91,15.61,16.22,17.06
2025-09-12 07:00:00 PDT,2025-09-12 14:00:00 UTC,14.3,14.79,15.47,16.07,16.95
2025-09-12 08:00:00 PDT,2025-09-12 15:00:00 UTC,14.8,14.79,15.4,15.96,16.84
2025-09-12 09:00:00 PDT,2025-09-12 16:00:00 UTC,15.7,14.97,15.45,15.92,16.75
2025-09-12 10:00:00 PDT,2025-09-12 17:00:00 UTC,15.9,15.16,15.53,15.92,16.68
2025-09-12 11:00:00 PDT,2025-09-12 18:00:00 UTC,17.8,15.69,15.81,16.01,16.63
2025-09-12 12:00:00 PDT,2025-09-12 19:00:00 UTC,18.5,16.25,16.16,16.19,16.63
2025-09-12 13:00:00 PDT,2025-09-12 20:00:00 UTC,19.8,16.96,16.62,16.45,16.66
2025-09-12 14:00:00 PDT,2025-09-12 21:00:00 UTC,20.5,17.67,17.12,16.77,16.74
2025-09-12 15:00:00 PDT,2025-09-12 22:00:00 UTC,20.1,18.15,17.53,17.09,16.86
2025-09-12 16:00:00 PDT,2025-09-12 23:00:00 UTC,19.1,18.34,17.78,17.34,17.0
2025-09-12 17:00:00 PDT,2025-09-13 00:00:00 UTC,18.5,18.37,17.91,17.52,17.14
2025-09-12 18:00:00 PDT,2025-09-13 01:00:00 UTC,19.4,18.58,18.09,17.69,17.26
2025-09-12 19:00:00 PDT,2025-09-13 02:00:00 UTC,18.2,18.5,18.13,17.8,17.38
2025-09-12 20:00:00 PDT,2025-09-13 03:00:00 UTC,17.4,18.28,18.06,17.84,17.47
2025-09-12 21:00:00 PDT,2025-09-13 04:00:00 UTC,16.9,18.01,17.93,17.81,17.54
2025-09-12 22:00:00 PDT,2025-09-13 05:00:00 UTC,15.8,17.57,17.68,17.71,17.58
2025-09-12 23:00:00 PDT,2025-09-13 06:00:00 UTC,15.8,17.21,17.44,17.58,17.59
2025-09-13 00:00:00 PDT,2025-09-13 07:00:00 UTC,16.2,17.01,17.26,17.45,17.56
2025-09-13 01:00:00 PDT,2025-09-13 08:00:00 UTC,15.7,16.75,17.07,17.31,17.52
2025-09-13 02:00:00 PDT,2025-09-13 09:00:00 UTC,15.1,16.42,16.84,17.16,17.47
2025-09-13 03:00:00 PDT,2025-09-13 10:00:00 UTC,14.9,16.11,16.6,16.99,17.41
2025-09-13 04:00:00 PDT,2025-09-13 11:00:00 UTC,15.5,15.99,16.45,16.85,17.33
2025-09-13 05:00:00 PDT,2025-09-13 12:00:00 UTC,15.4,15.87,16.33,16.73,17.25
2025-09-13 06:00:00 PDT,2025-09-13 13:00:00 UTC,14.6,15.62,16.14,16.59,17.17
2025-09-13 07:00:00 PDT,2025-09-13 14:00:00 UTC,15.2,15.53,16.03,16.47,17.09
2025-09-13 08:00:00 PDT,2025-09-13 15:00:00 UTC,16.0,15.63,16.03,16.4,17.01
2025-09-13 09:00:00 PDT,2025-09-13 16:00:00 UTC,17.1,15.92,16.15,16.41,16.95
2025-09-13 10:00:00 PDT,2025-09-13 17:00:00 UTC,17.4,16.22,16.32,16.48,16.91
2025-09-13 11:00:00 PDT,2025-09-13 18:00:00 UTC,18.1,16.59,16.55,16.59,16.9
2025-09-13 12:00:00 PDT,2025-09-13 19:00:00 UTC,18.5,16.98,16.81,16.74,16.92
2025-09-13 13:00:00 PDT,2025-09-13 20:00:00 UTC,20.2,17.62,17.22,16.97,16.97
2025-09-13 14:00:00 PDT,2025-09-13 21:00:00 UTC,22.4,18.58,17.83,17.32,17.05
2025-09-13 15:00:00 PDT,2025-09-13 22:00:00 UTC,23.1,19.48,18.48,17.75,17.19
2025-09-13 16:00:00 PDT,2025-09-13 23:00:00 UTC,22.9,20.16,19.05,18.18,17.38
2025-09-13 17:00:00 PDT,2025-09-14 00:00:00 UTC,22.3,20.59,19.48,18.57,17.59
2025-09-13 18:00:00 PDT,2025-09-14 01:00:00 UTC,21.0,20.67,19.71,18.87,17.81
2025-09-13 19:00:00 PDT,2025-09-14 02:00:00 UTC,19.9,20.52,19.75,19.04,18.01
2025-09-13 20:00:00 PDT,2025-09-14 03:00:00 UTC,18.9,20.2,19.65,19.1,18.17
2025-09-13 21:00:00 PDT,2025-09-14 04:00:00 UTC,18.5,19.86,19.49,19.09,18.29
2025-09-13 22:00:00 PDT,2025-09-14 05:00:00 UTC,18.2,19.52,19.3,19.03,18.37
2025-09-13 23:00:00 PDT,2025-09-14 06:00:00 UTC,18.4,19.3,19.15,18.95,18.42
2025-09-14 00:00:00 PDT,2025-09-14 07:00:00 UTC,17.8,19.0,18.96,18.85,18.44
2025-09-14 01:00:00 PDT,2025-09-14 08:00:00 UTC,18.1,18.82,18.81,18.75,18.44
2025-09-14 02:00:00 PDT,2025-09-14 09:00:00 UTC,15.6,18.18,18.44,18.57,18.42
2025-09-14 03:00:00 PDT,2025-09-14 10:00:00 UTC,15.7,17.68,18.08,18.34,18.37
2025-09-14 04:00:00 PDT,2025-09-14 11:00:00 UTC,15.6,17.26,17.75,18.1,18.29
2025-09-14 05:00:00 PDT,2025-09-14 12:00:00 UTC,16.3,17.07,17.53,17.89,18.19
2025-09-14 06:00:00 PDT,2025-09-14 13:00:00 UTC,16.8,17.02,17.41,17.74,18.09
2025-09-14 07:00:00 PDT,2025-09-14 14:00:00 UTC,16.6,16.93,17.31,17.63,18.0
2025-09-14 08:00:00 PDT,2025-09-14 15:00:00 UTC,16.1,16.77,17.17,17.51,17.91
2025-09-14 09:00:00 PDT,2025-09-14 16:00:00 UTC,15.4,16.58,17.01,17.38,17.83
2025-09-14 10:00:00 PDT,2025-09-14 17:00:00 UTC,16.0,16.46,16.89,17.27,17.75
2025-09-14 11:00:00 PDT,2025-09-14 18:00:00 UTC,16.3,16.43,16.82,17.17,17.67
2025-09-14 12:00:00 PDT,2025-09-14 19:00:00 UTC,16.0,16.34,16.74,17.09,17.59
2025-09-14 13:00:00 PDT,2025-09-14 20:00:00 UTC,16.2,16.32,16.69,17.02,17.53
2025-09-14 14:00:00 PDT,2025-09-14 21:00:00 UTC,16.3,16.32,16.65,16.97,17.46
2025-09-14 15:00:00 PDT,2025-09-14 22:00:00 UTC,16.4,16.33,16.64,16.93,17.41
2025-09-14 16:00:00 PDT,2025-09-14 23:00:00 UTC,17.1,16.49,16.7,16.92,17.36
2025-09-14 17:00:00 PDT,2025-09-15 00:00:00 UTC,18.1,16.81,16.87,16.98,17.33
2025-09-14 18:00:00 PDT,2025-09-15 01:00:00 UTC,16.6,16.77,16.89,17.02,17.32
2025-09-14 19:00:00 PDT,2025-09-15 02:00:00 UTC,16.5,16.71,16.87,17.02,17.32
2025-09-14 20:00:00 PDT,2025-09-15 03:00:00 UTC,16.4,16.65,16.84,17.01,17.31
2025-09-14 21:00:00 PDT,2025-09-15 04:00:00 UTC,15.6,16.44,16.72,16.95,17.29
2025-09-14 22:00:00 PDT,2025-09-15 05:00:00 UTC,14.7,16.09,16.51,16.84,17.27
2025-09-14 23:00:00 PDT,2025-09-15 06:00:00 UTC,14.7,15.81,16.3,16.71,17.22
2025-09-15 00:00:00 PDT,2025-09-15 07:00:00 UTC,14.4,15.53,16.09,16.55,17.15
2025-09-15 01:00:00 PDT,2025-09-15 08:00:00 UTC,13.3,15.09,15.78,16.36,17.07
2025-09-15 02:00:00 PDT,2025-09-15 09:00:00 UTC,13.3,14.73,15.5,16.14,16.97
2025-09-15 03:00:00 PDT,2025-09-15 10:00:00 UTC,13.2,14.42,15.23,15.93,16.85
2025-09-15 04:00:00 PDT,2025-09-15 11:00:00 UTC,13.2,14.18,15.01,15.73,16.73
2025-09-15 05:00:00 PDT,2025-09-15 12:00:00 UTC,13.6,14.06,14.85,15.56,16.6
2025-09-15 06:00:00 PDT,2025-09-15 13:00:00 UTC,13.0,13.85,14.67,15.4,16.48
2025-09-15 07:00:00 PDT,2025-09-15 14:00:00 UTC,13.5,13.78,14.55,15.26,16.36
2025-09-15 08:00:00 PDT,2025-09-15 15:00:00 UTC,14.8,13.98,14.59,15.19,16.25
2025-09-15 09:00:00 PDT,2025-09-15 16:00:00 UTC,15.4,14.27,14.72,15.2,16.16
2025-09-15 10:00:00 PDT,2025-09-15 17:00:00 UTC,16.6,14.73,14.97,15.29,16.1
2025-09-15 11:00:00 PDT,2025-09-15 18:00:00 UTC,17.9,15.37,15.35,15.47,16.08
2025-09-15 12:00:00 PDT,2025-09-15 19:00:00 UTC,16.6,15.61,15.58,15.65,16.11
2025-09-15 13:00:00 PDT,2025-09-15 20:00:00 UTC,17.4,15.97,15.85,15.83,16.15
2025-09-15 14:00:00 PDT,2025-09-15 21:00:00 UTC,18.3,16.44,16.17,16.04,16.22
2025-09-15 15:00:00 PDT,2025-09-15 22:00:00 UTC,18.5,16.85,16.49,16.27,16.3
2025-09-15 16:00:00 PDT,2025-09-15 23:00:00 UTC,18.7,17.22,16.79,16.5,16.4
2025-09-15 17:00:00 PDT,2025-09-16 00:00:00 UTC,18.6,17.5,17.05,16.72,16.52
2025-09-15 18:00:00 PDT,2025-09-16 01:00:00 UTC,17.6,17.52,17.16,16.87,16.63
2025-09-15 19:00:00 PDT,2025-09-16 02:00:00 UTC,15.4,17.09,17.01,16.9,16.74
2025-09-15 20:00:00 PDT,2025-09-16 03:00:00 UTC,14.4,16.55,16.73,16.81,16.8
2025-09-15 21:00:00 PDT,2025-09-16 04:00:00 UTC,13.4,15.92,16.34,16.63,16.81
2025-09-15 22:00:00 PDT,2025-09-16 05:00:00 UTC,14.8,15.7,16.12,16.45,16.78
2025-09-15 23:00:00 PDT,2025-09-16 06:00:00 UTC,12.7,15.1,15.74,16.23,16.73
2025-09-16 00:00:00 PDT,2025-09-16 07:00:00 UTC,14.9,15.06,15.6,16.06,16.64
2025-09-16 01:00:00 PDT,2025-09-16 08:00:00 UTC,15.3,15.11,15.55,15.96,16.56
2025-09-16 02:00:00 PDT,2025-09-16 09:00:00 UTC,13.9,14.87,15.39,15.85,16.49
2025-09-16 03:00:00 PDT,2025-09-16 10:00:00 UTC,14.6,14.81,15.3,15.75,16.41
2025-09-16 04:00:00 PDT,2025-09-16 11:00:00 UTC,13.1,14.47,15.08,15.61,16.34
2025-09-16 05:00:00 PDT,2025-09-16 12:00:00 UTC,12.5,14.08,14.81,15.43,16.26
2025-09-16 06:00:00 PDT,2025-09-16 13:00:00 UTC,12.4,13.74,14.54,15.23,16.16
2025-09-16 07:00:00 PDT,2025-09-16 14:00:00 UTC,12.5,13.49,14.32,15.03,16.05
2025-09-16 08:00:00 PDT,2025-09-16 15:00:00 UTC,15.0,13.79,14.38,14.95,15.93
2025-09-16 09:00:00 PDT,2025-09-16 16:00:00 UTC,17.1,14.46,14.69,15.02,15.85
2025-09-16 10:00:00 PDT,2025-09-16 17:00:00 UTC,18.7,15.3,15.19,15.24,15.81
2025-09-16 11:00:00 PDT,2025-09-16 18:00:00 UTC,19.9,16.22,15.79,15.58,15.85
2025-09-16 12:00:00 PDT,2025-09-16 19:00:00 UTC,19.9,16.96,16.34,15.95,15.94
2025-09-16 13:00:00 PDT,2025-09-16 20:00:00 UTC,20.4,17.65,16.88,16.34,16.08
2025-09-16 14:00:00 PDT,2025-09-16 21:00:00 UTC,20.7,18.26,17.39,16.73,16.25
2025-09-16 15:00:00 PDT,2025-09-16 22:00:00 UTC,22.0,19.01,17.96,17.15,16.45
2025-09-16 16:00:00 PDT,2025-09-16 23:00:00 UTC,21.8,19.56,18.45,17.56,16.66
2025-09-16 17:00:00 PDT,2025-09-17 00:00:00 UTC,22.3,20.11,18.93,17.96,16.9
2025-09-16 18:00:00 PDT,2025-09-17 01:00:00 UTC,23.5,20.79,19.46,18.37,17.14
2025-09-16 19:00:00 PDT,2025-09-17 02:00:00 UTC,18.9,20.41,19.48,18.62,17.39
2025-09-16 20:00:00 PDT,2025-09-17 03:00:00 UTC,16.5,19.63,19.16,18.63,17.59
2025-09-16 21:00:00 PDT,2025-09-17 04:00:00 UTC,17.6,19.22,18.92,18.55,17.72
2025-09-16 22:00:00 PDT,2025-09-17 05:00:00 UTC,20.5,19.48,19.01,18.56,17.8
2025-09-16 23:00:00 PDT,2025-09-17 06:00:00 UTC,18.6,19.3,18.94,18.57,17.87
2025-09-17 00:00:00 PDT,2025-09-17 07:00:00 UTC,17.8,19.0,18.79,18.53,17.93
2025-09-17 01:00:00 PDT,2025-09-17 08:00:00 UTC,17.6,18.72,18.61,18.45,17.96
2025-09-17 02:00:00 PDT,2025-09-17 09:00:00 UTC,17.4,18.46,18.43,18.35,17.98
2025-09-17 03:00:00 PDT,2025-09-17 10:00:00 UTC,16.6,18.09,18.19,18.21,17.97
2025-09-17 04:00:00 PDT,2025-09-17 11:00:00 UTC,17.1,17.89,18.02,18.08,17.94
2025-09-17 05:00:00 PDT,2025-09-17 12:00:00 UTC,16.9,17.69,17.86,17.96,17.9
2025-09-17 06:00:00 PDT,2025-09-17 13:00:00 UTC,16.5,17.45,17.68,17.83,17.85
2025-09-17 07:00:00 PDT,2025-09-17 14:00:00 UTC,16.0,17.16,17.47,17.68,17.8
2025-09-17 08:00:00 PDT,2025-09-17 15:00:00 UTC,17.3,17.19,17.4,17.58,17.73
2025-09-17 09:00:00 PDT,2025-09-17 16:00:00 UTC,17.9,17.33,17.44,17.54,17.68
2025-09-17 10:00:00 PDT,2025-09-17 17:00:00 UTC,19.4,17.75,17.64,17.6,17.64
2025-09-17 11:00:00 PDT,2025-09-17 18:00:00 UTC,20.3,18.26,17.95,17.74,17.64
2025-09-17 12:00:00 PDT,2025-09-17 19:00:00 UTC,20.7,18.75,18.28,17.94,17.67
2025-09-17 13:00:00 PDT,2025-09-17 20:00:00 UTC,20.3,19.06,18.54,18.14,17.74
2025-09-17 14:00:00 PDT,2025-09-17 21:00:00 UTC,21.7,19.58,18.91,18.37,17.83
2025-09-17 15:00:00 PDT,2025-09-17 22:00:00 UTC,21.5,19.97,19.22,18.62,17.94
2025-09-17 16:00:00 PDT,2025-09-17 23:00:00 UTC,20.3,20.03,19.38,18.81,18.06
2025-09-17 17:00:00 PDT,2025-09-18 00:00:00 UTC,19.3,19.89,19.38,18.91,18.18
2025-09-17 18:00:00 PDT,2025-09-18 01:00:00 UTC,18.3,19.57,19.26,18.92,18.28
2025-09-17 19:00:00 PDT,2025-09-18 02:00:00 UTC,17.1,19.08,19.0,18.83,18.34
2025-09-17 20:00:00 PDT,2025-09-18 03:00:00 UTC,16.6,18.58,18.68,18.68,18.36
2025-09-17 21:00:00 PDT,2025-09-18 04:00:00 UTC,16.7,18.2,18.41,18.5,18.34
2025-09-17 22:00:00 PDT,2025-09-18 05:00:00 UTC,16.6,17.88,18.15,18.32,18.29
2025-09-17 23:00:00 PDT,2025-09-18 06:00:00 UTC,16.2,17.55,17.9,18.14,18.23
2025-09-18 00:00:00 PDT,2025-09-18 07:00:00 UTC,16.1,17.26,17.66,17.95,18.15
2025-09-18 01:00:00 PDT,2025-09-18 08:00:00 UTC,15.7,16.95,17.41,17.76,18.06
2025-09-18 02:00:00 PDT,2025-09-18 09:00:00 UTC,15.3,16.62,17.15,17.56,17.96
2025-09-18 03:00:00 PDT,2025-09-18 10:00:00 UTC,15.0,16.29,16.88,17.36,17.86
2025-09-18 04:00:00 PDT,2025-09-18 11:00:00 UTC,14.9,16.01,16.64,17.16,17.74
2025-09-18 05:00:00 PDT,2025-09-18 12:00:00 UTC,14.5,15.71,16.39,16.95,17.62
2025-09-18 06:00:00 PDT,2025-09-18 13:00:00 UTC,14.3,15.43,16.14,16.75,17.49
2025-09-18 07:00:00 PDT,2025-09-18 14:00:00 UTC,14.5,15.24,15.95,16.56,17.37
2025-09-18 08:00:00 PDT,2025-09-18 15:00:00 UTC,14.8,15.15,15.82,16.41,17.24
2025-09-18 09:00:00 PDT,2025-09-18 16:00:00 UTC,14.9,15.1,15.72,16.28,17.12
2025-09-18 10:00:00 PDT,2025-09-18 17:00:00 UTC,15.2,15.12,15.68,16.19,17.01
2025-09-18 11:00:00 PDT,2025-09-18 18:00:00 UTC,15.7,15.24,15.7,16.15,16.92
2025-09-18 12:00:00 PDT,2025-09-18 19:00:00 UTC,17.0,15.59,15.86,16.17,16.85
2025-09-18 13:00:00 PDT,2025-09-18 20:00:00 UTC,18.0,16.07,16.13,16.28,16.81
2025-09-18 14:00:00 PDT,2025-09-18 21:00:00 UTC,17.8,16.42,16.38,16.43,16.8
2025-09-18 15:00:00 PDT,2025-09-18 22:00:00 UTC,18.1,16.75,16.62,16.58,16.82
2025-09-18 16:00:00 PDT,2025-09-18 23:00:00 UTC,17.9,16.98,16.82,16.73,16.87
2025-09-18 17:00:00 PDT,2025-09-19 00:00:00 UTC,17.6,17.11,16.95,16.86,16.92
2025-09-18 18:00:00 PDT,2025-09-19 01:00:00 UTC,17.0,17.09,17.0,16.94,16.98
2025-09-18 19:00:00 PDT,2025-09-19 02:00:00 UTC,15.5,16.77,16.86,16.93,17.02
2025-09-18 20:00:00 PDT,2025-09-19 03:00:00 UTC,15.1,16.43,16.67,16.85,17.04
2025-09-18 21:00:00 PDT,2025-09-19 04:00:00 UTC,15.1,16.17,16.49,16.74,17.03
2025-09-18 22:00:00 PDT,2025-09-19 05:00:00 UTC,14.4,15.81,16.25,16.6,16.99
2025-09-18 23:00:00 PDT,2025-09-19 06:00:00 UTC,13.5,15.35,15.94,16.41,16.94
2025-09-19 00:00:00 PDT,2025-09-19 07:00:00 UTC,13.8,15.04,15.68,16.21,16.86
2025-09-19 01:00:00 PDT,2025-09-19 08:00:00 UTC,13.0,14.63,15.38,16.0,16.76
2025-09-19 02:00:00 PDT,2025-09-19 09:00:00 UTC,12.4,14.19,15.04,15.76,16.65
2025-09-19 03:00:00 PDT,2025-09-19 10:00:00 UTC,12.3,13.81,14.73,15.51,16.52
2025-09-19 04:00:00 PDT,2025-09-19 11:00:00 UTC,12.1,13.47,14.43,15.26,16.37
2025-09-19 05:00:00 PDT,2025-09-19 12:00:00 UTC,13.2,13.41,14.28,15.07,16.23
2025-09-19 06:00:00 PDT,2025-09-19 13:00:00 UTC,13.2,13.37,14.18,14.93,16.09
2025-09-19 07:00:00 PDT,2025-09-19 14:00:00 UTC,13.1,13.32,14.09,14.81,15.96
2025-09-19 08:00:00 PDT,2025-09-19 15:00:00 UTC,14.3,13.51,14.14,14.75,15.85
2025-09-19 09:00:00 PDT,2025-09-19 16:00:00 UTC,15.3,13.87,14.3,14.78,15.76
2025-09-19 10:00:00 PDT,2025-09-19 17:00:00 UTC,17.2,14.54,14.67,14.92,15.71
2025-09-19 11:00:00 PDT,2025-09-19 18:00:00 UTC,17.4,15.11,15.05,15.13,15.71
2025-09-19 12:00:00 PDT,2025-09-19 19:00:00 UTC,18.5,15.79,15.51,15.4,15.75
2025-09-19 13:00:00 PDT,2025-09-19 20:00:00 UTC,18.9,16.41,15.97,15.71,15.83
2025-09-19 14:00:00 PDT,2025-09-19 21:00:00 UTC,19.1,16.95,16.4,16.03,15.95
2025-09-19 15:00:00 PDT,2025-09-19 22:00:00 UTC,18.5,17.26,16.71,16.31,16.09
2025-09-19 16:00:00 PDT,2025-09-19 23:00:00 UTC,18.5,17.51,16.97,16.55,16.23
2025-09-19 17:00:00 PDT,2025-09-20 00:00:00 UTC,18.4,17.69,17.17,16.75,16.37
2025-09-19 18:00:00 PDT,2025-09-20 01:00:00 UTC,17.2,17.59,17.21,16.88,16.51
2025-09-19 19:00:00 PDT,2025-09-20 02:00:00 UTC,15.8,17.23,17.08,16.91,16.62
2025-09-19 20:00:00 PDT,2025-09-20 03:00:00 UTC,15.0,16.78,16.85,16.84,16.69
2025-09-19 21:00:00 PDT,2025-09-20 04:00:00 UTC,13.7,16.17,16.48,16.67,16.71
2025-09-19 22:00:00 PDT,2025-09-20 05:00:00 UTC,14.4,15.81,16.21,16.49,16.7
2025-09-19 23:00:00 PDT,2025-09-20 06:00:00 UTC,14.4,15.53,15.97,16.31,16.65
2025-09-20 00:00:00 PDT,2025-09-20 07:00:00 UTC,13.9,15.21,15.72,16.14,16.58
2025-09-20 01:00:00 PDT,2025-09-20 08:00:00 UTC,14.0,14.96,15.51,15.96,16.51
2025-09-20 02:00:00 PDT,2025-09-20 09:00:00 UTC,13.4,14.65,15.27,15.78,16.42
2025-09-20 03:00:00 PDT,2025-09-20 10:00:00 UTC,12.6,14.24,14.97,15.58,16.32
2025-09-20 04:00:00 PDT,2025-09-20 11:00:00 UTC,12.1,13.81,14.65,15.34,16.21
2025-09-20 05:00:00 PDT,2025-09-20 12:00:00 UTC,12.5,13.55,14.39,15.12,16.09
2025-09-20 06:00:00 PDT,2025-09-20 13:00:00 UTC,11.6,13.16,14.09,14.89,15.95
2025-09-20 07:00:00 PDT,2025-09-20 14:00:00 UTC,11.7,12.87,13.82,14.66,15.81
2025-09-20 08:00:00 PDT,2025-09-20 15:00:00 UTC,13.3,12.95,13.76,14.5,15.67
2025-09-20 09:00:00 PDT,2025-09-20 16:00:00 UTC,15.7,13.5,13.98,14.5,15.55
2025-09-20 10:00:00 PDT,2025-09-20 17:00:00 UTC,17.8,14.36,14.44,14.67,15.47
2025-09-20 11:00:00 PDT,2025-09-20 18:00:00 UTC,19.4,15.37,15.06,14.98,15.47
2025-09-20 12:00:00 PDT,2025-09-20 19:00:00 UTC,20.6,16.42,15.77,15.4,15.54
2025-09-20 13:00:00 PDT,2025-09-20 20:00:00 UTC,21.6,17.45,16.52,15.89,15.67
2025-09-20 14:00:00 PDT,2025-09-20 21:00:00 UTC,20.5,18.06,17.09,16.36,15.86
2025-09-20 15:00:00 PDT,2025-09-20 22:00:00 UTC,21.8,18.81,17.68,16.82,16.08
2025-09-20 16:00:00 PDT,2025-09-20 23:00:00 UTC,20.7,19.19,18.1,17.22,16.32
2025-09-20 17:00:00 PDT,2025-09-21 00:00:00 UTC,20.6,19.47,18.43,17.56,16.56
2025-09-20 18:00:00 PDT,2025-09-21 01:00:00 UTC,18.9,19.36,18.53,17.78,16.78
2025-09-20 19:00:00 PDT,2025-09-21 02:00:00 UTC,18.0,19.09,18.48,17.89,16.97
2025-09-20 20:00:00 PDT,2025-09-21 03:00:00 UTC,17.4,18.75,18.34,17.91,17.12
2025-09-20 21:00:00 PDT,2025-09-21 04:00:00 UTC,17.2,18.44,18.18,17.87,17.22
2025-09-20 22:00:00 PDT,2025-09-21 05:00:00 UTC,16.5,18.05,17.95,17.78,17.28
2025-09-20 23:00:00 PDT,2025-09-21 06:00:00 UTC,15.5,17.54,17.64,17.63,17.31
2025-09-21 00:00:00 PDT,2025-09-21 07:00:00 UTC,15.1,17.05,17.31,17.44,17.3
2025-09-21 01:00:00 PDT,2025-09-21 08:00:00 UTC,14.7,16.58,16.97,17.21,17.26
2025-09-21 02:00:00 PDT,2025-09-21 09:00:00 UTC,14.5,16.17,16.64,16.98,17.19
2025-09-21 03:00:00 PDT,2025-09-21 10:00:00 UTC,14.2,15.77,16.33,16.75,17.1
2025-09-21 04:00:00 PDT,2025-09-21 11:00:00 UTC,14.2,15.46,16.05,16.53,16.99
2025-09-21 05:00:00 PDT,2025-09-21 12:00:00 UTC,14.4,15.25,15.84,16.33,16.88
2025-09-21 06:00:00 PDT,2025-09-21 13:00:00 UTC,14.6,15.12,15.68,16.16,16.77
2025-09-21 07:00:00 PDT,2025-09-21 14:00:00 UTC,14.6,15.01,15.55,16.03,16.66
2025-09-21 08:00:00 PDT,2025-09-21 15:00:00 UTC,14.7,14.95,15.46,15.91,16.56
2025-09-21 09:00:00 PDT,2025-09-21 16:00:00 UTC,15.9,15.14,15.5,15.86,16.48
2025-09-21 10:00:00 PDT,2025-09-21 17:00:00 UTC,16.1,15.33,15.59,15.87,16.41
2025-09-21 11:00:00 PDT,2025-09-21 18:00:00 UTC,17.4,15.75,15.81,15.94,16.37
2025-09-21 12:00:00 PDT,2025-09-21 19:00:00 UTC,18.1,16.22,16.1,16.09,16.36
2025-09-21 13:00:00 PDT,2025-09-21 20:00:00 UTC,18.2,16.61,16.38,16.26,16.39
2025-09-21 14:00:00 PDT,2025-09-21 21:00:00 UTC,19.5,17.19,16.77,16.49,16.44
2025-09-21 15:00:00 PDT,2025-09-21 22:00:00 UTC,19.7,17.69,17.15,16.76,16.53
2025-09-21 16:00:00 PDT,2025-09-21 23:00:00 UTC,19.1,17.97,17.42,16.99,16.64
2025-09-21 17:00:00 PDT,2025-09-22 00:00:00 UTC,18.2,18.02,17.56,17.17,16.76
2025-09-21 18:00:00 PDT,2025-09-22 01:00:00 UTC,17.9,18.0,17.62,17.28,16.86
2025-09-21 19:00:00 PDT,2025-09-22 02:00:00 UTC,17.1,17.82,17.57,17.33,16.96
2025-09-21 20:00:00 PDT,2025-09-22 03:00:00 UTC,15.9,17.43,17.39,17.29,17.02
2025-09-21 21:00:00 PDT,2025-09-22 04:00:00 UTC,14.0,16.75,17.0,17.13,17.05
2025-09-21 22:00:00 PDT,2025-09-22 05:00:00 UTC,13.6,16.12,16.59,16.9,17.03
2025-09-21 23:00:00 PDT,2025-09-22 06:00:00 UTC,14.0,15.69,16.24,16.65,16.97
2025-09-22 00:00:00 PDT,2025-09-22 07:00:00 UTC,13.8,15.31,15.93,16.41,16.88
2025-09-22 01:00:00 PDT,2025-09-22 08:00:00 UTC,12.5,14.75,15.53,16.14,16.77
2025-09-22 02:00:00 PDT,2025-09-22 09:00:00 UTC,13.2,14.44,15.23,15.88,16.64
2025-09-22 03:00:00 PDT,2025-09-22 10:00:00 UTC,12.3,14.01,14.89,15.62,16.5
2025-09-22 04:00:00 PDT,2025-09-22 11:00:00 UTC,12.6,13.73,14.62,15.37,16.35
2025-09-22 05:00:00 PDT,2025-09-22 12:00:00 UTC,12.0,13.38,14.32,15.13,16.2
2025-09-22 06:00:00 PDT,2025-09-22 13:00:00 UTC,12.1,13.13,14.07,14.9,16.04
2025-09-22 07:00:00 PDT,2025-09-22 14:00:00 UTC,11.7,12.84,13.82,14.68,15.89
2025-09-22 08:00:00 PDT,2025-09-22 15:00:00 UTC,13.1,12.89,13.74,14.52,15.73
2025-09-22 09:00:00 PDT,2025-09-22 16:00:00 UTC,14.5,13.21,13.84,14.47,15.6
2025-09-22 10:00:00 PDT,2025-09-22 17:00:00 UTC,15.5,13.67,14.06,14.52,15.5
2025-09-22 11:00:00 PDT,2025-09-22 18:00:00 UTC,17.1,14.36,14.45,14.68,15.45
2025-09-22 12:00:00 PDT,2025-09-22 19:00:00 UTC,17.6,15.01,14.88,14.91,15.45
2025-09-22 13:00:00 PDT,2025-09-22 20:00:00 UTC,18.6,15.72,15.37,15.21,15.5
2025-09-22 14:00:00 PDT,2025-09-22 21:00:00 UTC,19.2,16.42,15.88,15.55,15.59
2025-09-22 15:00:00 PDT,2025-09-22 22:00:00 UTC,19.7,17.08,16.39,15.91,15.72
2025-09-22 16:00:00 PDT,2025-09-22 23:00:00 UTC,20.3,17.72,16.9,16.29,15.88
2025-09-22 17:00:00 PDT,2025-09-23 00:00:00 UTC,18.4,17.86,17.15,16.58,16.06
2025-09-22 18:00:00 PDT,2025-09-23 01:00:00 UTC,17.9,17.87,17.28,16.79,16.23
2025-09-22 19:00:00 PDT,2025-09-23 02:00:00 UTC,16.3,17.55,17.21,16.87,16.38
2025-09-22 20:00:00 PDT,2025-09-23 03:00:00 UTC,15.2,17.08,16.99,16.84,16.49
2025-09-22 21:00:00 PDT,2025-09-23 04:00:00 UTC,14.9,16.65,16.73,16.73,16.55
2025-09-22 22:00:00 PDT,2025-09-23 05:00:00 UTC,15.1,16.34,16.51,16.61,16.57
2025-09-22 23:00:00 PDT,2025-09-23 06:00:00 UTC,14.1,15.89,16.22,16.44,16.55
2025-09-23 00:00:00 PDT,2025-09-23 07:00:00 UTC,14.8,15.67,16.02,16.29,16.51
2025-09-23 01:00:00 PDT,2025-09-23 08:00:00 UTC,13.3,15.2,15.71,16.1,16.46
2025-09-23 02:00:00 PDT,2025-09-23 09:00:00 UTC,12.1,14.58,15.29,15.84,16.38
2025-09-23 03:00:00 PDT,2025-09-23 10:00:00 UTC,12.6,14.18,14.95,15.58,16.27
2025-09-23 04:00:00 PDT,2025-09-23 11:00:00 UTC,12.1,13.77,14.61,15.31,16.15
2025-09-23 05:00:00 PDT,2025-09-23 12:00:00 UTC,11.1,13.23,14.21,15.02,16.01
2025-09-23 06:00:00 PDT,2025-09-23 13:00:00 UTC,11.4,12.87,13.88,14.74,15.85
2025-09-23 07:00:00 PDT,2025-09-23 14:00:00 UTC,11.3,12.55,13.58,14.48,15.68
2025-09-23 08:00:00 PDT,2025-09-23 15:00:00 UTC,11.8,12.4,13.38,14.26,15.51
2025-09-23 09:00:00 PDT,2025-09-23 16:00:00 UTC,15.7,13.06,13.62,14.22,15.36
2025-09-23 10:00:00 PDT,2025-09-23 17:00:00 UTC,16.2,13.69,13.96,14.32,15.26
2025-09-23 11:00:00 PDT,2025-09-23 18:00:00 UTC,17.5,14.45,14.42,14.54,15.22
2025-09-23 12:00:00 PDT,2025-09-23 19:00:00 UTC,18.6,15.28,14.96,14.85,15.24
2025-09-23 13:00:00 PDT,2025-09-23 20:00:00 UTC,19.6,16.14,15.57,15.22,15.32
2025-09-23 14:00:00 PDT,2025-09-23 21:00:00 UTC,19.6,16.84,16.11,15.62,15.45
2025-09-23 15:00:00 PDT,2025-09-23 22:00:00 UTC,19.6,17.39,16.59,16.0,15.62
2025-09-23 16:00:00 PDT,2025-09-23 23:00:00 UTC,19.2,17.75,16.96,16.33,15.8
2025-09-23 17:00:00 PDT,2025-09-24 00:00:00 UTC,18.7,17.94,17.21,16.6,15.99
2025-09-23 18:00:00 PDT,2025-09-24 01:00:00 UTC,17.7,17.89,17.3,16.79,16.16
2025-09-23 19:00:00 PDT,2025-09-24 02:00:00 UTC,15.3,17.37,17.11,16.82,16.31
2025-09-23 20:00:00 PDT,2025-09-24 03:00:00 UTC,14.9,16.88,16.85,16.75,16.4
2025-09-23 21:00:00 PDT,2025-09-24 04:00:00 UTC,14.8,16.46,16.59,16.62,16.45
2025-09-23 22:00:00 PDT,2025-09-24 05:00:00 UTC,15.3,16.23,16.4,16.49,16.45
2025-09-23 23:00:00 PDT,2025-09-24 06:00:00 UTC,15.5,16.08,16.26,16.39,16.44
2025-09-24 00:00:00 PDT,2025-09-24 07:00:00 UTC,15.2,15.91,16.13,16.29,16.41
2025-09-24 01:00:00 PDT,2025-09-24 08:00:00 UTC,15.2,15.77,16.01,16.19,16.38
2025-09-24 02:00:00 PDT,2025-09-24 09:00:00 UTC,14.7,15.55,15.85,16.09,16.34
2025-09-24 03:00:00 PDT,2025-09-24 10:00:00 UTC,14.5,15.34,15.69,15.98,16.29
2025-09-24 04:00:00 PDT,2025-09-24 11:00:00 UTC,14.5,15.17,15.55,15.86,16.24
2025-09-24 05:00:00 PDT,2025-09-24 12:00:00 UTC,14.5,15.04,15.42,15.75,16.18
2025-09-24 06:00:00 PDT,2025-09-24 13:00:00 UTC,14.0,14.83,15.27,15.64,16.12
2025-09-24 07:00:00 PDT,2025-09-24 14:00:00 UTC,13.9,14.65,15.12,15.52,16.05
2025-09-24 08:00:00 PDT,2025-09-24 15:00:00 UTC,14.6,14.64,15.05,15.43,15.99
2025-09-24 09:00:00 PDT,2025-09-24 16:00:00 UTC,15.9,14.89,15.14,15.41,15.92
2025-09-24 10:00:00 PDT,2025-09-24 17:00:00 UTC,16.7,15.25,15.33,15.47,15.88
2025-09-24 11:00:00 PDT,2025-09-24 18:00:00 UTC,17.2,15.64,15.57,15.59,15.87
2025-09-24 12:00:00 PDT,2025-09-24 19:00:00 UTC,17.4,15.99,15.82,15.74,15.9
2025-09-24 13:00:00 PDT,2025-09-24 20:00:00 UTC,17.8,16.35,16.08,15.91,15.94
2025-09-24 14:00:00 PDT,2025-09-24 21:00:00 UTC,17.9,16.66,16.33,16.09,16.01
2025-09-24 15:00:00 PDT,2025-09-24 22:00:00 UTC,18.3,16.99,16.58,16.28,16.09
2025-09-24 16:00:00 PDT,2025-09-24 23:00:00 UTC,18.5,17.29,16.83,16.47,16.18
2025-09-24 17:00:00 PDT,2025-09-25 00:00:00 UTC,17.6,17.35,16.96,16.62,16.28
2025-09-24 18:00:00 PDT,2025-09-25 01:00:00 UTC,16.5,17.18,16.93,16.7,16.37
2025-09-24 19:00:00 PDT,2025-09-25 02:00:00 UTC,15.2,16.79,16.75,16.67,16.45
2025-09-24 20:00:00 PDT,2025-09-25 03:00:00 UTC,14.9,16.41,16.53,16.57,16.48
2025-09-24 21:00:00 PDT,2025-09-25 04:00:00 UTC,15.0,16.13,16.33,16.46,16.48
2025-09-24 22:00:00 PDT,2025-09-25 05:00:00 UTC,14.0,15.7,16.05,16.3,16.46
2025-09-24 23:00:00 PDT,2025-09-25 06:00:00 UTC,13.9,15.34,15.78,16.12,16.41
2025-09-25 00:00:00 PDT,2025-09-25 07:00:00 UTC,12.7,14.81,15.42,15.89,16.34
2025-09-25 01:00:00 PDT,2025-09-25 08:00:00 UTC,12.2,14.29,15.04,15.63,16.25
2025-09-25 02:00:00 PDT,2025-09-25 09:00:00 UTC,12.2,13.87,14.69,15.36,16.13
2025-09-25 03:00:00 PDT,2025-09-25 10:00:00 UTC,12.3,13.56,14.4,15.11,15.99
2025-09-25 04:00:00 PDT,2025-09-25 11:00:00 UTC,12.1,13.27,14.13,14.88,15.85
2025-09-25 05:00:00 PDT,2025-09-25 12:00:00 UTC,12.1,13.03,13.9,14.66,15.7
2025-09-25 06:00:00 PDT,2025-09-25 13:00:00 UTC,10.6,12.55,13.55,14.41,15.56
2025-09-25 07:00:00 PDT,2025-09-25 14:00:00 UTC,11.6,12.36,13.33,14.19,15.4
2025-09-25 08:00:00 PDT,2025-09-25 15:00:00 UTC,12.6,12.41,13.25,14.03,15.25
2025-09-25 09:00:00 PDT,2025-09-25 16:00:00 UTC,14.6,12.84,13.41,14.0,15.12
2025-09-25 10:00:00 PDT,2025-09-25 17:00:00 UTC,15.0,13.28,13.64,14.07,15.03
2025-09-25 11:00:00 PDT,2025-09-25 18:00:00 UTC,14.3,13.48,13.79,14.14,14.98
2025-09-25 12:00:00 PDT,2025-09-25 19:00:00 UTC,14.2,13.62,13.9,14.21,14.96
2025-09-25 13:00:00 PDT,2025-09-25 20:00:00 UTC,14.4,13.78,14.01,14.28,14.95
2025-09-25 14:00:00 PDT,2025-09-25 21:00:00 UTC,14.8,13.98,14.15,14.36,14.95
2025-09-25 15:00:00 PDT,2025-09-25 22:00:00 UTC,15.2,14.23,14.31,14.46,14.96
2025-09-25 16:00:00 PDT,2025-09-25 23:00:00 UTC,15.2,14.42,14.46,14.57,14.99
2025-09-25 17:00:00 PDT,2025-09-26 00:00:00 UTC,15.1,14.56,14.58,14.66,15.02
2025-09-25 18:00:00 PDT,2025-09-26 01:00:00 UTC,15.0,14.65,14.67,14.75,15.06
2025-09-25 19:00:00 PDT,2025-09-26 02:00:00 UTC,14.3,14.58,14.68,14.79,15.1
2025-09-25 20:00:00 PDT,2025-09-26 03:00:00 UTC,12.8,14.22,14.51,14.75,15.12
2025-09-25 21:00:00 PDT,2025-09-26 04:00:00 UTC,13.4,14.06,14.39,14.68,15.12
2025-09-25 22:00:00 PDT,2025-09-26 05:00:00 UTC,13.3,13.91,14.28,14.61,15.11
2025-09-25 23:00:00 PDT,2025-09-26 06:00:00 UTC,13.0,13.72,14.15,14.52,15.08
2025-09-26 00:00:00 PDT,2025-09-26 07:00:00 UTC,13.4,13.66,14.07,14.45,15.04
2025-09-26 01:00:00 PDT,2025-09-26 08:00:00 UTC,11.7,13.27,13.84,14.32,15.0
2025-09-26 02:00:00 PDT,2025-09-26 09:00:00 UTC,12.9,13.19,13.73,14.21,14.94
2025-09-26 03:00:00 PDT,2025-09-26 10:00:00 UTC,12.9,13.14,13.65,14.12,14.88
2025-09-26 04:00:00 PDT,2025-09-26 11:00:00 UTC,13.0,13.11,13.6,14.05,14.82
2025-09-26 05:00:00 PDT,2025-09-26 12:00:00 UTC,12.8,13.05,13.54,13.99,14.76
2025-09-26 06:00:00 PDT,2025-09-26 13:00:00 UTC,12.6,12.96,13.46,13.93,14.71
2025-09-26 07:00:00 PDT,2025-09-26 14:00:00 UTC,12.2,12.81,13.35,13.85,14.66
2025-09-26 08:00:00 PDT,2025-09-26 15:00:00 UTC,12.8,12.8,13.31,13.79,14.6
2025-09-26 09:00:00 PDT,2025-09-26 16:00:00 UTC,13.4,12.92,13.34,13.76,14.55
2025-09-26 10:00:00 PDT,2025-09-26 17:00:00 UTC,14.4,13.22,13.49,13.8,14.51
2025-09-26 11:00:00 PDT,2025-09-26 18:00:00 UTC,15.4,13.66,13.74,13.91,14.5
2025-09-26 12:00:00 PDT,2025-09-26 19:00:00 UTC,16.3,14.18,14.08,14.09,14.51
2025-09-26 13:00:00 PDT,2025-09-26 20:00:00 UTC,16.3,14.61,14.39,14.3,14.56
2025-09-26 14:00:00 PDT,2025-09-26 21:00:00 UTC,16.0,14.89,14.64,14.5,14.64
2025-09-26 15:00:00 PDT,2025-09-26 22:00:00 UTC,16.1,15.13,14.86,14.69,14.73
2025-09-26 16:00:00 PDT,2025-09-26 23:00:00 UTC,15.8,15.26,15.01,14.84,14.82
2025-09-26 17:00:00 PDT,2025-09-27 00:00:00 UTC,15.4,15.29,15.1,14.95,14.91
2025-09-26 18:00:00 PDT,2025-09-27 01:00:00 UTC,15.3,15.29,15.15,15.03,14.99
2025-09-26 19:00:00 PDT,2025-09-27 02:00:00 UTC,15.1,15.25,15.16,15.08,15.06
2025-09-26 20:00:00 PDT,2025-09-27 03:00:00 UTC,15.2,15.24,15.17,15.12,15.11
2025-09-26 21:00:00 PDT,2025-09-27 04:00:00 UTC,15.4,15.27,15.21,15.16,15.16
2025-09-26 22:00:00 PDT,2025-09-27 05:00:00 UTC,15.2,15.26,15.22,15.19,15.2
2025-09-26 23:00:00 PDT,2025-09-27 06:00:00 UTC,15.3,15.27,15.23,15.21,15.23
2025-09-27 00:00:00 PDT,2025-09-27 07:00:00 UTC,15.3,15.27,15.25,15.24,15.27
2025-09-27 01:00:00 PDT,2025-09-27 08:00:00 UTC,14.1,15.04,15.14,15.21,15.29
2025-09-27 02:00:00 PDT,2025-09-27 09:00:00 UTC,13.9,14.81,15.0,15.15,15.3
2025-09-27 03:00:00 PDT,2025-09-27 10:00:00 UTC,13.9,14.63,14.87,15.07,15.3
2025-09-27 04:00:00 PDT,2025-09-27 11:00:00 UTC,13.8,14.46,14.75,14.98,15.28
2025-09-27 05:00:00 PDT,2025-09-27 12:00:00 UTC,13.7,14.31,14.63,14.89,15.25
2025-09-27 06:00:00 PDT,2025-09-27 13:00:00 UTC,13.8,14.21,14.53,14.81,15.21
2025-09-27 07:00:00 PDT,2025-09-27 14:00:00 UTC,13.9,14.15,14.46,14.75,15.17
2025-09-27 08:00:00 PDT,2025-09-27 15:00:00 UTC,14.0,14.12,14.42,14.69,15.13
2025-09-27 09:00:00 PDT,2025-09-27 16:00:00 UTC,14.6,14.21,14.44,14.67,15.1
2025-09-27 10:00:00 PDT,2025-09-27 17:00:00 UTC,14.7,14.31,14.49,14.68,15.07
2025-09-27 11:00:00 PDT,2025-09-27 18:00:00 UTC,15.7,14.59,14.64,14.74,15.06
2025-09-27 12:00:00 PDT,2025-09-27 19:00:00 UTC,16.3,14.93,14.85,14.85,15.07
2025-09-27 13:00:00 PDT,2025-09-27 20:00:00 UTC,18.0,15.54,15.22,15.04,15.1
2025-09-27 14:00:00 PDT,2025-09-27 21:00:00 UTC,18.4,16.12,15.63,15.29,15.17
2025-09-27 15:00:00 PDT,2025-09-27 22:00:00 UTC,15.5,15.99,15.7,15.45,15.27
2025-09-27 16:00:00 PDT,2025-09-27 23:00:00 UTC,14.3,15.65,15.58,15.49,15.35
2025-09-27 17:00:00 PDT,2025-09-28 00:00:00 UTC,13.7,15.26,15.37,15.43,15.41
2025-09-27 18:00:00 PDT,2025-09-28 01:00:00 UTC,13.4,14.89,15.14,15.31,15.43
2025-09-27 19:00:00 PDT,2025-09-28 02:00:00 UTC,12.9,14.49,14.88,15.16,15.41
2025-09-27 20:00:00 PDT,2025-09-28 03:00:00 UTC,13.2,14.23,14.66,15.0,15.37
2025-09-27 21:00:00 PDT,2025-09-28 04:00:00 UTC,13.1,14.01,14.47,14.86,15.31
2025-09-27 22:00:00 PDT,2025-09-28 05:00:00 UTC,13.5,13.91,14.35,14.73,15.25
2025-09-27 23:00:00 PDT,2025-09-28 06:00:00 UTC,13.3,13.78,14.23,14.63,15.18
2025-09-28 00:00:00 PDT,2025-09-28 07:00:00 UTC,13.8,13.79,14.18,14.55,15.11
2025-09-28 01:00:00 PDT,2025-09-28 08:00:00 UTC,14.0,13.83,14.17,14.5,15.06
2025-09-28 02:00:00 PDT,2025-09-28 09:00:00 UTC,13.7,13.8,14.14,14.47,15.01
2025-09-28 03:00:00 PDT,2025-09-28 10:00:00 UTC,13.4,13.72,14.08,14.42,14.97
2025-09-28 04:00:00 PDT,2025-09-28 11:00:00 UTC,13.1,13.6,14.0,14.36,14.93
2025-09-28 05:00:00 PDT,2025-09-28 12:00:00 UTC,13.2,13.52,13.92,14.29,14.88
2025-09-28 06:00:00 PDT,2025-09-28 13:00:00 UTC,13.0,13.42,13.84,14.22,14.84
2025-09-28 07:00:00 PDT,2025-09-28 14:00:00 UTC,12.1,13.15,13.67,14.12,14.79
2025-09-28 08:00:00 PDT,2025-09-28 15:00:00 UTC,14.2,13.36,13.72,14.08,14.73
2025-09-28 09:00:00 PDT,2025-09-28 16:00:00 UTC,14.1,13.51,13.79,14.09,14.69
2025-09-28 10:00:00 PDT,2025-09-28 17:00:00 UTC,14.6,13.73,13.91,14.13,14.66
2025-09-28 11:00:00 PDT,2025-09-28 18:00:00 UTC,15.7,14.12,14.14,14.24,14.66
2025-09-28 12:00:00 PDT,2025-09-28 19:00:00 UTC,17.1,14.72,14.51,14.43,14.68
2025-09-28 13:00:00 PDT,2025-09-28 20:00:00 UTC,18.3,15.43,14.98,14.7,14.74
2025-09-28 14:00:00 PDT,2025-09-28 21:00:00 UTC,16.6,15.67,15.24,14.94,14.83
2025-09-28 15:00:00 PDT,2025-09-28 22:00:00 UTC,16.8,15.89,15.47,15.15,14.94
2025-09-28 16:00:00 PDT,2025-09-28 23:00:00 UTC,18.1,16.34,15.79,15.37,15.06
2025-09-28 17:00:00 PDT,2025-09-29 00:00:00 UTC,16.7,16.41,15.94,15.56,15.18
2025-09-28 18:00:00 PDT,2025-09-29 01:00:00 UTC,17.8,16.69,16.16,15.74,15.3
2025-09-28 19:00:00 PDT,2025-09-29 02:00:00 UTC,18.1,16.97,16.4,15.93,15.42
2025-09-28 20:00:00 PDT,2025-09-29 03:00:00 UTC,17.8,17.14,16.57,16.1,15.55
2025-09-28 21:00:00 PDT,2025-09-29 04:00:00 UTC,16.8,17.07,16.62,16.22,15.67
2025-09-28 22:00:00 PDT,2025-09-29 05:00:00 UTC,16.2,16.89,16.58,16.27,15.77
2025-09-28 23:00:00 PDT,2025-09-29 06:00:00 UTC,16.4,16.8,16.54,16.29,15.85
2025-09-29 00:00:00 PDT,2025-09-29 07:00:00 UTC,16.0,16.64,16.47,16.28,15.91
2025-09-29 01:00:00 PDT,2025-09-29 08:00:00 UTC,16.2,16.55,16.41,16.26,15.95
2025-09-29 02:00:00 PDT,2025-09-29 09:00:00 UTC,16.3,16.5,16.38,16.25,15.98
2025-09-29 03:00:00 PDT,2025-09-29 10:00:00 UTC,15.6,16.32,16.28,16.21,16.0
2025-09-29 04:00:00 PDT,2025-09-29 11:00:00 UTC,15.5,16.16,16.18,16.16,16.01
2025-09-29 05:00:00 PDT,2025-09-29 12:00:00 UTC,15.8,16.08,16.11,16.11,16.01
2025-09-29 06:00:00 PDT,2025-09-29 13:00:00 UTC,15.5,15.97,16.03,16.06,16.01
2025-09-29 07:00:00 PDT,2025-09-29 14:00:00 UTC,15.3,15.83,15.93,16.0,16.0
2025-09-29 08:00:00 PDT,2025-09-29 15:00:00 UTC,15.3,15.73,15.85,15.93,15.98
2025-09-29 09:00:00 PDT,2025-09-29 16:00:00 UTC,15.3,15.67,15.79,15.88,15.96
2025-09-29 10:00:00 PDT,2025-09-29 17:00:00 UTC,15.4,15.61,15.74,15.83,15.93
2025-09-29 11:00:00 PDT,2025-09-29 18:00:00 UTC,16.4,15.77,15.79,15.83,15.91
2025-09-29 12:00:00 PDT,2025-09-29 19:00:00 UTC,16.8,15.98,15.91,15.87,15.9
2025-09-29 13:00:00 PDT,2025-09-29 20:00:00 UTC,16.1,16.0,15.95,15.91,15.91
2025-09-29 14:00:00 PDT,2025-09-29 21:00:00 UTC,15.6,15.92,15.92,15.92,15.92
2025-09-29 15:00:00 PDT,2025-09-29 22:00:00 UTC,15.6,15.86,15.89,15.91,15.93
2025-09-29 16:00:00 PDT,2025-09-29 23:00:00 UTC,15.6,15.82,15.86,15.89,15.93
2025-09-29 17:00:00 PDT,2025-09-30 00:00:00 UTC,15.3,15.72,15.8,15.86,15.93
2025-09-29 18:00:00 PDT,2025-09-30 01:00:00 UTC,15.3,15.63,15.74,15.83,15.92
2025-09-29 19:00:00 PDT,2025-09-30 02:00:00 UTC,15.0,15.51,15.66,15.78,15.91
2025-09-29 20:00:00 PDT,2025-09-30 03:00:00 UTC,14.9,15.39,15.57,15.72,15.89
2025-09-29 21:00:00 PDT,2025-09-30 04:00:00 UTC,14.4,15.19,15.44,15.64,15.86
2025-09-29 22:00:00 PDT,2025-09-30 05:00:00 UTC,14.0,14.95,15.27,15.53,15.82
2025-09-29 23:00:00 PDT,2025-09-30 06:00:00 UTC,14.2,14.8,15.14,15.43,15.78
2025-09-30 00:00:00 PDT,2025-09-30 07:00:00 UTC,14.2,14.68,15.03,15.33,15.72
2025-09-30 01:00:00 PDT,2025-09-30 08:00:00 UTC,14.1,14.56,14.93,15.24,15.67
2025-09-30 02:00:00 PDT,2025-09-30 09:00:00 UTC,13.5,14.35,14.77,15.13,15.61
2025-09-30 03:00:00 PDT,2025-09-30 10:00:00 UTC,13.6,14.2,14.64,15.02,15.54
2025-09-30 04:00:00 PDT,2025-09-30 11:00:00 UTC,13.1,13.98,14.48,14.9,15.48
2025-09-30 05:00:00 PDT,2025-09-30 12:00:00 UTC,13.6,13.9,14.38,14.8,15.4
2025-09-30 06:00:00 PDT,2025-09-30 13:00:00 UTC,14.0,13.92,14.34,14.72,15.33
2025-09-30 07:00:00 PDT,2025-09-30 14:00:00 UTC,13.4,13.82,14.26,14.65,15.27
2025-09-30 08:00:00 PDT,2025-09-30 15:00:00 UTC,14.2,13.9,14.26,14.61,15.21
2025-09-30 09:00:00 PDT,2025-09-30 16:00:00 UTC,14.2,13.96,14.27,14.59,15.16
2025-09-30 10:00:00 PDT,2025-09-30 17:00:00 UTC,15.7,14.3,14.44,14.64,15.12
2025-09-30 11:00:00 PDT,2025-09-30 18:00:00 UTC,17.0,14.84,14.76,14.77,15.11
2025-09-30 12:00:00 PDT,2025-09-30 19:00:00 UTC,18.9,15.66,15.25,15.03,15.14
2025-09-30 13:00:00 PDT,2025-09-30 20:00:00 UTC,20.2,16.56,15.86,15.39,15.22
2025-09-30 14:00:00 PDT,2025-09-30 21:00:00 UTC,19.6,17.17,16.36,15.77,15.35
2025-09-30 15:00:00 PDT,2025-09-30 22:00:00 UTC,19.6,17.66,16.79,16.12,15.52
2025-09-30 16:00:00 PDT,2025-09-30 23:00:00 UTC,18.6,17.85,17.06,16.4,15.7
2025-09-30 17:00:00 PDT,2025-10-01 00:00:00 UTC,18.1,17.9,17.21,16.61,15.87
2025-09-30 18:00:00 PDT,2025-10-01 01:00:00 UTC,16.2,17.56,17.12,16.69,16.02
2025-09-30 19:00:00 PDT,2025-10-01 02:00:00 UTC,15.4,17.13,16.92,16.67,16.13
2025-09-30 20:00:00 PDT,2025-10-01 03:00:00 UTC,14.4,16.58,16.61,16.55,16.19
2025-09-30 21:00:00 PDT,2025-10-01 04:00:00 UTC,14.0,16.06,16.28,16.37,16.21
2025-09-30 22:00:00 PDT,2025-10-01 05:00:00 UTC,13.6,15.57,15.93,16.16,16.19
2025-09-30 23:00:00 PDT,2025-10-01 06:00:00 UTC,13.5,15.16,15.61,15.94,16.13
2025-10-01 00:00:00 PDT,2025-10-01 07:00:00 UTC,13.9,14.91,15.37,15.74,16.05
2025-10-01 01:00:00 PDT,2025-10-01 08:00:00 UTC,13.1,14.54,15.1,15.53,15.96
2025-10-01 02:00:00 PDT,2025-10-01 09:00:00 UTC,12.8,14.2,14.82,15.32,15.86
2025-10-01 03:00:00 PDT,2025-10-01 10:00:00 UTC,13.2,14.0,14.61,15.13,15.75
2025-10-01 04:00:00 PDT,2025-10-01 11:00:00 UTC,13.1,13.82,14.43,14.96,15.64
2025-10-01 05:00:00 PDT,2025-10-01 12:00:00 UTC,13.0,13.65,14.27,14.8,15.53
2025-10-01 06:00:00 PDT,2025-10-01 13:00:00 UTC,13.2,13.56,14.15,14.67,15.42
2025-10-01 07:00:00 PDT,2025-10-01 14:00:00 UTC,13.2,13.49,14.05,14.56,15.32
2025-10-01 08:00:00 PDT,2025-10-01 15:00:00 UTC,13.6,13.51,14.01,14.48,15.23
2025-10-01 09:00:00 PDT,2025-10-01 16:00:00 UTC,14.4,13.69,14.07,14.45,15.15
2025-10-01 10:00:00 PDT,2025-10-01 17:00:00 UTC,14.6,13.87,14.16,14.47,15.1
2025-10-01 11:00:00 PDT,2025-10-01 18:00:00 UTC,14.9,14.08,14.28,14.51,15.06
2025-10-01 12:00:00 PDT,2025-10-01 19:00:00 UTC,15.2,14.3,14.42,14.58,15.04
2025-10-01 13:00:00 PDT,2025-10-01 20:00:00 UTC,16.0,14.64,14.63,14.69,15.04
2025-10-01 14:00:00 PDT,2025-10-01 21:00:00 UTC,17.0,15.11,14.93,14.86,15.07
2025-10-01 15:00:00 PDT,2025-10-01 22:00:00 UTC,17.4,15.57,15.25,15.06,15.12
2025-10-01 16:00:00 PDT,2025-10-01 23:00:00 UTC,17.3,15.92,15.54,15.28,15.2
2025-10-01 17:00:00 PDT,2025-10-02 00:00:00 UTC,17.4,16.21,15.79,15.48,15.29
2025-10-01 18:00:00 PDT,2025-10-02 01:00:00 UTC,16.9,16.35,15.96,15.65,15.39
2025-10-01 19:00:00 PDT,2025-10-02 02:00:00 UTC,15.9,16.26,15.99,15.75,15.49
2025-10-01 20:00:00 PDT,2025-10-02 03:00:00 UTC,15.9,16.19,15.99,15.81,15.57
2025-10-01 21:00:00 PDT,2025-10-02 04:00:00 UTC,15.3,16.01,15.92,15.81,15.63
2025-10-01 22:00:00 PDT,2025-10-02 05:00:00 UTC,15.3,15.87,15.84,15.79,15.68
2025-10-01 23:00:00 PDT,2025-10-02 06:00:00 UTC,15.2,15.73,15.76,15.76,15.7
2025-10-02 00:00:00 PDT,2025-10-02 07:00:00 UTC,15.4,15.67,15.71,15.73,15.71
2025-10-02 01:00:00 PDT,2025-10-02 08:00:00 UTC,14.6,15.45,15.58,15.67,15.72
2025-10-02 02:00:00 PDT,2025-10-02 09:00:00 UTC,13.8,15.12,15.38,15.56,15.7
2025-10-02 03:00:00 PDT,2025-10-02 10:00:00 UTC,13.9,14.88,15.2,15.44,15.67
2025-10-02 04:00:00 PDT,2025-10-02 11:00:00 UTC,13.4,14.58,14.98,15.3,15.63
2025-10-02 05:00:00 PDT,2025-10-02 12:00:00 UTC,13.0,14.36,14.8,15.16,15.57
2025-10-02 06:00:00 PDT,2025-10-02 13:00:00 UTC,13.1,14.11,14.6,15.01,15.5
2025-10-02 07:00:00 PDT,2025-10-02 14:00:00 UTC,12.9,13.87,14.4,14.85,15.42
2025-10-02 08:00:00 PDT,2025-10-02 15:00:00 UTC,13.3,13.75,14.27,14.72,15.34
2025-10-02 09:00:00 PDT,2025-10-02 16:00:00 UTC,14.0,13.8,14.24,14.64,15.26
2025-10-02 10:00:00 PDT,2025-10-02 17:00:00 UTC,14.8,14.0,14.3,14.61,15.19
2025-10-02 11:00:00 PDT,2025-10-02 18:00:00 UTC,14.9,14.18,14.4,14.63,15.14
2025-10-02 12:00:00 PDT,2025-10-02 19:00:00 UTC,14.7,14.29,14.46,14.66,15.11
2025-10-02 13:00:00 PDT,2025-10-02 20:00:00 UTC,16.0,14.63,14.65,14.74,15.1
2025-10-02 14:00:00 PDT,2025-10-02 21:00:00 UTC,15.8,14.86,14.82,14.85,15.1
2025-10-02 15:00:00 PDT,2025-10-02 22:00:00 UTC,16.9,15.27,15.08,14.99,15.13
2025-10-02 16:00:00 PDT,2025-10-02 23:00:00 UTC,16.7,15.56,15.31,15.15,15.18
2025-10-02 17:00:00 PDT,2025-10-03 00:00:00 UTC,16.1,15.66,15.44,15.29,15.24
2025-10-02 18:00:00 PDT,2025-10-03 01:00:00 UTC,16.2,15.77,15.56,15.4,15.31
2025-10-02 19:00:00 PDT,2025-10-03 02:00:00 UTC,14.6,15.54,15.49,15.43,15.37
2025-10-02 20:00:00 PDT,2025-10-03 03:00:00 UTC,13.4,15.11,15.27,15.37,15.41
2025-10-02 21:00:00 PDT,2025-10-03 04:00:00 UTC,11.3,14.35,14.83,15.17,15.41
2025-10-02 22:00:00 PDT,2025-10-03 05:00:00 UTC,13.2,14.12,14.6,14.98,15.37
2025-10-02 23:00:00 PDT,2025-10-03 06:00:00 UTC,11.5,13.59,14.25,14.76,15.3
2025-10-03 00:00:00 PDT,2025-10-03 07:00:00 UTC,10.7,13.02,13.83,14.49,15.2
2025-10-03 01:00:00 PDT,2025-10-03 08:00:00 UTC,10.5,12.51,13.44,14.19,15.08
2025-10-03 02:00:00 PDT,2025-10-03 09:00:00 UTC,9.8,11.97,13.02,13.88,14.93
2025-10-03 03:00:00 PDT,2025-10-03 10:00:00 UTC,9.8,11.54,12.64,13.57,14.77
2025-10-03 04:00:00 PDT,2025-10-03 11:00:00 UTC,10.2,11.27,12.35,13.3,14.59
2025-10-03 05:00:00 PDT,2025-10-03 12:00:00 UTC,10.9,11.2,12.19,13.09,14.42
2025-10-03 06:00:00 PDT,2025-10-03 13:00:00 UTC,10.1,10.98,11.99,12.89,14.25
2025-10-03 07:00:00 PDT,2025-10-03 14:00:00 UTC,11.3,11.04,11.92,12.75,14.1
2025-10-03 08:00:00 PDT,2025-10-03 15:00:00 UTC,11.1,11.05,11.87,12.66,13.97
2025-10-03 09:00:00 PDT,2025-10-03 16:00:00 UTC,12.3,11.3,11.96,12.62,13.85
2025-10-03 10:00:00 PDT,2025-10-03 17:00:00 UTC,14.0,11.84,12.23,12.69,13.77
2025-10-03 11:00:00 PDT,2025-10-03 18:00:00 UTC,14.9,12.45,12.6,12.86,13.73
2025-10-03 12:00:00 PDT,2025-10-03 19:00:00 UTC,14.6,12.88,12.91,13.06,13.74
2025-10-03 13:00:00 PDT,2025-10-03 20:00:00 UTC,14.0,13.11,13.12,13.23,13.78
2025-10-03 14:00:00 PDT,2025-10-03 21:00:00 UTC,15.1,13.5,13.4,13.41,13.83
2025-10-03 15:00:00 PDT,2025-10-03 22:00:00 UTC,14.8,13.76,13.63,13.59,13.9
2025-10-03 16:00:00 PDT,2025-10-03 23:00:00 UTC,14.1,13.83,13.75,13.73,13.97
2025-10-03 17:00:00 PDT,2025-10-04 00:00:00 UTC,13.6,13.78,13.78,13.81,14.04
2025-10-03 18:00:00 PDT,2025-10-04 01:00:00 UTC,13.2,13.67,13.76,13.85,14.1
2025-10-03 19:00:00 PDT,2025-10-04 02:00:00 UTC,12.6,13.45,13.65,13.83,14.14
2025-10-03 20:00:00 PDT,2025-10-04 03:00:00 UTC,12.8,13.32,13.57,13.79,14.15
2025-10-03 21:00:00 PDT,2025-10-04 04:00:00 UTC,11.9,13.04,13.4,13.71,14.15
2025-10-03 22:00:00 PDT,2025-10-04 05:00:00 UTC,12.1,12.85,13.26,13.62,14.14
2025-10-03 23:00:00 PDT,2025-10-04 06:00:00 UTC,11.9,12.66,13.12,13.52,14.1
2025-10-04 00:00:00 PDT,2025-10-04 07:00:00 UTC,11.1,12.35,12.91,13.39,14.06
2025-10-04 01:00:00 PDT,2025-10-04 08:00:00 UTC,12.1,12.3,12.81,13.28,14.0
2025-10-04 02:00:00 PDT,2025-10-04 09:00:00 UTC,12.2,12.28,12.76,13.21,13.94
2025-10-04 03:00:00 PDT,2025-10-04 10:00:00 UTC,12.3,12.28,12.73,13.15,13.89
2025-10-04 04:00:00 PDT,2025-10-04 11:00:00 UTC,12.7,12.37,12.75,13.13,13.84
2025-10-04 05:00:00 PDT,2025-10-04 12:00:00 UTC,12.6,12.41,12.77,13.12,13.8
2025-10-04 06:00:00 PDT,2025-10-04 13:00:00 UTC,12.5,12.43,12.77,13.12,13.78
2025-10-04 07:00:00 PDT,2025-10-04 14:00:00 UTC,12.7,12.48,12.8,13.12,13.75
2025-10-04 08:00:00 PDT,2025-10-04 15:00:00 UTC,12.6,12.51,12.81,13.12,13.74
2025-10-04 09:00:00 PDT,2025-10-04 16:00:00 UTC,13.0,12.61,12.86,13.14,13.72
2025-10-04 10:00:00 PDT,2025-10-04 17:00:00 UTC,13.9,12.86,13.01,13.2,13.72
2025-10-04 11:00:00 PDT,2025-10-04 18:00:00 UTC,14.7,13.23,13.23,13.31,13.73
2025-10-04 12:00:00 PDT,2025-10-04 19:00:00 UTC,14.9,13.57,13.47,13.46,13.76
2025-10-04 13:00:00 PDT,2025-10-04 20:00:00 UTC,15.7,13.99,13.76,13.65,13.81
2025-10-04 14:00:00 PDT,2025-10-04 21:00:00 UTC,15.4,14.27,14.0,13.83,13.89
2025-10-04 15:00:00 PDT,2025-10-04 22:00:00 UTC,16.2,14.66,14.29,14.04,13.98
2025-10-04 16:00:00 PDT,2025-10-04 23:00:00 UTC,15.7,14.87,14.5,14.22,14.08
2025-10-04 17:00:00 PDT,2025-10-05 00:00:00 UTC,15.2,14.93,14.62,14.37,14.18
2025-10-04 18:00:00 PDT,2025-10-05 01:00:00 UTC,14.2,14.79,14.61,14.44,14.28
2025-10-04 19:00:00 PDT,2025-10-05 02:00:00 UTC,12.5,14.33,14.4,14.41,14.35
2025-10-04 20:00:00 PDT,2025-10-05 03:00:00 UTC,11.6,13.78,14.08,14.28,14.39
2025-10-04 21:00:00 PDT,2025-10-05 04:00:00 UTC,13.3,13.69,13.95,14.16,14.38
2025-10-04 22:00:00 PDT,2025-10-05 05:00:00 UTC,11.8,13.31,13.71,14.03,14.36
2025-10-04 23:00:00 PDT,2025-10-05 06:00:00 UTC,11.6,12.97,13.46,13.86,14.31
2025-10-05 00:00:00 PDT,2025-10-05 07:00:00 UTC,9.8,12.33,13.06,13.63,14.25
2025-10-05 01:00:00 PDT,2025-10-05 08:00:00 UTC,10.5,11.97,12.74,13.38,14.15
2025-10-05 02:00:00 PDT,2025-10-05 09:00:00 UTC,10.3,11.63,12.46,13.15,14.04
2025-10-05 03:00:00 PDT,2025-10-05 10:00:00 UTC,8.8,11.07,12.05,12.88,13.91
2025-10-05 04:00:00 PDT,2025-10-05 11:00:00 UTC,11.5,11.15,11.96,12.69,13.77
2025-10-05 05:00:00 PDT,2025-10-05 12:00:00 UTC,9.3,10.78,11.7,12.5,13.64
2025-10-05 06:00:00 PDT,2025-10-05 13:00:00 UTC,8.5,10.33,11.36,12.26,13.5
2025-10-05 07:00:00 PDT,2025-10-05 14:00:00 UTC,6.4,9.54,10.84,11.93,13.35
2025-10-05 08:00:00 PDT,2025-10-05 15:00:00 UTC,8.6,9.35,10.56,11.64,13.17
2025-10-05 09:00:00 PDT,2025-10-05 16:00:00 UTC,12.4,9.96,10.75,11.55,13.0
2025-10-05 10:00:00 PDT,2025-10-05 17:00:00 UTC,13.2,10.61,11.07,11.63,12.87
2025-10-05 11:00:00 PDT,2025-10-05 18:00:00 UTC,14.2,11.33,11.5,11.81,12.81
2025-10-05 12:00:00 PDT,2025-10-05 19:00:00 UTC,14.7,12.0,11.95,12.07,12.81
2025-10-05 13:00:00 PDT,2025-10-05 20:00:00 UTC,15.3,12.66,12.42,12.37,12.86
2025-10-05 14:00:00 PDT,2025-10-05 21:00:00 UTC,15.2,13.17,12.83,12.67,12.95
2025-10-05 15:00:00 PDT,2025-10-05 22:00:00 UTC,15.5,13.64,13.22,12.96,13.07
2025-10-05 16:00:00 PDT,2025-10-05 23:00:00 UTC,15.5,14.01,13.55,13.24,13.2
2025-10-05 17:00:00 PDT,2025-10-06 00:00:00 UTC,14.9,14.19,13.77,13.46,13.34
2025-10-05 18:00:00 PDT,2025-10-06 01:00:00 UTC,13.7,14.09,13.82,13.61,13.47
2025-10-05 19:00:00 PDT,2025-10-06 02:00:00 UTC,10.4,13.35,13.5,13.56,13.58
2025-10-05 20:00:00 PDT,2025-10-06 03:00:00 UTC,8.9,12.46,12.99,13.35,13.62
2025-10-05 21:00:00 PDT,2025-10-06 04:00:00 UTC,9.8,11.93,12.59,13.09,13.6
2025-10-05 22:00:00 PDT,2025-10-06 05:00:00 UTC,11.1,11.76,12.38,12.89,13.53
2025-10-05 23:00:00 PDT,2025-10-06 06:00:00 UTC,10.7,11.55,12.18,12.72,13.46
2025-10-06 00:00:00 PDT,2025-10-06 07:00:00 UTC,9.4,11.12,11.88,12.53,13.37
2025-10-06 01:00:00 PDT,2025-10-06 08:00:00 UTC,11.3,11.16,11.8,12.38,13.27
2025-10-06 02:00:00 PDT,2025-10-06 09:00:00 UTC,10.1,10.95,11.64,12.25,13.18
2025-10-06 03:00:00 PDT,2025-10-06 10:00:00 UTC,7.0,10.16,11.17,12.0,13.09
2025-10-06 04:00:00 PDT,2025-10-06 11:00:00 UTC,8.0,9.72,10.8,11.72,12.96
2025-10-06 05:00:00 PDT,2025-10-06 12:00:00 UTC,7.9,9.36,10.48,11.45,12.81
2025-10-06 06:00:00 PDT,2025-10-06 13:00:00 UTC,8.2,9.13,10.23,11.21,12.66
2025-10-06 07:00:00 PDT,2025-10-06 14:00:00 UTC,8.6,9.02,10.07,11.02,12.5
2025-10-06 08:00:00 PDT,2025-10-06 15:00:00 UTC,8.2,8.86,9.9,10.85,12.35
2025-10-06 09:00:00 PDT,2025-10-06 16:00:00 UTC,11.2,9.33,10.05,10.8,12.22
2025-10-06 10:00:00 PDT,2025-10-06 17:00:00 UTC,13.1,10.08,10.44,10.92,12.12
2025-10-06 11:00:00 PDT,2025-10-06 18:00:00 UTC,15.2,11.1,11.05,11.2,12.1
2025-10-06 12:00:00 PDT,2025-10-06 19:00:00 UTC,15.2,11.92,11.63,11.56,12.14
2025-10-06 13:00:00 PDT,2025-10-06 20:00:00 UTC,15.1,12.56,12.14,11.92,12.24
2025-10-06 14:00:00 PDT,2025-10-06 21:00:00 UTC,15.8,13.21,12.64,12.29,12.37
2025-10-06 15:00:00 PDT,2025-10-06 22:00:00 UTC,15.7,13.71,13.08,12.65,12.54
2025-10-06 16:00:00 PDT,2025-10-06 23:00:00 UTC,15.6,14.08,13.44,12.97,12.71
2025-10-06 17:00:00 PDT,2025-10-07 00:00:00 UTC,15.1,14.29,13.7,13.24,12.89
2025-10-06 18:00:00 PDT,2025-10-07 01:00:00 UTC,13.7,14.17,13.76,13.4,13.06
2025-10-06 19:00:00 PDT,2025-10-07 02:00:00 UTC,10.9,13.52,13.49,13.4,13.2
2025-10-06 20:00:00 PDT,2025-10-07 03:00:00 UTC,10.8,12.97,13.18,13.28,13.28
2025-10-06 21:00:00 PDT,2025-10-07 04:00:00 UTC,10.8,12.54,12.88,13.12,13.3
2025-10-06 22:00:00 PDT,2025-10-07 05:00:00 UTC,11.0,12.23,12.64,12.96,13.29
2025-10-06 23:00:00 PDT,2025-10-07 06:00:00 UTC,9.5,11.68,12.29,12.76,13.25
2025-10-07 00:00:00 PDT,2025-10-07 07:00:00 UTC,9.1,11.17,11.91,12.51,13.18
2025-10-07 01:00:00 PDT,2025-10-07 08:00:00 UTC,7.9,10.51,11.45,12.21,13.08
2025-10-07 02:00:00 PDT,2025-10-07 09:00:00 UTC,9.6,10.33,11.21,11.96,12.95
2025-10-07 03:00:00 PDT,2025-10-07 10:00:00 UTC,10.0,10.27,11.06,11.78,12.82
2025-10-07 04:00:00 PDT,2025-10-07 11:00:00 UTC,8.6,9.93,10.82,11.59,12.7
2025-10-07 05:00:00 PDT,2025-10-07 12:00:00 UTC,8.1,9.57,10.53,11.37,12.57
2025-10-07 06:00:00 PDT,2025-10-07 13:00:00 UTC,8.3,9.31,10.29,11.17,12.44
2025-10-07 07:00:00 PDT,2025-10-07 14:00:00 UTC,6.8,8.81,9.94,10.92,12.3
2025-10-07 08:00:00 PDT,2025-10-07 15:00:00 UTC,9.9,9.03,9.92,10.77,12.16
2025-10-07 09:00:00 PDT,2025-10-07 16:00:00 UTC,12.0,9.62,10.17,10.78,12.03
2025-10-07 10:00:00 PDT,2025-10-07 17:00:00 UTC,13.0,10.3,10.55,10.92,11.96
2025-10-07 11:00:00 PDT,2025-10-07 18:00:00 UTC,14.1,11.06,11.03,11.17,11.95
2025-10-07 12:00:00 PDT,2025-10-07 19:00:00 UTC,14.6,11.77,11.52,11.47,11.99
2025-10-07 13:00:00 PDT,2025-10-07 20:00:00 UTC,14.3,12.27,11.94,11.78,12.08
2025-10-07 14:00:00 PDT,2025-10-07 21:00:00 UTC,14.0,12.62,12.26,12.05,12.2
2025-10-07 15:00:00 PDT,2025-10-07 22:00:00 UTC,14.1,12.91,12.54,12.3,12.32
2025-10-07 16:00:00 PDT,2025-10-07 23:00:00 UTC,13.9,13.11,12.76,12.5,12.45
2025-10-07 17:00:00 PDT,2025-10-08 00:00:00 UTC,13.3,13.15,12.87,12.66,12.58
2025-10-07 18:00:00 PDT,2025-10-08 01:00:00 UTC,13.2,13.16,12.94,12.77,12.69
2025-10-07 19:00:00 PDT,2025-10-08 02:00:00 UTC,12.9,13.11,12.96,12.85,12.78
2025-10-07 20:00:00 PDT,2025-10-08 03:00:00 UTC,13.0,13.09,12.98,12.9,12.86
2025-10-07 21:00:00 PDT,2025-10-08 04:00:00 UTC,12.1,12.89,12.9,12.9,12.93
2025-10-07 22:00:00 PDT,2025-10-08 05:00:00 UTC,12.0,12.71,12.81,12.88,12.97
2025-10-07 23:00:00 PDT,2025-10-08 06:00:00 UTC,11.9,12.55,12.71,12.83,12.99
2025-10-08 00:00:00 PDT,2025-10-08 07:00:00 UTC,11.8,12.4,12.6,12.77,13.0
2025-10-08 01:00:00 PDT,2025-10-08 08:00:00 UTC,11.4,12.2,12.47,12.7,13.0
2025-10-08 02:00:00 PDT,2025-10-08 09:00:00 UTC,10.0,11.76,12.21,12.57,12.98
2025-10-08 03:00:00 PDT,2025-10-08 10:00:00 UTC,9.3,11.27,11.88,12.37,12.94
2025-10-08 04:00:00 PDT,2025-10-08 11:00:00 UTC,10.5,11.11,11.7,12.2,12.87
2025-10-08 05:00:00 PDT,2025-10-08 12:00:00 UTC,10.3,10.95,11.54,12.06,12.79
2025-10-08 06:00:00 PDT,2025-10-08 13:00:00 UTC,11.0,10.96,11.48,11.96,12.71
2025-10-08 07:00:00 PDT,2025-10-08 14:00:00 UTC,11.1,10.99,11.46,11.9,12.64
2025-10-08 08:00:00 PDT,2025-10-08 15:00:00 UTC,10.9,10.97,11.42,11.85,12.58
2025-10-08 09:00:00 PDT,2025-10-08 16:00:00 UTC,12.0,11.18,11.5,11.85,12.53
2025-10-08 10:00:00 PDT,2025-10-08 17:00:00 UTC,12.0,11.34,11.6,11.88,12.5
2025-10-08 11:00:00 PDT,2025-10-08 18:00:00 UTC,12.3,11.53,11.71,11.94,12.49
2025-10-08 12:00:00 PDT,2025-10-08 19:00:00 UTC,13.3,11.89,11.93,12.04,12.49
2025-10-08 13:00:00 PDT,2025-10-08 20:00:00 UTC,12.8,12.07,12.08,12.15,12.52
2025-10-08 14:00:00 PDT,2025-10-08 21:00:00 UTC,12.8,12.22,12.21,12.25,12.55
2025-10-08 15:00:00 PDT,2025-10-08 22:00:00 UTC,13.3,12.43,12.36,12.36,12.6
2025-10-08 16:00:00 PDT,2025-10-08 23:00:00 UTC,13.3,12.61,12.51,12.48,12.65
2025-10-08 17:00:00 PDT,2025-10-09 00:00:00 UTC,14.0,12.88,12.71,12.61,12.71
2025-10-08 18:00:00 PDT,2025-10-09 01:00:00 UTC,12.6,12.83,12.75,12.7,12.77
2025-10-08 19:00:00 PDT,2025-10-09 02:00:00 UTC,11.6,12.58,12.65,12.71,12.83
2025-10-08 20:00:00 PDT,2025-10-09 03:00:00 UTC,11.4,12.35,12.53,12.67,12.86
2025-10-08 21:00:00 PDT,2025-10-09 04:00:00 UTC,10.8,12.04,12.34,12.58,12.88
2025-10-08 22:00:00 PDT,2025-10-09 05:00:00 UTC,11.1,11.85,12.19,12.48,12.86
2025-10-08 23:00:00 PDT,2025-10-09 06:00:00 UTC,11.5,11.78,12.11,12.4,12.84
2025-10-09 00:00:00 PDT,2025-10-09 07:00:00 UTC,11.2,11.66,12.02,12.33,12.81
2025-10-09 01:00:00 PDT,2025-10-09 08:00:00 UTC,10.8,11.49,11.89,12.25,12.77
2025-10-09 02:00:00 PDT,2025-10-09 09:00:00 UTC,11.1,11.41,11.81,12.17,12.73
2025-10-09 03:00:00 PDT,2025-10-09 10:00:00 UTC,11.1,11.35,11.74,12.11,12.69
2025-10-09 04:00:00 PDT,2025-10-09 11:00:00 UTC,11.2,11.32,11.7,12.05,12.65
2025-10-09 05:00:00 PDT,2025-10-09 12:00:00 UTC,10.8,11.22,11.62,12.0,12.61
2025-10-09 06:00:00 PDT,2025-10-09 13:00:00 UTC,10.5,11.07,11.52,11.92,12.57
2025-10-09 07:00:00 PDT,2025-10-09 14:00:00 UTC,11.5,11.16,11.53,11.88,12.52
2025-10-09 08:00:00 PDT,2025-10-09 15:00:00 UTC,11.3,11.19,11.53,11.87,12.49
2025-10-09 09:00:00 PDT,2025-10-09 16:00:00 UTC,11.5,11.25,11.55,11.86,12.46
2025-10-09 10:00:00 PDT,2025-10-09 17:00:00 UTC,11.7,11.34,11.6,11.87,12.44
2025-10-09 11:00:00 PDT,2025-10-09 18:00:00 UTC,12.6,11.59,11.74,11.93,12.43
2025-10-09 12:00:00 PDT,2025-10-09 19:00:00 UTC,13.7,12.01,11.99,12.05,12.44
2025-10-09 13:00:00 PDT,2025-10-09 20:00:00 UTC,15.6,12.73,12.42,12.27,12.47
2025-10-09 14:00:00 PDT,2025-10-09 21:00:00 UTC,13.7,12.92,12.65,12.48,12.55
2025-10-09 15:00:00 PDT,2025-10-09 22:00:00 UTC,14.6,13.26,12.91,12.68,12.64
2025-10-09 16:00:00 PDT,2025-10-09 23:00:00 UTC,13.9,13.39,13.08,12.84,12.74
2025-10-09 17:00:00 PDT,2025-10-10 00:00:00 UTC,13.4,13.39,13.15,12.96,12.83
2025-10-09 18:00:00 PDT,2025-10-10 01:00:00 UTC,12.7,13.25,13.13,13.02,12.92
2025-10-09 19:00:00 PDT,2025-10-10 02:00:00 UTC,12.3,13.06,13.05,13.02,12.98
2025-10-09 20:00:00 PDT,2025-10-10 03:00:00 UTC,12.1,12.87,12.94,12.99,13.02
2025-10-09 21:00:00 PDT,2025-10-10 04:00:00 UTC,12.0,12.7,12.83,12.94,13.05
2025-10-09 22:00:00 PDT,2025-10-10 05:00:00 UTC,11.9,12.54,12.73,12.87,13.05
2025-10-09 23:00:00 PDT,2025-10-10 06:00:00 UTC,11.4,12.31,12.58,12.79,13.04
2025-10-10 00:00:00 PDT,2025-10-10 07:00:00 UTC,11.5,12.15,12.45,12.7,13.02
2025-10-10 01:00:00 PDT,2025-10-10 08:00:00 UTC,11.4,12.0,12.33,12.61,12.99
2025-10-10 02:00:00 PDT,2025-10-10 09:00:00 UTC,11.5,11.9,12.24,12.53,12.95
2025-10-10 03:00:00 PDT,2025-10-10 10:00:00 UTC,11.5,11.82,12.16,12.46,12.91
2025-10-10 04:00:00 PDT,2025-10-10 11:00:00 UTC,11.4,11.73,12.08,12.39,12.87
2025-10-10 05:00:00 PDT,2025-10-10 12:00:00 UTC,10.9,11.57,11.97,12.32,12.83
2025-10-10 06:00:00 PDT,2025-10-10 13:00:00 UTC,9.8,11.21,11.74,12.19,12.79
2025-10-10 07:00:00 PDT,2025-10-10 14:00:00 UTC,10.2,11.01,11.57,12.05,12.73
2025-10-10 08:00:00 PDT,2025-10-10 15:00:00 UTC,10.5,10.91,11.45,11.94,12.66
2025-10-10 09:00:00 PDT,2025-10-10 16:00:00 UTC,11.4,11.01,11.45,11.87,12.59
2025-10-10 10:00:00 PDT,2025-10-10 17:00:00 UTC,11.7,11.15,11.5,11.86,12.53
2025-10-10 11:00:00 PDT,2025-10-10 18:00:00 UTC,11.5,11.22,11.53,11.86,12.49
2025-10-10 12:00:00 PDT,2025-10-10 19:00:00 UTC,12.9,11.55,11.71,11.92,12.46
2025-10-10 13:00:00 PDT,2025-10-10 20:00:00 UTC,12.5,11.74,11.84,12.0,12.46
2025-10-10 14:00:00 PDT,2025-10-10 21:00:00 UTC,12.2,11.83,11.93,12.07,12.47
2025-10-10 15:00:00 PDT,2025-10-10 22:00:00 UTC,12.0,11.87,11.98,12.12,12.49
2025-10-10 16:00:00 PDT,2025-10-10 23:00:00 UTC,12.1,11.9,12.02,12.16,12.51
2025-10-10 17:00:00 PDT,2025-10-11 00:00:00 UTC,11.9,11.9,12.04,12.18,12.53
2025-10-10 18:00:00 PDT,2025-10-11 01:00:00 UTC,11.8,11.88,12.04,12.19,12.54
2025-10-10 19:00:00 PDT,2025-10-11 02:00:00 UTC,11.9,11.88,12.04,12.2,12.55
2025-10-10 20:00:00 PDT,2025-10-11 03:00:00 UTC,11.8,11.87,12.04,12.21,12.56
2025-10-10 21:00:00 PDT,2025-10-11 04:00:00 UTC,10.3,11.55,11.88,12.15,12.56
2025-10-10 22:00:00 PDT,2025-10-11 05:00:00 UTC,10.6,11.36,11.74,12.07,12.55
2025-10-10 23:00:00 PDT,2025-10-11 06:00:00 UTC,10.8,11.25,11.64,11.99,12.52
2025-10-11 00:00:00 PDT,2025-10-11 07:00:00 UTC,9.9,10.98,11.47,11.88,12.48
2025-10-11 01:00:00 PDT,2025-10-11 08:00:00 UTC,10.9,10.96,11.4,11.8,12.43
2025-10-11 02:00:00 PDT,2025-10-11 09:00:00 UTC,10.4,10.85,11.31,11.72,12.38
2025-10-11 03:00:00 PDT,2025-10-11 10:00:00 UTC,9.9,10.66,11.17,11.63,12.33
2025-10-11 04:00:00 PDT,2025-10-11 11:00:00 UTC,10.8,10.69,11.14,11.57,12.28
2025-10-11 05:00:00 PDT,2025-10-11 12:00:00 UTC,10.7,10.69,11.12,11.52,12.23
2025-10-11 06:00:00 PDT,2025-10-11 13:00:00 UTC,10.6,10.67,11.09,11.48,12.19
2025-10-11 07:00:00 PDT,2025-10-11 14:00:00 UTC,10.7,10.68,11.07,11.46,12.15
2025-10-11 08:00:00 PDT,2025-10-11 15:00:00 UTC,10.8,10.7,11.07,11.44,12.11
2025-10-11 09:00:00 PDT,2025-10-11 16:00:00 UTC,11.2,10.8,11.12,11.44,12.09
2025-10-11 10:00:00 PDT,2025-10-11 17:00:00 UTC,12.1,11.06,11.25,11.49,12.07
2025-10-11 11:00:00 PDT,2025-10-11 18:00:00 UTC,11.8,11.21,11.36,11.55,12.07
2025-10-11 12:00:00 PDT,2025-10-11 19:00:00 UTC,11.7,11.31,11.44,11.62,12.08
2025-10-11 13:00:00 PDT,2025-10-11 20:00:00 UTC,12.5,11.55,11.59,11.7,12.1
2025-10-11 14:00:00 PDT,2025-10-11 21:00:00 UTC,12.5,11.74,11.74,11.8,12.13
2025-10-11 15:00:00 PDT,2025-10-11 22:00:00 UTC,11.7,11.73,11.78,11.87,12.16
2025-10-11 16:00:00 PDT,2025-10-11 23:00:00 UTC,11.4,11.66,11.78,11.9,12.2
2025-10-11 17:00:00 PDT,2025-10-12 00:00:00 UTC,11.9,11.71,11.81,11.93,12.23
2025-10-11 18:00:00 PDT,2025-10-12 01:00:00 UTC,12.1,11.79,11.86,11.96,12.25
2025-10-11 19:00:00 PDT,2025-10-12 02:00:00 UTC,11.1,11.65,11.81,11.97,12.27
2025-10-11 20:00:00 PDT,2025-10-12 03:00:00 UTC,12.0,11.72,11.84,11.98,12.29
2025-10-11 21:00:00 PDT,2025-10-12 04:00:00 UTC,11.8,11.74,11.86,11.99,12.3
2025-10-11 22:00:00 PDT,2025-10-12 05:00:00 UTC,11.3,11.65,11.82,11.99,12.31
2025-10-11 23:00:00 PDT,2025-10-12 06:00:00 UTC,10.3,11.38,11.68,11.94,12.31
2025-10-12 00:00:00 PDT,2025-10-12 07:00:00 UTC,10.0,11.1,11.5,11.84,12.3
2025-10-12 01:00:00 PDT,2025-10-12 08:00:00 UTC,10.2,10.92,11.36,11.73,12.27
2025-10-12 02:00:00 PDT,2025-10-12 09:00:00 UTC,9.8,10.7,11.19,11.62,12.23
2025-10-12 03:00:00 PDT,2025-10-12 10:00:00 UTC,10.0,10.56,11.06,11.51,12.17
2025-10-12 04:00:00 PDT,2025-10-12 11:00:00 UTC,9.9,10.43,10.95,11.41,12.12
2025-10-12 05:00:00 PDT,2025-10-12 12:00:00 UTC,9.3,10.2,10.78,11.29,12.06
2025-10-12 06:00:00 PDT,2025-10-12 13:00:00 UTC,9.2,10.0,10.62,11.17,11.99
2025-10-12 07:00:00 PDT,2025-10-12 14:00:00 UTC,9.5,9.9,10.51,11.06,11.91
2025-10-12 08:00:00 PDT,2025-10-12 15:00:00 UTC,9.2,9.76,10.38,10.95,11.84
2025-10-12 09:00:00 PDT,2025-10-12 16:00:00 UTC,10.0,9.81,10.36,10.88,11.77
2025-10-12 10:00:00 PDT,2025-10-12 17:00:00 UTC,10.1,9.87,10.36,10.84,11.7
2025-10-12 11:00:00 PDT,2025-10-12 18:00:00 UTC,10.4,9.97,10.4,10.83,11.65
2025-10-12 12:00:00 PDT,2025-10-12 19:00:00 UTC,9.1,9.8,10.31,10.79,11.61
2025-10-12 13:00:00 PDT,2025-10-12 20:00:00 UTC,9.4,9.72,10.24,10.73,11.57
2025-10-12 14:00:00 PDT,2025-10-12 21:00:00 UTC,11.1,10.0,10.35,10.73,11.53
2025-10-12 15:00:00 PDT,2025-10-12 22:00:00 UTC,10.9,10.18,10.46,10.78,11.5
2025-10-12 16:00:00 PDT,2025-10-12 23:00:00 UTC,11.0,10.34,10.57,10.84,11.49
2025-10-12 17:00:00 PDT,2025-10-13 00:00:00 UTC,10.4,10.35,10.61,10.88,11.5
2025-10-12 18:00:00 PDT,2025-10-13 01:00:00 UTC,9.6,10.2,10.55,10.88,11.5
2025-10-12 19:00:00 PDT,2025-10-13 02:00:00 UTC,7.9,9.74,10.3,10.78,11.49
2025-10-12 20:00:00 PDT,2025-10-13 03:00:00 UTC,9.3,9.65,10.19,10.68,11.46
2025-10-12 21:00:00 PDT,2025-10-13 04:00:00 UTC,7.3,9.18,9.91,10.53,11.41
2025-10-12 22:00:00 PDT,2025-10-13 05:00:00 UTC,7.1,8.77,9.61,10.33,11.34
2025-10-12 23:00:00 PDT,2025-10-13 06:00:00 UTC,6.2,8.25,9.24,10.09,11.24
2025-10-13 00:00:00 PDT,2025-10-13 07:00:00 UTC,5.7,7.74,8.86,9.81,11.12
2025-10-13 01:00:00 PDT,2025-10-13 08:00:00 UTC,6.3,7.45,8.57,9.56,10.98
2025-10-13 02:00:00 PDT,2025-10-13 09:00:00 UTC,6.4,7.24,8.34,9.33,10.83
2025-10-13 03:00:00 PDT,2025-10-13 10:00:00 UTC,6.2,7.03,8.14,9.13,10.68
2025-10-13 04:00:00 PDT,2025-10-13 11:00:00 UTC,3.1,6.25,7.64,8.84,10.53
2025-10-13 05:00:00 PDT,2025-10-13 12:00:00 UTC,4.6,5.92,7.31,8.54,10.35
2025-10-13 06:00:00 PDT,2025-10-13 13:00:00 UTC,4.9,5.71,7.06,8.28,10.17
2025-10-13 07:00:00 PDT,2025-10-13 14:00:00 UTC,5.0,5.57,6.87,8.07,9.99
2025-10-13 08:00:00 PDT,2025-10-13 15:00:00 UTC,3.0,5.06,6.51,7.82,9.81
2025-10-13 09:00:00 PDT,2025-10-13 16:00:00 UTC,8.4,5.73,6.72,7.74,9.64
2025-10-13 10:00:00 PDT,2025-10-13 17:00:00 UTC,11.0,6.78,7.26,7.9,9.51
2025-10-13 11:00:00 PDT,2025-10-13 18:00:00 UTC,12.3,7.88,7.94,8.23,9.47
2025-10-13 12:00:00 PDT,2025-10-13 19:00:00 UTC,12.7,8.85,8.61,8.64,9.52
2025-10-13 13:00:00 PDT,2025-10-13 20:00:00 UTC,13.0,9.68,9.25,9.08,9.63
2025-10-13 14:00:00 PDT,2025-10-13 21:00:00 UTC,12.6,10.26,9.76,9.49,9.78
2025-10-13 15:00:00 PDT,2025-10-13 22:00:00 UTC,12.7,10.75,10.21,9.86,9.96
2025-10-13 16:00:00 PDT,2025-10-13 23:00:00 UTC,12.3,11.06,10.54,10.18,10.15
2025-10-13 17:00:00 PDT,2025-10-14 00:00:00 UTC,11.7,11.19,10.75,10.43,10.33
2025-10-13 18:00:00 PDT,2025-10-14 01:00:00 UTC,10.3,11.01,10.77,10.58,10.5
2025-10-13 19:00:00 PDT,2025-10-14 02:00:00 UTC,8.3,10.47,10.55,10.57,10.63
2025-10-13 20:00:00 PDT,2025-10-14 03:00:00 UTC,7.8,9.93,10.25,10.47,10.71
2025-10-13 21:00:00 PDT,2025-10-14 04:00:00 UTC,6.4,9.23,9.82,10.26,10.73
2025-10-13 22:00:00 PDT,2025-10-14 05:00:00 UTC,7.7,8.92,9.55,10.06,10.7
2025-10-13 23:00:00 PDT,2025-10-14 06:00:00 UTC,6.1,8.36,9.17,9.83,10.64
2025-10-14 00:00:00 PDT,2025-10-14 07:00:00 UTC,5.3,7.75,8.73,9.54,10.55
2025-10-14 01:00:00 PDT,2025-10-14 08:00:00 UTC,4.4,7.08,8.24,9.21,10.43
2025-10-14 02:00:00 PDT,2025-10-14 09:00:00 UTC,2.4,6.14,7.6,8.8,10.28
2025-10-14 03:00:00 PDT,2025-10-14 10:00:00 UTC,4.4,5.79,7.2,8.42,10.08
2025-10-14 04:00:00 PDT,2025-10-14 11:00:00 UTC,4.7,5.57,6.92,8.12,9.88
2025-10-14 05:00:00 PDT,2025-10-14 12:00:00 UTC,3.5,5.16,6.58,7.83,9.68
2025-10-14 06:00:00 PDT,2025-10-14 13:00:00 UTC,0.8,4.29,5.99,7.45,9.48
2025-10-14 07:00:00 PDT,2025-10-14 14:00:00 UTC,4.7,4.37,5.82,7.16,9.26
2025-10-14 08:00:00 PDT,2025-10-14 15:00:00 UTC,3.5,4.2,5.62,6.94,9.05
2025-10-14 09:00:00 PDT,2025-10-14 16:00:00 UTC,6.6,4.68,5.76,6.86,8.86
2025-10-14 10:00:00 PDT,2025-10-14 17:00:00 UTC,8.8,5.5,6.17,6.96,8.72
2025-10-14 11:00:00 PDT,2025-10-14 18:00:00 UTC,10.4,6.48,6.75,7.21,8.66
2025-10-14 12:00:00 PDT,2025-10-14 19:00:00 UTC,11.6,7.5,7.42,7.58,8.67
2025-10-14 13:00:00 PDT,2025-10-14 20:00:00 UTC,11.8,8.36,8.06,8.0,8.75
2025-10-14 14:00:00 PDT,2025-10-14 21:00:00 UTC,12.4,9.17,8.68,8.44,8.89
2025-10-14 15:00:00 PDT,2025-10-14 22:00:00 UTC,12.3,9.8,9.22,8.87,9.06
2025-10-14 16:00:00 PDT,2025-10-14 23:00:00 UTC,12.4,10.32,9.68,9.26,9.26
2025-10-14 17:00:00 PDT,2025-10-15 00:00:00 UTC,11.8,10.61,10.02,9.6,9.47
2025-10-14 18:00:00 PDT,2025-10-15 01:00:00 UTC,9.8,10.45,10.09,9.8,9.66
2025-10-14 19:00:00 PDT,2025-10-15 02:00:00 UTC,8.2,10.0,9.94,9.86,9.83
2025-10-14 20:00:00 PDT,2025-10-15 03:00:00 UTC,8.0,9.6,9.74,9.82,9.93
2025-10-14 21:00:00 PDT,2025-10-15 04:00:00 UTC,9.2,9.52,9.66,9.78,10.0
2025-10-14 22:00:00 PDT,2025-10-15 05:00:00 UTC,5.3,8.68,9.22,9.62,10.03
2025-10-14 23:00:00 PDT,2025-10-15 06:00:00 UTC,7.7,8.48,9.01,9.45,10.02
2025-10-15 00:00:00 PDT,2025-10-15 07:00:00 UTC,5.5,7.88,8.63,9.23,9.98
2025-10-15 01:00:00 PDT,2025-10-15 08:00:00 UTC,4.7,7.25,8.19,8.96,9.9
2025-10-15 02:00:00 PDT,2025-10-15 09:00:00 UTC,5.2,6.84,7.84,8.68,9.8
2025-10-15 03:00:00 PDT,2025-10-15 10:00:00 UTC,4.0,6.27,7.41,8.38,9.67
2025-10-15 04:00:00 PDT,2025-10-15 11:00:00 UTC,4.1,5.84,7.04,8.08,9.52
2025-10-15 05:00:00 PDT,2025-10-15 12:00:00 UTC,4.1,5.49,6.72,7.8,9.36
2025-10-15 06:00:00 PDT,2025-10-15 13:00:00 UTC,4.3,5.25,6.47,7.56,9.19
2025-10-15 07:00:00 PDT,2025-10-15 14:00:00 UTC,4.8,5.16,6.3,7.36,9.02
2025-10-15 08:00:00 PDT,2025-10-15 15:00:00 UTC,5.1,5.15,6.21,7.21,8.87
2025-10-15 09:00:00 PDT,2025-10-15 16:00:00 UTC,8.4,5.8,6.48,7.22,8.75
2025-10-15 10:00:00 PDT,2025-10-15 17:00:00 UTC,8.5,6.34,6.79,7.34,8.67
2025-10-15 11:00:00 PDT,2025-10-15 18:00:00 UTC,9.4,6.95,7.18,7.54,8.64
2025-10-15 12:00:00 PDT,2025-10-15 19:00:00 UTC,11.2,7.8,7.72,7.83,8.67
2025-10-15 13:00:00 PDT,2025-10-15 20:00:00 UTC,11.6,8.56,8.26,8.18,8.74
2025-10-15 14:00:00 PDT,2025-10-15 21:00:00 UTC,11.6,9.17,8.75,8.54,8.87
2025-10-15 15:00:00 PDT,2025-10-15 22:00:00 UTC,11.5,9.63,9.17,8.88,9.02
2025-10-15 16:00:00 PDT,2025-10-15 23:00:00 UTC,11.7,10.05,9.54,9.19,9.18
2025-10-15 17:00:00 PDT,2025-10-16 00:00:00 UTC,12.3,10.5,9.91,9.5,9.35
2025-10-15 18:00:00 PDT,2025-10-16 01:00:00 UTC,10.1,10.42,10.03,9.71,9.53
2025-10-15 19:00:00 PDT,2025-10-16 02:00:00 UTC,7.8,9.89,9.84,9.76,9.68
2025-10-15 20:00:00 PDT,2025-10-16 03:00:00 UTC,8.6,9.64,9.7,9.73,9.78
2025-10-15 21:00:00 PDT,2025-10-16 04:00:00 UTC,7.6,9.23,9.47,9.65,9.84
2025-10-15 22:00:00 PDT,2025-10-16 05:00:00 UTC,7.7,8.92,9.27,9.54,9.86
2025-10-15 23:00:00 PDT,2025-10-16 06:00:00 UTC,6.2,8.38,8.93,9.36,9.86
2025-10-16 00:00:00 PDT,2025-10-16 07:00:00 UTC,6.0,7.9,8.59,9.15,9.82
2025-10-16 01:00:00 PDT,2025-10-16 08:00:00 UTC,6.5,7.62,8.34,8.94,9.75
2025-10-16 02:00:00 PDT,2025-10-16 09:00:00 UTC,5.7,7.24,8.05,8.74,9.66
2025-10-16 03:00:00 PDT,2025-10-16 10:00:00 UTC,5.1,6.81,7.73,8.5,9.56
2025-10-16 04:00:00 PDT,2025-10-16 11:00:00 UTC,5.0,6.45,7.42,8.27,9.45
2025-10-16 05:00:00 PDT,2025-10-16 12:00:00 UTC,4.8,6.12,7.14,8.04,9.32
2025-10-16 06:00:00 PDT,2025-10-16 13:00:00 UTC,4.9,5.87,6.9,7.82,9.18
2025-10-16 07:00:00 PDT,2025-10-16 14:00:00 UTC,4.7,5.64,6.68,7.62,9.05
2025-10-16 08:00:00 PDT,2025-10-16 15:00:00 UTC,5.5,5.61,6.57,7.47,8.91
2025-10-16 09:00:00 PDT,2025-10-16 16:00:00 UTC,7.3,5.95,6.68,7.42,8.8
2025-10-16 10:00:00 PDT,2025-10-16 17:00:00 UTC,9.1,6.58,7.0,7.51,8.71
2025-10-16 11:00:00 PDT,2025-10-16 18:00:00 UTC,11.3,7.52,7.54,7.75,8.68
2025-10-16 12:00:00 PDT,2025-10-16 19:00:00 UTC,11.1,8.24,8.05,8.06,8.72
2025-10-16 13:00:00 PDT,2025-10-16 20:00:00 UTC,11.9,8.97,8.59,8.42,8.81
2025-10-16 14:00:00 PDT,2025-10-16 21:00:00 UTC,12.5,9.68,9.13,8.8,8.94
2025-10-16 15:00:00 PDT,2025-10-16 22:00:00 UTC,12.2,10.18,9.57,9.16,9.1
2025-10-16 16:00:00 PDT,2025-10-16 23:00:00 UTC,12.0,10.55,9.93,9.48,9.28
2025-10-16 17:00:00 PDT,2025-10-17 00:00:00 UTC,11.5,10.74,10.18,9.75,9.46
2025-10-16 18:00:00 PDT,2025-10-17 01:00:00 UTC,11.2,10.83,10.34,9.95,9.63
2025-10-16 19:00:00 PDT,2025-10-17 02:00:00 UTC,10.8,10.82,10.43,10.1,9.79
2025-10-16 20:00:00 PDT,2025-10-17 03:00:00 UTC,10.9,10.84,10.5,10.22,9.92
2025-10-16 21:00:00 PDT,2025-10-17 04:00:00 UTC,11.3,10.93,10.6,10.33,10.04
2025-10-16 22:00:00 PDT,2025-10-17 05:00:00 UTC,11.3,11.0,10.69,10.43,10.15
2025-10-16 23:00:00 PDT,2025-10-17 06:00:00 UTC,10.9,10.98,10.73,10.5,10.25
2025-10-17 00:00:00 PDT,2025-10-17 07:00:00 UTC,10.1,10.81,10.67,10.53,10.33
2025-10-17 01:00:00 PDT,2025-10-17 08:00:00 UTC,10.1,10.67,10.6,10.53,10.4
2025-10-17 02:00:00 PDT,2025-10-17 09:00:00 UTC,10.1,10.55,10.54,10.51,10.44
2025-10-17 03:00:00 PDT,2025-10-17 10:00:00 UTC,10.4,10.52,10.51,10.5,10.48
2025-10-17 04:00:00 PDT,2025-10-17 11:00:00 UTC,10.5,10.52,10.51,10.5,10.5
2025-10-17 05:00:00 PDT,2025-10-17 12:00:00 UTC,10.7,10.55,10.53,10.51,10.53
2025-10-17 06:00:00 PDT,2025-10-17 13:00:00 UTC,10.3,10.5,10.51,10.52,10.55
2025-10-17 07:00:00 PDT,2025-10-17 14:00:00 UTC,10.3,10.46,10.49,10.52,10.58
2025-10-17 08:00:00 PDT,2025-10-17 15:00:00 UTC,10.1,10.39,10.45,10.51,10.59
2025-10-17 09:00:00 PDT,2025-10-17 16:00:00 UTC,10.9,10.49,10.5,10.52,10.61
2025-10-17 10:00:00 PDT,2025-10-17 17:00:00 UTC,11.0,10.59,10.56,10.55,10.62
2025-10-17 11:00:00 PDT,2025-10-17 18:00:00 UTC,12.0,10.87,10.73,10.64,10.65
2025-10-17 12:00:00 PDT,2025-10-17 19:00:00 UTC,12.6,11.22,10.95,10.77,10.69
2025-10-17 13:00:00 PDT,2025-10-17 20:00:00 UTC,13.1,11.6,11.21,10.94,10.75
2025-10-17 14:00:00 PDT,2025-10-17 21:00:00 UTC,13.5,11.98,11.5,11.13,10.84
2025-10-17 15:00:00 PDT,2025-10-17 22:00:00 UTC,13.4,12.26,11.74,11.33,10.94
2025-10-17 16:00:00 PDT,2025-10-17 23:00:00 UTC,13.3,12.47,11.94,11.51,11.05
2025-10-17 17:00:00 PDT,2025-10-18 00:00:00 UTC,12.6,12.5,12.04,11.65,11.17
2025-10-17 18:00:00 PDT,2025-10-18 01:00:00 UTC,11.3,12.26,11.98,11.7,11.27
2025-10-17 19:00:00 PDT,2025-10-18 02:00:00 UTC,11.1,12.02,11.87,11.7,11.35
2025-10-17 20:00:00 PDT,2025-10-18 03:00:00 UTC,9.4,11.5,11.59,11.6,11.4
2025-10-17 21:00:00 PDT,2025-10-18 04:00:00 UTC,11.2,11.44,11.5,11.51,11.41
2025-10-17 22:00:00 PDT,2025-10-18 05:00:00 UTC,9.4,11.03,11.25,11.39,11.4
2025-10-17 23:00:00 PDT,2025-10-18 06:00:00 UTC,8.2,10.47,10.9,11.2,11.38
2025-10-18 00:00:00 PDT,2025-10-18 07:00:00 UTC,7.3,9.83,10.47,10.94,11.32
2025-10-18 01:00:00 PDT,2025-10-18 08:00:00 UTC,8.8,9.63,10.22,10.71,11.22
2025-10-18 02:00:00 PDT,2025-10-18 09:00:00 UTC,8.7,9.44,10.03,10.52,11.12
2025-10-18 03:00:00 PDT,2025-10-18 10:00:00 UTC,8.8,9.31,9.88,10.37,11.02
2025-10-18 04:00:00 PDT,2025-10-18 11:00:00 UTC,8.8,9.21,9.76,10.24,10.92
2025-10-18 05:00:00 PDT,2025-10-18 12:00:00 UTC,8.6,9.09,9.64,10.12,10.83
2025-10-18 06:00:00 PDT,2025-10-18 13:00:00 UTC,8.2,8.91,9.49,10.0,10.75
2025-10-18 07:00:00 PDT,2025-10-18 14:00:00 UTC,8.9,8.91,9.43,9.91,10.66
2025-10-18 08:00:00 PDT,2025-10-18 15:00:00 UTC,9.2,8.97,9.42,9.85,10.59
2025-10-18 09:00:00 PDT,2025-10-18 16:00:00 UTC,9.7,9.11,9.47,9.84,10.53
2025-10-18 10:00:00 PDT,2025-10-18 17:00:00 UTC,10.4,9.37,9.6,9.87,10.49
2025-10-18 11:00:00 PDT,2025-10-18 18:00:00 UTC,10.4,9.58,9.74,9.94,10.46
2025-10-18 12:00:00 PDT,2025-10-18 19:00:00 UTC,9.8,9.62,9.79,9.99,10.46
2025-10-18 13:00:00 PDT,2025-10-18 20:00:00 UTC,9.8,9.66,9.83,10.02,10.46
2025-10-18 14:00:00 PDT,2025-10-18 21:00:00 UTC,9.8,9.69,9.86,10.05,10.47
2025-10-18 15:00:00 PDT,2025-10-18 22:00:00 UTC,9.4,9.63,9.84,10.05,10.47
2025-10-18 16:00:00 PDT,2025-10-18 23:00:00 UTC,9.2,9.57,9.81,10.04,10.47
2025-10-18 17:00:00 PDT,2025-10-19 00:00:00 UTC,9.2,9.49,9.76,10.02,10.47
2025-10-18 18:00:00 PDT,2025-10-19 01:00:00 UTC,8.5,9.3,9.65,9.96,10.46
2025-10-18 19:00:00 PDT,2025-10-19 02:00:00 UTC,8.5,9.14,9.53,9.89,10.43
2025-10-18 20:00:00 PDT,2025-10-19 03:00:00 UTC,8.1,8.99,9.42,9.81,10.4
2025-10-18 21:00:00 PDT,2025-10-19 04:00:00 UTC,8.2,8.88,9.33,9.73,10.36
2025-10-18 22:00:00 PDT,2025-10-19 05:00:00 UTC,8.3,8.76,9.23,9.65,10.31
2025-10-18 23:00:00 PDT,2025-10-19 06:00:00 UTC,8.2,8.65,9.13,9.57,10.27
2025-10-19 00:00:00 PDT,2025-10-19 07:00:00 UTC,8.4,8.6,9.07,9.5,10.22
2025-10-19 01:00:00 PDT,2025-10-19 08:00:00 UTC,8.8,8.64,9.06,9.46,10.17
2025-10-19 02:00:00 PDT,2025-10-19 09:00:00 UTC,9.1,8.73,9.09,9.45,10.13
2025-10-19 03:00:00 PDT,2025-10-19 10:00:00 UTC,8.7,8.73,9.08,9.43,10.1
2025-10-19 04:00:00 PDT,2025-10-19 11:00:00 UTC,9.4,8.86,9.15,9.45,10.07
2025-10-19 05:00:00 PDT,2025-10-19 12:00:00 UTC,9.8,9.05,9.25,9.49,10.06
2025-10-19 06:00:00 PDT,2025-10-19 13:00:00 UTC,9.9,9.22,9.37,9.55,10.06
2025-10-19 07:00:00 PDT,2025-10-19 14:00:00 UTC,9.8,9.34,9.46,9.62,10.07
2025-10-19 08:00:00 PDT,2025-10-19 15:00:00 UTC,10.0,9.47,9.56,9.69,10.09
2025-10-19 09:00:00 PDT,2025-10-19 16:00:00 UTC,10.2,9.61,9.67,9.76,10.11
2025-10-19 10:00:00 PDT,2025-10-19 17:00:00 UTC,10.4,9.77,9.78,9.85,10.15
2025-10-19 11:00:00 PDT,2025-10-19 18:00:00 UTC,11.5,10.12,10.0,9.97,10.18
2025-10-19 12:00:00 PDT,2025-10-19 19:00:00 UTC,12.2,10.53,10.28,10.14,10.24
2025-10-19 13:00:00 PDT,2025-10-19 20:00:00 UTC,12.1,10.85,10.54,10.33,10.32
2025-10-19 14:00:00 PDT,2025-10-19 21:00:00 UTC,11.7,11.02,10.71,10.5,10.41
2025-10-19 15:00:00 PDT,2025-10-19 22:00:00 UTC,12.9,11.39,10.98,10.68,10.5
2025-10-19 16:00:00 PDT,2025-10-19 23:00:00 UTC,12.3,11.58,11.17,10.86,10.61
2025-10-19 17:00:00 PDT,2025-10-20 00:00:00 UTC,11.8,11.62,11.28,10.99,10.71
2025-10-19 18:00:00 PDT,2025-10-20 01:00:00 UTC,10.9,11.48,11.26,11.06,10.81
2025-10-19 19:00:00 PDT,2025-10-20 02:00:00 UTC,11.0,11.38,11.23,11.09,10.89
2025-10-19 20:00:00 PDT,2025-10-20 03:00:00 UTC,10.8,11.26,11.18,11.09,10.95
2025-10-19 21:00:00 PDT,2025-10-20 04:00:00 UTC,10.8,11.17,11.13,11.09,10.99
2025-10-19 22:00:00 PDT,2025-10-20 05:00:00 UTC,10.4,11.02,11.05,11.06,11.02
2025-10-19 23:00:00 PDT,2025-10-20 06:00:00 UTC,9.7,10.75,10.9,10.99,11.04
2025-10-20 00:00:00 PDT,2025-10-20 07:00:00 UTC,9.7,10.54,10.75,10.9,11.03
2025-10-20 01:00:00 PDT,2025-10-20 08:00:00 UTC,9.1,10.25,10.56,10.79,11.01
2025-10-20 02:00:00 PDT,2025-10-20 09:00:00 UTC,6.0,9.4,10.07,10.55,10.98
2025-10-20 03:00:00 PDT,2025-10-20 10:00:00 UTC,7.0,8.92,9.68,10.27,10.89
2025-10-20 04:00:00 PDT,2025-10-20 11:00:00 UTC,7.5,8.64,9.4,10.03,10.78
2025-10-20 05:00:00 PDT,2025-10-20 12:00:00 UTC,8.4,8.59,9.26,9.85,10.66
2025-10-20 06:00:00 PDT,2025-10-20 13:00:00 UTC,9.1,8.69,9.24,9.75,10.55
2025-10-20 07:00:00 PDT,2025-10-20 14:00:00 UTC,9.6,8.87,9.29,9.71,10.46
2025-10-20 08:00:00 PDT,2025-10-20 15:00:00 UTC,9.3,8.96,9.33,9.7,10.4
2025-10-20 09:00:00 PDT,2025-10-20 16:00:00 UTC,10.2,9.21,9.45,9.73,10.35
2025-10-20 10:00:00 PDT,2025-10-20 17:00:00 UTC,10.7,9.51,9.63,9.81,10.33
2025-10-20 11:00:00 PDT,2025-10-20 18:00:00 UTC,11.7,9.94,9.9,9.95,10.33
2025-10-20 12:00:00 PDT,2025-10-20 19:00:00 UTC,12.3,10.42,10.21,10.13,10.37
2025-10-20 13:00:00 PDT,2025-10-20 20:00:00 UTC,12.0,10.73,10.48,10.33,10.43
2025-10-20 14:00:00 PDT,2025-10-20 21:00:00 UTC,12.4,11.07,10.74,10.52,10.51
2025-10-20 15:00:00 PDT,2025-10-20 22:00:00 UTC,11.8,11.21,10.91,10.69,10.6
2025-10-20 16:00:00 PDT,2025-10-20 23:00:00 UTC,11.2,11.21,10.98,10.8,10.69
2025-10-20 17:00:00 PDT,2025-10-21 00:00:00 UTC,11.3,11.23,11.04,10.89,10.77
2025-10-20 18:00:00 PDT,2025-10-21 01:00:00 UTC,11.2,11.22,11.07,10.95,10.84
2025-10-20 19:00:00 PDT,2025-10-21 02:00:00 UTC,11.2,11.22,11.1,10.99,10.9
2025-10-20 20:00:00 PDT,2025-10-21 03:00:00 UTC,11.2,11.21,11.11,11.03,10.95
2025-10-20 21:00:00 PDT,2025-10-21 04:00:00 UTC,11.0,11.17,11.11,11.05,10.99
2025-10-20 22:00:00 PDT,2025-10-21 05:00:00 UTC,11.3,11.2,11.13,11.07,11.03
2025-10-20 23:00:00 PDT,2025-10-21 06:00:00 UTC,10.7,11.1,11.09,11.08,11.06
2025-10-21 00:00:00 PDT,2025-10-21 07:00:00 UTC,11.0,11.08,11.08,11.07,11.08
2025-10-21 01:00:00 PDT,2025-10-21 08:00:00 UTC,10.8,11.02,11.05,11.07,11.1
2025-10-21 02:00:00 PDT,2025-10-21 09:00:00 UTC,10.8,10.98,11.02,11.06,11.11
2025-10-21 03:00:00 PDT,2025-10-21 10:00:00 UTC,10.6,10.9,10.98,11.04,11.12
2025-10-21 04:00:00 PDT,2025-10-21 11:00:00 UTC,9.9,10.7,10.86,10.99,11.12
2025-10-21 05:00:00 PDT,2025-10-21 12:00:00 UTC,10.4,10.64,10.8,10.94,11.11
2025-10-21 06:00:00 PDT,2025-10-21 13:00:00 UTC,10.5,10.61,10.77,10.9,11.1
2025-10-21 07:00:00 PDT,2025-10-21 14:00:00 UTC,10.7,10.63,10.76,10.88,11.09
2025-10-21 08:00:00 PDT,2025-10-21 15:00:00 UTC,10.6,10.62,10.75,10.87,11.07
2025-10-21 09:00:00 PDT,2025-10-21 16:00:00 UTC,10.9,10.68,10.77,10.87,11.07
2025-10-21 10:00:00 PDT,2025-10-21 17:00:00 UTC,10.6,10.66,10.77,10.87,11.06
2025-10-21 11:00:00 PDT,2025-10-21 18:00:00 UTC,10.7,10.67,10.77,10.87,11.06
2025-10-21 12:00:00 PDT,2025-10-21 19:00:00 UTC,11.6,10.86,10.86,10.9,11.06
2025-10-21 13:00:00 PDT,2025-10-21 20:00:00 UTC,11.9,11.07,10.99,10.97,11.07
2025-10-21 14:00:00 PDT,2025-10-21 21:00:00 UTC,12.4,11.33,11.17,11.07,11.1
2025-10-21 15:00:00 PDT,2025-10-21 22:00:00 UTC,13.0,11.67,11.39,11.21,11.14
2025-10-21 16:00:00 PDT,2025-10-21 23:00:00 UTC,12.5,11.83,11.55,11.34,11.2
2025-10-21 17:00:00 PDT,2025-10-22 00:00:00 UTC,11.7,11.81,11.6,11.43,11.27
2025-10-21 18:00:00 PDT,2025-10-22 01:00:00 UTC,9.6,11.36,11.41,11.41,11.32
2025-10-21 19:00:00 PDT,2025-10-22 02:00:00 UTC,8.8,10.85,11.12,11.28,11.35
2025-10-21 20:00:00 PDT,2025-10-22 03:00:00 UTC,10.3,10.74,10.98,11.17,11.33
2025-10-21 21:00:00 PDT,2025-10-22 04:00:00 UTC,10.0,10.59,10.86,11.07,11.3
2025-10-21 22:00:00 PDT,2025-10-22 05:00:00 UTC,7.6,9.99,10.51,10.9,11.26
2025-10-21 23:00:00 PDT,2025-10-22 06:00:00 UTC,7.2,9.44,10.12,10.65,11.2
2025-10-22 00:00:00 PDT,2025-10-22 07:00:00 UTC,6.6,8.87,9.7,10.37,11.1
2025-10-22 01:00:00 PDT,2025-10-22 08:00:00 UTC,6.8,8.45,9.35,10.09,10.97
2025-10-22 02:00:00 PDT,2025-10-22 09:00:00 UTC,7.1,8.18,9.08,9.84,10.82
2025-10-22 03:00:00 PDT,2025-10-22 10:00:00 UTC,6.4,7.83,8.78,9.59,10.68
2025-10-22 04:00:00 PDT,2025-10-22 11:00:00 UTC,5.8,7.42,8.45,9.33,10.52
2025-10-22 05:00:00 PDT,2025-10-22 12:00:00 UTC,5.8,7.1,8.16,9.08,10.36
2025-10-22 06:00:00 PDT,2025-10-22 13:00:00 UTC,4.8,6.64,7.8,8.81,10.2
2025-10-22 07:00:00 PDT,2025-10-22 14:00:00 UTC,5.6,6.43,7.56,8.56,10.02
2025-10-22 08:00:00 PDT,2025-10-22 15:00:00 UTC,5.2,6.18,7.32,8.33,9.85
2025-10-22 09:00:00 PDT,2025-10-22 16:00:00 UTC,8.0,6.55,7.39,8.23,9.69
2025-10-22 10:00:00 PDT,2025-10-22 17:00:00 UTC,8.8,7.0,7.6,8.25,9.56
2025-10-22 11:00:00 PDT,2025-10-22 18:00:00 UTC,10.3,7.66,7.96,8.38,9.48
2025-10-22 12:00:00 PDT,2025-10-22 19:00:00 UTC,10.7,8.27,8.36,8.59,9.46
2025-10-22 13:00:00 PDT,2025-10-22 20:00:00 UTC,11.3,8.87,8.78,8.84,9.48
2025-10-22 14:00:00 PDT,2025-10-22 21:00:00 UTC,10.1,9.12,9.03,9.06,9.54
2025-10-22 15:00:00 PDT,2025-10-22 22:00:00 UTC,11.8,9.65,9.4,9.3,9.62
2025-10-22 16:00:00 PDT,2025-10-22 23:00:00 UTC,11.8,10.08,9.75,9.56,9.72
2025-10-22 17:00:00 PDT,2025-10-23 00:00:00 UTC,12.1,10.49,10.08,9.81,9.83
2025-10-22 18:00:00 PDT,2025-10-23 01:00:00 UTC,11.2,10.63,10.28,10.02,9.96
2025-10-22 19:00:00 PDT,2025-10-23 02:00:00 UTC,10.9,10.68,10.4,10.18,10.08
2025-10-22 20:00:00 PDT,2025-10-23 03:00:00 UTC,10.5,10.65,10.44,10.28,10.19
2025-10-22 21:00:00 PDT,2025-10-23 04:00:00 UTC,9.8,10.48,10.4,10.32,10.28
2025-10-22 22:00:00 PDT,2025-10-23 05:00:00 UTC,9.9,10.36,10.35,10.33,10.34
2025-10-22 23:00:00 PDT,2025-10-23 06:00:00 UTC,9.8,10.25,10.29,10.32,10.39
2025-10-23 00:00:00 PDT,2025-10-23 07:00:00 UTC,10.6,10.32,10.32,10.34,10.42
2025-10-23 01:00:00 PDT,2025-10-23 08:00:00 UTC,9.5,10.16,10.25,10.32,10.45
2025-10-23 02:00:00 PDT,2025-10-23 09:00:00 UTC,10.4,10.2,10.26,10.32,10.46
2025-10-23 03:00:00 PDT,2025-10-23 10:00:00 UTC,11.1,10.38,10.36,10.36,10.48
2025-10-23 04:00:00 PDT,2025-10-23 11:00:00 UTC,11.0,10.51,10.45,10.42,10.51
2025-10-23 05:00:00 PDT,2025-10-23 12:00:00 UTC,11.2,10.65,10.55,10.49,10.54
2025-10-23 06:00:00 PDT,2025-10-23 13:00:00 UTC,11.5,10.82,10.67,10.58,10.58
2025-10-23 07:00:00 PDT,2025-10-23 14:00:00 UTC,11.6,10.97,10.8,10.67,10.63
2025-10-23 08:00:00 PDT,2025-10-23 15:00:00 UTC,11.9,11.16,10.94,10.77,10.68
2025-10-23 09:00:00 PDT,2025-10-23 16:00:00 UTC,12.2,11.37,11.1,10.89,10.74
2025-10-23 10:00:00 PDT,2025-10-23 17:00:00 UTC,12.5,11.59,11.27,11.02,10.81
2025-10-23 11:00:00 PDT,2025-10-23 18:00:00 UTC,12.8,11.83,11.46,11.16,10.89
2025-10-23 12:00:00 PDT,2025-10-23 19:00:00 UTC,13.1,12.09,11.66,11.32,10.97
2025-10-23 13:00:00 PDT,2025-10-23 20:00:00 UTC,14.8,12.63,12.01,11.53,11.07
2025-10-23 14:00:00 PDT,2025-10-23 21:00:00 UTC,15.5,13.2,12.42,11.81,11.19
2025-10-23 15:00:00 PDT,2025-10-23 22:00:00 UTC,15.7,13.7,12.82,12.11,11.33
2025-10-23 16:00:00 PDT,2025-10-23 23:00:00 UTC,15.2,14.0,13.12,12.38,11.5
2025-10-23 17:00:00 PDT,2025-10-24 00:00:00 UTC,14.1,14.02,13.26,12.58,11.66
2025-10-23 18:00:00 PDT,2025-10-24 01:00:00 UTC,13.7,13.96,13.31,12.71,11.82
2025-10-23 19:00:00 PDT,2025-10-24 02:00:00 UTC,13.7,13.91,13.34,12.8,11.95
2025-10-23 20:00:00 PDT,2025-10-24 03:00:00 UTC,13.4,13.8,13.32,12.85,12.06
2025-10-23 21:00:00 PDT,2025-10-24 04:00:00 UTC,13.7,13.78,13.33,12.89,12.15
2025-10-23 22:00:00 PDT,2025-10-24 05:00:00 UTC,14.3,13.89,13.4,12.96,12.23
2025-10-23 23:00:00 PDT,2025-10-24 06:00:00 UTC,13.9,13.89,13.44,13.01,12.3
2025-10-24 00:00:00 PDT,2025-10-24 07:00:00 UTC,13.9,13.89,13.47,13.06,12.37
2025-10-24 01:00:00 PDT,2025-10-24 08:00:00 UTC,13.8,13.87,13.48,13.1,12.43
2025-10-24 02:00:00 PDT,2025-10-24 09:00:00 UTC,13.5,13.8,13.46,13.11,12.49
2025-10-24 03:00:00 PDT,2025-10-24 10:00:00 UTC,13.4,13.72,13.42,13.12,12.54
2025-10-24 04:00:00 PDT,2025-10-24 11:00:00 UTC,13.6,13.7,13.41,13.12,12.58
2025-10-24 05:00:00 PDT,2025-10-24 12:00:00 UTC,13.9,13.74,13.43,13.14,12.61
2025-10-24 06:00:00 PDT,2025-10-24 13:00:00 UTC,13.9,13.77,13.46,13.16,12.64
2025-10-24 07:00:00 PDT,2025-10-24 14:00:00 UTC,13.8,13.78,13.48,13.19,12.68
2025-10-24 08:00:00 PDT,2025-10-24 15:00:00 UTC,12.8,13.58,13.39,13.17,12.71
2025-10-24 09:00:00 PDT,2025-10-24 16:00:00 UTC,12.4,13.34,13.25,13.12,12.73
2025-10-24 10:00:00 PDT,2025-10-24 17:00:00 UTC,12.2,13.12,13.1,13.03,12.73
2025-10-24 11:00:00 PDT,2025-10-24 18:00:00 UTC,12.6,13.01,13.0,12.96,12.72
2025-10-24 12:00:00 PDT,2025-10-24 19:00:00 UTC,12.6,12.93,12.93,12.89,12.7
2025-10-24 13:00:00 PDT,2025-10-24 20:00:00 UTC,11.9,12.72,12.79,12.81,12.68
2025-10-24 14:00:00 PDT,2025-10-24 21:00:00 UTC,11.5,12.48,12.63,12.71,12.65
2025-10-24 15:00:00 PDT,2025-10-24 22:00:00 UTC,11.9,12.36,12.51,12.61,12.61
2025-10-24 16:00:00 PDT,2025-10-24 23:00:00 UTC,11.9,12.27,12.42,12.53,12.56
2025-10-24 17:00:00 PDT,2025-10-25 00:00:00 UTC,11.1,12.04,12.26,12.42,12.52
2025-10-24 18:00:00 PDT,2025-10-25 01:00:00 UTC,10.7,11.77,12.07,12.3,12.46
2025-10-24 19:00:00 PDT,2025-10-25 02:00:00 UTC,10.6,11.54,11.89,12.16,12.4
2025-10-24 20:00:00 PDT,2025-10-25 03:00:00 UTC,10.4,11.31,11.7,12.02,12.33
2025-10-24 21:00:00 PDT,2025-10-25 04:00:00 UTC,10.0,11.05,11.5,11.86,12.25
2025-10-24 22:00:00 PDT,2025-10-25 05:00:00 UTC,9.7,10.78,11.28,11.7,12.16
2025-10-24 23:00:00 PDT,2025-10-25 06:00:00 UTC,7.1,10.04,10.83,11.44,12.07
2025-10-25 00:00:00 PDT,2025-10-25 07:00:00 UTC,7.3,9.49,10.4,11.13,11.94
2025-10-25 01:00:00 PDT,2025-10-25 08:00:00 UTC,7.6,9.11,10.06,10.84,11.78
2025-10-25 02:00:00 PDT,2025-10-25 09:00:00 UTC,8.6,9.01,9.86,10.61,11.62
2025-10-25 03:00:00 PDT,2025-10-25 10:00:00 UTC,8.8,8.97,9.74,10.44,11.46
2025-10-25 04:00:00 PDT,2025-10-25 11:00:00 UTC,8.2,8.82,9.59,10.29,11.32
2025-10-25 05:00:00 PDT,2025-10-25 12:00:00 UTC,8.3,8.71,9.47,10.15,11.19
2025-10-25 06:00:00 PDT,2025-10-25 13:00:00 UTC,7.8,8.53,9.31,10.01,11.07
2025-10-25 07:00:00 PDT,2025-10-25 14:00:00 UTC,8.5,8.52,9.23,9.89,10.95
2025-10-25 08:00:00 PDT,2025-10-25 15:00:00 UTC,8.0,8.42,9.13,9.79,10.84
2025-10-25 09:00:00 PDT,2025-10-25 16:00:00 UTC,8.3,8.4,9.07,9.7,10.74
2025-10-25 10:00:00 PDT,2025-10-25 17:00:00 UTC,8.4,8.4,9.03,9.63,10.65
2025-10-25 11:00:00 PDT,2025-10-25 18:00:00 UTC,8.8,8.48,9.04,9.58,10.57
2025-10-25 12:00:00 PDT,2025-10-25 19:00:00 UTC,9.2,8.62,9.09,9.58,10.5
2025-10-25 13:00:00 PDT,2025-10-25 20:00:00 UTC,8.8,8.66,9.11,9.57,10.45
2025-10-25 14:00:00 PDT,2025-10-25 21:00:00 UTC,9.7,8.87,9.22,9.6,10.4
2025-10-25 15:00:00 PDT,2025-10-25 22:00:00 UTC,10.2,9.13,9.37,9.66,10.38
2025-10-25 16:00:00 PDT,2025-10-25 23:00:00 UTC,9.4,9.19,9.44,9.72,10.37
2025-10-25 17:00:00 PDT,2025-10-26 00:00:00 UTC,9.4,9.23,9.48,9.76,10.37
2025-10-25 18:00:00 PDT,2025-10-26 01:00:00 UTC,8.8,9.14,9.46,9.76,10.37
2025-10-25 19:00:00 PDT,2025-10-26 02:00:00 UTC,9.0,9.11,9.44,9.75,10.36
2025-10-25 20:00:00 PDT,2025-10-26 03:00:00 UTC,9.3,9.15,9.45,9.75,10.35
2025-10-25 21:00:00 PDT,2025-10-26 04:00:00 UTC,9.4,9.2,9.48,9.76,10.34
2025-10-25 22:00:00 PDT,2025-10-26 05:00:00 UTC,9.4,9.24,9.5,9.77,10.33
2025-10-25 23:00:00 PDT,2025-10-26 06:00:00 UTC,9.5,9.29,9.53,9.79,10.32
2025-10-26 00:00:00 PDT,2025-10-26 07:00:00 UTC,8.9,9.21,9.5,9.78,10.32
2025-10-26 01:00:00 PDT,2025-10-26 08:00:00 UTC,9.5,9.27,9.52,9.78,10.31
2025-10-26 02:00:00 PDT,2025-10-26 09:00:00 UTC,10.0,9.42,9.6,9.81,10.3
2025-10-26 03:00:00 PDT,2025-10-26 10:00:00 UTC,9.9,9.51,9.67,9.86,10.31
2025-10-26 04:00:00 PDT,2025-10-26 11:00:00 UTC,9.5,9.51,9.69,9.88,10.31
2025-10-26 05:00:00 PDT,2025-10-26 12:00:00 UTC,8.7,9.35,9.62,9.87,10.32
2025-10-26 06:00:00 PDT,2025-10-26 13:00:00 UTC,9.1,9.3,9.58,9.84,10.32
2025-10-26 07:00:00 PDT,2025-10-26 14:00:00 UTC,8.8,9.2,9.51,9.81,10.31
2025-10-26 08:00:00 PDT,2025-10-26 15:00:00 UTC,8.7,9.1,9.44,9.76,10.29
2025-10-26 09:00:00 PDT,2025-10-26 16:00:00 UTC,8.5,8.98,9.36,9.7,10.26
2025-10-26 10:00:00 PDT,2025-10-26 17:00:00 UTC,9.0,8.98,9.33,9.66,10.24
2025-10-26 11:00:00 PDT,2025-10-26 18:00:00 UTC,9.7,9.13,9.39,9.66,10.21
2025-10-26 12:00:00 PDT,2025-10-26 19:00:00 UTC,10.2,9.34,9.5,9.7,10.19
2025-10-26 13:00:00 PDT,2025-10-26 20:00:00 UTC,10.4,9.55,9.64,9.77,10.19
2025-10-26 14:00:00 PDT,2025-10-26 21:00:00 UTC,9.8,9.6,9.7,9.83,10.21
2025-10-26 15:00:00 PDT,2025-10-26 22:00:00 UTC,9.2,9.52,9.69,9.86,10.22
2025-10-26 16:00:00 PDT,2025-10-26 23:00:00 UTC,8.5,9.32,9.59,9.83,10.24
2025-10-26 17:00:00 PDT,2025-10-27 00:00:00 UTC,8.5,9.15,9.48,9.77,10.23
2025-10-26 18:00:00 PDT,2025-10-27 01:00:00 UTC,8.2,8.96,9.35,9.69,10.21
2025-10-26 19:00:00 PDT,2025-10-27 02:00:00 UTC,7.2,8.61,9.13,9.57,10.18
2025-10-26 20:00:00 PDT,2025-10-27 03:00:00 UTC,6.7,8.23,8.87,9.41,10.13
2025-10-26 21:00:00 PDT,2025-10-27 04:00:00 UTC,6.2,7.82,8.58,9.21,10.05
2025-10-26 22:00:00 PDT,2025-10-27 05:00:00 UTC,6.6,7.58,8.35,9.02,9.96
2025-10-26 23:00:00 PDT,2025-10-27 06:00:00 UTC,6.8,7.42,8.18,8.86,9.86
2025-10-27 00:00:00 PDT,2025-10-27 07:00:00 UTC,7.1,7.36,8.07,8.73,9.75
2025-10-27 01:00:00 PDT,2025-10-27 08:00:00 UTC,6.9,7.27,7.97,8.62,9.66
2025-10-27 02:00:00 PDT,2025-10-27 09:00:00 UTC,5.9,6.99,7.78,8.48,9.57
2025-10-27 03:00:00 PDT,2025-10-27 10:00:00 UTC,4.0,6.39,7.4,8.26,9.47
2025-10-27 04:00:00 PDT,2025-10-27 11:00:00 UTC,4.3,5.98,7.06,8.01,9.34
2025-10-27 05:00:00 PDT,2025-10-27 12:00:00 UTC,5.9,5.96,6.93,7.82,9.2
2025-10-27 06:00:00 PDT,2025-10-27 13:00:00 UTC,4.9,5.75,6.74,7.65,9.07
2025-10-27 07:00:00 PDT,2025-10-27 14:00:00 UTC,5.4,5.68,6.63,7.51,8.94
2025-10-27 08:00:00 PDT,2025-10-27 15:00:00 UTC,6.3,5.8,6.62,7.42,8.82
2025-10-27 09:00:00 PDT,2025-10-27 16:00:00 UTC,5.7,5.78,6.58,7.36,8.72
2025-10-27 10:00:00 PDT,2025-10-27 17:00:00 UTC,8.3,6.29,6.81,7.39,8.63
2025-10-27 11:00:00 PDT,2025-10-27 18:00:00 UTC,9.6,6.95,7.18,7.54,8.58
2025-10-27 12:00:00 PDT,2025-10-27 19:00:00 UTC,9.3,7.42,7.52,7.74,8.59
2025-10-27 13:00:00 PDT,2025-10-27 20:00:00 UTC,10.9,8.12,7.98,8.01,8.63
2025-10-27 14:00:00 PDT,2025-10-27 21:00:00 UTC,11.0,8.69,8.41,8.3,8.71
2025-10-27 15:00:00 PDT,2025-10-27 22:00:00 UTC,11.3,9.21,8.82,8.61,8.82
2025-10-27 16:00:00 PDT,2025-10-27 23:00:00 UTC,11.0,9.57,9.16,8.89,8.95
2025-10-27 17:00:00 PDT,2025-10-28 00:00:00 UTC,10.2,9.7,9.35,9.11,9.09
2025-10-27 18:00:00 PDT,2025-10-28 01:00:00 UTC,8.8,9.52,9.36,9.23,9.22
2025-10-27 19:00:00 PDT,2025-10-28 02:00:00 UTC,8.2,9.25,9.26,9.26,9.32
2025-10-27 20:00:00 PDT,2025-10-28 03:00:00 UTC,8.0,9.0,9.13,9.23,9.39
2025-10-27 21:00:00 PDT,2025-10-28 04:00:00 UTC,7.8,8.76,8.99,9.17,9.42
2025-10-27 22:00:00 PDT,2025-10-28 05:00:00 UTC,6.8,8.37,8.76,9.06,9.44
2025-10-27 23:00:00 PDT,2025-10-28 06:00:00 UTC,6.6,8.02,8.51,8.91,9.42
2025-10-28 00:00:00 PDT,2025-10-28 07:00:00 UTC,5.5,7.51,8.18,8.72,9.38
2025-10-28 01:00:00 PDT,2025-10-28 08:00:00 UTC,6.0,7.21,7.92,8.52,9.3
2025-10-28 02:00:00 PDT,2025-10-28 09:00:00 UTC,6.2,7.01,7.72,8.34,9.22
2025-10-28 03:00:00 PDT,2025-10-28 10:00:00 UTC,6.2,6.85,7.56,8.19,9.13
2025-10-28 04:00:00 PDT,2025-10-28 11:00:00 UTC,6.3,6.74,7.43,8.06,9.03
2025-10-28 05:00:00 PDT,2025-10-28 12:00:00 UTC,5.5,6.49,7.25,7.92,8.94
2025-10-28 06:00:00 PDT,2025-10-28 13:00:00 UTC,6.1,6.41,7.13,7.8,8.85
2025-10-28 07:00:00 PDT,2025-10-28 14:00:00 UTC,6.1,6.35,7.05,7.7,8.76
2025-10-28 08:00:00 PDT,2025-10-28 15:00:00 UTC,6.6,6.4,7.03,7.63,8.68
2025-10-28 09:00:00 PDT,2025-10-28 16:00:00 UTC,6.8,6.48,7.04,7.6,8.61
2025-10-28 10:00:00 PDT,2025-10-28 17:00:00 UTC,7.0,6.58,7.08,7.59,8.56
2025-10-28 11:00:00 PDT,2025-10-28 18:00:00 UTC,7.8,6.83,7.21,7.62,8.52
2025-10-28 12:00:00 PDT,2025-10-28 19:00:00 UTC,8.2,7.1,7.37,7.7,8.5
2025-10-28 13:00:00 PDT,2025-10-28 20:00:00 UTC,9.1,7.5,7.62,7.82,8.5
2025-10-28 14:00:00 PDT,2025-10-28 21:00:00 UTC,9.7,7.94,7.91,8.0,8.53
2025-10-28 15:00:00 PDT,2025-10-28 22:00:00 UTC,10.2,8.39,8.23,8.2,8.58
2025-10-28 16:00:00 PDT,2025-10-28 23:00:00 UTC,9.9,8.69,8.5,8.41,8.66
2025-10-28 17:00:00 PDT,2025-10-29 00:00:00 UTC,9.3,8.82,8.65,8.57,8.75
2025-10-28 18:00:00 PDT,2025-10-29 01:00:00 UTC,8.9,8.83,8.74,8.69,8.84
2025-10-28 19:00:00 PDT,2025-10-29 02:00:00 UTC,8.1,8.73,8.73,8.75,8.91
2025-10-28 20:00:00 PDT,2025-10-29 03:00:00 UTC,9.1,8.78,8.78,8.8,8.97
2025-10-28 21:00:00 PDT,2025-10-29 04:00:00 UTC,9.2,8.87,8.85,8.86,9.03
2025-10-28 22:00:00 PDT,2025-10-29 05:00:00 UTC,10.2,9.13,9.01,8.95,9.08
2025-10-28 23:00:00 PDT,2025-10-29 06:00:00 UTC,11.2,9.55,9.28,9.11,9.14
2025-10-29 00:00:00 PDT,2025-10-29 07:00:00 UTC,10.8,9.8,9.49,9.28,9.22
2025-10-29 01:00:00 PDT,2025-10-29 08:00:00 UTC,10.3,9.9,9.62,9.42,9.31
2025-10-29 02:00:00 PDT,2025-10-29 09:00:00 UTC,9.5,9.82,9.65,9.5,9.39
2025-10-29 03:00:00 PDT,2025-10-29 10:00:00 UTC,8.6,9.57,9.55,9.51,9.47
2025-10-29 04:00:00 PDT,2025-10-29 11:00:00 UTC,10.5,9.76,9.64,9.55,9.52
2025-10-29 05:00:00 PDT,2025-10-29 12:00:00 UTC,10.1,9.83,9.7,9.61,9.57
2025-10-29 06:00:00 PDT,2025-10-29 13:00:00 UTC,10.3,9.92,9.78,9.68,9.62
2025-10-29 07:00:00 PDT,2025-10-29 14:00:00 UTC,9.9,9.92,9.81,9.73,9.67
2025-10-29 08:00:00 PDT,2025-10-29 15:00:00 UTC,10.1,9.95,9.85,9.77,9.71
2025-10-29 09:00:00 PDT,2025-10-29 16:00:00 UTC,10.6,10.08,9.94,9.83,9.76
2025-10-29 10:00:00 PDT,2025-10-29 17:00:00 UTC,11.2,10.31,10.08,9.92,9.8
2025-10-29 11:00:00 PDT,2025-10-29 18:00:00 UTC,12.7,10.79,10.38,10.08,9.86
2025-10-29 12:00:00 PDT,2025-10-29 19:00:00 UTC,13.6,11.35,10.76,10.31,9.95
2025-10-29 13:00:00 PDT,2025-10-29 20:00:00 UTC,13.7,11.82,11.12,10.58,10.06
2025-10-29 14:00:00 PDT,2025-10-29 21:00:00 UTC,13.6,12.17,11.44,10.84,10.2
2025-10-29 15:00:00 PDT,2025-10-29 22:00:00 UTC,14.8,12.7,11.83,11.12,10.34
2025-10-29 16:00:00 PDT,2025-10-29 23:00:00 UTC,13.9,12.94,12.09,11.38,10.51
2025-10-29 17:00:00 PDT,2025-10-30 00:00:00 UTC,12.2,12.79,12.14,11.54,10.67
2025-10-29 18:00:00 PDT,2025-10-30 01:00:00 UTC,10.5,12.33,11.96,11.56,10.81
2025-10-29 19:00:00 PDT,2025-10-30 02:00:00 UTC,9.0,11.67,11.61,11.45,10.9
2025-10-29 20:00:00 PDT,2025-10-30 03:00:00 UTC,8.8,11.09,11.24,11.26,10.94
2025-10-29 21:00:00 PDT,2025-10-30 04:00:00 UTC,8.1,10.49,10.84,11.02,10.92
2025-10-29 22:00:00 PDT,2025-10-30 05:00:00 UTC,8.2,10.04,10.48,10.78,10.87
2025-10-29 23:00:00 PDT,2025-10-30 06:00:00 UTC,8.1,9.65,10.16,10.54,10.79
2025-10-30 00:00:00 PDT,2025-10-30 07:00:00 UTC,7.9,9.3,9.87,10.3,10.69
2025-10-30 01:00:00 PDT,2025-10-30 08:00:00 UTC,7.7,8.98,9.59,10.08,10.58
2025-10-30 02:00:00 PDT,2025-10-30 09:00:00 UTC,7.6,8.7,9.34,9.87,10.47
2025-10-30 03:00:00 PDT,2025-10-30 10:00:00 UTC,5.4,8.04,8.91,9.6,10.35
2025-10-30 04:00:00 PDT,2025-10-30 11:00:00 UTC,5.2,7.47,8.47,9.28,10.2
2025-10-30 05:00:00 PDT,2025-10-30 12:00:00 UTC,5.2,7.02,8.08,8.96,10.04
2025-10-30 06:00:00 PDT,2025-10-30 13:00:00 UTC,6.0,6.82,7.82,8.69,9.86
2025-10-30 07:00:00 PDT,2025-10-30 14:00:00 UTC,6.5,6.75,7.67,8.49,9.68
2025-10-30 08:00:00 PDT,2025-10-30 15:00:00 UTC,4.7,6.34,7.37,8.27,9.52
2025-10-30 09:00:00 PDT,2025-10-30 16:00:00 UTC,5.4,6.15,7.16,8.05,9.36
2025-10-30 10:00:00 PDT,2025-10-30 17:00:00 UTC,8.7,6.66,7.32,7.99,9.21
2025-10-30 11:00:00 PDT,2025-10-30 18:00:00 UTC,9.8,7.29,7.64,8.07,9.11
2025-10-30 12:00:00 PDT,2025-10-30 19:00:00 UTC,10.6,7.95,8.04,8.26,9.06
2025-10-30 13:00:00 PDT,2025-10-30 20:00:00 UTC,10.8,8.52,8.43,8.49,9.06
2025-10-30 14:00:00 PDT,2025-10-30 21:00:00 UTC,9.8,8.78,8.68,8.69,9.11
2025-10-30 15:00:00 PDT,2025-10-30 22:00:00 UTC,10.3,9.08,8.93,8.88,9.17
2025-10-30 16:00:00 PDT,2025-10-30 23:00:00 UTC,11.5,9.57,9.26,9.1,9.24
2025-10-30 17:00:00 PDT,2025-10-31 00:00:00 UTC,9.6,9.57,9.38,9.26,9.34
2025-10-30 18:00:00 PDT,2025-10-31 01:00:00 UTC,7.5,9.16,9.24,9.29,9.42
2025-10-30 19:00:00 PDT,2025-10-31 02:00:00 UTC,6.3,8.59,8.93,9.19,9.46
2025-10-30 20:00:00 PDT,2025-10-31 03:00:00 UTC,6.8,8.23,8.68,9.04,9.46
2025-10-30 21:00:00 PDT,2025-10-31 04:00:00 UTC,7.1,8.0,8.49,8.9,9.43
2025-10-30 22:00:00 PDT,2025-10-31 05:00:00 UTC,6.0,7.6,8.22,8.73,9.38
2025-10-30 23:00:00 PDT,2025-10-31 06:00:00 UTC,7.2,7.52,8.09,8.59,9.31
2025-10-31 00:00:00 PDT,2025-10-31 07:00:00 UTC,7.1,7.44,7.99,8.48,9.24
2025-10-31 01:00:00 PDT,2025-10-31 08:00:00 UTC,7.3,7.41,7.92,8.4,9.17
2025-10-31 02:00:00 PDT,2025-10-31 09:00:00 UTC,5.2,6.97,7.66,8.26,9.1
2025-10-31 03:00:00 PDT,2025-10-31 10:00:00 UTC,5.5,6.67,7.43,8.08,9.02
2025-10-31 04:00:00 PDT,2025-10-31 11:00:00 UTC,7.0,6.74,7.38,7.97,8.93
2025-10-31 05:00:00 PDT,2025-10-31 12:00:00 UTC,6.7,6.73,7.33,7.89,8.84
2025-10-31 06:00:00 PDT,2025-10-31 13:00:00 UTC,7.6,6.91,7.38,7.87,8.77
2025-10-31 07:00:00 PDT,2025-10-31 14:00:00 UTC,8.1,7.14,7.5,7.89,8.72
2025-10-31 08:00:00 PDT,2025-10-31 15:00:00 UTC,8.7,7.46,7.68,7.97,8.69
2025-10-31 09:00:00 PDT,2025-10-31 16:00:00 UTC,9.9,7.94,7.98,8.11,8.68
2025-10-31 10:00:00 PDT,2025-10-31 17:00:00 UTC,10.4,8.44,8.31,8.31,8.71
2025-10-31 11:00:00 PDT,2025-10-31 18:00:00 UTC,9.7,8.69,8.54,8.49,8.77
2025-10-31 12:00:00 PDT,2025-10-31 19:00:00 UTC,9.4,8.83,8.7,8.64,8.84
2025-10-31 13:00:00 PDT,2025-10-31 20:00:00 UTC,9.9,8.98,8.84,8.77,8.92
2025-10-31 14:00:00 PDT,2025-10-31 21:00:00 UTC,10.0,9.12,8.98,8.89,8.99
2025-10-31 15:00:00 PDT,2025-10-31 22:00:00 UTC,9.7,9.2,9.08,9.0,9.06
2025-10-31 16:00:00 PDT,2025-10-31 23:00:00 UTC,9.4,9.23,9.14,9.08,9.13
2025-10-31 17:00:00 PDT,2025-11-01 00:00:00 UTC,9.6,9.28,9.2,9.14,9.19
2025-10-31 18:00:00 PDT,2025-11-01 01:00:00 UTC,10.0,9.43,9.3,9.22,9.25
2025-10-31 19:00:00 PDT,2025-11-01 02:00:00 UTC,10.4,9.62,9.44,9.32,9.3
2025-10-31 20:00:00 PDT,2025-11-01 03:00:00 UTC,11.0,9.9,9.63,9.45,9.37
2025-10-31 21:00:00 PDT,2025-11-01 04:00:00 UTC,11.0,10.12,9.81,9.59,9.44
2025-10-31 22:00:00 PDT,2025-11-01 05:00:00 UTC,10.7,10.23,9.94,9.71,9.52
2025-10-31 23:00:00 PDT,2025-11-01 06:00:00 UTC,10.9,10.37,10.07,9.82,9.6
2025-11-01 00:00:00 PDT,2025-11-01 07:00:00 UTC,10.9,10.47,10.18,9.93,9.68
2025-11-01 01:00:00 PDT,2025-11-01 08:00:00 UTC,10.9,10.56,10.27,10.03,9.76
2025-11-01 02:00:00 PDT,2025-11-01 09:00:00 UTC,11.4,10.73,10.4,10.13,9.84
2025-11-01 03:00:00 PDT,2025-11-01 10:00:00 UTC,11.2,10.82,10.5,10.23,9.91
2025-11-01 04:00:00 PDT,2025-11-01 11:00:00 UTC,10.7,10.8,10.54,10.3,9.99
2025-11-01 05:00:00 PDT,2025-11-01 12:00:00 UTC,10.6,10.76,10.55,10.35,10.05
2025-11-01 06:00:00 PDT,2025-11-01 13:00:00 UTC,10.4,10.69,10.53,10.37,10.11
2025-11-01 07:00:00 PDT,2025-11-01 14:00:00 UTC,9.9,10.53,10.45,10.36,10.15
2025-11-01 08:00:00 PDT,2025-11-01 15:00:00 UTC,9.4,10.37,10.36,10.32,10.18
2025-11-01 09:00:00 PDT,2025-11-01 16:00:00 UTC,8.9,10.08,10.19,10.25,10.2
2025-11-01 10:00:00 PDT,2025-11-01 17:00:00 UTC,8.8,9.82,10.02,10.14,10.19
2025-11-01 11:00:00 PDT,2025-11-01 18:00:00 UTC,8.9,9.64,9.87,10.04,10.17
2025-11-01 12:00:00 PDT,2025-11-01 19:00:00 UTC,10.0,9.71,9.85,9.98,10.14
2025-11-01 13:00:00 PDT,2025-11-01 20:00:00 UTC,11.3,10.03,10.0,10.01,10.11
2025-11-01 14:00:00 PDT,2025-11-01 21:00:00 UTC,10.1,10.04,10.04,10.04,10.11
2025-11-01 15:00:00 PDT,2025-11-01 22:00:00 UTC,10.3,10.09,10.07,10.07,10.12
2025-11-01 16:00:00 PDT,2025-11-01 23:00:00 UTC,11.3,10.34,10.21,10.13,10.13
2025-11-01 17:00:00 PDT,2025-11-02 00:00:00 UTC,10.6,10.39,10.28,10.19,10.15
2025-11-01 18:00:00 PDT,2025-11-02 01:00:00 UTC,9.8,10.27,10.24,10.21,10.18
2025-11-01 19:00:00 PDT,2025-11-02 02:00:00 UTC,8.3,9.88,10.04,10.15,10.2
2025-11-01 20:00:00 PDT,2025-11-02 03:00:00 UTC,7.9,9.48,9.79,10.02,10.19
2025-11-01 21:00:00 PDT,2025-11-02 04:00:00 UTC,9.6,9.51,9.73,9.93,10.16
2025-11-01 22:00:00 PDT,2025-11-02 05:00:00 UTC,9.9,9.58,9.74,9.89,10.12
2025-11-01 23:00:00 PDT,2025-11-02 06:00:00 UTC,8.3,9.33,9.6,9.82,10.1
2025-11-02 00:00:00 PDT,2025-11-02 07:00:00 UTC,7.4,8.94,9.36,9.69,10.06
2025-11-02 01:00:00 PDT,2025-11-02 08:00:00 UTC,6.8,8.51,9.07,9.51,10.0
2025-11-02 01:00:00 PST,2025-11-02 09:00:00 UTC,6.1,8.03,8.73,9.29,9.92
2025-11-02 02:00:00 PST,2025-11-02 10:00:00 UTC,5.1,7.44,8.31,9.01,9.82
2025-11-02 03:00:00 PST,2025-11-02 11:00:00 UTC,6.1,7.18,8.03,8.76,9.68
2025-11-02 04:00:00 PST,2025-11-02 12:00:00 UTC,6.3,7.0,7.83,8.55,9.55
2025-11-02 05:00:00 PST,2025-11-02 13:00:00 UTC,4.9,6.58,7.52,8.32,9.41
2025-11-02 06:00:00 PST,2025-11-02 14:00:00 UTC,4.9,6.24,7.23,8.09,9.26
2025-11-02 07:00:00 PST,2025-11-02 15:00:00 UTC,3.9,5.78,6.87,7.82,9.11
2025-11-02 08:00:00 PST,2025-11-02 16:00:00 UTC,5.4,5.7,6.7,7.6,8.95
2025-11-02 09:00:00 PST,2025-11-02 17:00:00 UTC,8.4,6.24,6.88,7.55,8.8
2025-11-02 10:00:00 PST,2025-11-02 18:00:00 UTC,9.8,6.95,7.25,7.66,8.69
2025-11-02 11:00:00 PST,2025-11-02 19:00:00 UTC,10.8,7.72,7.72,7.88,8.65
2025-11-02 12:00:00 PST,2025-11-02 20:00:00 UTC,11.0,8.38,8.18,8.16,8.67
2025-11-02 13:00:00 PST,2025-11-02 21:00:00 UTC,11.4,8.98,8.63,8.46,8.74
2025-11-02 14:00:00 PST,2025-11-02 22:00:00 UTC,11.5,9.49,9.04,8.77,8.84
2025-11-02 15:00:00 PST,2025-11-02 23:00:00 UTC,10.7,9.73,9.31,9.02,8.97
2025-11-02 16:00:00 PST,2025-11-03 00:00:00 UTC,10.0,9.78,9.45,9.21,9.1
2025-11-02 17:00:00 PST,2025-11-03 01:00:00 UTC,8.9,9.61,9.44,9.3,9.21
2025-11-02 18:00:00 PST,2025-11-03 02:00:00 UTC,8.3,9.34,9.34,9.31,9.29
2025-11-02 19:00:00 PST,2025-11-03 03:00:00 UTC,8.3,9.14,9.22,9.28,9.35
2025-11-02 20:00:00 PST,2025-11-03 04:00:00 UTC,8.9,9.09,9.18,9.25,9.38
2025-11-02 21:00:00 PST,2025-11-03 05:00:00 UTC,8.1,8.89,9.07,9.21,9.39
2025-11-02 22:00:00 PST,2025-11-03 06:00:00 UTC,8.1,8.73,8.96,9.14,9.39
2025-11-02 23:00:00 PST,2025-11-03 07:00:00 UTC,7.8,8.55,8.83,9.07,9.38
2025-11-03 00:00:00 PST,2025-11-03 08:00:00 UTC,6.5,8.14,8.58,8.94,9.36
2025-11-03 01:00:00 PST,2025-11-03 09:00:00 UTC,7.4,7.99,8.43,8.81,9.31
2025-11-03 02:00:00 PST,2025-11-03 10:00:00 UTC,5.5,7.49,8.12,8.63,9.25
2025-11-03 03:00:00 PST,2025-11-03 11:00:00 UTC,5.4,7.07,7.81,8.42,9.18
2025-11-03 04:00:00 PST,2025-11-03 12:00:00 UTC,5.5,6.76,7.54,8.2,9.07
2025-11-03 05:00:00 PST,2025-11-03 13:00:00 UTC,5.8,6.57,7.34,8.02,8.96
2025-11-03 06:00:00 PST,2025-11-03 14:00:00 UTC,5.6,6.37,7.15,7.85,8.85
2025-11-03 07:00:00 PST,2025-11-03 15:00:00 UTC,6.2,6.34,7.06,7.71,8.74
2025-11-03 08:00:00 PST,2025-11-03 16:00:00 UTC,6.5,6.37,7.01,7.62,8.63
2025-11-03 09:00:00 PST,2025-11-03 17:00:00 UTC,7.5,6.6,7.09,7.6,8.55
2025-11-03 10:00:00 PST,2025-11-03 18:00:00 UTC,8.3,6.94,7.27,7.64,8.49
2025-11-03 11:00:00 PST,2025-11-03 19:00:00 UTC,9.0,7.35,7.51,7.75,8.46
2025-11-03 12:00:00 PST,2025-11-03 20:00:00 UTC,10.0,7.88,7.84,7.93,8.46
2025-11-03 13:00:00 PST,2025-11-03 21:00:00 UTC,10.3,8.36,8.19,8.14,8.5
2025-11-03 14:00:00 PST,2025-11-03 22:00:00 UTC,9.9,8.67,8.45,8.35,8.57
2025-11-03 15:00:00 PST,2025-11-03 23:00:00 UTC,10.1,8.96,8.7,8.55,8.65
2025-11-03 16:00:00 PST,2025-11-04 00:00:00 UTC,9.2,9.01,8.82,8.69,8.74
2025-11-03 17:00:00 PST,2025-11-04 01:00:00 UTC,6.7,8.54,8.64,8.7,8.82
2025-11-03 18:00:00 PST,2025-11-04 02:00:00 UTC,4.7,7.78,8.23,8.55,8.86
2025-11-03 19:00:00 PST,2025-11-04 03:00:00 UTC,5.7,7.36,7.92,8.36,8.85
2025-11-03 20:00:00 PST,2025-11-04 04:00:00 UTC,5.4,6.97,7.62,8.15,8.8
2025-11-03 21:00:00 PST,2025-11-04 05:00:00 UTC,4.2,6.41,7.24,7.91,8.72
2025-11-03 22:00:00 PST,2025-11-04 06:00:00 UTC,4.2,5.97,6.88,7.65,8.61
2025-11-03 23:00:00 PST,2025-11-04 07:00:00 UTC,4.4,5.66,6.59,7.4,8.49
2025-11-04 00:00:00 PST,2025-11-04 08:00:00 UTC,4.7,5.47,6.38,7.19,8.35
2025-11-04 01:00:00 PST,2025-11-04 09:00:00 UTC,4.1,5.19,6.14,6.99,8.22
2025-11-04 02:00:00 PST,2025-11-04 10:00:00 UTC,3.4,4.83,5.86,6.77,8.08
2025-11-04 03:00:00 PST,2025-11-04 11:00:00 UTC,2.4,4.35,5.51,6.51,7.94
2025-11-04 04:00:00 PST,2025-11-04 12:00:00 UTC,2.2,3.92,5.15,6.24,7.78
2025-11-04 05:00:00 PST,2025-11-04 13:00:00 UTC,1.7,3.47,4.79,5.95,7.61
2025-11-04 06:00:00 PST,2025-11-04 14:00:00 UTC,2.9,3.36,4.59,5.71,7.43
2025-11-04 07:00:00 PST,2025-11-04 15:00:00 UTC,2.1,3.11,4.36,5.49,7.25
2025-11-04 08:00:00 PST,2025-11-04 16:00:00 UTC,3.1,3.11,4.25,5.32,7.09
2025-11-04 09:00:00 PST,2025-11-04 17:00:00 UTC,5.0,3.48,4.37,5.27,6.94
2025-11-04 10:00:00 PST,2025-11-04 18:00:00 UTC,8.6,4.51,4.89,5.42,6.83
2025-11-04 11:00:00 PST,2025-11-04 19:00:00 UTC,10.4,5.69,5.6,5.76,6.8
2025-11-04 12:00:00 PST,2025-11-04 20:00:00 UTC,11.5,6.85,6.39,6.23,6.86
2025-11-04 13:00:00 PST,2025-11-04 21:00:00 UTC,10.6,7.6,7.02,6.69,6.99
2025-11-04 14:00:00 PST,2025-11-04 22:00:00 UTC,11.1,8.3,7.59,7.14,7.16
2025-11-04 15:00:00 PST,2025-11-04 23:00:00 UTC,9.3,8.5,7.91,7.49,7.36
2025-11-04 16:00:00 PST,2025-11-05 00:00:00 UTC,8.9,8.58,8.1,7.74,7.56
2025-11-04 17:00:00 PST,2025-11-05 01:00:00 UTC,9.7,8.8,8.33,7.96,7.73
2025-11-04 18:00:00 PST,2025-11-05 02:00:00 UTC,9.4,8.92,8.49,8.15,7.88
2025-11-04 19:00:00 PST,2025-11-05 03:00:00 UTC,9.3,9.0,8.61,8.3,8.03
2025-11-04 20:00:00 PST,2025-11-05 04:00:00 UTC,9.4,9.08,8.72,8.43,8.16
2025-11-04 21:00:00 PST,2025-11-05 05:00:00 UTC,10.1,9.28,8.89,8.57,8.27
2025-11-04 22:00:00 PST,2025-11-05 06:00:00 UTC,9.8,9.39,9.01,8.7,8.39
2025-11-04 23:00:00 PST,2025-11-05 07:00:00 UTC,10.1,9.53,9.15,8.83,8.5
2025-11-05 00:00:00 PST,2025-11-05 08:00:00 UTC,9.9,9.6,9.25,8.94,8.6
2025-11-05 01:00:00 PST,2025-11-05 09:00:00 UTC,9.7,9.62,9.31,9.03,8.7
2025-11-05 02:00:00 PST,2025-11-05 10:00:00 UTC,10.3,9.76,9.42,9.13,8.78
2025-11-05 03:00:00 PST,2025-11-05 11:00:00 UTC,9.8,9.77,9.47,9.21,8.87
2025-11-05 04:00:00 PST,2025-11-05 12:00:00 UTC,9.8,9.77,9.51,9.27,8.95
2025-11-05 05:00:00 PST,2025-11-05 13:00:00 UTC,9.9,9.8,9.55,9.32,9.02
2025-11-05 06:00:00 PST,2025-11-05 14:00:00 UTC,10.3,9.9,9.63,9.39,9.08
2025-11-05 07:00:00 PST,2025-11-05 15:00:00 UTC,11.1,10.14,9.78,9.49,9.15
2025-11-05 08:00:00 PST,2025-11-05 16:00:00 UTC,11.5,10.41,9.98,9.62,9.22
2025-11-05 09:00:00 PST,2025-11-05 17:00:00 UTC,12.4,10.81,10.25,9.8,9.31
2025-11-05 10:00:00 PST,2025-11-05 18:00:00 UTC,12.0,11.05,10.47,9.98,9.41
2025-11-05 11:00:00 PST,2025-11-05 19:00:00 UTC,11.9,11.22,10.64,10.15,9.52
2025-11-05 12:00:00 PST,2025-11-05 20:00:00 UTC,12.1,11.39,10.81,10.3,9.63
2025-11-05 13:00:00 PST,2025-11-05 21:00:00 UTC,12.4,11.6,10.98,10.45,9.75
2025-11-05 14:00:00 PST,2025-11-05 22:00:00 UTC,13.3,11.94,11.23,10.63,9.86
2025-11-05 15:00:00 PST,2025-11-05 23:00:00 UTC,13.4,12.23,11.48,10.83,9.99
2025-11-05 16:00:00 PST,2025-11-06 00:00:00 UTC,12.3,12.24,11.58,10.98,10.12
2025-11-05 17:00:00 PST,2025-11-06 01:00:00 UTC,12.1,12.21,11.63,11.08,10.24
2025-11-05 18:00:00 PST,2025-11-06 02:00:00 UTC,12.0,12.17,11.65,11.16,10.34
2025-11-05 19:00:00 PST,2025-11-06 03:00:00 UTC,11.9,12.12,11.65,11.2,10.44
2025-11-05 20:00:00 PST,2025-11-06 04:00:00 UTC,11.2,11.93,11.58,11.21,10.51
2025-11-05 21:00:00 PST,2025-11-06 05:00:00 UTC,11.0,11.75,11.48,11.19,10.57
2025-11-05 22:00:00 PST,2025-11-06 06:00:00 UTC,10.3,11.46,11.32,11.12,10.61
2025-11-05 23:00:00 PST,2025-11-06 07:00:00 UTC,10.1,11.19,11.14,11.03,10.62
2025-11-06 00:00:00 PST,2025-11-06 08:00:00 UTC,10.7,11.09,11.04,10.95,10.62
2025-11-06 01:00:00 PST,2025-11-06 09:00:00 UTC,10.6,10.99,10.95,10.88,10.61
2025-11-06 02:00:00 PST,2025-11-06 10:00:00 UTC,10.2,10.83,10.84,10.81,10.59
2025-11-06 03:00:00 PST,2025-11-06 11:00:00 UTC,10.6,10.79,10.78,10.75,10.58
2025-11-06 04:00:00 PST,2025-11-06 12:00:00 UTC,10.2,10.67,10.7,10.69,10.56
2025-11-06 05:00:00 PST,2025-11-06 13:00:00 UTC,11.1,10.76,10.71,10.67,10.54
2025-11-06 06:00:00 PST,2025-11-06 14:00:00 UTC,11.3,10.86,10.76,10.68,10.52
2025-11-06 07:00:00 PST,2025-11-06 15:00:00 UTC,10.6,10.81,10.75,10.67,10.52
2025-11-06 08:00:00 PST,2025-11-06 16:00:00 UTC,10.6,10.77,10.72,10.66,10.52
2025-11-06 09:00:00 PST,2025-11-06 17:00:00 UTC,11.1,10.84,10.75,10.67,10.52
2025-11-06 10:00:00 PST,2025-11-06 18:00:00 UTC,12.3,11.13,10.9,10.73,10.52
2025-11-06 11:00:00 PST,2025-11-06 19:00:00 UTC,11.4,11.18,10.97,10.79,10.55
2025-11-06 12:00:00 PST,2025-11-06 20:00:00 UTC,11.5,11.25,11.03,10.84,10.57
2025-11-06 13:00:00 PST,2025-11-06 21:00:00 UTC,11.1,11.22,11.04,10.87,10.6
2025-11-06 14:00:00 PST,2025-11-06 22:00:00 UTC,11.0,11.19,11.04,10.89,10.63
2025-11-06 15:00:00 PST,2025-11-06 23:00:00 UTC,11.0,11.15,11.02,10.89,10.65
2025-11-06 16:00:00 PST,2025-11-07 00:00:00 UTC,11.6,11.21,11.05,10.91,10.67
2025-11-06 17:00:00 PST,2025-11-07 01:00:00 UTC,11.9,11.31,11.11,10.94,10.69
2025-11-06 18:00:00 PST,2025-11-07 02:00:00 UTC,10.8,11.21,11.08,10.95,10.71
2025-11-06 19:00:00 PST,2025-11-07 03:00:00 UTC,10.7,11.11,11.03,10.94,10.73
2025-11-06 20:00:00 PST,2025-11-07 04:00:00 UTC,10.5,10.98,10.96,10.91,10.74
2025-11-06 21:00:00 PST,2025-11-07 05:00:00 UTC,9.9,10.77,10.83,10.84,10.73
2025-11-06 22:00:00 PST,2025-11-07 06:00:00 UTC,9.8,10.57,10.69,10.76,10.72
2025-11-06 23:00:00 PST,2025-11-07 07:00:00 UTC,10.5,10.56,10.64,10.7,10.69
2025-11-07 00:00:00 PST,2025-11-07 08:00:00 UTC,10.1,10.47,10.57,10.64,10.67
2025-11-07 01:00:00 PST,2025-11-07 09:00:00 UTC,9.8,10.33,10.48,10.58,10.64
2025-11-07 02:00:00 PST,2025-11-07 10:00:00 UTC,9.7,10.21,10.38,10.51,10.61
2025-11-07 03:00:00 PST,2025-11-07 11:00:00 UTC,9.3,10.03,10.25,10.42,10.57
2025-11-07 04:00:00 PST,2025-11-07 12:00:00 UTC,9.1,9.84,10.11,10.32,10.53
2025-11-07 05:00:00 PST,2025-11-07 13:00:00 UTC,9.5,9.77,10.02,10.24,10.48
2025-11-07 06:00:00 PST,2025-11-07 14:00:00 UTC,9.5,9.72,9.96,10.17,10.43
2025-11-07 07:00:00 PST,2025-11-07 15:00:00 UTC,9.7,9.71,9.93,10.12,10.38
2025-11-07 08:00:00 PST,2025-11-07 16:00:00 UTC,9.7,9.71,9.9,10.08,10.34
2025-11-07 09:00:00 PST,2025-11-07 17:00:00 UTC,9.9,9.75,9.91,10.06,10.3
2025-11-07 10:00:00 PST,2025-11-07 18:00:00 UTC,10.0,9.8,9.92,10.05,10.27
2025-11-07 11:00:00 PST,2025-11-07 19:00:00 UTC,11.3,10.1,10.07,10.1,10.26
2025-11-07 12:00:00 PST,2025-11-07 20:00:00 UTC,11.9,10.46,10.29,10.2,10.26
2025-11-07 13:00:00 PST,2025-11-07 21:00:00 UTC,12.1,10.79,10.52,10.34,10.28
2025-11-07 14:00:00 PST,2025-11-07 22:00:00 UTC,11.9,11.01,10.71,10.49,10.33
2025-11-07 15:00:00 PST,2025-11-07 23:00:00 UTC,11.8,11.17,10.86,10.61,10.39
2025-11-07 16:00:00 PST,2025-11-08 00:00:00 UTC,10.2,10.97,10.82,10.66,10.45
2025-11-07 17:00:00 PST,2025-11-08 01:00:00 UTC,9.5,10.68,10.68,10.64,10.5
2025-11-07 18:00:00 PST,2025-11-08 02:00:00 UTC,8.8,10.3,10.46,10.54,10.51
2025-11-07 19:00:00 PST,2025-11-08 03:00:00 UTC,9.0,10.04,10.27,10.43,10.5
2025-11-07 20:00:00 PST,2025-11-08 04:00:00 UTC,7.6,9.55,9.96,10.26,10.47
2025-11-07 21:00:00 PST,2025-11-08 05:00:00 UTC,6.2,8.88,9.53,10.0,10.4
2025-11-07 22:00:00 PST,2025-11-08 06:00:00 UTC,6.2,8.35,9.12,9.71,10.3
2025-11-07 23:00:00 PST,2025-11-08 07:00:00 UTC,6.0,7.88,8.73,9.42,10.17
2025-11-08 00:00:00 PST,2025-11-08 08:00:00 UTC,6.2,7.54,8.42,9.15,10.03
2025-11-08 01:00:00 PST,2025-11-08 09:00:00 UTC,6.8,7.39,8.21,8.93,9.87
2025-11-08 02:00:00 PST,2025-11-08 10:00:00 UTC,6.5,7.21,8.02,8.74,9.73
2025-11-08 03:00:00 PST,2025-11-08 11:00:00 UTC,5.5,6.87,7.76,8.53,9.58
2025-11-08 04:00:00 PST,2025-11-08 12:00:00 UTC,5.0,6.5,7.46,8.3,9.44
2025-11-08 05:00:00 PST,2025-11-08 13:00:00 UTC,5.4,6.28,7.23,8.08,9.29
2025-11-08 06:00:00 PST,2025-11-08 14:00:00 UTC,4.7,5.96,6.97,7.86,9.14
2025-11-08 07:00:00 PST,2025-11-08 15:00:00 UTC,5.1,5.79,6.78,7.66,8.98
2025-11-08 08:00:00 PST,2025-11-08 16:00:00 UTC,6.8,5.99,6.79,7.55,8.83
2025-11-08 09:00:00 PST,2025-11-08 17:00:00 UTC,8.0,6.39,6.95,7.55,8.71
2025-11-08 10:00:00 PST,2025-11-08 18:00:00 UTC,8.9,6.89,7.22,7.64,8.63
2025-11-08 11:00:00 PST,2025-11-08 19:00:00 UTC,10.3,7.58,7.63,7.83,8.6
2025-11-08 12:00:00 PST,2025-11-08 20:00:00 UTC,11.2,8.3,8.11,8.09,8.61
2025-11-08 13:00:00 PST,2025-11-08 21:00:00 UTC,10.1,8.66,8.44,8.35,8.68
2025-11-08 14:00:00 PST,2025-11-08 22:00:00 UTC,10.3,8.99,8.72,8.58,8.76
2025-11-08 15:00:00 PST,2025-11-08 23:00:00 UTC,11.0,9.39,9.03,8.81,8.86
2025-11-08 16:00:00 PST,2025-11-09 00:00:00 UTC,10.9,9.69,9.3,9.03,8.97
2025-11-08 17:00:00 PST,2025-11-09 01:00:00 UTC,9.2,9.59,9.36,9.17,9.08
2025-11-08 18:00:00 PST,2025-11-09 02:00:00 UTC,9.4,9.56,9.39,9.25,9.17
2025-11-08 19:00:00 PST,2025-11-09 03:00:00 UTC,8.7,9.38,9.34,9.28,9.25
2025-11-08 20:00:00 PST,2025-11-09 04:00:00 UTC,9.2,9.35,9.32,9.3,9.3
2025-11-08 21:00:00 PST,2025-11-09 05:00:00 UTC,7.4,8.96,9.13,9.24,9.34
2025-11-08 22:00:00 PST,2025-11-09 06:00:00 UTC,8.3,8.83,9.02,9.17,9.35
2025-11-08 23:00:00 PST,2025-11-09 07:00:00 UTC,7.8,8.62,8.88,9.09,9.34
2025-11-09 00:00:00 PST,2025-11-09 08:00:00 UTC,7.8,8.46,8.76,9.0,9.32
2025-11-09 01:00:00 PST,2025-11-09 09:00:00 UTC,8.0,8.37,8.67,8.93,9.29
2025-11-09 02:00:00 PST,2025-11-09 10:00:00 UTC,5.2,7.73,8.31,8.76,9.25
2025-11-09 03:00:00 PST,2025-11-09 11:00:00 UTC,5.8,7.35,8.01,8.55,9.19
2025-11-09 04:00:00 PST,2025-11-09 12:00:00 UTC,4.7,6.82,7.63,8.3,9.09
2025-11-09 05:00:00 PST,2025-11-09 13:00:00 UTC,4.1,6.27,7.23,8.02,8.98
2025-11-09 06:00:00 PST,2025-11-09 14:00:00 UTC,4.6,5.94,6.91,7.75,8.84
2025-11-09 07:00:00 PST,2025-11-09 15:00:00 UTC,4.0,5.55,6.59,7.48,8.68
2025-11-09 08:00:00 PST,2025-11-09 16:00:00 UTC,6.0,5.64,6.51,7.3,8.53
2025-11-09 09:00:00 PST,2025-11-09 17:00:00 UTC,8.2,6.15,6.7,7.28,8.39
2025-11-09 10:00:00 PST,2025-11-09 18:00:00 UTC,10.7,7.06,7.18,7.44,8.31
2025-11-09 11:00:00 PST,2025-11-09 19:00:00 UTC,11.7,7.99,7.76,7.73,8.29
2025-11-09 12:00:00 PST,2025-11-09 20:00:00 UTC,13.1,9.01,8.44,8.13,8.35
2025-11-09 13:00:00 PST,2025-11-09 21:00:00 UTC,12.4,9.69,9.0,8.55,8.47
2025-11-09 14:00:00 PST,2025-11-09 22:00:00 UTC,13.7,10.49,9.61,8.98,8.64
2025-11-09 15:00:00 PST,2025-11-09 23:00:00 UTC,14.3,11.25,10.21,9.43,8.83
2025-11-09 16:00:00 PST,2025-11-10 00:00:00 UTC,13.0,11.6,10.61,9.82,9.06
2025-11-09 17:00:00 PST,2025-11-10 01:00:00 UTC,13.3,11.94,10.96,10.16,9.28
2025-11-09 18:00:00 PST,2025-11-10 02:00:00 UTC,14.9,12.53,11.42,10.51,9.5
2025-11-09 19:00:00 PST,2025-11-10 03:00:00 UTC,15.7,13.17,11.92,10.9,9.73
2025-11-09 20:00:00 PST,2025-11-10 04:00:00 UTC,12.6,13.05,12.06,11.17,9.96
2025-11-09 21:00:00 PST,2025-11-10 05:00:00 UTC,12.0,12.84,12.06,11.32,10.18
2025-11-09 22:00:00 PST,2025-11-10 06:00:00 UTC,11.7,12.61,11.99,11.38,10.35
2025-11-09 23:00:00 PST,2025-11-10 07:00:00 UTC,11.6,12.41,11.91,11.4,10.48
2025-11-10 00:00:00 PST,2025-11-10 08:00:00 UTC,11.5,12.23,11.82,11.4,10.57
2025-11-10 01:00:00 PST,2025-11-10 09:00:00 UTC,11.3,12.04,11.72,11.37,10.65
2025-11-10 02:00:00 PST,2025-11-10 10:00:00 UTC,11.8,11.99,11.68,11.35,10.7
2025-11-10 03:00:00 PST,2025-11-10 11:00:00 UTC,11.6,11.92,11.63,11.34,10.74
2025-11-10 04:00:00 PST,2025-11-10 12:00:00 UTC,11.4,11.81,11.57,11.32,10.78
2025-11-10 05:00:00 PST,2025-11-10 13:00:00 UTC,11.7,11.79,11.55,11.3,10.8
2025-11-10 06:00:00 PST,2025-11-10 14:00:00 UTC,11.4,11.71,11.51,11.29,10.83
2025-11-10 07:00:00 PST,2025-11-10 15:00:00 UTC,12.1,11.79,11.54,11.29,10.84
2025-11-10 08:00:00 PST,2025-11-10 16:00:00 UTC,12.1,11.85,11.58,11.32,10.87
2025-11-10 09:00:00 PST,2025-11-10 17:00:00 UTC,12.8,12.04,11.69,11.38,10.9
2025-11-10 10:00:00 PST,2025-11-10 18:00:00 UTC,13.7,12.37,11.89,11.49,10.94
2025-11-10 11:00:00 PST,2025-11-10 19:00:00 UTC,14.4,12.78,12.16,11.65,11.0
2025-11-10 12:00:00 PST,2025-11-10 20:00:00 UTC,14.4,13.1,12.42,11.84,11.08
2025-11-10 13:00:00 PST,2025-11-10 21:00:00 UTC,14.1,13.3,12.61,12.01,11.18
2025-11-10 14:00:00 PST,2025-11-10 22:00:00 UTC,12.6,13.16,12.62,12.11,11.28
2025-11-10 15:00:00 PST,2025-11-10 23:00:00 UTC,11.4,12.81,12.47,12.1,11.37
2025-11-10 16:00:00 PST,2025-11-11 00:00:00 UTC,10.5,12.35,12.22,12.01,11.42
2025-11-10 17:00:00 PST,2025-11-11 01:00:00 UTC,10.4,11.96,11.96,11.88,11.43
2025-11-10 18:00:00 PST,2025-11-11 02:00:00 UTC,9.7,11.51,11.66,11.7,11.42
2025-11-10 19:00:00 PST,2025-11-11 03:00:00 UTC,10.2,11.25,11.43,11.53,11.37
2025-11-10 20:00:00 PST,2025-11-11 04:00:00 UTC,10.3,11.06,11.26,11.38,11.31
2025-11-10 21:00:00 PST,2025-11-11 05:00:00 UTC,9.5,10.74,11.03,11.22,11.25
2025-11-10 22:00:00 PST,2025-11-11 06:00:00 UTC,9.8,10.56,10.85,11.07,11.18
2025-11-10 23:00:00 PST,2025-11-11 07:00:00 UTC,9.0,10.24,10.62,10.9,11.1
2025-11-11 00:00:00 PST,2025-11-11 08:00:00 UTC,9.2,10.04,10.43,10.74,11.01
2025-11-11 01:00:00 PST,2025-11-11 09:00:00 UTC,8.7,9.77,10.22,10.57,10.92
2025-11-11 02:00:00 PST,2025-11-11 10:00:00 UTC,6.4,9.09,9.79,10.33,10.82
2025-11-11 03:00:00 PST,2025-11-11 11:00:00 UTC,6.6,8.6,9.4,10.04,10.69
2025-11-11 04:00:00 PST,2025-11-11 12:00:00 UTC,5.7,8.02,8.96,9.72,10.54
2025-11-11 05:00:00 PST,2025-11-11 13:00:00 UTC,4.9,7.39,8.48,9.37,10.37
2025-11-11 06:00:00 PST,2025-11-11 14:00:00 UTC,4.5,6.81,8.01,9.0,10.18
2025-11-11 07:00:00 PST,2025-11-11 15:00:00 UTC,6.0,6.65,7.75,8.7,9.97
2025-11-11 08:00:00 PST,2025-11-11 16:00:00 UTC,6.5,6.62,7.6,8.49,9.77
2025-11-11 09:00:00 PST,2025-11-11 17:00:00 UTC,8.1,6.92,7.66,8.38,9.59
2025-11-11 10:00:00 PST,2025-11-11 18:00:00 UTC,8.8,7.29,7.82,8.38,9.45
2025-11-11 11:00:00 PST,2025-11-11 19:00:00 UTC,10.3,7.89,8.14,8.48,9.36
2025-11-11 12:00:00 PST,2025-11-11 20:00:00 UTC,11.2,8.56,8.55,8.67,9.32
2025-11-11 13:00:00 PST,2025-11-11 21:00:00 UTC,12.1,9.26,9.02,8.94,9.33
2025-11-11 14:00:00 PST,2025-11-11 22:00:00 UTC,11.2,9.65,9.35,9.2,9.39
2025-11-11 15:00:00 PST,2025-11-11 23:00:00 UTC,9.1,9.54,9.42,9.35,9.47
2025-11-11 16:00:00 PST,2025-11-12 00:00:00 UTC,7.9,9.21,9.3,9.37,9.54
2025-11-11 17:00:00 PST,2025-11-12 01:00:00 UTC,6.4,8.65,9.01,9.27,9.57
2025-11-11 18:00:00 PST,2025-11-12 02:00:00 UTC,6.2,8.16,8.69,9.1,9.56
2025-11-11 19:00:00 PST,2025-11-12 03:00:00 UTC,7.0,7.93,8.48,8.93,9.51
2025-11-11 20:00:00 PST,2025-11-12 04:00:00 UTC,8.2,7.98,8.42,8.83,9.44
2025-11-11 21:00:00 PST,2025-11-12 05:00:00 UTC,8.5,8.09,8.44,8.78,9.38
2025-11-11 22:00:00 PST,2025-11-12 06:00:00 UTC,8.6,8.19,8.48,8.77,9.33
2025-11-11 23:00:00 PST,2025-11-12 07:00:00 UTC,7.7,8.09,8.43,8.75,9.3
2025-11-12 00:00:00 PST,2025-11-12 08:00:00 UTC,8.0,8.07,8.4,8.71,9.26
2025-11-12 01:00:00 PST,2025-11-12 09:00:00 UTC,7.2,7.9,8.3,8.66,9.23
2025-11-12 02:00:00 PST,2025-11-12 10:00:00 UTC,6.0,7.52,8.07,8.54,9.19
2025-11-12 03:00:00 PST,2025-11-12 11:00:00 UTC,6.3,7.27,7.88,8.39,9.13
2025-11-12 04:00:00 PST,2025-11-12 12:00:00 UTC,5.3,6.88,7.6,8.22,9.05
2025-11-12 05:00:00 PST,2025-11-12 13:00:00 UTC,5.1,6.52,7.33,8.02,8.96
2025-11-12 06:00:00 PST,2025-11-12 14:00:00 UTC,3.8,5.98,6.95,7.77,8.84
2025-11-12 07:00:00 PST,2025-11-12 15:00:00 UTC,4.6,5.7,6.68,7.53,8.71
2025-11-12 08:00:00 PST,2025-11-12 16:00:00 UTC,5.3,5.62,6.52,7.34,8.57
2025-11-12 09:00:00 PST,2025-11-12 17:00:00 UTC,7.4,5.98,6.62,7.27,8.44
2025-11-12 10:00:00 PST,2025-11-12 18:00:00 UTC,8.2,6.42,6.84,7.32,8.34
2025-11-12 11:00:00 PST,2025-11-12 19:00:00 UTC,8.8,6.9,7.12,7.43,8.29
2025-11-12 12:00:00 PST,2025-11-12 20:00:00 UTC,8.9,7.3,7.39,7.59,8.28
2025-11-12 13:00:00 PST,2025-11-12 21:00:00 UTC,9.3,7.7,7.68,7.77,8.3
2025-11-12 14:00:00 PST,2025-11-12 22:00:00 UTC,9.3,8.02,7.93,7.95,8.34
2025-11-12 15:00:00 PST,2025-11-12 23:00:00 UTC,8.5,8.12,8.07,8.09,8.4
2025-11-12 16:00:00 PST,2025-11-13 00:00:00 UTC,8.3,8.15,8.15,8.18,8.46
2025-11-12 17:00:00 PST,2025-11-13 01:00:00 UTC,8.4,8.2,8.21,8.26,8.51
2025-11-12 18:00:00 PST,2025-11-13 02:00:00 UTC,8.8,8.32,8.31,8.33,8.56
2025-11-12 19:00:00 PST,2025-11-13 03:00:00 UTC,9.2,8.5,8.43,8.42,8.61
2025-11-12 20:00:00 PST,2025-11-13 04:00:00 UTC,9.6,8.72,8.59,8.53,8.66
2025-11-12 21:00:00 PST,2025-11-13 05:00:00 UTC,9.5,8.87,8.73,8.64,8.72
2025-11-12 22:00:00 PST,2025-11-13 06:00:00 UTC,9.9,9.08,8.89,8.76,8.78
2025-11-12 23:00:00 PST,2025-11-13 07:00:00 UTC,10.5,9.36,9.09,8.9,8.85
2025-11-13 00:00:00 PST,2025-11-13 08:00:00 UTC,11.3,9.75,9.36,9.08,8.93
2025-11-13 01:00:00 PST,2025-11-13 09:00:00 UTC,11.5,10.1,9.63,9.28,9.02
2025-11-13 02:00:00 PST,2025-11-13 10:00:00 UTC,11.8,10.44,9.91,9.49,9.13
2025-11-13 03:00:00 PST,2025-11-13 11:00:00 UTC,11.9,10.73,10.16,9.7,9.25
2025-11-13 04:00:00 PST,2025-11-13 12:00:00 UTC,12.0,10.99,10.39,9.9,9.37
2025-11-13 05:00:00 PST,2025-11-13 13:00:00 UTC,11.8,11.15,10.57,10.08,9.5
2025-11-13 06:00:00 PST,2025-11-13 14:00:00 UTC,11.7,11.26,10.71,10.23,9.62
2025-11-13 07:00:00 PST,2025-11-13 15:00:00 UTC,11.6,11.31,10.8,10.35,9.74
2025-11-13 08:00:00 PST,2025-11-13 16:00:00 UTC,11.8,11.38,10.89,10.46,9.85
2025-11-13 09:00:00 PST,2025-11-13 17:00:00 UTC,11.7,11.42,10.97,10.55,9.95
2025-11-13 10:00:00 PST,2025-11-13 18:00:00 UTC,9.1,10.96,10.77,10.54,10.03
2025-11-13 11:00:00 PST,2025-11-13 19:00:00 UTC,8.3,10.43,10.47,10.42,10.08
2025-11-13 12:00:00 PST,2025-11-13 20:00:00 UTC,8.2,9.98,10.17,10.25,10.09
2025-11-13 13:00:00 PST,2025-11-13 21:00:00 UTC,8.0,9.58,9.88,10.07,10.06
2025-11-13 14:00:00 PST,2025-11-13 22:00:00 UTC,8.6,9.39,9.69,9.9,10.01
2025-11-13 15:00:00 PST,2025-11-13 23:00:00 UTC,8.3,9.17,9.5,9.76,9.95
2025-11-13 16:00:00 PST,2025-11-14 00:00:00 UTC,8.5,9.04,9.36,9.63,9.88
2025-11-13 17:00:00 PST,2025-11-14 01:00:00 UTC,7.9,8.81,9.19,9.5,9.82
2025-11-13 18:00:00 PST,2025-11-14 02:00:00 UTC,7.5,8.55,8.99,9.35,9.75
2025-11-13 19:00:00 PST,2025-11-14 03:00:00 UTC,7.6,8.36,8.82,9.21,9.67
2025-11-13 20:00:00 PST,2025-11-14 04:00:00 UTC,7.6,8.21,8.67,9.07,9.59
2025-11-13 21:00:00 PST,2025-11-14 05:00:00 UTC,6.2,7.8,8.41,8.9,9.5
2025-11-13 22:00:00 PST,2025-11-14 06:00:00 UTC,6.8,7.6,8.21,8.73,9.41
2025-11-13 23:00:00 PST,2025-11-14 07:00:00 UTC,6.9,7.46,8.06,8.59,9.3
2025-11-14 00:00:00 PST,2025-11-14 08:00:00 UTC,6.4,7.25,7.88,8.44,9.21
2025-11-14 01:00:00 PST,2025-11-14 09:00:00 UTC,6.1,7.02,7.69,8.28,9.1
2025-11-14 02:00:00 PST,2025-11-14 10:00:00 UTC,5.5,6.72,7.46,8.11,9.0
2025-11-14 03:00:00 PST,2025-11-14 11:00:00 UTC,5.2,6.41,7.22,7.92,8.89
2025-11-14 04:00:00 PST,2025-11-14 12:00:00 UTC,5.7,6.27,7.05,7.75,8.77
2025-11-14 05:00:00 PST,2025-11-14 13:00:00 UTC,5.8,6.18,6.93,7.61,8.65
2025-11-14 06:00:00 PST,2025-11-14 14:00:00 UTC,5.9,6.12,6.83,7.49,8.54
2025-11-14 07:00:00 PST,2025-11-14 15:00:00 UTC,6.4,6.18,6.81,7.41,8.43
2025-11-14 08:00:00 PST,2025-11-14 16:00:00 UTC,6.3,6.2,6.79,7.36,8.35
2025-11-14 09:00:00 PST,2025-11-14 17:00:00 UTC,7.2,6.4,6.87,7.35,8.27
2025-11-14 10:00:00 PST,2025-11-14 18:00:00 UTC,7.7,6.66,7.0,7.39,8.22
2025-11-14 11:00:00 PST,2025-11-14 19:00:00 UTC,8.5,7.03,7.22,7.48,8.19
2025-11-14 12:00:00 PST,2025-11-14 20:00:00 UTC,8.5,7.32,7.42,7.6,8.19
2025-11-14 13:00:00 PST,2025-11-14 21:00:00 UTC,9.1,7.68,7.67,7.75,8.21
2025-11-14 14:00:00 PST,2025-11-14 22:00:00 UTC,8.8,7.9,7.86,7.89,8.24
2025-11-14 15:00:00 PST,2025-11-14 23:00:00 UTC,8.7,8.06,8.01,8.02,8.29
2025-11-14 16:00:00 PST,2025-11-15 00:00:00 UTC,8.6,8.17,8.12,8.12,8.35
2025-11-14 17:00:00 PST,2025-11-15 01:00:00 UTC,8.0,8.14,8.15,8.19,8.4
2025-11-14 18:00:00 PST,2025-11-15 02:00:00 UTC,8.1,8.13,8.17,8.23,8.45
2025-11-14 19:00:00 PST,2025-11-15 03:00:00 UTC,7.9,8.08,8.17,8.25,8.48
2025-11-14 20:00:00 PST,2025-11-15 04:00:00 UTC,7.7,8.01,8.13,8.26,8.51
2025-11-14 21:00:00 PST,2025-11-15 05:00:00 UTC,7.3,7.87,8.06,8.23,8.52
2025-11-14 22:00:00 PST,2025-11-15 06:00:00 UTC,7.0,7.69,7.95,8.18,8.52
2025-11-14 23:00:00 PST,2025-11-15 07:00:00 UTC,6.8,7.51,7.83,8.11,8.51
2025-11-15 00:00:00 PST,2025-11-15 08:00:00 UTC,6.6,7.33,7.7,8.02,8.49
2025-11-15 01:00:00 PST,2025-11-15 09:00:00 UTC,6.9,7.24,7.62,7.95,8.45
2025-11-15 02:00:00 PST,2025-11-15 10:00:00 UTC,7.0,7.2,7.56,7.89,8.42
2025-11-15 03:00:00 PST,2025-11-15 11:00:00 UTC,7.1,7.18,7.52,7.84,8.38
2025-11-15 04:00:00 PST,2025-11-15 12:00:00 UTC,7.2,7.18,7.5,7.81,8.34
2025-11-15 05:00:00 PST,2025-11-15 13:00:00 UTC,7.1,7.17,7.48,7.78,8.31
2025-11-15 06:00:00 PST,2025-11-15 14:00:00 UTC,7.3,7.19,7.48,7.76,8.29
2025-11-15 07:00:00 PST,2025-11-15 15:00:00 UTC,7.4,7.23,7.49,7.76,8.26
2025-11-15 08:00:00 PST,2025-11-15 16:00:00 UTC,8.0,7.39,7.57,7.78,8.25
2025-11-15 09:00:00 PST,2025-11-15 17:00:00 UTC,8.4,7.59,7.69,7.84,8.24
2025-11-15 10:00:00 PST,2025-11-15 18:00:00 UTC,8.4,7.75,7.81,7.91,8.25
2025-11-15 11:00:00 PST,2025-11-15 19:00:00 UTC,8.7,7.94,7.94,7.99,8.27
2025-11-15 12:00:00 PST,2025-11-15 20:00:00 UTC,8.6,8.07,8.05,8.08,8.3
2025-11-15 13:00:00 PST,2025-11-15 21:00:00 UTC,9.1,8.28,8.2,8.17,8.34
2025-11-15 14:00:00 PST,2025-11-15 22:00:00 UTC,9.7,8.56,8.39,8.3,8.38
2025-11-15 15:00:00 PST,2025-11-15 23:00:00 UTC,9.4,8.73,8.54,8.42,8.44
2025-11-15 16:00:00 PST,2025-11-16 00:00:00 UTC,9.4,8.86,8.67,8.53,8.5
2025-11-15 17:00:00 PST,2025-11-16 01:00:00 UTC,9.1,8.91,8.75,8.62,8.57
2025-11-15 18:00:00 PST,2025-11-16 02:00:00 UTC,9.0,8.93,8.79,8.69,8.63
2025-11-15 19:00:00 PST,2025-11-16 03:00:00 UTC,8.8,8.9,8.81,8.73,8.68
2025-11-15 20:00:00 PST,2025-11-16 04:00:00 UTC,8.8,8.88,8.82,8.76,8.73
2025-11-15 21:00:00 PST,2025-11-16 05:00:00 UTC,9.3,8.97,8.87,8.8,8.76
2025-11-15 22:00:00 PST,2025-11-16 06:00:00 UTC,8.9,8.95,8.89,8.83,8.8
2025-11-15 23:00:00 PST,2025-11-16 07:00:00 UTC,9.1,8.98,8.92,8.86,8.83
2025-11-16 00:00:00 PST,2025-11-16 08:00:00 UTC,8.3,8.85,8.86,8.86,8.86
2025-11-16 01:00:00 PST,2025-11-16 09:00:00 UTC,9.0,8.88,8.87,8.86,8.88
2025-11-16 02:00:00 PST,2025-11-16 10:00:00 UTC,8.8,8.86,8.87,8.87,8.9
2025-11-16 03:00:00 PST,2025-11-16 11:00:00 UTC,8.8,8.85,8.86,8.87,8.91
2025-11-16 04:00:00 PST,2025-11-16 12:00:00 UTC,8.9,8.86,8.87,8.88,8.93
2025-11-16 05:00:00 PST,2025-11-16 13:00:00 UTC,8.8,8.85,8.87,8.88,8.94
2025-11-16 06:00:00 PST,2025-11-16 14:00:00 UTC,8.9,8.86,8.87,8.89,8.95
2025-11-16 07:00:00 PST,2025-11-16 15:00:00 UTC,8.8,8.85,8.87,8.9,8.96
2025-11-16 08:00:00 PST,2025-11-16 16:00:00 UTC,9.1,8.9,8.9,8.91,8.97
2025-11-16 09:00:00 PST,2025-11-16 17:00:00 UTC,10.1,9.14,9.03,8.97,8.98
2025-11-16 10:00:00 PST,2025-11-16 18:00:00 UTC,10.0,9.31,9.15,9.05,9.0
2025-11-16 11:00:00 PST,2025-11-16 19:00:00 UTC,11.5,9.75,9.42,9.19,9.04
2025-11-16 12:00:00 PST,2025-11-16 20:00:00 UTC,11.5,10.1,9.68,9.36,9.1
2025-11-16 13:00:00 PST,2025-11-16 21:00:00 UTC,11.3,10.34,9.89,9.53,9.18
2025-11-16 14:00:00 PST,2025-11-16 22:00:00 UTC,11.5,10.57,10.09,9.7,9.28
2025-11-16 15:00:00 PST,2025-11-16 23:00:00 UTC,11.6,10.78,10.27,9.86,9.37
2025-11-16 16:00:00 PST,2025-11-17 00:00:00 UTC,11.6,10.94,10.43,10.0,9.47
2025-11-16 17:00:00 PST,2025-11-17 01:00:00 UTC,11.5,11.05,10.56,10.13,9.57
2025-11-16 18:00:00 PST,2025-11-17 02:00:00 UTC,11.6,11.16,10.68,10.25,9.67
2025-11-16 19:00:00 PST,2025-11-17 03:00:00 UTC,11.8,11.29,10.8,10.36,9.76
2025-11-16 20:00:00 PST,2025-11-17 04:00:00 UTC,11.8,11.39,10.9,10.47,9.85
2025-11-16 21:00:00 PST,2025-11-17 05:00:00 UTC,11.8,11.47,11.0,10.57,9.94
2025-11-16 22:00:00 PST,2025-11-17 06:00:00 UTC,11.9,11.56,11.09,10.66,10.02
2025-11-16 23:00:00 PST,2025-11-17 07:00:00 UTC,11.6,11.57,11.13,10.73,10.1
2025-11-17 00:00:00 PST,2025-11-17 08:00:00 UTC,11.3,11.51,11.14,10.78,10.17
2025-11-17 01:00:00 PST,2025-11-17 09:00:00 UTC,11.0,11.41,11.1,10.79,10.23
2025-11-17 02:00:00 PST,2025-11-17 10:00:00 UTC,8.3,10.79,10.79,10.7,10.27
2025-11-17 03:00:00 PST,2025-11-17 11:00:00 UTC,8.4,10.31,10.47,10.52,10.28
2025-11-17 04:00:00 PST,2025-11-17 12:00:00 UTC,8.4,9.93,10.19,10.33,10.25
2025-11-17 05:00:00 PST,2025-11-17 13:00:00 UTC,8.3,9.6,9.93,10.15,10.19
2025-11-17 06:00:00 PST,2025-11-17 14:00:00 UTC,8.4,9.36,9.71,9.97,10.12
2025-11-17 07:00:00 PST,2025-11-17 15:00:00 UTC,8.1,9.11,9.5,9.8,10.04
2025-11-17 08:00:00 PST,2025-11-17 16:00:00 UTC,8.4,8.97,9.35,9.65,9.95
2025-11-17 09:00:00 PST,2025-11-17 17:00:00 UTC,8.2,8.81,9.2,9.52,9.87
2025-11-17 10:00:00 PST,2025-11-17 18:00:00 UTC,8.4,8.73,9.1,9.41,9.79
2025-11-17 11:00:00 PST,2025-11-17 19:00:00 UTC,8.7,8.73,9.04,9.33,9.71
2025-11-17 12:00:00 PST,2025-11-17 20:00:00 UTC,8.5,8.68,8.99,9.26,9.64
2025-11-17 13:00:00 PST,2025-11-17 21:00:00 UTC,8.4,8.62,8.93,9.2,9.58
2025-11-17 14:00:00 PST,2025-11-17 22:00:00 UTC,8.9,8.68,8.92,9.16,9.53
2025-11-17 15:00:00 PST,2025-11-17 23:00:00 UTC,8.6,8.66,8.9,9.12,9.48
2025-11-17 16:00:00 PST,2025-11-18 00:00:00 UTC,8.6,8.65,8.88,9.09,9.44
2025-11-17 17:00:00 PST,2025-11-18 01:00:00 UTC,8.0,8.52,8.8,9.04,9.41
2025-11-17 18:00:00 PST,2025-11-18 02:00:00 UTC,7.7,8.36,8.69,8.97,9.37
2025-11-17 19:00:00 PST,2025-11-18 03:00:00 UTC,7.8,8.25,8.59,8.89,9.32
2025-11-17 20:00:00 PST,2025-11-18 04:00:00 UTC,7.6,8.12,8.49,8.81,9.27
2025-11-17 21:00:00 PST,2025-11-18 05:00:00 UTC,7.2,7.93,8.35,8.71,9.22
2025-11-17 22:00:00 PST,2025-11-18 06:00:00 UTC,7.4,7.83,8.25,8.62,9.16
2025-11-17 23:00:00 PST,2025-11-18 07:00:00 UTC,7.2,7.7,8.14,8.53,9.1
2025-11-18 00:00:00 PST,2025-11-18 08:00:00 UTC,7.0,7.56,8.02,8.43,9.03
2025-11-18 01:00:00 PST,2025-11-18 09:00:00 UTC,7.0,7.45,7.92,8.34,8.97
2025-11-18 02:00:00 PST,2025-11-18 10:00:00 UTC,5.6,7.08,7.69,8.2,8.9
2025-11-18 03:00:00 PST,2025-11-18 11:00:00 UTC,6.1,6.88,7.51,8.05,8.82
2025-11-18 04:00:00 PST,2025-11-18 12:00:00 UTC,4.7,6.45,7.21,7.86,8.72
2025-11-18 05:00:00 PST,2025-11-18 13:00:00 UTC,4.6,6.08,6.92,7.65,8.62
2025-11-18 06:00:00 PST,2025-11-18 14:00:00 UTC,4.9,5.84,6.7,7.44,8.49
2025-11-18 07:00:00 PST,2025-11-18 15:00:00 UTC,6.0,5.87,6.62,7.3,8.37
2025-11-18 08:00:00 PST,2025-11-18 16:00:00 UTC,6.5,6.0,6.62,7.23,8.25
2025-11-18 09:00:00 PST,2025-11-18 17:00:00 UTC,7.4,6.28,6.74,7.22,8.16
2025-11-18 10:00:00 PST,2025-11-18 18:00:00 UTC,8.0,6.62,6.92,7.28,8.1
2025-11-18 11:00:00 PST,2025-11-18 19:00:00 UTC,8.3,6.96,7.13,7.38,8.07
2025-11-18 12:00:00 PST,2025-11-18 20:00:00 UTC,8.9,7.35,7.39,7.52,8.07
2025-11-18 13:00:00 PST,2025-11-18 21:00:00 UTC,9.8,7.84,7.71,7.71,8.09
2025-11-18 14:00:00 PST,2025-11-18 22:00:00 UTC,8.9,8.05,7.92,7.88,8.15
2025-11-18 15:00:00 PST,2025-11-18 23:00:00 UTC,8.4,8.12,8.04,8.01,8.21
2025-11-18 16:00:00 PST,2025-11-19 00:00:00 UTC,7.6,8.02,8.04,8.07,8.27
2025-11-18 17:00:00 PST,2025-11-19 01:00:00 UTC,7.2,7.85,7.97,8.08,8.32
2025-11-18 18:00:00 PST,2025-11-19 02:00:00 UTC,6.3,7.54,7.81,8.03,8.34
2025-11-18 19:00:00 PST,2025-11-19 03:00:00 UTC,6.1,7.25,7.62,7.93,8.34
2025-11-18 20:00:00 PST,2025-11-19 04:00:00 UTC,5.7,6.94,7.41,7.8,8.31
2025-11-18 21:00:00 PST,2025-11-19 05:00:00 UTC,5.5,6.65,7.2,7.66,8.26
2025-11-18 22:00:00 PST,2025-11-19 06:00:00 UTC,4.5,6.22,6.91,7.47,8.2
2025-11-18 23:00:00 PST,2025-11-19 07:00:00 UTC,4.3,5.84,6.61,7.26,8.11
2025-11-19 00:00:00 PST,2025-11-19 08:00:00 UTC,4.1,5.49,6.33,7.05,8.01
2025-11-19 01:00:00 PST,2025-11-19 09:00:00 UTC,2.0,4.79,5.87,6.76,7.89
2025-11-19 02:00:00 PST,2025-11-19 10:00:00 UTC,1.9,4.21,5.42,6.43,7.74
2025-11-19 03:00:00 PST,2025-11-19 11:00:00 UTC,2.0,3.77,5.03,6.11,7.56
2025-11-19 04:00:00 PST,2025-11-19 12:00:00 UTC,2.6,3.54,4.75,5.83,7.38
2025-11-19 05:00:00 PST,2025-11-19 13:00:00 UTC,1.6,3.15,4.43,5.56,7.19
2025-11-19 06:00:00 PST,2025-11-19 14:00:00 UTC,1.5,2.82,4.13,5.29,7.0
2025-11-19 07:00:00 PST,2025-11-19 15:00:00 UTC,2.2,2.7,3.93,5.06,6.82
2025-11-19 08:00:00 PST,2025-11-19 16:00:00 UTC,2.8,2.72,3.84,4.9,6.64
2025-11-19 09:00:00 PST,2025-11-19 17:00:00 UTC,5.5,3.27,4.06,4.88,6.49
2025-11-19 10:00:00 PST,2025-11-19 18:00:00 UTC,6.5,3.92,4.4,4.99,6.38
2025-11-19 11:00:00 PST,2025-11-19 19:00:00 UTC,8.1,4.75,4.9,5.23,6.34
2025-11-19 12:00:00 PST,2025-11-19 20:00:00 UTC,8.6,5.52,5.43,5.53,6.36
2025-11-19 13:00:00 PST,2025-11-19 21:00:00 UTC,9.7,6.36,6.02,5.9,6.43
2025-11-19 14:00:00 PST,2025-11-19 22:00:00 UTC,9.1,6.91,6.48,6.26,6.55
2025-11-19 15:00:00 PST,2025-11-19 23:00:00 UTC,8.7,7.27,6.84,6.57,6.69
2025-11-19 16:00:00 PST,2025-11-20 00:00:00 UTC,6.5,7.11,6.9,6.76,6.84
2025-11-19 17:00:00 PST,2025-11-20 01:00:00 UTC,7.2,7.13,6.98,6.88,6.97
2025-11-19 18:00:00 PST,2025-11-20 02:00:00 UTC,6.6,7.02,6.98,6.95,7.07
2025-11-19 19:00:00 PST,2025-11-20 03:00:00 UTC,5.5,6.72,6.85,6.95,7.14
2025-11-19 20:00:00 PST,2025-11-20 04:00:00 UTC,6.0,6.58,6.76,6.92,7.19
2025-11-19 21:00:00 PST,2025-11-20 05:00:00 UTC,5.7,6.4,6.65,6.87,7.21
2025-11-19 22:00:00 PST,2025-11-20 06:00:00 UTC,6.4,6.4,6.62,6.84,7.22
2025-11-19 23:00:00 PST,2025-11-20 07:00:00 UTC,5.5,6.22,6.52,6.79,7.22
2025-11-20 00:00:00 PST,2025-11-20 08:00:00 UTC,6.3,6.24,6.5,6.76,7.21
2025-11-20 01:00:00 PST,2025-11-20 09:00:00 UTC,6.5,6.29,6.52,6.75,7.2
2025-11-20 02:00:00 PST,2025-11-20 10:00:00 UTC,6.7,6.37,6.56,6.76,7.19
2025-11-20 03:00:00 PST,2025-11-20 11:00:00 UTC,7.6,6.62,6.69,6.82,7.2
2025-11-20 04:00:00 PST,2025-11-20 12:00:00 UTC,7.6,6.81,6.83,6.9,7.22
2025-11-20 05:00:00 PST,2025-11-20 13:00:00 UTC,8.3,7.11,7.03,7.02,7.25
2025-11-20 06:00:00 PST,2025-11-20 14:00:00 UTC,9.0,7.49,7.28,7.17,7.3
2025-11-20 07:00:00 PST,2025-11-20 15:00:00 UTC,8.4,7.67,7.46,7.32,7.36
2025-11-20 08:00:00 PST,2025-11-20 16:00:00 UTC,8.3,7.8,7.59,7.45,7.44
2025-11-20 09:00:00 PST,2025-11-20 17:00:00 UTC,8.4,7.92,7.71,7.56,7.51
2025-11-20 10:00:00 PST,2025-11-20 18:00:00 UTC,9.3,8.19,7.9,7.7,7.59
2025-11-20 11:00:00 PST,2025-11-20 19:00:00 UTC,10.8,8.72,8.24,7.9,7.67
2025-11-20 12:00:00 PST,2025-11-20 20:00:00 UTC,10.3,9.03,8.51,8.11,7.78
2025-11-20 13:00:00 PST,2025-11-20 21:00:00 UTC,10.2,9.27,8.74,8.31,7.9
2025-11-20 14:00:00 PST,2025-11-20 22:00:00 UTC,10.3,9.47,8.94,8.49,8.02
2025-11-20 15:00:00 PST,2025-11-20 23:00:00 UTC,10.2,9.62,9.1,8.66,8.14
2025-11-20 16:00:00 PST,2025-11-21 00:00:00 UTC,9.4,9.57,9.15,8.77,8.26
2025-11-20 17:00:00 PST,2025-11-21 01:00:00 UTC,7.3,9.12,8.96,8.76,8.36
2025-11-20 18:00:00 PST,2025-11-21 02:00:00 UTC,8.5,9.0,8.88,8.73,8.42
2025-11-20 19:00:00 PST,2025-11-21 03:00:00 UTC,8.8,8.96,8.84,8.71,8.46
2025-11-20 20:00:00 PST,2025-11-21 04:00:00 UTC,8.9,8.95,8.83,8.71,8.49
2025-11-20 21:00:00 PST,2025-11-21 05:00:00 UTC,8.2,8.8,8.75,8.69,8.52
2025-11-20 22:00:00 PST,2025-11-21 06:00:00 UTC,7.5,8.54,8.61,8.62,8.53
2025-11-20 23:00:00 PST,2025-11-21 07:00:00 UTC,8.2,8.47,8.53,8.57,8.53
2025-11-21 00:00:00 PST,2025-11-21 08:00:00 UTC,7.8,8.34,8.44,8.51,8.52
2025-11-21 01:00:00 PST,2025-11-21 09:00:00 UTC,7.9,8.25,8.37,8.45,8.51
2025-11-21 02:00:00 PST,2025-11-21 10:00:00 UTC,8.2,8.24,8.33,8.41,8.49
2025-11-21 03:00:00 PST,2025-11-21 11:00:00 UTC,7.8,8.15,8.27,8.37,8.48
2025-11-21 04:00:00 PST,2025-11-21 12:00:00 UTC,7.6,8.04,8.2,8.32,8.46
2025-11-21 05:00:00 PST,2025-11-21 13:00:00 UTC,8.1,8.05,8.18,8.29,8.44
2025-11-21 06:00:00 PST,2025-11-21 14:00:00 UTC,8.0,8.04,8.16,8.26,8.42
2025-11-21 07:00:00 PST,2025-11-21 15:00:00 UTC,8.3,8.09,8.17,8.26,8.41
2025-11-21 08:00:00 PST,2025-11-21 16:00:00 UTC,8.5,8.17,8.21,8.27,8.4
2025-11-21 09:00:00 PST,2025-11-21 17:00:00 UTC,8.7,8.28,8.28,8.3,8.4
2025-11-21 10:00:00 PST,2025-11-21 18:00:00 UTC,9.0,8.42,8.37,8.34,8.4
2025-11-21 11:00:00 PST,2025-11-21 19:00:00 UTC,8.5,8.44,8.4,8.38,8.42
2025-11-21 12:00:00 PST,2025-11-21 20:00:00 UTC,8.4,8.43,8.41,8.41,8.44
2025-11-21 13:00:00 PST,2025-11-21 21:00:00 UTC,8.4,8.43,8.42,8.42,8.45
2025-11-21 14:00:00 PST,2025-11-21 22:00:00 UTC,8.4,8.42,8.42,8.43,8.47
2025-11-21 15:00:00 PST,2025-11-21 23:00:00 UTC,8.4,8.42,8.43,8.44,8.48
2025-11-21 16:00:00 PST,2025-11-22 00:00:00 UTC,8.5,8.43,8.44,8.45,8.49
2025-11-21 17:00:00 PST,2025-11-22 01:00:00 UTC,8.7,8.49,8.47,8.46,8.5
2025-11-21 18:00:00 PST,2025-11-22 02:00:00 UTC,8.9,8.57,8.52,8.49,8.51
2025-11-21 19:00:00 PST,2025-11-22 03:00:00 UTC,8.8,8.62,8.56,8.53,8.53
2025-11-21 20:00:00 PST,2025-11-22 04:00:00 UTC,8.8,8.65,8.6,8.56,8.55
2025-11-21 21:00:00 PST,2025-11-22 05:00:00 UTC,8.9,8.7,8.64,8.59,8.57
2025-11-21 22:00:00 PST,2025-11-22 06:00:00 UTC,8.9,8.74,8.67,8.62,8.59
2025-11-21 23:00:00 PST,2025-11-22 07:00:00 UTC,9.0,8.79,8.71,8.65,8.61
2025-11-22 00:00:00 PST,2025-11-22 08:00:00 UTC,8.9,8.81,8.74,8.68,8.63
2025-11-22 01:00:00 PST,2025-11-22 09:00:00 UTC,8.9,8.83,8.76,8.71,8.65
2025-11-22 02:00:00 PST,2025-11-22 10:00:00 UTC,8.9,8.85,8.78,8.73,8.67
2025-11-22 03:00:00 PST,2025-11-22 11:00:00 UTC,9.3,8.94,8.84,8.76,8.7
2025-11-22 04:00:00 PST,2025-11-22 12:00:00 UTC,9.7,9.09,8.94,8.82,8.72
2025-11-22 05:00:00 PST,2025-11-22 13:00:00 UTC,9.7,9.21,9.03,8.89,8.75
2025-11-22 06:00:00 PST,2025-11-22 14:00:00 UTC,10.3,9.43,9.17,8.98,8.79
2025-11-22 07:00:00 PST,2025-11-22 15:00:00 UTC,10.2,9.58,9.3,9.08,8.83
2025-11-22 08:00:00 PST,2025-11-22 16:00:00 UTC,10.2,9.71,9.41,9.17,8.89
2025-11-22 09:00:00 PST,2025-11-22 17:00:00 UTC,10.5,9.87,9.54,9.27,8.95
2025-11-22 10:00:00 PST,2025-11-22 18:00:00 UTC,10.3,9.95,9.63,9.36,9.01
2025-11-22 11:00:00 PST,2025-11-22 19:00:00 UTC,10.1,9.98,9.69,9.43,9.07
2025-11-22 12:00:00 PST,2025-11-22 20:00:00 UTC,10.4,10.07,9.76,9.5,9.13
2025-11-22 13:00:00 PST,2025-11-22 21:00:00 UTC,10.7,10.19,9.86,9.57,9.18
2025-11-22 14:00:00 PST,2025-11-22 22:00:00 UTC,10.9,10.33,9.97,9.66,9.24
2025-11-22 15:00:00 PST,2025-11-22 23:00:00 UTC,10.7,10.41,10.05,9.74,9.3
2025-11-22 16:00:00 PST,2025-11-23 00:00:00 UTC,10.6,10.45,10.11,9.81,9.36
2025-11-22 17:00:00 PST,2025-11-23 01:00:00 UTC,10.9,10.54,10.19,9.88,9.42
2025-11-22 18:00:00 PST,2025-11-23 02:00:00 UTC,11.0,10.63,10.27,9.95,9.48
2025-11-22 19:00:00 PST,2025-11-23 03:00:00 UTC,10.8,10.66,10.32,10.01,9.53
2025-11-22 20:00:00 PST,2025-11-23 04:00:00 UTC,10.9,10.71,10.38,10.07,9.59
2025-11-22 21:00:00 PST,2025-11-23 05:00:00 UTC,10.9,10.75,10.42,10.12,9.64
2025-11-22 22:00:00 PST,2025-11-23 06:00:00 UTC,10.5,10.7,10.42,10.15,9.69
2025-11-22 23:00:00 PST,2025-11-23 07:00:00 UTC,9.3,10.42,10.29,10.12,9.73
2025-11-23 00:00:00 PST,2025-11-23 08:00:00 UTC,9.0,10.14,10.12,10.05,9.75
2025-11-23 01:00:00 PST,2025-11-23 09:00:00 UTC,8.7,9.85,9.93,9.94,9.75
2025-11-23 02:00:00 PST,2025-11-23 10:00:00 UTC,8.5,9.58,9.74,9.82,9.72
2025-11-23 03:00:00 PST,2025-11-23 11:00:00 UTC,8.5,9.36,9.56,9.69,9.68
2025-11-23 04:00:00 PST,2025-11-23 12:00:00 UTC,8.4,9.17,9.4,9.57,9.64
2025-11-23 05:00:00 PST,2025-11-23 13:00:00 UTC,8.2,8.98,9.24,9.44,9.58
2025-11-23 06:00:00 PST,2025-11-23 14:00:00 UTC,7.8,8.74,9.06,9.31,9.52
2025-11-23 07:00:00 PST,2025-11-23 15:00:00 UTC,7.7,8.53,8.89,9.18,9.45
2025-11-23 08:00:00 PST,2025-11-23 16:00:00 UTC,7.3,8.29,8.7,9.03,9.38
2025-11-23 09:00:00 PST,2025-11-23 17:00:00 UTC,7.4,8.11,8.54,8.89,9.3
2025-11-23 10:00:00 PST,2025-11-23 18:00:00 UTC,7.7,8.03,8.43,8.78,9.21
2025-11-23 11:00:00 PST,2025-11-23 19:00:00 UTC,8.8,8.18,8.46,8.72,9.14
2025-11-23 12:00:00 PST,2025-11-23 20:00:00 UTC,8.4,8.23,8.46,8.69,9.08
2025-11-23 13:00:00 PST,2025-11-23 21:00:00 UTC,8.7,8.32,8.5,8.69,9.03
2025-11-23 14:00:00 PST,2025-11-23 22:00:00 UTC,7.8,8.22,8.45,8.66,9.0
2025-11-23 15:00:00 PST,2025-11-23 23:00:00 UTC,7.5,8.07,8.36,8.6,8.96
2025-11-23 16:00:00 PST,2025-11-24 00:00:00 UTC,6.9,7.84,8.21,8.51,8.92
2025-11-23 17:00:00 PST,2025-11-24 01:00:00 UTC,6.8,7.63,8.05,8.4,8.87
2025-11-23 18:00:00 PST,2025-11-24 02:00:00 UTC,6.5,7.4,7.88,8.28,8.81
2025-11-23 19:00:00 PST,2025-11-24 03:00:00 UTC,6.5,7.22,7.72,8.15,8.73
2025-11-23 20:00:00 PST,2025-11-24 04:00:00 UTC,6.7,7.12,7.61,8.04,8.66
2025-11-23 21:00:00 PST,2025-11-24 05:00:00 UTC,6.8,7.06,7.52,7.95,8.58
2025-11-23 22:00:00 PST,2025-11-24 06:00:00 UTC,7.1,7.06,7.49,7.88,8.51
2025-11-23 23:00:00 PST,2025-11-24 07:00:00 UTC,5.5,6.75,7.3,7.77,8.44
2025-11-24 00:00:00 PST,2025-11-24 08:00:00 UTC,6.2,6.64,7.18,7.66,8.37
2025-11-24 01:00:00 PST,2025-11-24 09:00:00 UTC,6.6,6.63,7.12,7.57,8.3
2025-11-24 02:00:00 PST,2025-11-24 10:00:00 UTC,4.2,6.15,6.84,7.42,8.22
2025-11-24 03:00:00 PST,2025-11-24 11:00:00 UTC,4.7,5.86,6.6,7.24,8.13
2025-11-24 04:00:00 PST,2025-11-24 12:00:00 UTC,5.6,5.81,6.49,7.1,8.03
2025-11-24 05:00:00 PST,2025-11-24 13:00:00 UTC,4.2,5.48,6.26,6.94,7.93
2025-11-24 06:00:00 PST,2025-11-24 14:00:00 UTC,4.5,5.29,6.08,6.78,7.82
2025-11-24 07:00:00 PST,2025-11-24 15:00:00 UTC,4.4,5.11,5.91,6.62,7.71
2025-11-24 08:00:00 PST,2025-11-24 16:00:00 UTC,4.1,4.91,5.73,6.47,7.59
2025-11-24 09:00:00 PST,2025-11-24 17:00:00 UTC,5.6,5.05,5.73,6.38,7.48
2025-11-24 10:00:00 PST,2025-11-24 18:00:00 UTC,6.0,5.24,5.79,6.35,7.39
2025-11-24 11:00:00 PST,2025-11-24 19:00:00 UTC,6.0,5.39,5.86,6.35,7.32
2025-11-24 12:00:00 PST,2025-11-24 20:00:00 UTC,5.4,5.39,5.87,6.35,7.27
2025-11-24 13:00:00 PST,2025-11-24 21:00:00 UTC,5.5,5.41,5.88,6.34,7.22
2025-11-24 14:00:00 PST,2025-11-24 22:00:00 UTC,5.9,5.51,5.92,6.34,7.18
2025-11-24 15:00:00 PST,2025-11-24 23:00:00 UTC,5.7,5.55,5.95,6.35,7.15
2025-11-24 16:00:00 PST,2025-11-25 00:00:00 UTC,5.8,5.6,5.98,6.36,7.13
2025-11-24 17:00:00 PST,2025-11-25 01:00:00 UTC,5.4,5.56,5.96,6.35,7.11
2025-11-24 18:00:00 PST,2025-11-25 02:00:00 UTC,5.4,5.53,5.94,6.34,7.08
2025-11-24 19:00:00 PST,2025-11-25 03:00:00 UTC,5.1,5.44,5.88,6.3,7.06
2025-11-24 20:00:00 PST,2025-11-25 04:00:00 UTC,5.2,5.39,5.84,6.27,7.03
2025-11-24 21:00:00 PST,2025-11-25 05:00:00 UTC,5.6,5.43,5.84,6.24,7.0
2025-11-24 22:00:00 PST,2025-11-25 06:00:00 UTC,5.7,5.49,5.86,6.24,6.97
2025-11-24 23:00:00 PST,2025-11-25 07:00:00 UTC,5.8,5.55,5.89,6.24,6.95
2025-11-25 00:00:00 PST,2025-11-25 08:00:00 UTC,5.2,5.48,5.86,6.23,6.93
2025-11-25 01:00:00 PST,2025-11-25 09:00:00 UTC,5.2,5.42,5.82,6.21,6.91
2025-11-25 02:00:00 PST,2025-11-25 10:00:00 UTC,5.2,5.38,5.79,6.18,6.89
2025-11-25 03:00:00 PST,2025-11-25 11:00:00 UTC,5.3,5.36,5.76,6.15,6.86
2025-11-25 04:00:00 PST,2025-11-25 12:00:00 UTC,5.5,5.39,5.77,6.14,6.84
2025-11-25 05:00:00 PST,2025-11-25 13:00:00 UTC,5.4,5.39,5.76,6.12,6.82
2025-11-25 06:00:00 PST,2025-11-25 14:00:00 UTC,5.5,5.41,5.77,6.12,6.8
2025-11-25 07:00:00 PST,2025-11-25 15:00:00 UTC,5.0,5.33,5.72,6.09,6.78
2025-11-25 08:00:00 PST,2025-11-25 16:00:00 UTC,5.1,5.29,5.68,6.06,6.76
2025-11-25 09:00:00 PST,2025-11-25 17:00:00 UTC,5.3,5.29,5.67,6.04,6.73
2025-11-25 10:00:00 PST,2025-11-25 18:00:00 UTC,5.6,5.35,5.69,6.04,6.71
2025-11-25 11:00:00 PST,2025-11-25 19:00:00 UTC,5.8,5.44,5.74,6.05,6.69
2025-11-25 12:00:00 PST,2025-11-25 20:00:00 UTC,5.7,5.49,5.77,6.07,6.68
2025-11-25 13:00:00 PST,2025-11-25 21:00:00 UTC,5.5,5.49,5.78,6.08,6.68
2025-11-25 14:00:00 PST,2025-11-25 22:00:00 UTC,5.7,5.54,5.81,6.09,6.67
2025-11-25 15:00:00 PST,2025-11-25 23:00:00 UTC,5.8,5.59,5.84,6.11,6.67
2025-11-25 16:00:00 PST,2025-11-26 00:00:00 UTC,5.5,5.57,5.84,6.11,6.67
2025-11-25 17:00:00 PST,2025-11-26 01:00:00 UTC,5.3,5.52,5.82,6.11,6.66
2025-11-25 18:00:00 PST,2025-11-26 02:00:00 UTC,5.4,5.49,5.8,6.09,6.66
2025-11-25 19:00:00 PST,2025-11-26 03:00:00 UTC,5.6,5.51,5.8,6.09,6.65
2025-11-25 20:00:00 PST,2025-11-26 04:00:00 UTC,5.5,5.51,5.8,6.08,6.64
2025-11-25 21:00:00 PST,2025-11-26 05:00:00 UTC,5.7,5.55,5.82,6.09,6.63
2025-11-25 22:00:00 PST,2025-11-26 06:00:00 UTC,5.9,5.62,5.85,6.1,6.63
2025-11-25 23:00:00 PST,2025-11-26 07:00:00 UTC,6.1,5.72,5.91,6.13,6.63
2025-11-26 00:00:00 PST,2025-11-26 08:00:00 UTC,6.2,5.81,5.98,6.17,6.63
2025-11-26 01:00:00 PST,2025-11-26 09:00:00 UTC,6.1,5.87,6.03,6.21,6.64
2025-11-26 02:00:00 PST,2025-11-26 10:00:00 UTC,5.9,5.88,6.05,6.23,6.65
2025-11-26 03:00:00 PST,2025-11-26 11:00:00 UTC,5.9,5.88,6.06,6.25,6.67
2025-11-26 04:00:00 PST,2025-11-26 12:00:00 UTC,5.9,5.88,6.07,6.26,6.68
2025-11-26 05:00:00 PST,2025-11-26 13:00:00 UTC,6.0,5.91,6.09,6.28,6.68
2025-11-26 06:00:00 PST,2025-11-26 14:00:00 UTC,6.2,5.97,6.12,6.3,6.69
2025-11-26 07:00:00 PST,2025-11-26 15:00:00 UTC,6.2,6.01,6.16,6.32,6.7
2025-11-26 08:00:00 PST,2025-11-26 16:00:00 UTC,6.4,6.09,6.21,6.36,6.71
2025-11-26 09:00:00 PST,2025-11-26 17:00:00 UTC,6.9,6.25,6.31,6.41,6.73
2025-11-26 10:00:00 PST,2025-11-26 18:00:00 UTC,7.1,6.42,6.43,6.48,6.75
2025-11-26 11:00:00 PST,2025-11-26 19:00:00 UTC,7.2,6.58,6.55,6.57,6.78
2025-11-26 12:00:00 PST,2025-11-26 20:00:00 UTC,7.5,6.76,6.68,6.66,6.82
2025-11-26 13:00:00 PST,2025-11-26 21:00:00 UTC,7.6,6.93,6.82,6.76,6.87
2025-11-26 14:00:00 PST,2025-11-26 22:00:00 UTC,8.2,7.18,7.0,6.88,6.92
2025-11-26 15:00:00 PST,2025-11-26 23:00:00 UTC,8.1,7.37,7.15,7.01,6.99
2025-11-26 16:00:00 PST,2025-11-27 00:00:00 UTC,7.7,7.43,7.25,7.11,7.06
2025-11-26 17:00:00 PST,2025-11-27 01:00:00 UTC,6.9,7.33,7.24,7.16,7.12
2025-11-26 18:00:00 PST,2025-11-27 02:00:00 UTC,7.1,7.28,7.23,7.19,7.18
2025-11-26 19:00:00 PST,2025-11-27 03:00:00 UTC,7.0,7.23,7.21,7.2,7.22
2025-11-26 20:00:00 PST,2025-11-27 04:00:00 UTC,7.5,7.28,7.24,7.22,7.25
2025-11-26 21:00:00 PST,2025-11-27 05:00:00 UTC,7.5,7.32,7.28,7.25,7.28
2025-11-26 22:00:00 PST,2025-11-27 06:00:00 UTC,7.6,7.38,7.32,7.29,7.31
2025-11-26 23:00:00 PST,2025-11-27 07:00:00 UTC,7.5,7.4,7.36,7.32,7.34
2025-11-27 00:00:00 PST,2025-11-27 08:00:00 UTC,7.0,7.32,7.33,7.33,7.37
2025-11-27 01:00:00 PST,2025-11-27 09:00:00 UTC,6.9,7.24,7.29,7.32,7.39
2025-11-27 02:00:00 PST,2025-11-27 10:00:00 UTC,6.9,7.17,7.25,7.31,7.4
2025-11-27 03:00:00 PST,2025-11-27 11:00:00 UTC,6.8,7.1,7.2,7.28,7.41
2025-11-27 04:00:00 PST,2025-11-27 12:00:00 UTC,6.8,7.04,7.15,7.26,7.41
2025-11-27 05:00:00 PST,2025-11-27 13:00:00 UTC,6.9,7.01,7.13,7.23,7.4
2025-11-27 06:00:00 PST,2025-11-27 14:00:00 UTC,6.9,6.99,7.11,7.22,7.4
2025-11-27 07:00:00 PST,2025-11-27 15:00:00 UTC,6.8,6.95,7.08,7.2,7.39
2025-11-27 08:00:00 PST,2025-11-27 16:00:00 UTC,6.8,6.92,7.05,7.18,7.39
2025-11-27 09:00:00 PST,2025-11-27 17:00:00 UTC,7.0,6.94,7.05,7.17,7.38
2025-11-27 10:00:00 PST,2025-11-27 18:00:00 UTC,7.2,6.99,7.08,7.17,7.38
2025-11-27 11:00:00 PST,2025-11-27 19:00:00 UTC,7.5,7.09,7.13,7.2,7.38
2025-11-27 12:00:00 PST,2025-11-27 20:00:00 UTC,7.5,7.17,7.19,7.23,7.38
2025-11-27 13:00:00 PST,2025-11-27 21:00:00 UTC,7.7,7.28,7.26,7.28,7.4
2025-11-27 14:00:00 PST,2025-11-27 22:00:00 UTC,8.1,7.44,7.37,7.34,7.42
2025-11-27 15:00:00 PST,2025-11-27 23:00:00 UTC,7.9,7.53,7.45,7.4,7.44
2025-11-27 16:00:00 PST,2025-11-28 00:00:00 UTC,7.8,7.59,7.51,7.46,7.48
2025-11-27 17:00:00 PST,2025-11-28 01:00:00 UTC,7.7,7.61,7.55,7.5,7.51
2025-11-27 18:00:00 PST,2025-11-28 02:00:00 UTC,7.5,7.59,7.55,7.53,7.54
2025-11-27 19:00:00 PST,2025-11-28 03:00:00 UTC,7.7,7.61,7.58,7.55,7.57
2025-11-27 20:00:00 PST,2025-11-28 04:00:00 UTC,7.4,7.57,7.57,7.56,7.59
2025-11-27 21:00:00 PST,2025-11-28 05:00:00 UTC,7.7,7.59,7.58,7.58,7.61
2025-11-27 22:00:00 PST,2025-11-28 06:00:00 UTC,7.8,7.64,7.61,7.6,7.62
2025-11-27 23:00:00 PST,2025-11-28 07:00:00 UTC,7.3,7.57,7.59,7.6,7.64
2025-11-28 00:00:00 PST,2025-11-28 08:00:00 UTC,7.7,7.59,7.6,7.61,7.65
2025-11-28 01:00:00 PST,2025-11-28 09:00:00 UTC,7.7,7.62,7.62,7.62,7.67
2025-11-28 02:00:00 PST,2025-11-28 10:00:00 UTC,7.4,7.57,7.6,7.62,7.68
2025-11-28 03:00:00 PST,2025-11-28 11:00:00 UTC,7.0,7.46,7.54,7.6,7.69
2025-11-28 04:00:00 PST,2025-11-28 12:00:00 UTC,6.5,7.27,7.43,7.55,7.69
2025-11-28 05:00:00 PST,2025-11-28 13:00:00 UTC,3.2,6.45,6.98,7.36,7.67
2025-11-28 06:00:00 PST,2025-11-28 14:00:00 UTC,3.3,5.82,6.54,7.09,7.61
2025-11-28 07:00:00 PST,2025-11-28 15:00:00 UTC,4.5,5.56,6.26,6.84,7.51
2025-11-28 08:00:00 PST,2025-11-28 16:00:00 UTC,2.6,4.97,5.85,6.57,7.39
2025-11-28 09:00:00 PST,2025-11-28 17:00:00 UTC,4.8,4.93,5.69,6.36,7.25
2025-11-28 10:00:00 PST,2025-11-28 18:00:00 UTC,7.6,5.47,5.87,6.31,7.13
2025-11-28 11:00:00 PST,2025-11-28 19:00:00 UTC,9.7,6.31,6.32,6.46,7.05
2025-11-28 12:00:00 PST,2025-11-28 20:00:00 UTC,9.2,6.89,6.71,6.68,7.04
2025-11-28 13:00:00 PST,2025-11-28 21:00:00 UTC,8.8,7.27,7.02,6.9,7.08
2025-11-28 14:00:00 PST,2025-11-28 22:00:00 UTC,8.2,7.46,7.22,7.08,7.14
2025-11-28 15:00:00 PST,2025-11-28 23:00:00 UTC,8.1,7.59,7.37,7.22,7.22
2025-11-28 16:00:00 PST,2025-11-29 00:00:00 UTC,6.5,7.37,7.32,7.28,7.29
2025-11-28 17:00:00 PST,2025-11-29 01:00:00 UTC,4.7,6.84,7.06,7.21,7.33
2025-11-28 18:00:00 PST,2025-11-29 02:00:00 UTC,5.5,6.57,6.87,7.1,7.34
2025-11-28 19:00:00 PST,2025-11-29 03:00:00 UTC,5.7,6.39,6.72,6.99,7.32
2025-11-28 20:00:00 PST,2025-11-29 04:00:00 UTC,5.3,6.18,6.56,6.88,7.29
2025-11-28 21:00:00 PST,2025-11-29 05:00:00 UTC,5.3,6.0,6.42,6.77,7.24
2025-11-28 22:00:00 PST,2025-11-29 06:00:00 UTC,5.5,5.9,6.31,6.67,7.19
2025-11-28 23:00:00 PST,2025-11-29 07:00:00 UTC,4.1,5.54,6.08,6.54,7.13
2025-11-29 00:00:00 PST,2025-11-29 08:00:00 UTC,4.0,5.23,5.85,6.37,7.06
2025-11-29 01:00:00 PST,2025-11-29 09:00:00 UTC,4.9,5.17,5.73,6.24,6.98
2025-11-29 02:00:00 PST,2025-11-29 10:00:00 UTC,3.8,4.89,5.54,6.1,6.89
2025-11-29 03:00:00 PST,2025-11-29 11:00:00 UTC,3.4,4.59,5.31,5.93,6.81
2025-11-29 04:00:00 PST,2025-11-29 12:00:00 UTC,2.5,4.18,5.01,5.73,6.71
2025-11-29 05:00:00 PST,2025-11-29 13:00:00 UTC,2.1,3.76,4.7,5.5,6.59
2025-11-29 06:00:00 PST,2025-11-29 14:00:00 UTC,2.8,3.57,4.48,5.29,6.46
2025-11-29 07:00:00 PST,2025-11-29 15:00:00 UTC,3.1,3.47,4.34,5.12,6.33
2025-11-29 08:00:00 PST,2025-11-29 16:00:00 UTC,2.6,3.3,4.18,4.97,6.2
2025-11-29 09:00:00 PST,2025-11-29 17:00:00 UTC,3.5,3.34,4.12,4.86,6.08
2025-11-29 10:00:00 PST,2025-11-29 18:00:00 UTC,4.6,3.59,4.2,4.82,5.97
2025-11-29 11:00:00 PST,2025-11-29 19:00:00 UTC,5.2,3.91,4.36,4.86,5.9
2025-11-29 12:00:00 PST,2025-11-29 20:00:00 UTC,6.2,4.37,4.62,4.96,5.85
2025-11-29 13:00:00 PST,2025-11-29 21:00:00 UTC,6.5,4.8,4.91,5.12,5.84
2025-11-29 14:00:00 PST,2025-11-29 22:00:00 UTC,6.5,5.14,5.16,5.29,5.87
2025-11-29 15:00:00 PST,2025-11-29 23:00:00 UTC,7.0,5.51,5.43,5.47,5.91
2025-11-29 16:00:00 PST,2025-11-30 00:00:00 UTC,6.4,5.69,5.62,5.63,5.97
2025-11-29 17:00:00 PST,2025-11-30 01:00:00 UTC,6.2,5.79,5.74,5.75,6.04
2025-11-29 18:00:00 PST,2025-11-30 02:00:00 UTC,5.7,5.77,5.79,5.84,6.1
2025-11-29 19:00:00 PST,2025-11-30 03:00:00 UTC,4.8,5.58,5.72,5.86,6.16
2025-11-29 20:00:00 PST,2025-11-30 04:00:00 UTC,4.0,5.26,5.56,5.81,6.19
2025-11-29 21:00:00 PST,2025-11-30 05:00:00 UTC,2.9,4.79,5.28,5.68,6.19
2025-11-29 22:00:00 PST,2025-11-30 06:00:00 UTC,2.9,4.41,5.01,5.51,6.16
2025-11-29 23:00:00 PST,2025-11-30 07:00:00 UTC,2.4,4.01,4.72,5.32,6.1
2025-11-30 00:00:00 PST,2025-11-30 08:00:00 UTC,0.2,3.25,4.24,5.04,6.02
2025-11-30 01:00:00 PST,2025-11-30 09:00:00 UTC,0.6,2.72,3.81,4.73,5.89
2025-11-30 02:00:00 PST,2025-11-30 10:00:00 UTC,0.6,2.29,3.44,4.42,5.74
2025-11-30 03:00:00 PST,2025-11-30 11:00:00 UTC,-0.1,1.82,3.05,4.12,5.58
2025-11-30 04:00:00 PST,2025-11-30 12:00:00 UTC,0.7,1.59,2.79,3.85,5.4
2025-11-30 05:00:00 PST,2025-11-30 13:00:00 UTC,-1.3,1.01,2.37,3.55,5.22
2025-11-30 06:00:00 PST,2025-11-30 14:00:00 UTC,-0.5,0.71,2.06,3.27,5.04
2025-11-30 07:00:00 PST,2025-11-30 15:00:00 UTC,0.4,0.65,1.9,3.04,4.85
2025-11-30 08:00:00 PST,2025-11-30 16:00:00 UTC,-0.3,0.46,1.7,2.85,4.67
2025-11-30 09:00:00 PST,2025-11-30 17:00:00 UTC,1.8,0.73,1.74,2.74,4.5
2025-11-30 10:00:00 PST,2025-11-30 18:00:00 UTC,3.6,1.3,2.01,2.78,4.37
2025-11-30 11:00:00 PST,2025-11-30 19:00:00 UTC,5.0,2.04,2.42,2.94,4.3
2025-11-30 12:00:00 PST,2025-11-30 20:00:00 UTC,5.8,2.79,2.91,3.19,4.28
2025-11-30 13:00:00 PST,2025-11-30 21:00:00 UTC,6.1,3.45,3.38,3.49,4.32
2025-11-30 14:00:00 PST,2025-11-30 22:00:00 UTC,6.3,4.02,3.82,3.8,4.4
2025-11-30 15:00:00 PST,2025-11-30 23:00:00 UTC,4.8,4.18,4.05,4.05,4.5
2025-11-30 16:00:00 PST,2025-12-01 00:00:00 UTC,4.0,4.14,4.14,4.2,4.61
2025-11-30 17:00:00 PST,2025-12-01 01:00:00 UTC,3.9,4.09,4.17,4.29,4.7
2025-11-30 18:00:00 PST,2025-12-01 02:00:00 UTC,3.0,3.88,4.1,4.31,4.77
2025-11-30 19:00:00 PST,2025-12-01 03:00:00 UTC,3.1,3.72,4.02,4.29,4.82
2025-11-30 20:00:00 PST,2025-12-01 04:00:00 UTC,2.5,3.48,3.88,4.23,4.84
2025-11-30 21:00:00 PST,2025-12-01 05:00:00 UTC,4.5,3.68,3.95,4.23,4.84
2025-11-30 22:00:00 PST,2025-12-01 06:00:00 UTC,3.3,3.6,3.92,4.23,4.84
2025-11-30 23:00:00 PST,2025-12-01 07:00:00 UTC,3.2,3.52,3.88,4.21,4.85
2025-12-01 00:00:00 PST,2025-12-01 08:00:00 UTC,3.4,3.5,3.85,4.19,4.84
2025-12-01 01:00:00 PST,2025-12-01 09:00:00 UTC,3.9,3.58,3.88,4.2,4.84
2025-12-01 02:00:00 PST,2025-12-01 10:00:00 UTC,3.1,3.48,3.84,4.18,4.83
2025-12-01 03:00:00 PST,2025-12-01 11:00:00 UTC,3.9,3.57,3.87,4.19,4.83
2025-12-01 04:00:00 PST,2025-12-01 12:00:00 UTC,3.9,3.63,3.91,4.2,4.82
2025-12-01 05:00:00 PST,2025-12-01 13:00:00 UTC,3.8,3.67,3.94,4.22,4.82
2025-12-01 06:00:00 PST,2025-12-01 14:00:00 UTC,3.9,3.71,3.97,4.24,4.83
2025-12-01 07:00:00 PST,2025-12-01 15:00:00 UTC,4.0,3.77,4.01,4.27,4.83
2025-12-01 08:00:00 PST,2025-12-01 16:00:00 UTC,3.9,3.8,4.04,4.29,4.84
2025-12-01 09:00:00 PST,2025-12-01 17:00:00 UTC,4.3,3.9,4.1,4.32,4.85
2025-12-01 10:00:00 PST,2025-12-01 18:00:00 UTC,5.0,4.12,4.23,4.39,4.87
2025-12-01 11:00:00 PST,2025-12-01 19:00:00 UTC,5.2,4.33,4.38,4.48,4.89
2025-12-01 12:00:00 PST,2025-12-01 20:00:00 UTC,5.4,4.55,4.54,4.59,4.93
2025-12-01 13:00:00 PST,2025-12-01 21:00:00 UTC,5.0,4.64,4.64,4.69,4.98
2025-12-01 14:00:00 PST,2025-12-01 22:00:00 UTC,4.5,4.62,4.67,4.75,5.03
2025-12-01 15:00:00 PST,2025-12-01 23:00:00 UTC,4.6,4.61,4.69,4.79,5.07
2025-12-01 16:00:00 PST,2025-12-02 00:00:00 UTC,4.1,4.51,4.66,4.8,5.11
2025-12-01 17:00:00 PST,2025-12-02 01:00:00 UTC,4.0,4.41,4.61,4.79,5.13
2025-12-01 18:00:00 PST,2025-12-02 02:00:00 UTC,3.9,4.31,4.54,4.76,5.14
2025-12-01 19:00:00 PST,2025-12-02 03:00:00 UTC,4.1,4.27,4.51,4.74,5.15
2025-12-01 20:00:00 PST,2025-12-02 04:00:00 UTC,4.3,4.27,4.5,4.72,5.15
2025-12-01 21:00:00 PST,2025-12-02 05:00:00 UTC,4.3,4.28,4.5,4.72,5.14
2025-12-01 22:00:00 PST,2025-12-02 06:00:00 UTC,4.4,4.3,4.51,4.72,5.14
2025-12-01 23:00:00 PST,2025-12-02 07:00:00 UTC,4.5,4.34,4.53,4.73,5.14
2025-12-02 00:00:00 PST,2025-12-02 08:00:00 UTC,4.8,4.43,4.58,4.75,5.15
2025-12-02 01:00:00 PST,2025-12-02 09:00:00 UTC,4.8,4.5,4.63,4.78,5.16
2025-12-02 02:00:00 PST,2025-12-02 10:00:00 UTC,4.7,4.54,4.67,4.82,5.17
2025-12-02 03:00:00 PST,2025-12-02 11:00:00 UTC,4.7,4.57,4.7,4.84,5.19
2025-12-02 04:00:00 PST,2025-12-02 12:00:00 UTC,4.7,4.6,4.73,4.87,5.2
2025-12-02 05:00:00 PST,2025-12-02 13:00:00 UTC,4.7,4.62,4.75,4.89,5.22
2025-12-02 06:00:00 PST,2025-12-02 14:00:00 UTC,4.8,4.66,4.78,4.91,5.23
2025-12-02 07:00:00 PST,2025-12-02 15:00:00 UTC,5.0,4.72,4.82,4.94,5.25
2025-12-02 08:00:00 PST,2025-12-02 16:00:00 UTC,5.0,4.78,4.87,4.98,5.27
2025-12-02 09:00:00 PST,2025-12-02 17:00:00 UTC,5.4,4.9,4.95,5.02,5.29
2025-12-02 10:00:00 PST,2025-12-02 18:00:00 UTC,5.9,5.1,5.08,5.1,5.32
2025-12-02 11:00:00 PST,2025-12-02 19:00:00 UTC,6.3,5.34,5.24,5.2,5.35
2025-12-02 12:00:00 PST,2025-12-02 20:00:00 UTC,7.3,5.73,5.49,5.35,5.4
2025-12-02 13:00:00 PST,2025-12-02 21:00:00 UTC,7.3,6.05,5.74,5.52,5.47
2025-12-02 14:00:00 PST,2025-12-02 22:00:00 UTC,7.1,6.26,5.93,5.69,5.56
2025-12-02 15:00:00 PST,2025-12-02 23:00:00 UTC,7.0,6.41,6.08,5.83,5.65
2025-12-02 16:00:00 PST,2025-12-03 00:00:00 UTC,4.3,5.98,5.94,5.86,5.73
2025-12-02 17:00:00 PST,2025-12-03 01:00:00 UTC,4.2,5.63,5.74,5.8,5.79
2025-12-02 18:00:00 PST,2025-12-03 02:00:00 UTC,4.6,5.42,5.59,5.71,5.81
2025-12-02 19:00:00 PST,2025-12-03 03:00:00 UTC,2.9,4.92,5.3,5.57,5.81
2025-12-02 20:00:00 PST,2025-12-03 04:00:00 UTC,1.8,4.29,4.9,5.35,5.77
2025-12-02 21:00:00 PST,2025-12-03 05:00:00 UTC,3.6,4.16,4.7,5.16,5.7
2025-12-02 22:00:00 PST,2025-12-03 06:00:00 UTC,3.1,3.94,4.51,5.0,5.62
2025-12-02 23:00:00 PST,2025-12-03 07:00:00 UTC,4.3,4.02,4.47,4.9,5.54
2025-12-03 00:00:00 PST,2025-12-03 08:00:00 UTC,4.7,4.15,4.51,4.86,5.47
2025-12-03 01:00:00 PST,2025-12-03 09:00:00 UTC,5.0,4.32,4.58,4.86,5.42
2025-12-03 02:00:00 PST,2025-12-03 10:00:00 UTC,4.8,4.42,4.64,4.88,5.39
2025-12-03 03:00:00 PST,2025-12-03 11:00:00 UTC,5.1,4.55,4.72,4.92,5.38
2025-12-03 04:00:00 PST,2025-12-03 12:00:00 UTC,5.2,4.68,4.81,4.97,5.37
2025-12-03 05:00:00 PST,2025-12-03 13:00:00 UTC,4.9,4.73,4.86,5.01,5.38
2025-12-03 06:00:00 PST,2025-12-03 14:00:00 UTC,5.4,4.86,4.94,5.06,5.39
2025-12-03 07:00:00 PST,2025-12-03 15:00:00 UTC,5.6,5.01,5.04,5.12,5.41
2025-12-03 08:00:00 PST,2025-12-03 16:00:00 UTC,5.2,5.05,5.1,5.17,5.43
2025-12-03 09:00:00 PST,2025-12-03 17:00:00 UTC,5.7,5.18,5.19,5.23,5.46
2025-12-03 10:00:00 PST,2025-12-03 18:00:00 UTC,6.1,5.36,5.31,5.31,5.49
2025-12-03 11:00:00 PST,2025-12-03 19:00:00 UTC,6.5,5.59,5.47,5.41,5.53
2025-12-03 12:00:00 PST,2025-12-03 20:00:00 UTC,6.7,5.81,5.64,5.53,5.58
2025-12-03 13:00:00 PST,2025-12-03 21:00:00 UTC,6.8,6.01,5.8,5.65,5.63
2025-12-03 14:00:00 PST,2025-12-03 22:00:00 UTC,6.8,6.17,5.94,5.77,5.7
2025-12-03 15:00:00 PST,2025-12-03 23:00:00 UTC,6.6,6.25,6.04,5.87,5.77
2025-12-03 16:00:00 PST,2025-12-04 00:00:00 UTC,6.3,6.26,6.09,5.95,5.84
2025-12-03 17:00:00 PST,2025-12-04 01:00:00 UTC,6.2,6.25,6.12,6.0,5.9
2025-12-03 18:00:00 PST,2025-12-04 02:00:00 UTC,6.0,6.2,6.11,6.03,5.95
2025-12-03 19:00:00 PST,2025-12-04 03:00:00 UTC,6.2,6.2,6.12,6.06,5.99
2025-12-03 20:00:00 PST,2025-12-04 04:00:00 UTC,6.1,6.18,6.12,6.07,6.03
2025-12-03 21:00:00 PST,2025-12-04 05:00:00 UTC,5.9,6.12,6.1,6.08,6.06
2025-12-03 22:00:00 PST,2025-12-04 06:00:00 UTC,5.7,6.04,6.06,6.07,6.08
2025-12-03 23:00:00 PST,2025-12-04 07:00:00 UTC,5.8,5.99,6.03,6.06,6.1
2025-12-04 00:00:00 PST,2025-12-04 08:00:00 UTC,5.8,5.95,6.0,6.04,6.11
2025-12-04 01:00:00 PST,2025-12-04 09:00:00 UTC,5.8,5.92,5.98,6.03,6.11
2025-12-04 02:00:00 PST,2025-12-04 10:00:00 UTC,5.8,5.9,5.96,6.02,6.12
2025-12-04 03:00:00 PST,2025-12-04 11:00:00 UTC,5.8,5.88,5.95,6.01,6.12
2025-12-04 04:00:00 PST,2025-12-04 12:00:00 UTC,5.8,5.86,5.93,6.0,6.12
2025-12-04 05:00:00 PST,2025-12-04 13:00:00 UTC,5.8,5.85,5.92,5.99,6.12
2025-12-04 06:00:00 PST,2025-12-04 14:00:00 UTC,5.9,5.86,5.93,5.99,6.12
2025-12-04 07:00:00 PST,2025-12-04 15:00:00 UTC,6.1,5.91,5.95,6.0,6.13
2025-12-04 08:00:00 PST,2025-12-04 16:00:00 UTC,6.1,5.95,5.98,6.02,6.13
2025-12-04 09:00:00 PST,2025-12-04 17:00:00 UTC,6.2,6.0,6.01,6.04,6.14
2025-12-04 10:00:00 PST,2025-12-04 18:00:00 UTC,6.3,6.06,6.05,6.07,6.15
2025-12-04 11:00:00 PST,2025-12-04 19:00:00 UTC,6.6,6.17,6.12,6.11,6.17
2025-12-04 12:00:00 PST,2025-12-04 20:00:00 UTC,6.7,6.27,6.2,6.16,6.19
2025-12-04 13:00:00 PST,2025-12-04 21:00:00 UTC,7.0,6.42,6.3,6.22,6.22
2025-12-04 14:00:00 PST,2025-12-04 22:00:00 UTC,7.0,6.53,6.39,6.29,6.25
2025-12-04 15:00:00 PST,2025-12-04 23:00:00 UTC,6.9,6.61,6.47,6.36,6.29
2025-12-04 16:00:00 PST,2025-12-05 00:00:00 UTC,7.0,6.69,6.54,6.42,6.33
2025-12-04 17:00:00 PST,2025-12-05 01:00:00 UTC,7.0,6.75,6.6,6.48,6.37
2025-12-04 18:00:00 PST,2025-12-05 02:00:00 UTC,7.1,6.82,6.66,6.54,6.41
2025-12-04 19:00:00 PST,2025-12-05 03:00:00 UTC,7.2,6.9,6.73,6.59,6.45
2025-12-04 20:00:00 PST,2025-12-05 04:00:00 UTC,7.0,6.92,6.77,6.64,6.49
2025-12-04 21:00:00 PST,2025-12-05 05:00:00 UTC,6.7,6.87,6.77,6.67,6.53
2025-12-04 22:00:00 PST,2025-12-05 06:00:00 UTC,6.4,6.78,6.73,6.67,6.56
2025-12-04 23:00:00 PST,2025-12-05 07:00:00 UTC,6.3,6.68,6.68,6.65,6.59
2025-12-05 00:00:00 PST,2025-12-05 08:00:00 UTC,6.3,6.61,6.63,6.63,6.6
2025-12-05 01:00:00 PST,2025-12-05 09:00:00 UTC,6.2,6.52,6.57,6.6,6.6
2025-12-05 02:00:00 PST,2025-12-05 10:00:00 UTC,6.0,6.42,6.5,6.56,6.6
2025-12-05 03:00:00 PST,2025-12-05 11:00:00 UTC,6.2,6.38,6.46,6.53,6.6
2025-12-05 04:00:00 PST,2025-12-05 12:00:00 UTC,5.9,6.28,6.4,6.49,6.59
2025-12-05 05:00:00 PST,2025-12-05 13:00:00 UTC,6.0,6.22,6.35,6.45,6.57
2025-12-05 06:00:00 PST,2025-12-05 14:00:00 UTC,6.0,6.18,6.31,6.41,6.56
2025-12-05 07:00:00 PST,2025-12-05 15:00:00 UTC,6.0,6.14,6.27,6.38,6.54
2025-12-05 08:00:00 PST,2025-12-05 16:00:00 UTC,6.0,6.12,6.24,6.36,6.53
2025-12-05 09:00:00 PST,2025-12-05 17:00:00 UTC,6.1,6.11,6.23,6.34,6.51
2025-12-05 10:00:00 PST,2025-12-05 18:00:00 UTC,6.7,6.23,6.28,6.35,6.5
2025-12-05 11:00:00 PST,2025-12-05 19:00:00 UTC,7.0,6.38,6.37,6.38,6.5
2025-12-05 12:00:00 PST,2025-12-05 20:00:00 UTC,7.0,6.51,6.46,6.44,6.5
2025-12-05 13:00:00 PST,2025-12-05 21:00:00 UTC,7.3,6.67,6.56,6.5,6.52
2025-12-05 14:00:00 PST,2025-12-05 22:00:00 UTC,7.6,6.85,6.69,6.59,6.55
2025-12-05 15:00:00 PST,2025-12-05 23:00:00 UTC,8.0,7.08,6.85,6.69,6.59
2025-12-05 16:00:00 PST,2025-12-06 00:00:00 UTC,8.3,7.33,7.03,6.81,6.64
2025-12-05 17:00:00 PST,2025-12-06 01:00:00 UTC,8.3,7.52,7.19,6.94,6.7
2025-12-05 18:00:00 PST,2025-12-06 02:00:00 UTC,8.2,7.66,7.32,7.05,6.76
2025-12-05 19:00:00 PST,2025-12-06 03:00:00 UTC,8.4,7.81,7.46,7.17,6.83
2025-12-05 20:00:00 PST,2025-12-06 04:00:00 UTC,8.3,7.9,7.56,7.27,6.91
2025-12-05 21:00:00 PST,2025-12-06 05:00:00 UTC,8.6,8.04,7.68,7.37,6.98
2025-12-05 22:00:00 PST,2025-12-06 06:00:00 UTC,8.6,8.15,7.78,7.46,7.05
2025-12-05 23:00:00 PST,2025-12-06 07:00:00 UTC,8.5,8.22,7.87,7.55,7.12
2025-12-06 00:00:00 PST,2025-12-06 08:00:00 UTC,8.5,8.28,7.93,7.63,7.19
2025-12-06 01:00:00 PST,2025-12-06 09:00:00 UTC,8.4,8.3,7.98,7.69,7.25
2025-12-06 02:00:00 PST,2025-12-06 10:00:00 UTC,8.1,8.26,7.99,7.73,7.31
2025-12-06 03:00:00 PST,2025-12-06 11:00:00 UTC,7.7,8.15,7.95,7.74,7.36
2025-12-06 04:00:00 PST,2025-12-06 12:00:00 UTC,7.5,8.02,7.88,7.73,7.4
2025-12-06 05:00:00 PST,2025-12-06 13:00:00 UTC,7.2,7.86,7.79,7.69,7.42
2025-12-06 06:00:00 PST,2025-12-06 14:00:00 UTC,6.0,7.48,7.58,7.59,7.43
2025-12-06 07:00:00 PST,2025-12-06 15:00:00 UTC,7.3,7.45,7.5,7.52,7.42
2025-12-06 08:00:00 PST,2025-12-06 16:00:00 UTC,8.4,7.64,7.57,7.51,7.4
2025-12-06 09:00:00 PST,2025-12-06 17:00:00 UTC,9.2,7.95,7.73,7.57,7.4
2025-12-06 10:00:00 PST,2025-12-06 18:00:00 UTC,9.9,8.34,7.97,7.7,7.42
2025-12-06 11:00:00 PST,2025-12-06 19:00:00 UTC,10.8,8.83,8.3,7.88,7.47
2025-12-06 12:00:00 PST,2025-12-06 20:00:00 UTC,9.7,9.01,8.49,8.05,7.54
2025-12-06 13:00:00 PST,2025-12-06 21:00:00 UTC,9.8,9.16,8.65,8.2,7.63
2025-12-06 14:00:00 PST,2025-12-06 22:00:00 UTC,9.8,9.29,8.78,8.33,7.72
2025-12-06 15:00:00 PST,2025-12-06 23:00:00 UTC,10.3,9.49,8.94,8.46,7.81
2025-12-06 16:00:00 PST,2025-12-07 00:00:00 UTC,9.6,9.51,9.02,8.57,7.9
2025-12-06 17:00:00 PST,2025-12-07 01:00:00 UTC,8.1,9.23,8.92,8.59,7.98
2025-12-06 18:00:00 PST,2025-12-07 02:00:00 UTC,9.6,9.31,8.95,8.61,8.04
2025-12-06 19:00:00 PST,2025-12-07 03:00:00 UTC,9.0,9.24,8.94,8.63,8.09
2025-12-06 20:00:00 PST,2025-12-07 04:00:00 UTC,7.5,8.9,8.77,8.59,8.13
2025-12-06 21:00:00 PST,2025-12-07 05:00:00 UTC,7.4,8.6,8.58,8.49,8.14
2025-12-06 22:00:00 PST,2025-12-07 06:00:00 UTC,7.0,8.28,8.36,8.37,8.13
2025-12-06 23:00:00 PST,2025-12-07 07:00:00 UTC,7.8,8.18,8.25,8.27,8.11
2025-12-07 00:00:00 PST,2025-12-07 08:00:00 UTC,7.8,8.11,8.17,8.19,8.07
2025-12-07 01:00:00 PST,2025-12-07 09:00:00 UTC,8.2,8.12,8.14,8.14,8.04
2025-12-07 02:00:00 PST,2025-12-07 10:00:00 UTC,8.2,8.14,8.13,8.11,8.01
2025-12-07 03:00:00 PST,2025-12-07 11:00:00 UTC,7.8,8.07,8.09,8.08,7.99
2025-12-07 04:00:00 PST,2025-12-07 12:00:00 UTC,8.2,8.1,8.08,8.06,7.98
2025-12-07 05:00:00 PST,2025-12-07 13:00:00 UTC,8.2,8.12,8.09,8.05,7.96
2025-12-07 06:00:00 PST,2025-12-07 14:00:00 UTC,8.3,8.15,8.1,8.05,7.95
2025-12-07 07:00:00 PST,2025-12-07 15:00:00 UTC,8.4,8.2,8.13,8.06,7.95
2025-12-07 08:00:00 PST,2025-12-07 16:00:00 UTC,8.2,8.2,8.13,8.07,7.95
2025-12-07 09:00:00 PST,2025-12-07 17:00:00 UTC,8.4,8.24,8.16,8.08,7.95
2025-12-07 10:00:00 PST,2025-12-07 18:00:00 UTC,8.9,8.37,8.23,8.11,7.96
2025-12-07 11:00:00 PST,2025-12-07 19:00:00 UTC,9.5,8.6,8.37,8.18,7.97
2025-12-07 12:00:00 PST,2025-12-07 20:00:00 UTC,9.9,8.86,8.54,8.28,8.0
2025-12-07 13:00:00 PST,2025-12-07 21:00:00 UTC,10.6,9.21,8.77,8.42,8.04
2025-12-07 14:00:00 PST,2025-12-07 22:00:00 UTC,11.1,9.59,9.04,8.6,8.11
2025-12-07 15:00:00 PST,2025-12-07 23:00:00 UTC,10.4,9.75,9.21,8.76,8.19
2025-12-07 16:00:00 PST,2025-12-08 00:00:00 UTC,10.7,9.94,9.38,8.91,8.27
2025-12-07 17:00:00 PST,2025-12-08 01:00:00 UTC,8.5,9.65,9.31,8.96,8.36
2025-12-07 18:00:00 PST,2025-12-08 02:00:00 UTC,9.3,9.58,9.28,8.97,8.43
2025-12-07 19:00:00 PST,2025-12-08 03:00:00 UTC,9.5,9.56,9.27,8.99,8.48
2025-12-07 20:00:00 PST,2025-12-08 04:00:00 UTC,8.7,9.39,9.19,8.98,8.51
2025-12-07 21:00:00 PST,2025-12-08 05:00:00 UTC,8.6,9.23,9.1,8.94,8.54
2025-12-07 22:00:00 PST,2025-12-08 06:00:00 UTC,8.8,9.15,9.03,8.89,8.55
2025-12-07 23:00:00 PST,2025-12-08 07:00:00 UTC,9.6,9.24,9.06,8.89,8.55
2025-12-08 00:00:00 PST,2025-12-08 08:00:00 UTC,8.2,9.03,8.96,8.85,8.56
2025-12-08 01:00:00 PST,2025-12-08 09:00:00 UTC,8.3,8.88,8.86,8.8,8.55
2025-12-08 02:00:00 PST,2025-12-08 10:00:00 UTC,8.5,8.81,8.79,8.74,8.54
2025-12-08 03:00:00 PST,2025-12-08 11:00:00 UTC,8.6,8.77,8.74,8.7,8.53
2025-12-08 04:00:00 PST,2025-12-08 12:00:00 UTC,8.4,8.69,8.69,8.66,8.51
2025-12-08 05:00:00 PST,2025-12-08 13:00:00 UTC,8.2,8.59,8.62,8.61,8.49
2025-12-08 06:00:00 PST,2025-12-08 14:00:00 UTC,8.9,8.66,8.62,8.59,8.47
2025-12-08 07:00:00 PST,2025-12-08 15:00:00 UTC,8.9,8.7,8.64,8.58,8.46
2025-12-08 08:00:00 PST,2025-12-08 16:00:00 UTC,9.1,8.78,8.68,8.6,8.45
2025-12-08 09:00:00 PST,2025-12-08 17:00:00 UTC,9.4,8.91,8.76,8.63,8.45
2025-12-08 10:00:00 PST,2025-12-08 18:00:00 UTC,9.7,9.07,8.86,8.68,8.46
2025-12-08 11:00:00 PST,2025-12-08 19:00:00 UTC,9.6,9.17,8.94,8.74,8.48
2025-12-08 12:00:00 PST,2025-12-08 20:00:00 UTC,9.6,9.26,9.01,8.8,8.5
2025-12-08 13:00:00 PST,2025-12-08 21:00:00 UTC,10.0,9.41,9.12,8.87,8.54
2025-12-08 14:00:00 PST,2025-12-08 22:00:00 UTC,11.1,9.75,9.33,8.99,8.57
2025-12-08 15:00:00 PST,2025-12-08 23:00:00 UTC,11.7,10.14,9.59,9.15,8.63
2025-12-08 16:00:00 PST,2025-12-09 00:00:00 UTC,12.4,10.59,9.91,9.36,8.71
2025-12-08 17:00:00 PST,2025-12-09 01:00:00 UTC,11.9,10.85,10.15,9.56,8.81
2025-12-08 18:00:00 PST,2025-12-09 02:00:00 UTC,10.2,10.72,10.18,9.68,8.91
2025-12-08 19:00:00 PST,2025-12-09 03:00:00 UTC,10.4,10.66,10.19,9.74,9.01
2025-12-08 20:00:00 PST,2025-12-09 04:00:00 UTC,10.0,10.53,10.15,9.77,9.08
2025-12-08 21:00:00 PST,2025-12-09 05:00:00 UTC,9.4,10.3,10.04,9.75,9.13
2025-12-08 22:00:00 PST,2025-12-09 06:00:00 UTC,9.2,10.08,9.91,9.69,9.17
2025-12-08 23:00:00 PST,2025-12-09 07:00:00 UTC,8.9,9.84,9.76,9.61,9.18
2025-12-09 00:00:00 PST,2025-12-09 08:00:00 UTC,8.6,9.6,9.59,9.52,9.18
2025-12-09 01:00:00 PST,2025-12-09 09:00:00 UTC,8.0,9.28,9.37,9.39,9.15
2025-12-09 02:00:00 PST,2025-12-09 10:00:00 UTC,7.4,8.9,9.12,9.23,9.11
2025-12-09 03:00:00 PST,2025-12-09 11:00:00 UTC,6.6,8.44,8.8,9.03,9.05
2025-12-09 04:00:00 PST,2025-12-09 12:00:00 UTC,6.8,8.11,8.52,8.82,8.97
2025-12-09 05:00:00 PST,2025-12-09 13:00:00 UTC,4.9,7.47,8.1,8.55,8.87
2025-12-09 06:00:00 PST,2025-12-09 14:00:00 UTC,6.4,7.26,7.84,8.31,8.75
2025-12-09 07:00:00 PST,2025-12-09 15:00:00 UTC,7.0,7.2,7.71,8.14,8.62
2025-12-09 08:00:00 PST,2025-12-09 16:00:00 UTC,7.0,7.16,7.61,8.01,8.5
2025-12-09 09:00:00 PST,2025-12-09 17:00:00 UTC,7.5,7.23,7.59,7.92,8.4
2025-12-09 10:00:00 PST,2025-12-09 18:00:00 UTC,8.8,7.54,7.72,7.92,8.31
2025-12-09 11:00:00 PST,2025-12-09 19:00:00 UTC,9.7,7.98,7.95,8.0,8.26
2025-12-09 12:00:00 PST,2025-12-09 20:00:00 UTC,10.5,8.48,8.26,8.15,8.24
2025-12-09 13:00:00 PST,2025-12-09 21:00:00 UTC,10.3,8.84,8.53,8.33,8.27
2025-12-09 14:00:00 PST,2025-12-09 22:00:00 UTC,10.1,9.1,8.75,8.49,8.32
2025-12-09 15:00:00 PST,2025-12-09 23:00:00 UTC,10.0,9.28,8.92,8.64,8.38
2025-12-09 16:00:00 PST,2025-12-10 00:00:00 UTC,9.5,9.32,9.01,8.75,8.44
2025-12-09 17:00:00 PST,2025-12-10 01:00:00 UTC,9.1,9.28,9.03,8.81,8.5
2025-12-09 18:00:00 PST,2025-12-10 02:00:00 UTC,8.9,9.2,9.02,8.84,8.55
2025-12-09 19:00:00 PST,2025-12-10 03:00:00 UTC,8.7,9.1,8.98,8.84,8.59
2025-12-09 20:00:00 PST,2025-12-10 04:00:00 UTC,8.6,9.0,8.92,8.83,8.62
2025-12-09 21:00:00 PST,2025-12-10 05:00:00 UTC,7.9,8.85,8.83,8.79,8.63
2025-12-09 22:00:00 PST,2025-12-10 06:00:00 UTC,7.5,8.58,8.67,8.71,8.63
2025-12-09 23:00:00 PST,2025-12-10 07:00:00 UTC,7.0,8.26,8.47,8.6,8.61
2025-12-10 00:00:00 PST,2025-12-10 08:00:00 UTC,6.8,7.97,8.26,8.46,8.57
2025-12-10 01:00:00 PST,2025-12-10 09:00:00 UTC,7.3,7.84,8.12,8.33,8.51
2025-12-10 02:00:00 PST,2025-12-10 10:00:00 UTC,7.5,7.77,8.03,8.24,8.45
2025-12-10 03:00:00 PST,2025-12-10 11:00:00 UTC,8.1,7.83,8.02,8.18,8.4
2025-12-10 04:00:00 PST,2025-12-10 12:00:00 UTC,7.8,7.83,7.99,8.14,8.35
2025-12-10 05:00:00 PST,2025-12-10 13:00:00 UTC,7.7,7.8,7.96,8.11,8.31
2025-12-10 06:00:00 PST,2025-12-10 14:00:00 UTC,7.6,7.76,7.93,8.07,8.28
2025-12-10 07:00:00 PST,2025-12-10 15:00:00 UTC,7.6,7.73,7.89,8.04,8.24
2025-12-10 08:00:00 PST,2025-12-10 16:00:00 UTC,7.6,7.71,7.87,8.01,8.21
2025-12-10 09:00:00 PST,2025-12-10 17:00:00 UTC,8.0,7.75,7.87,7.99,8.18
2025-12-10 10:00:00 PST,2025-12-10 18:00:00 UTC,8.2,7.84,7.91,7.99,8.16
2025-12-10 11:00:00 PST,2025-12-10 19:00:00 UTC,8.8,7.98,7.99,8.02,8.15
2025-12-10 12:00:00 PST,2025-12-10 20:00:00 UTC,9.2,8.15,8.09,8.07,8.14
2025-12-10 13:00:00 PST,2025-12-10 21:00:00 UTC,9.9,8.39,8.25,8.16,8.15
2025-12-10 14:00:00 PST,2025-12-10 22:00:00 UTC,10.0,8.62,8.41,8.26,8.18
2025-12-10 15:00:00 PST,2025-12-10 23:00:00 UTC,10.0,8.81,8.56,8.37,8.21
2025-12-10 16:00:00 PST,2025-12-11 00:00:00 UTC,10.2,9.09,8.75,8.5,8.26
2025-12-10 17:00:00 PST,2025-12-11 01:00:00 UTC,10.1,9.29,8.92,8.63,8.32
2025-12-10 18:00:00 PST,2025-12-11 02:00:00 UTC,10.3,9.49,9.09,8.76,8.39
2025-12-10 19:00:00 PST,2025-12-11 03:00:00 UTC,10.5,9.69,9.26,8.89,8.46
2025-12-10 20:00:00 PST,2025-12-11 04:00:00 UTC,10.0,9.76,9.35,9.0,8.54
2025-12-10 21:00:00 PST,2025-12-11 05:00:00 UTC,9.7,9.74,9.4,9.08,8.61
2025-12-10 22:00:00 PST,2025-12-11 06:00:00 UTC,9.8,9.76,9.43,9.14,8.68
2025-12-10 23:00:00 PST,2025-12-11 07:00:00 UTC,9.9,9.78,9.47,9.18,8.73
2025-12-11 00:00:00 PST,2025-12-11 08:00:00 UTC,9.7,9.77,9.49,9.22,8.78
2025-12-11 01:00:00 PST,2025-12-11 09:00:00 UTC,9.3,9.67,9.46,9.23,8.82
2025-12-11 02:00:00 PST,2025-12-11 10:00:00 UTC,9.2,9.58,9.41,9.23,8.86
2025-12-11 03:00:00 PST,2025-12-11 11:00:00 UTC,8.5,9.36,9.29,9.18,8.88
2025-12-11 04:00:00 PST,2025-12-11 12:00:00 UTC,8.4,9.17,9.17,9.12,8.88
2025-12-11 05:00:00 PST,2025-12-11 13:00:00 UTC,8.3,9.0,9.04,9.04,8.87
2025-12-11 06:00:00 PST,2025-12-11 14:00:00 UTC,8.2,8.84,8.92,8.95,8.85
2025-12-11 07:00:00 PST,2025-12-11 15:00:00 UTC,8.4,8.75,8.83,8.88,8.82
2025-12-11 08:00:00 PST,2025-12-11 16:00:00 UTC,8.4,8.68,8.77,8.82,8.79
2025-12-11 09:00:00 PST,2025-12-11 17:00:00 UTC,8.4,8.62,8.71,8.76,8.76
2025-12-11 10:00:00 PST,2025-12-11 18:00:00 UTC,8.5,8.6,8.67,8.72,8.73
2025-12-11 11:00:00 PST,2025-12-11 19:00:00 UTC,8.8,8.64,8.67,8.7,8.7
2025-12-11 12:00:00 PST,2025-12-11 20:00:00 UTC,8.9,8.69,8.69,8.69,8.68
2025-12-11 13:00:00 PST,2025-12-11 21:00:00 UTC,9.3,8.81,8.75,8.71,8.67
2025-12-11 14:00:00 PST,2025-12-11 22:00:00 UTC,9.2,8.89,8.81,8.74,8.67
2025-12-11 15:00:00 PST,2025-12-11 23:00:00 UTC,9.0,8.91,8.83,8.76,8.67
2025-12-11 16:00:00 PST,2025-12-12 00:00:00 UTC,8.9,8.91,8.84,8.78,8.68
2025-12-11 17:00:00 PST,2025-12-12 01:00:00 UTC,8.6,8.85,8.81,8.77,8.68
2025-12-11 18:00:00 PST,2025-12-12 02:00:00 UTC,8.3,8.74,8.75,8.75,8.68
2025-12-11 19:00:00 PST,2025-12-12 03:00:00 UTC,8.4,8.67,8.7,8.72,8.68
2025-12-11 20:00:00 PST,2025-12-12 04:00:00 UTC,8.4,8.62,8.66,8.68,8.66
2025-12-11 21:00:00 PST,2025-12-12 05:00:00 UTC,8.1,8.51,8.59,8.64,8.65
2025-12-11 22:00:00 PST,2025-12-12 06:00:00 UTC,8.2,8.45,8.54,8.6,8.63
2025-12-11 23:00:00 PST,2025-12-12 07:00:00 UTC,8.4,8.44,8.51,8.57,8.61
2025-12-12 00:00:00 PST,2025-12-12 08:00:00 UTC,8.0,8.35,8.45,8.53,8.59
2025-12-12 01:00:00 PST,2025-12-12 09:00:00 UTC,7.2,8.12,8.31,8.45,8.56
2025-12-12 02:00:00 PST,2025-12-12 10:00:00 UTC,7.4,7.98,8.2,8.37,8.53
2025-12-12 03:00:00 PST,2025-12-12 11:00:00 UTC,7.2,7.82,8.08,8.28,8.49
2025-12-12 04:00:00 PST,2025-12-12 12:00:00 UTC,7.2,7.7,7.97,8.19,8.44
2025-12-12 05:00:00 PST,2025-12-12 13:00:00 UTC,7.0,7.56,7.85,8.1,8.39
2025-12-12 06:00:00 PST,2025-12-12 14:00:00 UTC,6.7,7.39,7.72,8.0,8.33
2025-12-12 07:00:00 PST,2025-12-12 15:00:00 UTC,6.7,7.25,7.6,7.9,8.27
2025-12-12 08:00:00 PST,2025-12-12 16:00:00 UTC,6.7,7.14,7.5,7.8,8.21
2025-12-12 09:00:00 PST,2025-12-12 17:00:00 UTC,6.9,7.09,7.43,7.72,8.14
2025-12-12 10:00:00 PST,2025-12-12 18:00:00 UTC,7.4,7.15,7.42,7.68,8.08
2025-12-12 11:00:00 PST,2025-12-12 19:00:00 UTC,7.6,7.24,7.45,7.66,8.04
2025-12-12 12:00:00 PST,2025-12-12 20:00:00 UTC,7.8,7.35,7.5,7.67,8.0
2025-12-12 13:00:00 PST,2025-12-12 21:00:00 UTC,7.9,7.46,7.57,7.69,7.97
2025-12-12 14:00:00 PST,2025-12-12 22:00:00 UTC,7.8,7.53,7.62,7.72,7.96
2025-12-12 15:00:00 PST,2025-12-12 23:00:00 UTC,8.0,7.62,7.68,7.75,7.95
2025-12-12 16:00:00 PST,2025-12-13 00:00:00 UTC,8.3,7.76,7.76,7.79,7.95
2025-12-12 17:00:00 PST,2025-12-13 01:00:00 UTC,8.7,7.95,7.88,7.86,7.96
2025-12-12 18:00:00 PST,2025-12-13 02:00:00 UTC,8.6,8.08,7.98,7.93,7.98
2025-12-12 19:00:00 PST,2025-12-13 03:00:00 UTC,8.8,8.22,8.09,8.01,8.01
2025-12-12 20:00:00 PST,2025-12-13 04:00:00 UTC,9.1,8.4,8.22,8.1,8.04
2025-12-12 21:00:00 PST,2025-12-13 05:00:00 UTC,9.2,8.56,8.35,8.19,8.08
2025-12-12 22:00:00 PST,2025-12-13 06:00:00 UTC,9.2,8.69,8.46,8.28,8.12
2025-12-12 23:00:00 PST,2025-12-13 07:00:00 UTC,9.6,8.87,8.6,8.38,8.17
2025-12-13 00:00:00 PST,2025-12-13 08:00:00 UTC,9.6,9.02,8.72,8.48,8.23
2025-12-13 01:00:00 PST,2025-12-13 09:00:00 UTC,9.6,9.13,8.83,8.58,8.28
2025-12-13 02:00:00 PST,2025-12-13 10:00:00 UTC,9.6,9.23,8.92,8.67,8.34
2025-12-13 03:00:00 PST,2025-12-13 11:00:00 UTC,9.3,9.24,8.97,8.73,8.4
2025-12-13 04:00:00 PST,2025-12-13 12:00:00 UTC,9.2,9.23,9.0,8.78,8.45
2025-12-13 05:00:00 PST,2025-12-13 13:00:00 UTC,9.5,9.29,9.04,8.82,8.5
2025-12-13 06:00:00 PST,2025-12-13 14:00:00 UTC,9.7,9.37,9.11,8.88,8.54
2025-12-13 07:00:00 PST,2025-12-13 15:00:00 UTC,9.6,9.42,9.16,8.93,8.58
2025-12-13 08:00:00 PST,2025-12-13 16:00:00 UTC,9.5,9.43,9.19,8.97,8.63
2025-12-13 09:00:00 PST,2025-12-13 17:00:00 UTC,10.0,9.55,9.27,9.02,8.67
2025-12-13 10:00:00 PST,2025-12-13 18:00:00 UTC,10.8,9.8,9.42,9.11,8.71
2025-12-13 11:00:00 PST,2025-12-13 19:00:00 UTC,11.7,10.18,9.67,9.26,8.76
2025-12-13 12:00:00 PST,2025-12-13 20:00:00 UTC,12.4,10.62,9.98,9.45,8.84
2025-12-13 13:00:00 PST,2025-12-13 21:00:00 UTC,12.2,10.94,10.24,9.66,8.93
2025-12-13 14:00:00 PST,2025-12-13 22:00:00 UTC,12.3,11.21,10.48,9.86,9.04
2025-12-13 15:00:00 PST,2025-12-13 23:00:00 UTC,10.8,11.13,10.53,9.99,9.16
2025-12-13 16:00:00 PST,2025-12-14 00:00:00 UTC,9.9,10.88,10.46,10.03,9.26
2025-12-13 17:00:00 PST,2025-12-14 01:00:00 UTC,10.9,10.89,10.46,10.05,9.33
2025-12-13 18:00:00 PST,2025-12-14 02:00:00 UTC,10.7,10.85,10.46,10.08,9.4
2025-12-13 19:00:00 PST,2025-12-14 03:00:00 UTC,9.9,10.66,10.37,10.07,9.44
2025-12-13 20:00:00 PST,2025-12-14 04:00:00 UTC,9.8,10.49,10.27,10.03,9.48
2025-12-13 21:00:00 PST,2025-12-14 05:00:00 UTC,9.6,10.31,10.16,9.97,9.5
2025-12-13 22:00:00 PST,2025-12-14 06:00:00 UTC,9.0,10.05,10.0,9.89,9.5
2025-12-13 23:00:00 PST,2025-12-14 07:00:00 UTC,9.6,9.96,9.91,9.81,9.49
2025-12-14 00:00:00 PST,2025-12-14 08:00:00 UTC,10.3,10.03,9.91,9.78,9.47
2025-12-14 01:00:00 PST,2025-12-14 09:00:00 UTC,10.3,10.08,9.93,9.77,9.46
2025-12-14 02:00:00 PST,2025-12-14 10:00:00 UTC,10.4,10.15,9.96,9.78,9.45
2025-12-14 03:00:00 PST,2025-12-14 11:00:00 UTC,10.6,10.24,10.01,9.81,9.46
2025-12-14 04:00:00 PST,2025-12-14 12:00:00 UTC,9.9,10.17,9.99,9.82,9.47
2025-12-14 05:00:00 PST,2025-12-14 13:00:00 UTC,10.1,10.16,9.99,9.82,9.48
2025-12-14 06:00:00 PST,2025-12-14 14:00:00 UTC,10.1,10.14,9.98,9.81,9.49
2025-12-14 07:00:00 PST,2025-12-14 15:00:00 UTC,10.8,10.28,10.05,9.84,9.49
2025-12-14 08:00:00 PST,2025-12-14 16:00:00 UTC,10.9,10.4,10.13,9.89,9.51
2025-12-14 09:00:00 PST,2025-12-14 17:00:00 UTC,10.8,10.48,10.19,9.94,9.53
2025-12-14 10:00:00 PST,2025-12-14 18:00:00 UTC,10.8,10.54,10.25,9.98,9.56
2025-12-14 11:00:00 PST,2025-12-14 19:00:00 UTC,10.6,10.56,10.28,10.02,9.59
2025-12-14 12:00:00 PST,2025-12-14 20:00:00 UTC,10.9,10.62,10.33,10.06,9.61
2025-12-14 13:00:00 PST,2025-12-14 21:00:00 UTC,10.6,10.62,10.35,10.09,9.64
2025-12-14 14:00:00 PST,2025-12-14 22:00:00 UTC,11.0,10.7,10.4,10.13,9.67
2025-12-14 15:00:00 PST,2025-12-14 23:00:00 UTC,10.8,10.72,10.43,10.16,9.7
2025-12-14 16:00:00 PST,2025-12-15 00:00:00 UTC,10.6,10.69,10.43,10.18,9.73
2025-12-14 17:00:00 PST,2025-12-15 01:00:00 UTC,10.6,10.67,10.43,10.19,9.75
2025-12-14 18:00:00 PST,2025-12-15 02:00:00 UTC,10.6,10.66,10.43,10.2,9.77
2025-12-14 19:00:00 PST,2025-12-15 03:00:00 UTC,10.8,10.69,10.45,10.21,9.79
2025-12-14 20:00:00 PST,2025-12-15 04:00:00 UTC,10.8,10.7,10.46,10.23,9.81
2025-12-14 21:00:00 PST,2025-12-15 05:00:00 UTC,10.9,10.74,10.49,10.25,9.82
2025-12-14 22:00:00 PST,2025-12-15 06:00:00 UTC,11.0,10.79,10.53,10.28,9.84
2025-12-14 23:00:00 PST,2025-12-15 07:00:00 UTC,11.3,10.9,10.59,10.32,9.86
2025-12-15 00:00:00 PST,2025-12-15 08:00:00 UTC,11.1,10.92,10.63,10.36,9.89
2025-12-15 01:00:00 PST,2025-12-15 09:00:00 UTC,11.6,11.06,10.72,10.41,9.92
2025-12-15 02:00:00 PST,2025-12-15 10:00:00 UTC,11.5,11.15,10.79,10.47,9.95
2025-12-15 03:00:00 PST,2025-12-15 11:00:00 UTC,11.4,11.2,10.85,10.52,9.98
2025-12-15 04:00:00 PST,2025-12-15 12:00:00 UTC,11.0,11.16,10.85,10.55,10.02
2025-12-15 05:00:00 PST,2025-12-15 13:00:00 UTC,10.9,11.11,10.83,10.56,10.05
2025-12-15 06:00:00 PST,2025-12-15 14:00:00 UTC,11.3,11.15,10.86,10.58,10.08
2025-12-15 07:00:00 PST,2025-12-15 15:00:00 UTC,10.8,11.08,10.83,10.58,10.1
2025-12-15 08:00:00 PST,2025-12-15 16:00:00 UTC,11.3,11.12,10.85,10.6,10.12
2025-12-15 09:00:00 PST,2025-12-15 17:00:00 UTC,11.8,11.26,10.93,10.63,10.14
2025-12-15 10:00:00 PST,2025-12-15 18:00:00 UTC,11.9,11.39,11.02,10.69,10.16
2025-12-15 11:00:00 PST,2025-12-15 19:00:00 UTC,12.3,11.57,11.14,10.77,10.2
2025-12-15 12:00:00 PST,2025-12-15 20:00:00 UTC,12.9,11.83,11.32,10.88,10.24
2025-12-15 13:00:00 PST,2025-12-15 21:00:00 UTC,13.1,12.09,11.51,11.01,10.3
2025-12-15 14:00:00 PST,2025-12-15 22:00:00 UTC,14.6,12.59,11.83,11.2,10.37
2025-12-15 15:00:00 PST,2025-12-15 23:00:00 UTC,12.7,12.61,11.95,11.35,10.46
2025-12-15 16:00:00 PST,2025-12-16 00:00:00 UTC,11.2,12.33,11.87,11.4,10.55
2025-12-15 17:00:00 PST,2025-12-16 01:00:00 UTC,10.2,11.9,11.65,11.34,10.61
2025-12-15 18:00:00 PST,2025-12-16 02:00:00 UTC,9.9,11.5,11.41,11.23,10.64
2025-12-15 19:00:00 PST,2025-12-16 03:00:00 UTC,9.1,11.02,11.1,11.06,10.63
2025-12-15 20:00:00 PST,2025-12-16 04:00:00 UTC,9.7,10.76,10.87,10.89,10.59
2025-12-15 21:00:00 PST,2025-12-16 05:00:00 UTC,8.9,10.39,10.6,10.71,10.54
2025-12-15 22:00:00 PST,2025-12-16 06:00:00 UTC,8.4,9.99,10.31,10.51,10.46
2025-12-15 23:00:00 PST,2025-12-16 07:00:00 UTC,8.2,9.63,10.02,10.29,10.37
2025-12-16 00:00:00 PST,2025-12-16 08:00:00 UTC,8.5,9.41,9.8,10.1,10.27
2025-12-16 01:00:00 PST,2025-12-16 09:00:00 UTC,8.8,9.28,9.65,9.93,10.16
2025-12-16 02:00:00 PST,2025-12-16 10:00:00 UTC,7.6,8.95,9.4,9.76,10.06
2025-12-16 03:00:00 PST,2025-12-16 11:00:00 UTC,8.8,8.92,9.3,9.62,9.95
2025-12-16 04:00:00 PST,2025-12-16 12:00:00 UTC,8.0,8.73,9.14,9.48,9.85
2025-12-16 05:00:00 PST,2025-12-16 13:00:00 UTC,8.3,8.65,9.03,9.36,9.75
2025-12-16 06:00:00 PST,2025-12-16 14:00:00 UTC,8.4,8.6,8.95,9.26,9.66
2025-12-16 07:00:00 PST,2025-12-16 15:00:00 UTC,8.7,8.62,8.92,9.19,9.57
2025-12-16 08:00:00 PST,2025-12-16 16:00:00 UTC,8.5,8.59,8.88,9.14,9.5
2025-12-16 09:00:00 PST,2025-12-16 17:00:00 UTC,8.6,8.6,8.85,9.09,9.44
2025-12-16 10:00:00 PST,2025-12-16 18:00:00 UTC,8.6,8.6,8.83,9.05,9.38
2025-12-16 11:00:00 PST,2025-12-16 19:00:00 UTC,8.8,8.64,8.83,9.02,9.33
2025-12-16 12:00:00 PST,2025-12-16 20:00:00 UTC,9.0,8.71,8.86,9.01,9.29
2025-12-16 13:00:00 PST,2025-12-16 21:00:00 UTC,9.3,8.83,8.92,9.03,9.25
2025-12-16 14:00:00 PST,2025-12-16 22:00:00 UTC,9.3,8.92,8.98,9.05,9.23
2025-12-16 15:00:00 PST,2025-12-16 23:00:00 UTC,8.9,8.92,8.99,9.06,9.22
2025-12-16 16:00:00 PST,2025-12-17 00:00:00 UTC,9.1,8.95,9.01,9.07,9.21
2025-12-16 17:00:00 PST,2025-12-17 01:00:00 UTC,9.3,9.0,9.04,9.08,9.2
2025-12-16 18:00:00 PST,2025-12-17 02:00:00 UTC,10.1,9.16,9.12,9.12,9.19
2025-12-16 19:00:00 PST,2025-12-17 03:00:00 UTC,9.8,9.25,9.19,9.16,9.2
2025-12-16 20:00:00 PST,2025-12-17 04:00:00 UTC,9.7,9.34,9.26,9.21,9.21
2025-12-16 21:00:00 PST,2025-12-17 05:00:00 UTC,9.7,9.41,9.32,9.26,9.22
2025-12-16 22:00:00 PST,2025-12-17 06:00:00 UTC,9.3,9.39,9.33,9.28,9.24
2025-12-16 23:00:00 PST,2025-12-17 07:00:00 UTC,9.2,9.35,9.32,9.29,9.25
2025-12-17 00:00:00 PST,2025-12-17 08:00:00 UTC,9.0,9.28,9.29,9.28,9.26
2025-12-17 01:00:00 PST,2025-12-17 09:00:00 UTC,7.2,8.99,9.13,9.22,9.25
2025-12-17 02:00:00 PST,2025-12-17 10:00:00 UTC,7.7,8.73,8.96,9.12,9.24
2025-12-17 03:00:00 PST,2025-12-17 11:00:00 UTC,8.0,8.58,8.83,9.02,9.2
2025-12-17 04:00:00 PST,2025-12-17 12:00:00 UTC,6.2,8.11,8.54,8.87,9.15
2025-12-17 05:00:00 PST,2025-12-17 13:00:00 UTC,6.7,7.83,8.31,8.69,9.08
2025-12-17 06:00:00 PST,2025-12-17 14:00:00 UTC,6.8,7.62,8.12,8.53,9.0
2025-12-17 07:00:00 PST,2025-12-17 15:00:00 UTC,6.5,7.4,7.93,8.37,8.91
2025-12-17 08:00:00 PST,2025-12-17 16:00:00 UTC,6.3,7.18,7.74,8.21,8.81
2025-12-17 09:00:00 PST,2025-12-17 17:00:00 UTC,6.7,7.08,7.61,8.08,8.71
2025-12-17 10:00:00 PST,2025-12-17 18:00:00 UTC,7.9,7.25,7.63,8.01,8.62
2025-12-17 11:00:00 PST,2025-12-17 19:00:00 UTC,8.3,7.46,7.72,8.0,8.54
2025-12-17 12:00:00 PST,2025-12-17 20:00:00 UTC,8.3,7.63,7.81,8.03,8.49
2025-12-17 13:00:00 PST,2025-12-17 21:00:00 UTC,8.8,7.86,7.95,8.09,8.46
2025-12-17 14:00:00 PST,2025-12-17 22:00:00 UTC,8.5,7.99,8.05,8.15,8.45
2025-12-17 15:00:00 PST,2025-12-17 23:00:00 UTC,8.0,7.99,8.08,8.18,8.45
2025-12-17 16:00:00 PST,2025-12-18 00:00:00 UTC,7.3,7.85,8.02,8.18,8.45
2025-12-17 17:00:00 PST,2025-12-18 01:00:00 UTC,7.3,7.74,7.95,8.14,8.44
2025-12-17 18:00:00 PST,2025-12-18 02:00:00 UTC,7.4,7.67,7.9,8.1,8.42
2025-12-17 19:00:00 PST,2025-12-18 03:00:00 UTC,7.0,7.54,7.81,8.05,8.4
2025-12-17 20:00:00 PST,2025-12-18 04:00:00 UTC,7.3,7.49,7.76,8.0,8.36
2025-12-17 21:00:00 PST,2025-12-18 05:00:00 UTC,7.3,7.45,7.71,7.95,8.33
2025-12-17 22:00:00 PST,2025-12-18 06:00:00 UTC,7.4,7.44,7.69,7.92,8.3
2025-12-17 23:00:00 PST,2025-12-18 07:00:00 UTC,7.4,7.43,7.67,7.89,8.26
2025-12-18 00:00:00 PST,2025-12-18 08:00:00 UTC,7.6,7.47,7.67,7.87,8.24
2025-12-18 01:00:00 PST,2025-12-18 09:00:00 UTC,7.7,7.51,7.69,7.87,8.21
2025-12-18 02:00:00 PST,2025-12-18 10:00:00 UTC,7.5,7.51,7.69,7.86,8.19
2025-12-18 03:00:00 PST,2025-12-18 11:00:00 UTC,7.5,7.51,7.68,7.86,8.18
2025-12-18 04:00:00 PST,2025-12-18 12:00:00 UTC,7.4,7.49,7.67,7.84,8.16
2025-12-18 05:00:00 PST,2025-12-18 13:00:00 UTC,7.2,7.43,7.63,7.82,8.14
2025-12-18 06:00:00 PST,2025-12-18 14:00:00 UTC,7.0,7.34,7.58,7.79,8.12
2025-12-18 07:00:00 PST,2025-12-18 15:00:00 UTC,7.1,7.29,7.53,7.75,8.1
2025-12-18 08:00:00 PST,2025-12-18 16:00:00 UTC,7.4,7.32,7.52,7.73,8.08
2025-12-18 09:00:00 PST,2025-12-18 17:00:00 UTC,7.0,7.25,7.48,7.7,8.05
2025-12-18 10:00:00 PST,2025-12-18 18:00:00 UTC,6.8,7.16,7.42,7.66,8.03
2025-12-18 11:00:00 PST,2025-12-18 19:00:00 UTC,5.8,6.89,7.26,7.57,8.0
2025-12-18 12:00:00 PST,2025-12-18 20:00:00 UTC,5.1,6.64,7.08,7.46,7.95
2025-12-18 13:00:00 PST,2025-12-18 21:00:00 UTC,4.6,6.35,6.88,7.32,7.89
2025-12-18 14:00:00 PST,2025-12-18 22:00:00 UTC,4.6,6.0,6.63,7.15,7.82
2025-12-18 15:00:00 PST,2025-12-18 23:00:00 UTC,5.2,5.84,6.46,6.99,7.73
2025-12-18 16:00:00 PST,2025-12-19 00:00:00 UTC,5.8,5.83,6.38,6.88,7.64
2025-12-18 17:00:00 PST,2025-12-19 01:00:00 UTC,6.3,5.93,6.38,6.82,7.56
2025-12-18 18:00:00 PST,2025-12-19 02:00:00 UTC,8.7,6.48,6.64,6.88,7.49
2025-12-18 19:00:00 PST,2025-12-19 03:00:00 UTC,8.4,6.87,6.89,7.0,7.47
2025-12-18 20:00:00 PST,2025-12-19 04:00:00 UTC,7.5,6.99,7.02,7.11,7.47
2025-12-18 21:00:00 PST,2025-12-19 05:00:00 UTC,7.1,7.01,7.08,7.18,7.49
2025-12-18 22:00:00 PST,2025-12-19 06:00:00 UTC,5.7,6.75,6.97,7.17,7.51
2025-12-18 23:00:00 PST,2025-12-19 07:00:00 UTC,5.1,6.42,6.79,7.09,7.51
2025-12-19 00:00:00 PST,2025-12-19 08:00:00 UTC,5.1,6.16,6.6,6.97,7.48
2025-12-19 01:00:00 PST,2025-12-19 09:00:00 UTC,4.0,5.73,6.32,6.81,7.43
2025-12-19 02:00:00 PST,2025-12-19 10:00:00 UTC,2.9,5.16,5.95,6.59,7.36
2025-12-19 03:00:00 PST,2025-12-19 11:00:00 UTC,2.9,4.71,5.59,6.33,7.26
2025-12-19 04:00:00 PST,2025-12-19 12:00:00 UTC,3.8,4.53,5.37,6.11,7.13
2025-12-19 05:00:00 PST,2025-12-19 13:00:00 UTC,2.2,4.06,5.04,5.87,7.0
2025-12-19 06:00:00 PST,2025-12-19 14:00:00 UTC,2.5,3.75,4.76,5.63,6.85
2025-12-19 07:00:00 PST,2025-12-19 15:00:00 UTC,4.2,3.84,4.68,5.47,6.71
2025-12-19 08:00:00 PST,2025-12-19 16:00:00 UTC,3.3,3.73,4.57,5.34,6.57
2025-12-19 09:00:00 PST,2025-12-19 17:00:00 UTC,5.5,4.09,4.69,5.3,6.46
2025-12-19 10:00:00 PST,2025-12-19 18:00:00 UTC,4.0,4.07,4.68,5.28,6.37
2025-12-19 11:00:00 PST,2025-12-19 19:00:00 UTC,5.2,4.29,4.78,5.29,6.3
2025-12-19 12:00:00 PST,2025-12-19 20:00:00 UTC,5.9,4.62,4.95,5.35,6.25
2025-12-19 13:00:00 PST,2025-12-19 21:00:00 UTC,6.0,4.89,5.13,5.44,6.23
2025-12-19 14:00:00 PST,2025-12-19 22:00:00 UTC,5.8,5.07,5.28,5.53,6.22
2025-12-19 15:00:00 PST,2025-12-19 23:00:00 UTC,5.6,5.18,5.38,5.61,6.23
2025-12-19 16:00:00 PST,2025-12-20 00:00:00 UTC,5.2,5.18,5.41,5.66,6.25
2025-12-19 17:00:00 PST,2025-12-20 01:00:00 UTC,5.3,5.21,5.44,5.69,6.26
2025-12-19 18:00:00 PST,2025-12-20 02:00:00 UTC,5.1,5.19,5.45,5.71,6.27
2025-12-19 19:00:00 PST,2025-12-20 03:00:00 UTC,4.8,5.11,5.41,5.71,6.27
2025-12-19 20:00:00 PST,2025-12-20 04:00:00 UTC,4.5,4.99,5.34,5.68,6.27
2025-12-19 21:00:00 PST,2025-12-20 05:00:00 UTC,5.3,5.05,5.36,5.66,6.26
2025-12-19 22:00:00 PST,2025-12-20 06:00:00 UTC,5.2,5.08,5.37,5.66,6.24
2025-12-19 23:00:00 PST,2025-12-20 07:00:00 UTC,5.4,5.14,5.4,5.67,6.23
2025-12-20 00:00:00 PST,2025-12-20 08:00:00 UTC,5.4,5.19,5.44,5.69,6.23
2025-12-20 01:00:00 PST,2025-12-20 09:00:00 UTC,5.6,5.28,5.49,5.71,6.22
2025-12-20 02:00:00 PST,2025-12-20 10:00:00 UTC,5.9,5.4,5.56,5.76,6.23
2025-12-20 03:00:00 PST,2025-12-20 11:00:00 UTC,5.7,5.46,5.62,5.8,6.23
2025-12-20 04:00:00 PST,2025-12-20 12:00:00 UTC,5.6,5.49,5.65,5.83,6.25
2025-12-20 05:00:00 PST,2025-12-20 13:00:00 UTC,5.7,5.53,5.69,5.86,6.26
2025-12-20 06:00:00 PST,2025-12-20 14:00:00 UTC,5.5,5.52,5.7,5.88,6.27
2025-12-20 07:00:00 PST,2025-12-20 15:00:00 UTC,6.0,5.62,5.75,5.9,6.28
2025-12-20 08:00:00 PST,2025-12-20 16:00:00 UTC,6.0,5.7,5.81,5.94,6.29
2025-12-20 09:00:00 PST,2025-12-20 17:00:00 UTC,6.6,5.88,5.92,6.0,6.31
2025-12-20 10:00:00 PST,2025-12-20 18:00:00 UTC,5.9,5.88,5.96,6.05,6.33
2025-12-20 11:00:00 PST,2025-12-20 19:00:00 UTC,6.3,5.97,6.02,6.1,6.36
2025-12-20 12:00:00 PST,2025-12-20 20:00:00 UTC,6.5,6.07,6.09,6.15,6.38
2025-12-20 13:00:00 PST,2025-12-20 21:00:00 UTC,6.5,6.16,6.17,6.21,6.41
2025-12-20 14:00:00 PST,2025-12-20 22:00:00 UTC,6.4,6.21,6.22,6.26,6.44
2025-12-20 15:00:00 PST,2025-12-20 23:00:00 UTC,6.7,6.3,6.29,6.31,6.47
2025-12-20 16:00:00 PST,2025-12-21 00:00:00 UTC,6.6,6.36,6.35,6.36,6.5
2025-12-20 17:00:00 PST,2025-12-21 01:00:00 UTC,6.6,6.41,6.4,6.41,6.53
2025-12-20 18:00:00 PST,2025-12-21 02:00:00 UTC,6.2,6.37,6.4,6.43,6.56
2025-12-20 19:00:00 PST,2025-12-21 03:00:00 UTC,6.2,6.34,6.39,6.45,6.59
2025-12-20 20:00:00 PST,2025-12-21 04:00:00 UTC,6.1,6.29,6.37,6.45,6.61
2025-12-20 21:00:00 PST,2025-12-21 05:00:00 UTC,6.3,6.29,6.37,6.45,6.62
2025-12-20 22:00:00 PST,2025-12-21 06:00:00 UTC,6.2,6.27,6.36,6.45,6.63
2025-12-20 23:00:00 PST,2025-12-21 07:00:00 UTC,6.4,6.3,6.37,6.46,6.64
2025-12-21 00:00:00 PST,2025-12-21 08:00:00 UTC,6.7,6.38,6.42,6.48,6.65
2025-12-21 01:00:00 PST,2025-12-21 09:00:00 UTC,6.3,6.36,6.43,6.49,6.66
2025-12-21 02:00:00 PST,2025-12-21 10:00:00 UTC,6.1,6.31,6.4,6.49,6.67
2025-12-21 03:00:00 PST,2025-12-21 11:00:00 UTC,6.3,6.31,6.4,6.49,6.67
2025-12-21 04:00:00 PST,2025-12-21 12:00:00 UTC,6.6,6.37,6.43,6.5,6.68
2025-12-21 05:00:00 PST,2025-12-21 13:00:00 UTC,6.7,6.43,6.47,6.53,6.69
2025-12-21 06:00:00 PST,2025-12-21 14:00:00 UTC,6.7,6.49,6.51,6.55,6.7
2025-12-21 07:00:00 PST,2025-12-21 15:00:00 UTC,6.8,6.55,6.56,6.59,6.71
2025-12-21 08:00:00 PST,2025-12-21 16:00:00 UTC,6.7,6.58,6.59,6.62,6.73
2025-12-21 09:00:00 PST,2025-12-21 17:00:00 UTC,7.1,6.68,6.66,6.66,6.75
2025-12-21 10:00:00 PST,2025-12-21 18:00:00 UTC,7.4,6.83,6.75,6.71,6.77
2025-12-21 11:00:00 PST,2025-12-21 19:00:00 UTC,7.8,7.02,6.88,6.79,6.8
2025-12-21 12:00:00 PST,2025-12-21 20:00:00 UTC,7.7,7.16,6.99,6.88,6.84
2025-12-21 13:00:00 PST,2025-12-21 21:00:00 UTC,7.6,7.25,7.08,6.96,6.88
2025-12-21 14:00:00 PST,2025-12-21 22:00:00 UTC,7.7,7.34,7.17,7.03,6.93
2025-12-21 15:00:00 PST,2025-12-21 23:00:00 UTC,7.4,7.35,7.21,7.09,6.98
2025-12-21 16:00:00 PST,2025-12-22 00:00:00 UTC,7.1,7.3,7.21,7.12,7.02
2025-12-21 17:00:00 PST,2025-12-22 01:00:00 UTC,6.7,7.18,7.16,7.12,7.05
2025-12-21 18:00:00 PST,2025-12-22 02:00:00 UTC,6.3,7.0,7.06,7.09,7.07
2025-12-21 19:00:00 PST,2025-12-22 03:00:00 UTC,6.5,6.9,6.99,7.04,7.08
2025-12-21 20:00:00 PST,2025-12-22 04:00:00 UTC,6.5,6.82,6.92,7.0,7.08
2025-12-21 21:00:00 PST,2025-12-22 05:00:00 UTC,6.0,6.66,6.82,6.95,7.07
2025-12-21 22:00:00 PST,2025-12-22 06:00:00 UTC,5.4,6.41,6.66,6.86,7.05
2025-12-21 23:00:00 PST,2025-12-22 07:00:00 UTC,5.0,6.13,6.47,6.74,7.02
2025-12-22 00:00:00 PST,2025-12-22 08:00:00 UTC,4.8,5.86,6.27,6.6,6.97
2025-12-22 01:00:00 PST,2025-12-22 09:00:00 UTC,3.8,5.45,5.99,6.43,6.91
2025-12-22 02:00:00 PST,2025-12-22 10:00:00 UTC,3.5,5.06,5.7,6.22,6.83
2025-12-22 03:00:00 PST,2025-12-22 11:00:00 UTC,4.2,4.89,5.51,6.04,6.73
2025-12-22 04:00:00 PST,2025-12-22 12:00:00 UTC,3.9,4.69,5.33,5.88,6.63
2025-12-22 05:00:00 PST,2025-12-22 13:00:00 UTC,4.4,4.63,5.22,5.75,6.53
2025-12-22 06:00:00 PST,2025-12-22 14:00:00 UTC,4.5,4.61,5.15,5.65,6.43
2025-12-22 07:00:00 PST,2025-12-22 15:00:00 UTC,4.9,4.66,5.14,5.59,6.35
2025-12-22 08:00:00 PST,2025-12-22 16:00:00 UTC,5.2,4.77,5.17,5.56,6.28
2025-12-22 09:00:00 PST,2025-12-22 17:00:00 UTC,6.7,5.16,5.36,5.61,6.23
2025-12-22 10:00:00 PST,2025-12-22 18:00:00 UTC,6.8,5.49,5.56,5.71,6.21
2025-12-22 11:00:00 PST,2025-12-22 19:00:00 UTC,6.3,5.65,5.7,5.81,6.21
2025-12-22 12:00:00 PST,2025-12-22 20:00:00 UTC,6.6,5.84,5.84,5.91,6.23
2025-12-22 13:00:00 PST,2025-12-22 21:00:00 UTC,8.0,6.27,6.11,6.05,6.26
2025-12-22 14:00:00 PST,2025-12-22 22:00:00 UTC,8.3,6.68,6.4,6.24,6.31
2025-12-22 15:00:00 PST,2025-12-22 23:00:00 UTC,8.2,6.98,6.65,6.43,6.38
2025-12-22 16:00:00 PST,2025-12-23 00:00:00 UTC,7.5,7.09,6.8,6.58,6.47
2025-12-22 17:00:00 PST,2025-12-23 01:00:00 UTC,7.1,7.09,6.87,6.69,6.55
2025-12-22 18:00:00 PST,2025-12-23 02:00:00 UTC,6.2,6.91,6.82,6.73,6.63
2025-12-22 19:00:00 PST,2025-12-23 03:00:00 UTC,5.5,6.63,6.68,6.7,6.68
2025-12-22 20:00:00 PST,2025-12-23 04:00:00 UTC,5.2,6.34,6.51,6.62,6.7
2025-12-22 21:00:00 PST,2025-12-23 05:00:00 UTC,4.8,6.03,6.31,6.51,6.7
2025-12-22 22:00:00 PST,2025-12-23 06:00:00 UTC,4.7,5.77,6.12,6.39,6.67
2025-12-22 23:00:00 PST,2025-12-23 07:00:00 UTC,5.1,5.63,5.98,6.28,6.63
2025-12-23 00:00:00 PST,2025-12-23 08:00:00 UTC,4.4,5.39,5.81,6.15,6.58
2025-12-23 01:00:00 PST,2025-12-23 09:00:00 UTC,4.3,5.17,5.63,6.02,6.52
2025-12-23 02:00:00 PST,2025-12-23 10:00:00 UTC,5.3,5.2,5.58,5.94,6.46
2025-12-23 03:00:00 PST,2025-12-23 11:00:00 UTC,5.1,5.18,5.54,5.87,6.4
2025-12-23 04:00:00 PST,2025-12-23 12:00:00 UTC,3.6,4.86,5.35,5.77,6.35
2025-12-23 05:00:00 PST,2025-12-23 13:00:00 UTC,3.7,4.63,5.17,5.64,6.28
2025-12-23 06:00:00 PST,2025-12-23 14:00:00 UTC,3.3,4.36,4.97,5.49,6.21
2025-12-23 07:00:00 PST,2025-12-23 15:00:00 UTC,4.4,4.37,4.9,5.38,6.13
2025-12-23 08:00:00 PST,2025-12-23 16:00:00 UTC,4.2,4.34,4.84,5.31,6.05
2025-12-23 09:00:00 PST,2025-12-23 17:00:00 UTC,5.1,4.49,4.88,5.27,5.99
2025-12-23 10:00:00 PST,2025-12-23 18:00:00 UTC,5.6,4.71,4.99,5.29,5.93
2025-12-23 11:00:00 PST,2025-12-23 19:00:00 UTC,6.0,4.97,5.14,5.35,5.91
2025-12-23 12:00:00 PST,2025-12-23 20:00:00 UTC,6.7,5.32,5.35,5.46,5.9
2025-12-23 13:00:00 PST,2025-12-23 21:00:00 UTC,6.1,5.47,5.49,5.56,5.92
2025-12-23 14:00:00 PST,2025-12-23 22:00:00 UTC,6.3,5.64,5.62,5.66,5.94
2025-12-23 15:00:00 PST,2025-12-23 23:00:00 UTC,5.9,5.69,5.7,5.74,5.98
2025-12-23 16:00:00 PST,2025-12-24 00:00:00 UTC,5.8,5.71,5.74,5.79,6.01
2025-12-23 17:00:00 PST,2025-12-24 01:00:00 UTC,4.9,5.55,5.68,5.8,6.04
2025-12-23 18:00:00 PST,2025-12-24 02:00:00 UTC,4.7,5.38,5.59,5.77,6.06
2025-12-23 19:00:00 PST,2025-12-24 03:00:00 UTC,3.8,5.06,5.41,5.68,6.06
2025-12-23 20:00:00 PST,2025-12-24 04:00:00 UTC,3.2,4.69,5.17,5.55,6.03
2025-12-23 21:00:00 PST,2025-12-24 05:00:00 UTC,3.7,4.49,4.99,5.41,5.98
2025-12-23 22:00:00 PST,2025-12-24 06:00:00 UTC,4.1,4.41,4.89,5.31,5.92
2025-12-23 23:00:00 PST,2025-12-24 07:00:00 UTC,3.4,4.21,4.74,5.2,5.86
2025-12-24 00:00:00 PST,2025-12-24 08:00:00 UTC,4.4,4.25,4.7,5.12,5.8
2025-12-24 01:00:00 PST,2025-12-24 09:00:00 UTC,3.0,4.0,4.54,5.02,5.74
2025-12-24 02:00:00 PST,2025-12-24 10:00:00 UTC,2.9,3.78,4.37,4.9,5.67
2025-12-24 03:00:00 PST,2025-12-24 11:00:00 UTC,3.3,3.68,4.26,4.79,5.6
2025-12-24 04:00:00 PST,2025-12-24 12:00:00 UTC,3.1,3.57,4.15,4.69,5.53
2025-12-24 05:00:00 PST,2025-12-24 13:00:00 UTC,4.5,3.75,4.2,4.65,5.46
2025-12-24 06:00:00 PST,2025-12-24 14:00:00 UTC,4.9,3.98,4.31,4.66,5.4
2025-12-24 07:00:00 PST,2025-12-24 15:00:00 UTC,4.7,4.13,4.4,4.7,5.37
2025-12-24 08:00:00 PST,2025-12-24 16:00:00 UTC,4.0,4.1,4.41,4.72,5.35
2025-12-24 09:00:00 PST,2025-12-24 17:00:00 UTC,4.6,4.2,4.46,4.74,5.34
2025-12-24 10:00:00 PST,2025-12-24 18:00:00 UTC,4.2,4.2,4.48,4.76,5.33
2025-12-24 11:00:00 PST,2025-12-24 19:00:00 UTC,4.0,4.16,4.46,4.75,5.32
2025-12-24 12:00:00 PST,2025-12-24 20:00:00 UTC,3.9,4.11,4.43,4.74,5.31
2025-12-24 13:00:00 PST,2025-12-24 21:00:00 UTC,3.8,4.05,4.39,4.71,5.3
2025-12-24 14:00:00 PST,2025-12-24 22:00:00 UTC,3.5,3.94,4.32,4.67,5.28
2025-12-24 15:00:00 PST,2025-12-24 23:00:00 UTC,3.6,3.87,4.26,4.62,5.25
2025-12-24 16:00:00 PST,2025-12-25 00:00:00 UTC,3.6,3.82,4.21,4.58,5.22
2025-12-24 17:00:00 PST,2025-12-25 01:00:00 UTC,3.7,3.79,4.18,4.54,5.19
2025-12-24 18:00:00 PST,2025-12-25 02:00:00 UTC,4.0,3.83,4.18,4.52,5.16
2025-12-24 19:00:00 PST,2025-12-25 03:00:00 UTC,3.9,3.85,4.18,4.51,5.14
2025-12-24 20:00:00 PST,2025-12-25 04:00:00 UTC,2.9,3.66,4.08,4.47,5.11
2025-12-24 21:00:00 PST,2025-12-25 05:00:00 UTC,3.0,3.53,3.98,4.4,5.08
2025-12-24 22:00:00 PST,2025-12-25 06:00:00 UTC,2.8,3.38,3.87,4.32,5.05
2025-12-24 23:00:00 PST,2025-12-25 07:00:00 UTC,2.7,3.24,3.77,4.24,5.0
2025-12-25 00:00:00 PST,2025-12-25 08:00:00 UTC,2.6,3.12,3.66,4.15,4.95
2025-12-25 01:00:00 PST,2025-12-25 09:00:00 UTC,0.1,2.51,3.31,3.98,4.89
2025-12-25 02:00:00 PST,2025-12-25 10:00:00 UTC,1.3,2.27,3.08,3.79,4.81
2025-12-25 03:00:00 PST,2025-12-25 11:00:00 UTC,1.0,2.02,2.86,3.61,4.71
2025-12-25 04:00:00 PST,2025-12-25 12:00:00 UTC,1.8,1.97,2.75,3.47,4.6
2025-12-25 05:00:00 PST,2025-12-25 13:00:00 UTC,2.8,2.14,2.78,3.4,4.5
2025-12-25 06:00:00 PST,2025-12-25 14:00:00 UTC,3.6,2.43,2.9,3.41,4.42
2025-12-25 07:00:00 PST,2025-12-25 15:00:00 UTC,1.3,2.2,2.81,3.37,4.37
2025-12-25 08:00:00 PST,2025-12-25 16:00:00 UTC,3.2,2.4,2.88,3.36,4.32
2025-12-25 09:00:00 PST,2025-12-25 17:00:00 UTC,4.1,2.74,3.06,3.42,4.28
2025-12-25 10:00:00 PST,2025-12-25 18:00:00 UTC,4.2,3.03,3.24,3.52,4.27
2025-12-25 11:00:00 PST,2025-12-25 19:00:00 UTC,4.5,3.33,3.45,3.64,4.28
2025-12-25 12:00:00 PST,2025-12-25 20:00:00 UTC,5.1,3.68,3.69,3.79,4.31
2025-12-25 13:00:00 PST,2025-12-25 21:00:00 UTC,4.6,3.87,3.86,3.93,4.36
2025-12-25 14:00:00 PST,2025-12-25 22:00:00 UTC,4.7,4.03,4.01,4.06,4.41
2025-12-25 15:00:00 PST,2025-12-25 23:00:00 UTC,4.6,4.15,4.13,4.17,4.47
2025-12-25 16:00:00 PST,2025-12-26 00:00:00 UTC,4.1,4.14,4.17,4.24,4.53
2025-12-25 17:00:00 PST,2025-12-26 01:00:00 UTC,3.2,3.95,4.11,4.26,4.58
2025-12-25 18:00:00 PST,2025-12-26 02:00:00 UTC,3.1,3.78,4.02,4.23,4.61
2025-12-25 19:00:00 PST,2025-12-26 03:00:00 UTC,3.2,3.66,3.94,4.19,4.62
2025-12-25 20:00:00 PST,2025-12-26 04:00:00 UTC,3.4,3.61,3.89,4.16,4.62
2025-12-25 21:00:00 PST,2025-12-26 05:00:00 UTC,3.6,3.61,3.88,4.14,4.61
2025-12-25 22:00:00 PST,2025-12-26 06:00:00 UTC,3.7,3.63,3.88,4.13,4.61
2025-12-25 23:00:00 PST,2025-12-26 07:00:00 UTC,4.0,3.7,3.91,4.13,4.6
2025-12-26 00:00:00 PST,2025-12-26 08:00:00 UTC,4.2,3.8,3.97,4.16,4.6
2025-12-26 01:00:00 PST,2025-12-26 09:00:00 UTC,4.5,3.94,4.06,4.21,4.61
2025-12-26 02:00:00 PST,2025-12-26 10:00:00 UTC,5.0,4.15,4.19,4.28,4.62
2025-12-26 03:00:00 PST,2025-12-26 11:00:00 UTC,5.1,4.34,4.33,4.37,4.65
2025-12-26 04:00:00 PST,2025-12-26 12:00:00 UTC,4.8,4.43,4.42,4.46,4.69
2025-12-26 05:00:00 PST,2025-12-26 13:00:00 UTC,5.0,4.55,4.52,4.53,4.73
2025-12-26 06:00:00 PST,2025-12-26 14:00:00 UTC,3.7,4.38,4.47,4.56,4.77
2025-12-26 07:00:00 PST,2025-12-26 15:00:00 UTC,3.4,4.18,4.37,4.53,4.8
2025-12-26 08:00:00 PST,2025-12-26 16:00:00 UTC,3.5,4.05,4.28,4.49,4.81
2025-12-26 09:00:00 PST,2025-12-26 17:00:00 UTC,3.8,4.0,4.23,4.45,4.81
2025-12-26 10:00:00 PST,2025-12-26 18:00:00 UTC,4.2,4.04,4.24,4.43,4.8
2025-12-26 11:00:00 PST,2025-12-26 19:00:00 UTC,4.8,4.19,4.31,4.45,4.8
2025-12-26 12:00:00 PST,2025-12-26 20:00:00 UTC,4.7,4.29,4.38,4.49,4.8
2025-12-26 13:00:00 PST,2025-12-26 21:00:00 UTC,5.2,4.47,4.49,4.55,4.81
2025-12-26 14:00:00 PST,2025-12-26 22:00:00 UTC,4.7,4.52,4.55,4.61,4.84
2025-12-26 15:00:00 PST,2025-12-26 23:00:00 UTC,4.6,4.54,4.58,4.65,4.86
2025-12-26 16:00:00 PST,2025-12-27 00:00:00 UTC,4.9,4.61,4.64,4.69,4.89
2025-12-26 17:00:00 PST,2025-12-27 01:00:00 UTC,4.5,4.59,4.65,4.72,4.91
2025-12-26 18:00:00 PST,2025-12-27 02:00:00 UTC,4.0,4.47,4.6,4.71,4.94
2025-12-26 19:00:00 PST,2025-12-27 03:00:00 UTC,3.8,4.34,4.52,4.68,4.95
2025-12-26 20:00:00 PST,2025-12-27 04:00:00 UTC,4.0,4.27,4.47,4.65,4.95
2025-12-26 21:00:00 PST,2025-12-27 05:00:00 UTC,3.8,4.17,4.41,4.61,4.94
2025-12-26 22:00:00 PST,2025-12-27 06:00:00 UTC,3.6,4.06,4.33,4.56,4.93
2025-12-26 23:00:00 PST,2025-12-27 07:00:00 UTC,3.4,3.93,4.23,4.5,4.91
2025-12-27 00:00:00 PST,2025-12-27 08:00:00 UTC,2.8,3.7,4.09,4.42,4.88
2025-12-27 01:00:00 PST,2025-12-27 09:00:00 UTC,2.1,3.38,3.88,4.29,4.85
2025-12-27 02:00:00 PST,2025-12-27 10:00:00 UTC,0.4,2.79,3.51,4.09,4.79
2025-12-27 03:00:00 PST,2025-12-27 11:00:00 UTC,0.7,2.37,3.18,3.85,4.7
2025-12-27 04:00:00 PST,2025-12-27 12:00:00 UTC,0.8,2.05,2.9,3.63,4.59
2025-12-27 05:00:00 PST,2025-12-27 13:00:00 UTC,0.5,1.74,2.64,3.41,4.47
2025-12-27 06:00:00 PST,2025-12-27 14:00:00 UTC,0.7,1.53,2.42,3.21,4.34
2025-12-27 07:00:00 PST,2025-12-27 15:00:00 UTC,0.6,1.35,2.23,3.03,4.21
2025-12-27 08:00:00 PST,2025-12-27 16:00:00 UTC,0.6,1.2,2.07,2.87,4.09
2025-12-27 09:00:00 PST,2025-12-27 17:00:00 UTC,-0.4,0.88,1.83,2.69,3.97
2025-12-27 10:00:00 PST,2025-12-27 18:00:00 UTC,1.5,1.0,1.8,2.57,3.84
2025-12-27 11:00:00 PST,2025-12-27 19:00:00 UTC,2.0,1.2,1.86,2.52,3.73
2025-12-27 12:00:00 PST,2025-12-27 20:00:00 UTC,2.1,1.38,1.94,2.52,3.65
2025-12-27 13:00:00 PST,2025-12-27 21:00:00 UTC,2.8,1.67,2.1,2.57,3.6
2025-12-27 14:00:00 PST,2025-12-27 22:00:00 UTC,2.6,1.85,2.22,2.63,3.56
2025-12-27 15:00:00 PST,2025-12-27 23:00:00 UTC,2.4,1.96,2.31,2.69,3.55
2025-12-27 16:00:00 PST,2025-12-28 00:00:00 UTC,2.1,1.99,2.35,2.73,3.54
2025-12-27 17:00:00 PST,2025-12-28 01:00:00 UTC,1.7,1.93,2.34,2.74,3.54
2025-12-27 18:00:00 PST,2025-12-28 02:00:00 UTC,1.7,1.89,2.31,2.73,3.53
2025-12-27 19:00:00 PST,2025-12-28 03:00:00 UTC,1.0,1.71,2.21,2.68,3.51
2025-12-27 20:00:00 PST,2025-12-28 04:00:00 UTC,0.7,1.51,2.08,2.61,3.49
2025-12-27 21:00:00 PST,2025-12-28 05:00:00 UTC,0.8,1.37,1.97,2.52,3.45
2025-12-27 22:00:00 PST,2025-12-28 06:00:00 UTC,0.5,1.19,1.84,2.43,3.4
2025-12-27 23:00:00 PST,2025-12-28 07:00:00 UTC,-0.2,0.91,1.65,2.31,3.34
2025-12-28 00:00:00 PST,2025-12-28 08:00:00 UTC,-1.0,0.53,1.39,2.14,3.27
2025-12-28 01:00:00 PST,2025-12-28 09:00:00 UTC,0.1,0.44,1.25,2.0,3.18
2025-12-28 02:00:00 PST,2025-12-28 10:00:00 UTC,-0.2,0.32,1.13,1.87,3.09
2025-12-28 03:00:00 PST,2025-12-28 11:00:00 UTC,0.2,0.29,1.06,1.78,3.0
2025-12-28 04:00:00 PST,2025-12-28 12:00:00 UTC,0.6,0.35,1.05,1.72,2.92
2025-12-28 05:00:00 PST,2025-12-28 13:00:00 UTC,0.2,0.32,1.01,1.67,2.85
2025-12-28 06:00:00 PST,2025-12-28 14:00:00 UTC,0.5,0.36,1.0,1.63,2.79
2025-12-28 07:00:00 PST,2025-12-28 15:00:00 UTC,0.9,0.47,1.04,1.62,2.74
2025-12-28 08:00:00 PST,2025-12-28 16:00:00 UTC,0.7,0.51,1.06,1.62,2.7
2025-12-28 09:00:00 PST,2025-12-28 17:00:00 UTC,1.3,0.67,1.14,1.64,2.66
2025-12-28 10:00:00 PST,2025-12-28 18:00:00 UTC,1.8,0.9,1.27,1.69,2.64
2025-12-28 11:00:00 PST,2025-12-28 19:00:00 UTC,2.2,1.16,1.44,1.78,2.64
2025-12-28 12:00:00 PST,2025-12-28 20:00:00 UTC,2.5,1.43,1.62,1.89,2.65
2025-12-28 13:00:00 PST,2025-12-28 21:00:00 UTC,3.2,1.78,1.86,2.03,2.68
2025-12-28 14:00:00 PST,2025-12-28 22:00:00 UTC,3.6,2.14,2.12,2.2,2.73
2025-12-28 15:00:00 PST,2025-12-28 23:00:00 UTC,3.8,2.48,2.38,2.39,2.8
2025-12-28 16:00:00 PST,2025-12-29 00:00:00 UTC,3.5,2.68,2.57,2.56,2.88
2025-12-28 17:00:00 PST,2025-12-29 01:00:00 UTC,2.9,2.72,2.68,2.68,2.96
2025-12-28 18:00:00 PST,2025-12-29 02:00:00 UTC,3.1,2.8,2.77,2.78,3.04
2025-12-28 19:00:00 PST,2025-12-29 03:00:00 UTC,2.9,2.82,2.82,2.86,3.11
2025-12-28 20:00:00 PST,2025-12-29 04:00:00 UTC,2.9,2.84,2.86,2.92,3.17
2025-12-28 21:00:00 PST,2025-12-29 05:00:00 UTC,2.8,2.83,2.89,2.96,3.22
2025-12-28 22:00:00 PST,2025-12-29 06:00:00 UTC,2.6,2.78,2.88,2.99,3.27
2025-12-28 23:00:00 PST,2025-12-29 07:00:00 UTC,3.0,2.83,2.91,3.02,3.31
2025-12-29 00:00:00 PST,2025-12-29 08:00:00 UTC,3.0,2.86,2.95,3.05,3.34
2025-12-29 01:00:00 PST,2025-12-29 09:00:00 UTC,3.1,2.91,2.99,3.09,3.37
2025-12-29 02:00:00 PST,2025-12-29 10:00:00 UTC,2.7,2.87,2.98,3.11,3.4
2025-12-29 03:00:00 PST,2025-12-29 11:00:00 UTC,2.0,2.69,2.9,3.09,3.42
2025-12-29 04:00:00 PST,2025-12-29 12:00:00 UTC,1.6,2.47,2.78,3.03,3.43
2025-12-29 05:00:00 PST,2025-12-29 13:00:00 UTC,1.5,2.28,2.64,2.96,3.42
2025-12-29 06:00:00 PST,2025-12-29 14:00:00 UTC,1.9,2.2,2.56,2.89,3.4
2025-12-29 07:00:00 PST,2025-12-29 15:00:00 UTC,2.2,2.2,2.53,2.84,3.38
2025-12-29 08:00:00 PST,2025-12-29 16:00:00 UTC,2.6,2.28,2.56,2.83,3.36
2025-12-29 09:00:00 PST,2025-12-29 17:00:00 UTC,3.1,2.45,2.64,2.85,3.34
2025-12-29 10:00:00 PST,2025-12-29 18:00:00 UTC,4.3,2.82,2.85,2.94,3.35
2025-12-29 11:00:00 PST,2025-12-29 19:00:00 UTC,5.2,3.29,3.14,3.1,3.37
2025-12-29 12:00:00 PST,2025-12-29 20:00:00 UTC,5.8,3.79,3.49,3.32,3.43
2025-12-29 13:00:00 PST,2025-12-29 21:00:00 UTC,6.3,4.3,3.86,3.56,3.51
2025-12-29 14:00:00 PST,2025-12-29 22:00:00 UTC,6.5,4.74,4.21,3.83,3.63
2025-12-29 15:00:00 PST,2025-12-29 23:00:00 UTC,5.5,4.89,4.41,4.04,3.75
2025-12-29 16:00:00 PST,2025-12-30 00:00:00 UTC,4.9,4.89,4.51,4.19,3.88
2025-12-29 17:00:00 PST,2025-12-30 01:00:00 UTC,4.6,4.83,4.54,4.29,4.0
2025-12-29 18:00:00 PST,2025-12-30 02:00:00 UTC,4.4,4.75,4.54,4.34,4.09
2025-12-29 19:00:00 PST,2025-12-30 03:00:00 UTC,4.4,4.68,4.52,4.37,4.17
2025-12-29 20:00:00 PST,2025-12-30 04:00:00 UTC,4.0,4.54,4.46,4.38,4.22
2025-12-29 21:00:00 PST,2025-12-30 05:00:00 UTC,2.5,4.13,4.25,4.31,4.27
2025-12-29 22:00:00 PST,2025-12-30 06:00:00 UTC,3.0,3.91,4.09,4.21,4.28
2025-12-29 23:00:00 PST,2025-12-30 07:00:00 UTC,2.6,3.65,3.91,4.1,4.27
2025-12-30 00:00:00 PST,2025-12-30 08:00:00 UTC,1.1,3.14,3.59,3.93,4.24
2025-12-30 01:00:00 PST,2025-12-30 09:00:00 UTC,1.8,2.87,3.36,3.76,4.19
2025-12-30 02:00:00 PST,2025-12-30 10:00:00 UTC,1.5,2.6,3.14,3.59,4.12
2025-12-30 03:00:00 PST,2025-12-30 11:00:00 UTC,1.3,2.34,2.92,3.42,4.04
2025-12-30 04:00:00 PST,2025-12-30 12:00:00 UTC,0.5,1.97,2.65,3.23,3.95
2025-12-30 05:00:00 PST,2025-12-30 13:00:00 UTC,0.6,1.7,2.42,3.04,3.85
2025-12-30 06:00:00 PST,2025-12-30 14:00:00 UTC,0.5,1.46,2.2,2.85,3.75
2025-12-30 07:00:00 PST,2025-12-30 15:00:00 UTC,1.2,1.4,2.09,2.71,3.64
2025-12-30 08:00:00 PST,2025-12-30 16:00:00 UTC,2.8,1.68,2.17,2.66,3.54
2025-12-30 09:00:00 PST,2025-12-30 17:00:00 UTC,3.1,1.97,2.31,2.68,3.47
2025-12-30 10:00:00 PST,2025-12-30 18:00:00 UTC,3.2,2.21,2.46,2.74,3.43
2025-12-30 11:00:00 PST,2025-12-30 19:00:00 UTC,3.3,2.43,2.6,2.82,3.41
2025-12-30 12:00:00 PST,2025-12-30 20:00:00 UTC,3.0,2.54,2.7,2.89,3.41
2025-12-30 13:00:00 PST,2025-12-30 21:00:00 UTC,3.5,2.74,2.83,2.97,3.43
2025-12-30 14:00:00 PST,2025-12-30 22:00:00 UTC,4.0,2.99,3.0,3.08,3.45
2025-12-30 15:00:00 PST,2025-12-30 23:00:00 UTC,4.1,3.21,3.17,3.19,3.48
2025-12-30 16:00:00 PST,2025-12-31 00:00:00 UTC,4.2,3.41,3.33,3.31,3.53
2025-12-30 17:00:00 PST,2025-12-31 01:00:00 UTC,3.6,3.45,3.4,3.4,3.58
2025-12-30 18:00:00 PST,2025-12-31 02:00:00 UTC,3.7,3.5,3.47,3.47,3.64
2025-12-30 19:00:00 PST,2025-12-31 03:00:00 UTC,3.6,3.52,3.51,3.53,3.68
2025-12-30 20:00:00 PST,2025-12-31 04:00:00 UTC,3.6,3.53,3.54,3.57,3.72
2025-12-30 21:00:00 PST,2025-12-31 05:00:00 UTC,3.9,3.61,3.6,3.62,3.76
2025-12-30 22:00:00 PST,2025-12-31 06:00:00 UTC,4.0,3.69,3.66,3.67,3.8
2025-12-30 23:00:00 PST,2025-12-31 07:00:00 UTC,3.8,3.71,3.7,3.71,3.83
2025-12-31 00:00:00 PST,2025-12-31 08:00:00 UTC,3.8,3.73,3.73,3.75,3.87
2025-12-31 01:00:00 PST,2025-12-31 09:00:00 UTC,3.4,3.66,3.71,3.76,3.9
2025-12-31 02:00:00 PST,2025-12-31 10:00:00 UTC,3.2,3.57,3.67,3.75,3.92
2025-12-31 03:00:00 PST,2025-12-31 11:00:00 UTC,3.0,3.46,3.6,3.73,3.93
2025-12-31 04:00:00 PST,2025-12-31 12:00:00 UTC,2.7,3.3,3.51,3.68,3.94
2025-12-31 05:00:00 PST,2025-12-31 13:00:00 UTC,2.3,3.1,3.38,3.61,3.93
2025-12-31 06:00:00 PST,2025-12-31 14:00:00 UTC,2.0,2.88,3.23,3.52,3.91
2025-12-31 07:00:00 PST,2025-12-31 15:00:00 UTC,2.2,2.75,3.11,3.43,3.87
2025-12-31 08:00:00 PST,2025-12-31 16:00:00 UTC,2.0,2.6,2.99,3.34,3.83
2025-12-31 09:00:00 PST,2025-12-31 17:00:00 UTC,2.2,2.52,2.91,3.26,3.79
2025-12-31 10:00:00 PST,2025-12-31 18:00:00 UTC,3.0,2.61,2.92,3.22,3.75
2025-12-31 11:00:00 PST,2025-12-31 19:00:00 UTC,4.1,2.91,3.06,3.25,3.71
2025-12-31 12:00:00 PST,2025-12-31 20:00:00 UTC,5.5,3.43,3.35,3.38,3.7
2025-12-31 13:00:00 PST,2025-12-31 21:00:00 UTC,6.7,4.08,3.76,3.6,3.73
2025-12-31 14:00:00 PST,2025-12-31 22:00:00 UTC,6.5,4.57,4.13,3.85,3.8
2025-12-31 15:00:00 PST,2025-12-31 23:00:00 UTC,5.3,4.71,4.33,4.05,3.9
2025-12-31 16:00:00 PST,2026-01-01 00:00:00 UTC,3.8,4.53,4.33,4.15,4.0
2025-12-31 17:00:00 PST,2026-01-01 01:00:00 UTC,2.5,4.12,4.15,4.14,4.08
2025-12-31 18:00:00 PST,2026-01-01 02:00:00 UTC,2.3,3.76,3.94,4.06,4.12
2025-12-31 19:00:00 PST,2026-01-01 03:00:00 UTC,4.1,3.83,3.93,4.01,4.13
2025-12-31 20:00:00 PST,2026-01-01 04:00:00 UTC,1.1,3.28,3.64,3.89,4.13
2025-12-31 21:00:00 PST,2026-01-01 05:00:00 UTC,2.4,3.11,3.47,3.76,4.1
2025-12-31 22:00:00 PST,2026-01-01 06:00:00 UTC,3.6,3.2,3.46,3.7,4.06
2025-12-31 23:00:00 PST,2026-01-01 07:00:00 UTC,3.7,3.3,3.49,3.68,4.03
